<message date="2025-10-26 23:31:05" up_time="0:0:0.0">
***************************************************************************************************
*                                      Ansys Rocky DEM Solver                                     *
*                           3D Discrete Element Modeling (DEM) Simulator                          *
*                                        Version 2025.0611                                        *
*                                          Release 25.2.0                                         *

*                            (c) 2025 Ansys, Inc. - All Rights Reserved                           *
***************************************************************************************************

</message>
<message date="2025-10-26 23:31:05" up_time="0:0:0.0">
Command line: 
    C:\Program Files\ANSYS Inc\ANSYS Student\v252\rocky\bin\RockySolver.exe
    --rcy-file=C:\Users\eruku\Akshith\REGO\Ansys\dem_tut01_files\tutorial_01_pre-processing\tutorial_01_pre-processing.rocky.files\simulation/rocky_simulation.rocky20
    --ncpus=4
</message>
<message date="2025-10-26 23:31:05" up_time="0:0:0.2">
OS info:
	Windows 10 Core                
	Release version 10.0.26200
</message>
<message date="2025-10-26 23:31:05" up_time="0:0:0.2">
License setup: 
	Vendor: Ansys
	Heartbeat: 300
	N. Retries: 5
</message>
<message date="2025-10-26 23:31:06" up_time="0:0:0.141">
Parameters:
	Input filename: C:\Users\eruku\Akshith\REGO\Ansys\dem_tut01_files\tutorial_01_pre-processing\tutorial_01_pre-processing.rocky.files\simulation/rocky_simulation.rocky20
	Number of processors to use: 4
	Resume previous simulation: 0
	Use GPU: 0
	HDF library version: 1.14.3
</message>
<message date="2025-10-26 23:31:06" up_time="0:0:0.141">
CPU info:
	CPU brand: 12th Gen Intel(R) Core(TM) i7-1255U
	Core count: 12
</message>
<message date="2025-10-26 23:31:06" up_time="0:0:0.387">
	Checkout Ansys Student Solver License: rocky_solver
</message>
<message date="2025-10-26 23:31:06" up_time="0:0:0.387">
Dynamically allocated arrays growth rate set to: 1.1
</message>
<message date="2025-10-26 23:31:06" up_time="0:0:0.389">
Found an advanced parameters file, overwriting configuration.
Setting breakage_overlap_factor to 0.25
Setting reset_only_physical_contacts_data to 0
Setting refine_concave_search to 1
Setting use_non_round_torque_correction to 1
Setting linear_hyst_damp to 0
Setting monitor frequency to 1
Setting radl_update_distance_multiplier to 1
Setting radl_neighbor_distance_multiplier to 3
Using grid search: false
Using sparse grid: false

</message>
<setup date="2025-10-26 23:31:06" up_time="0:0:0.392">
Particles:
	Name: Type 1
	Shape: ptRoundedPolyhedron
	Material Index: 0
	Smallest sieve size: 0.07
	Meshing type: pmtNone
	--------------------
	Name: Type 2
	Shape: ptRoundedPolyhedron
	Material Index: 0
	Smallest sieve size: 0.07
	Meshing type: pmtNone
	--------------------
	Name: Type 3
	Shape: ptRoundedPolyhedron
	Material Index: 3
	Smallest sieve size: 0.07
	Meshing type: pmtNone
	--------------------
	Name: Type 4
	Shape: ptRoundedPolyhedron
	Material Index: 3
	Smallest sieve size: 0.07
	Meshing type: pmtNone
	--------------------

</setup>
<setup date="2025-10-26 23:31:06" up_time="0:0:0.392">
Materials:
	Index: 0
	Name: Regolith-Silicate
	Stiffness: 5e+09
	--------------------
	Index: 1
	Name: Default Belt
	Stiffness: 1e+11
	--------------------
	Index: 2
	Name: Aluminum
	Stiffness: 6.9e+10
	--------------------
	Index: 3
	Name: Regolith-Magnetic
	Stiffness: 5e+09
	--------------------

</setup>
<message date="2025-10-26 23:31:06" up_time="0:0:0.733">
Loading addins configuration: C:\Users\eruku\Akshith\REGO\Ansys\dem_tut01_files\tutorial_01_pre-processing\tutorial_01_pre-processing.rocky.files\simulation\addins.config
</message>
<message date="2025-10-26 23:31:06" up_time="0:0:0.767">
Simulation setup done!
</message>
<warning date="2025-10-26 23:31:06" up_time="0:0:0.767">
SPH Density Monitor: the module is being disabled because the simulation has no SPH elements.
</warning>
<info date="2025-10-26 23:31:06" up_time="0:0:0.792">
Simulation timestep changed to: 8.15206e-06 [s]
</info>
<message date="2025-10-26 23:31:06" up_time="0:0:0.792">
Triangle scalars
	Edge Length [m] data type size: 24bytes
Particle Scalars
	Time Of Release [s] data type size: 8bytes
	Contact Info Starting Index [-] data type size: 4bytes
Particle Contact scalars
	Normal [m] data type size: 12bytes
	Scale [-] data type size: 4bytes
	Near Global Index [-] data type size: 4bytes
	Normal Force [N] data type size: 8bytes
	Contact Point Coordinate [m] data type size: 24bytes
	Overlap [m] data type size: 8bytes
	Previous Overlap [m] data type size: 8bytes
	Home Index [-] data type size: 4bytes
	Near Index [-] data type size: 4bytes
	State [-] data type size: 2bytes
	Tangential Force [N] data type size: 24bytes
	Is Sliding [-] data type size: 1bytes
	Previous Normal Vector [-] data type size: 12bytes
	Previous Moment Vector [N.m] data type size: 24bytes
	Home Vertex Index [-] data type size: 4bytes
	Near Vertex Index [-] data type size: 4bytes
	Home Location [-] data type size: 4bytes
	Near Location [-] data type size: 4bytes
Triangle Contact scalars
	Normal [m] data type size: 12bytes
	Scale [-] data type size: 4bytes
	Near Global Index [-] data type size: 4bytes
	Normal Force [N] data type size: 8bytes
	Contact Point Coordinate [m] data type size: 24bytes
	Overlap [m] data type size: 8bytes
	Previous Overlap [m] data type size: 8bytes
	Home Index [-] data type size: 4bytes
	Near Index [-] data type size: 4bytes
	Near Location [-] data type size: 4bytes
	State [-] data type size: 2bytes
	Tangential Force [N] data type size: 24bytes
	Is Sliding [-] data type size: 1bytes
	Previous Normal Vector [-] data type size: 12bytes
	Previous Moment Vector [N.m] data type size: 24bytes
	Home Vertex Index [-] data type size: 4bytes
	Near Vertex Index [-] data type size: 4bytes
	Home Location [-] data type size: 4bytes
Particle Search scalars
	Quaternion [-] data type size: 16bytes
	AxesExtends [-] data type size: 12bytes

</message>
<message date="2025-10-26 23:31:06" up_time="0:0:0.795">
N. Total Particles: 25671
	enabled: 0
	released: 0
</message>
<message date="2025-10-26 23:31:06" up_time="0:0:0.796">
Particle scalars not dimensionalized: 
	Contact Info Starting Index
</message>
<message date="2025-10-26 23:31:06" up_time="0:0:0.796">
Contact scalars not dimensionalized: 
	Normal
	Scale
	Near Global Index
	Home Index
	Near Index
	State
	Is Sliding
	Previous Normal Vector
	Home Vertex Index
	Near Vertex Index
	Home Location
	Near Location
</message>
<message date="2025-10-26 23:31:06" up_time="0:0:0.796">
Contact scalars not dimensionalized: 
	Normal
	Scale
	Near Global Index
	Home Index
	Near Index
	Near Location
	State
	Is Sliding
	Previous Normal Vector
	Home Vertex Index
	Near Vertex Index
	Home Location
</message>
<message date="2025-10-26 23:31:06" up_time="0:0:0.798">
Simulation initialization done!
</message>
<setup date="2025-10-26 23:31:06" up_time="0:0:0.799">
Simulation Flags:
	has_round_particles: 0
	has_non_round_particles: 1
	has_only_round_particles: 0
	has_particles_instantaneous_breakage: 0
	has_particles_discrete_breakage: 0
	has_custom_particles: 0
	has_fiber_particles: 0
	has_shell_particles: 0
	has_concave_particles: 0
	has_meshed_particles: 0
	has_boundaries_wear: 0
	has_adhesion: 1

</setup>
<setup date="2025-10-26 23:31:06" up_time="0:0:0.799">
Physics models:
	Rolling resistance model: rrmType3
	Normal force model: nfmHertzViscous
	Adhesion model: amJKR
	Tangential force model: tfmElasticTangential
	Impact energy model: iemRocky
	Restitution model: rmConstant
	Stiffness correction factor: 1
	Thermal modeling: 0
	Thermal conduction correction model: tcmNone
	Coarse Grain Modeling (Bierwisch): 0
	Coarse Grain Modeling - Intra Parcel Dissipation (Radl): 0

</setup>
<setup date="2025-10-26 23:31:06" up_time="0:0:0.800">
Domain settings:
	Coordinate limits at boundary limits:
		Boundary limits min: (-3, -6.74422, -4.25578)
		Boundary limits max: (6.11252, 8.08302, 4.74422)
	No Periodic boundaries

</setup>
<setup date="2025-10-26 23:31:06" up_time="0:0:0.800">
Solver settings:
	Timestep: 8.15206e-06
	Timestep model: tmConstant
	Simulation duration: 17
	Current time: 0
	Output frequency: 0.05
	Total number of outputs to generate: 340
	Wear start: 10
	Energy Spectra start: 10
	Breakage start: 10
	Energy Spectra release time delay: 2
	Breakage release time delay: 1
	Wear geometry update frequency: 0.005
	Loading n-steps: 15
	Release particles without overlap check: 0
	Overlap particles delay: 0.025 [s]
	Push active particles period: 0.0249942 [s]
	Particles sorting distance: 0.239656 [m]
	Neighboring Distance (particle-particle): 0.0239656 [m]
	Neighboring Distance (particle-triangle): 0.0239656 [m]
	Use GPU Sorting: 0
	Maximum adhesive distance: 0.000000 [m]
</setup>
<setup date="2025-10-26 23:31:06" up_time="0:0:0.800">
Motion frames:
	Number of frames: 2
	Periodic motion: 0
	Has free body motion: 0

</setup>
<setup date="2025-10-26 23:31:06" up_time="0:0:0.800">
CFD settings:
	Coupling mode: cfdcNone

</setup>
<message date="2025-10-26 23:31:06" up_time="0:0:0.800">
Solver progress summary frequency set to: 0.05
</message>
<info date="2025-10-26 23:31:21" up_time="0:0:15.423">
Particles sorting distance changed from: 0.239656  to: 0.479312 current simulation time is: 8.15129e-06
</info>
<message date="2025-10-26 23:31:24" up_time="0:0:18.296">
Issues found since last output!
 - Sorting distance has changed within: 0.479312 to: 0.575532 in 2 events

</message>
<message date="2025-10-26 23:31:24" up_time="0:0:18.313">
	File: 1
	Simulation time: 0.05

	N. Total Particles: 25671
	N. Enabled Particles: 161
	N. Released Particles: 161

	N. Enabled Elements: 0
	N. Released Elements: 0
	N. Particle Fragments: 0

	N. Triangles: 1438
	N. Triangle Nodes: 726

	N. Neighbors: 637
		N. Particle Neighbors: 159, RR: 0, RN: 0, NN: 159
		N. Triangle Neighbors: 478, TR: 0, TN: 478
	N. Surface Contacts: 1, particles: 0, triangles: 1
	N. Adhesion Contacts: 1, particles: 0, triangles: 1
	Neighbor Contact Ratio: 318.500000

	Estimated Limits of Surface Velocity:
		                 Total - min:      2e+01 max:      3e+01 average:      3e+01
		            Boundaries - min:          3 max:          3 average:          3
		             Particles - min:          0 max:      1e+01 average:          4

	CPU:
		Memory Usage: 333 MB of 16055 MB
		Free Memory: 2152 MB

</message>
<message date="2025-10-26 23:31:24" up_time="0:0:18.314">
Execution Times:
Execution Times per Call:
 
                  Search - Cumulative:     0.00211[s] n_calls:    63, From last output:     0.00211[s] n_calls:    63
               Search PP - Cumulative:     0.00471[s] n_calls:    10, From last output:     0.00471[s] n_calls:    10
              -- Sorting - Cumulative:     0.00863[s] n_calls:     2, From last output:     0.00863[s] n_calls:     2
        -- BuildBVHTree, - Cumulative:     0.00046[s] n_calls:    10, From last output:     0.00046[s] n_calls:    10
            -- Neighbors - Cumulative:     0.00079[s] n_calls:    10, From last output:     0.00079[s] n_calls:    10
               Search PT - Cumulative:     0.00156[s] n_calls:    55, From last output:     0.00156[s] n_calls:    55
         -- CheckActives - Cumulative:     0.00008[s] n_calls:    55, From last output:     0.00008[s] n_calls:    55
          -- MarkActives - Cumulative:     0.00018[s] n_calls:     2, From last output:     0.00018[s] n_calls:     2
          -- PushActives - Cumulative:     0.00007[s] n_calls:    55, From last output:     0.00007[s] n_calls:    55
            -- UpdateBVH - Cumulative:     0.00016[s] n_calls:    55, From last output:     0.00016[s] n_calls:    55
            -- Neighbors - Cumulative:     0.00033[s] n_calls:    55, From last output:     0.00033[s] n_calls:    55
 
                 Overlap - Cumulative:     0.00020[s] n_calls:  6134, From last output:     0.00020[s] n_calls:  6134
                   Force - Cumulative:     0.00005[s] n_calls:  6134, From last output:     0.00005[s] n_calls:  6134
                    Move - Cumulative:     0.00019[s] n_calls:  6134, From last output:     0.00019[s] n_calls:  6134
                  Output - Cumulative:     0.01638[s] n_calls:     1, From last output:     0.01638[s] n_calls:     1
               Iteration - Cumulative:     0.00047[s] n_calls:  6134, From last output:     0.00047[s] n_calls:  6134

Total Execution Times: 2.89356[s], From last output: 2.89367[s]
 
                  Search - Total:        0.13[s] =   4.59 %, From last output:        0.13[s] =   4.59 %
             - Search PP - Total:        0.05[s] =  35.42 %, From last output:        0.05[s] =  35.42 %
             -- Sorting, - Total:        0.02[s] =  36.65 %, From last output:        0.02[s] =  36.66 %
        -- BuildBVHTree, - Total:        0.00[s] =   9.79 %, From last output:        0.00[s] =   9.79 %
           -- Neighbors, - Total:        0.01[s] =  16.72 %, From last output:        0.01[s] =  16.72 %
             - Search PT - Total:        0.09[s] =  64.52 %, From last output:        0.09[s] =  64.52 %
         -- CheckActives - Total:        0.00[s] =   4.87 %, From last output:        0.00[s] =   4.88 %
          -- MarkActives - Total:        0.00[s] =   0.41 %, From last output:        0.00[s] =   0.41 %
          -- PushActives - Total:        0.00[s] =   4.73 %, From last output:        0.00[s] =   4.73 %
            -- UpdateBVH - Total:        0.01[s] =  10.44 %, From last output:        0.01[s] =  10.44 %
            -- Neighbors - Total:        0.02[s] =  20.89 %, From last output:        0.02[s] =  20.89 %
 
                 Overlap - Total:        1.22[s] =  42.30 %, From last output:        1.22[s] =  42.31 %
                   Force - Total:        0.32[s] =  11.02 %, From last output:        0.32[s] =  11.03 %
                    Move - Total:        1.19[s] =  41.01 %, From last output:        1.19[s] =  41.01 %
                  Output - Total:        0.02[s] =   0.57 %, From last output:        0.02[s] =   0.57 %

Module Execution Times:

Total Module Execution Times: 0[s], From last output: 0[s]

Total Execution Times (All listed above):         2.88[s] =  99.48 %
Total Execution Times (Unlisted):                 0.01[s] =   0.52 %

</message>
<info date="2025-10-26 23:31:24" up_time="0:0:18.318">
Particles sorting distance changed from: 0.575532  to: 0.62121 current simulation time is: 0.0500082
</info>
<message date="2025-10-26 23:31:30" up_time="0:0:24.130">
Issues found since last output!
 - Sorting distance has changed within: 0.62121 to: 0.666903 in 2 events

</message>
<message date="2025-10-26 23:31:30" up_time="0:0:24.141">
	File: 2
	Simulation time: 0.1

	N. Total Particles: 25671
	N. Enabled Particles: 322
	N. Released Particles: 322

	N. Enabled Elements: 0
	N. Released Elements: 0
	N. Particle Fragments: 0

	N. Triangles: 1438
	N. Triangle Nodes: 726

	N. Neighbors: 2253
		N. Particle Neighbors: 581, RR: 0, RN: 0, NN: 581
		N. Triangle Neighbors: 1672, TR: 0, TN: 1672
	N. Surface Contacts: 18, particles: 14, triangles: 4
	N. Adhesion Contacts: 18, particles: 14, triangles: 4
	Neighbor Contact Ratio: 62.583333

	Estimated Limits of Surface Velocity:
		                 Total - min:      3e+01 max:      3e+01 average:      3e+01
		            Boundaries - min:          3 max:          3 average:          3
		             Particles - min:      1e+01 max:      1e+01 average:      1e+01

	CPU:
		Memory Usage: 336 MB of 16055 MB
		Free Memory: 2092 MB

</message>
<message date="2025-10-26 23:31:30" up_time="0:0:24.143">
Execution Times:
Execution Times per Call:
 
                  Search - Cumulative:     0.00223[s] n_calls:   149, From last output:     0.00233[s] n_calls:    86
               Search PP - Cumulative:     0.00278[s] n_calls:    36, From last output:     0.00204[s] n_calls:    26
              -- Sorting - Cumulative:     0.00646[s] n_calls:     4, From last output:     0.00430[s] n_calls:     2
        -- BuildBVHTree, - Cumulative:     0.00042[s] n_calls:    36, From last output:     0.00041[s] n_calls:    26
            -- Neighbors - Cumulative:     0.00040[s] n_calls:    36, From last output:     0.00025[s] n_calls:    26
               Search PT - Cumulative:     0.00199[s] n_calls:   117, From last output:     0.00237[s] n_calls:    62
         -- CheckActives - Cumulative:     0.00008[s] n_calls:   117, From last output:     0.00008[s] n_calls:    62
          -- MarkActives - Cumulative:     0.00015[s] n_calls:     4, From last output:     0.00012[s] n_calls:     2
          -- PushActives - Cumulative:     0.00008[s] n_calls:   117, From last output:     0.00008[s] n_calls:    62
            -- UpdateBVH - Cumulative:     0.00018[s] n_calls:   117, From last output:     0.00019[s] n_calls:    62
            -- Neighbors - Cumulative:     0.00053[s] n_calls:   117, From last output:     0.00072[s] n_calls:    62
 
                 Overlap - Cumulative:     0.00035[s] n_calls: 12268, From last output:     0.00050[s] n_calls:  6134
                   Force - Cumulative:     0.00008[s] n_calls: 12268, From last output:     0.00011[s] n_calls:  6134
                    Move - Cumulative:     0.00025[s] n_calls: 12268, From last output:     0.00030[s] n_calls:  6134
                  Output - Cumulative:     0.01387[s] n_calls:     2, From last output:     0.01137[s] n_calls:     1
               Iteration - Cumulative:     0.00071[s] n_calls: 12268, From last output:     0.00095[s] n_calls:  6134

Total Execution Times: 8.71235[s], From last output: 5.81896[s]
 
                  Search - Total:        0.33[s] =   3.82 %, From last output:        0.20[s] =   3.44 %
             - Search PP - Total:        0.10[s] =  30.11 %, From last output:        0.05[s] =  26.58 %
             -- Sorting, - Total:        0.03[s] =  25.79 %, From last output:        0.01[s] =  16.16 %
        -- BuildBVHTree, - Total:        0.02[s] =  15.14 %, From last output:        0.01[s] =  19.88 %
           -- Neighbors, - Total:        0.01[s] =  14.22 %, From last output:        0.01[s] =  12.01 %
             - Search PT - Total:        0.23[s] =  69.83 %, From last output:        0.15[s] =  73.36 %
         -- CheckActives - Total:        0.01[s] =   3.98 %, From last output:        0.01[s] =   3.46 %
          -- MarkActives - Total:        0.00[s] =   0.25 %, From last output:        0.00[s] =   0.16 %
          -- PushActives - Total:        0.01[s] =   3.81 %, From last output:        0.00[s] =   3.28 %
            -- UpdateBVH - Total:        0.02[s] =   8.90 %, From last output:        0.01[s] =   8.00 %
            -- Neighbors - Total:        0.06[s] =  26.82 %, From last output:        0.04[s] =  30.29 %
 
                 Overlap - Total:        4.30[s] =  49.35 %, From last output:        3.08[s] =  52.86 %
                   Force - Total:        1.01[s] =  11.58 %, From last output:        0.69[s] =  11.86 %
                    Move - Total:        3.01[s] =  34.55 %, From last output:        1.82[s] =  31.35 %
                  Output - Total:        0.03[s] =   0.32 %, From last output:        0.01[s] =   0.20 %

Module Execution Times:

Total Module Execution Times: 0[s], From last output: 0[s]

Total Execution Times (All listed above):         8.68[s] =  99.62 %
Total Execution Times (Unlisted):                 0.03[s] =   0.38 %

</message>
<info date="2025-10-26 23:31:30" up_time="0:0:24.147">
Particles sorting distance changed from: 0.666903  to: 0.702864 current simulation time is: 0.100008
</info>
<message date="2025-10-26 23:31:36" up_time="0:0:30.189">
	File: 3
	Simulation time: 0.15

	N. Total Particles: 25671
	N. Enabled Particles: 483
	N. Released Particles: 483

	N. Enabled Elements: 0
	N. Released Elements: 0
	N. Particle Fragments: 0

	N. Triangles: 1438
	N. Triangle Nodes: 726

	N. Neighbors: 3228
		N. Particle Neighbors: 1136, RR: 0, RN: 0, NN: 1136
		N. Triangle Neighbors: 2092, TR: 0, TN: 2092
	N. Surface Contacts: 31, particles: 17, triangles: 14
	N. Adhesion Contacts: 31, particles: 17, triangles: 14
	Neighbor Contact Ratio: 52.064516

	Estimated Limits of Surface Velocity:
		                 Total - min:      3e+01 max:      4e+01 average:      3e+01
		            Boundaries - min:          3 max:          3 average:          3
		             Particles - min:      1e+01 max:      3e+01 average:      2e+01

	CPU:
		Memory Usage: 338 MB of 16055 MB
		Free Memory: 2124 MB

</message>
<message date="2025-10-26 23:31:36" up_time="0:0:30.190">
Execution Times:
Execution Times per Call:
 
                  Search - Cumulative:     0.00257[s] n_calls:   251, From last output:     0.00307[s] n_calls:   102
               Search PP - Cumulative:     0.00234[s] n_calls:    74, From last output:     0.00192[s] n_calls:    38
              -- Sorting - Cumulative:     0.00532[s] n_calls:     6, From last output:     0.00303[s] n_calls:     2
        -- BuildBVHTree, - Cumulative:     0.00044[s] n_calls:    74, From last output:     0.00045[s] n_calls:    38
            -- Neighbors - Cumulative:     0.00038[s] n_calls:    74, From last output:     0.00037[s] n_calls:    38
               Search PT - Cumulative:     0.00257[s] n_calls:   184, From last output:     0.00359[s] n_calls:    67
         -- CheckActives - Cumulative:     0.00007[s] n_calls:   184, From last output:     0.00007[s] n_calls:    67
          -- MarkActives - Cumulative:     0.00012[s] n_calls:     6, From last output:     0.00006[s] n_calls:     2
          -- PushActives - Cumulative:     0.00008[s] n_calls:   184, From last output:     0.00008[s] n_calls:    67
            -- UpdateBVH - Cumulative:     0.00018[s] n_calls:   184, From last output:     0.00017[s] n_calls:    67
            -- Neighbors - Cumulative:     0.00076[s] n_calls:   184, From last output:     0.00115[s] n_calls:    67
 
                 Overlap - Cumulative:     0.00043[s] n_calls: 18402, From last output:     0.00058[s] n_calls:  6134
                   Force - Cumulative:     0.00008[s] n_calls: 18402, From last output:     0.00009[s] n_calls:  6134
                    Move - Cumulative:     0.00025[s] n_calls: 18402, From last output:     0.00026[s] n_calls:  6134
                  Output - Cumulative:     0.01293[s] n_calls:     3, From last output:     0.01104[s] n_calls:     1
               Iteration - Cumulative:     0.00080[s] n_calls: 18402, From last output:     0.00098[s] n_calls:  6134

Total Execution Times: 14.7511[s], From last output: 6.03892[s]
 
                  Search - Total:        0.65[s] =   4.38 %, From last output:        0.31[s] =   5.19 %
             - Search PP - Total:        0.17[s] =  26.78 %, From last output:        0.07[s] =  23.24 %
             -- Sorting, - Total:        0.03[s] =  18.45 %, From last output:        0.01[s] =   8.34 %
        -- BuildBVHTree, - Total:        0.03[s] =  18.68 %, From last output:        0.02[s] =  23.56 %
           -- Neighbors, - Total:        0.03[s] =  16.35 %, From last output:        0.01[s] =  19.28 %
             - Search PT - Total:        0.47[s] =  73.17 %, From last output:        0.24[s] =  76.73 %
         -- CheckActives - Total:        0.01[s] =   2.91 %, From last output:        0.00[s] =   1.88 %
          -- MarkActives - Total:        0.00[s] =   0.15 %, From last output:        0.00[s] =   0.05 %
          -- PushActives - Total:        0.01[s] =   3.07 %, From last output:        0.01[s] =   2.36 %
            -- UpdateBVH - Total:        0.03[s] =   6.85 %, From last output:        0.01[s] =   4.87 %
            -- Neighbors - Total:        0.14[s] =  29.52 %, From last output:        0.08[s] =  32.13 %
 
                 Overlap - Total:        7.84[s] =  53.16 %, From last output:        3.54[s] =  58.66 %
                   Force - Total:        1.55[s] =  10.54 %, From last output:        0.55[s] =   9.05 %
                    Move - Total:        4.62[s] =  31.33 %, From last output:        1.61[s] =  26.69 %
                  Output - Total:        0.04[s] =   0.26 %, From last output:        0.01[s] =   0.18 %

Module Execution Times:

Total Module Execution Times: 0[s], From last output: 0[s]

Total Execution Times (All listed above):        14.70[s] =  99.67 %
Total Execution Times (Unlisted):                 0.05[s] =   0.33 %

</message>
<info date="2025-10-26 23:31:36" up_time="0:0:30.194">
Particles sorting distance changed from: 0.702864  to: 0.722334 current simulation time is: 0.150008
</info>
<message date="2025-10-26 23:31:43" up_time="0:0:37.666">
Issues found since last output!
 - Sorting distance has changed within: 0.722334 to: 0.723851 in 2 events

</message>
<message date="2025-10-26 23:31:43" up_time="0:0:37.693">
	File: 4
	Simulation time: 0.2

	N. Total Particles: 25671
	N. Enabled Particles: 644
	N. Released Particles: 644

	N. Enabled Elements: 0
	N. Released Elements: 0
	N. Particle Fragments: 0

	N. Triangles: 1438
	N. Triangle Nodes: 726

	N. Neighbors: 3565
		N. Particle Neighbors: 1479, RR: 0, RN: 0, NN: 1479
		N. Triangle Neighbors: 2086, TR: 0, TN: 2086
	N. Surface Contacts: 27, particles: 17, triangles: 10
	N. Adhesion Contacts: 27, particles: 17, triangles: 10
	Neighbor Contact Ratio: 66.018519

	Estimated Limits of Surface Velocity:
		                 Total - min:      3e+01 max:      3e+01 average:      3e+01
		            Boundaries - min:          3 max:          3 average:          3
		             Particles - min:      2e+01 max:      2e+01 average:      2e+01

	CPU:
		Memory Usage: 339 MB of 16055 MB
		Free Memory: 2119 MB

</message>
<message date="2025-10-26 23:31:43" up_time="0:0:37.694">
Execution Times:
Execution Times per Call:
 
                  Search - Cumulative:     0.00282[s] n_calls:   356, From last output:     0.00339[s] n_calls:   105
               Search PP - Cumulative:     0.00233[s] n_calls:   114, From last output:     0.00231[s] n_calls:    40
              -- Sorting - Cumulative:     0.00480[s] n_calls:     8, From last output:     0.00325[s] n_calls:     2
        -- BuildBVHTree, - Cumulative:     0.00048[s] n_calls:   114, From last output:     0.00057[s] n_calls:    40
            -- Neighbors - Cumulative:     0.00042[s] n_calls:   114, From last output:     0.00049[s] n_calls:    40
               Search PT - Cumulative:     0.00292[s] n_calls:   252, From last output:     0.00388[s] n_calls:    68
         -- CheckActives - Cumulative:     0.00007[s] n_calls:   252, From last output:     0.00007[s] n_calls:    68
          -- MarkActives - Cumulative:     0.00010[s] n_calls:     8, From last output:     0.00006[s] n_calls:     2
          -- PushActives - Cumulative:     0.00008[s] n_calls:   252, From last output:     0.00009[s] n_calls:    68
            -- UpdateBVH - Cumulative:     0.00018[s] n_calls:   252, From last output:     0.00019[s] n_calls:    68
            -- Neighbors - Cumulative:     0.00088[s] n_calls:   252, From last output:     0.00120[s] n_calls:    68
 
                 Overlap - Cumulative:     0.00049[s] n_calls: 24536, From last output:     0.00070[s] n_calls:  6134
                   Force - Cumulative:     0.00009[s] n_calls: 24536, From last output:     0.00011[s] n_calls:  6134
                    Move - Cumulative:     0.00028[s] n_calls: 24536, From last output:     0.00035[s] n_calls:  6134
                  Output - Cumulative:     0.01638[s] n_calls:     4, From last output:     0.02672[s] n_calls:     1
               Iteration - Cumulative:     0.00091[s] n_calls: 24536, From last output:     0.00122[s] n_calls:  6134

Total Execution Times: 22.246[s], From last output: 7.49499[s]
 
                  Search - Total:        1.00[s] =   4.51 %, From last output:        0.36[s] =   4.75 %
             - Search PP - Total:        0.27[s] =  26.46 %, From last output:        0.09[s] =  25.88 %
             -- Sorting, - Total:        0.04[s] =  14.48 %, From last output:        0.01[s] =   7.05 %
        -- BuildBVHTree, - Total:        0.06[s] =  20.76 %, From last output:        0.02[s] =  24.67 %
           -- Neighbors, - Total:        0.05[s] =  18.10 %, From last output:        0.02[s] =  21.37 %
             - Search PT - Total:        0.74[s] =  73.50 %, From last output:        0.26[s] =  74.08 %
         -- CheckActives - Total:        0.02[s] =   2.52 %, From last output:        0.00[s] =   1.80 %
          -- MarkActives - Total:        0.00[s] =   0.11 %, From last output:        0.00[s] =   0.04 %
          -- PushActives - Total:        0.02[s] =   2.80 %, From last output:        0.01[s] =   2.32 %
            -- UpdateBVH - Total:        0.05[s] =   6.16 %, From last output:        0.01[s] =   4.93 %
            -- Neighbors - Total:        0.22[s] =  30.00 %, From last output:        0.08[s] =  30.86 %
 
                 Overlap - Total:       12.14[s] =  54.56 %, From last output:        4.30[s] =  57.31 %
                   Force - Total:        2.20[s] =   9.89 %, From last output:        0.65[s] =   8.63 %
                    Move - Total:        6.78[s] =  30.46 %, From last output:        2.15[s] =  28.74 %
                  Output - Total:        0.07[s] =   0.29 %, From last output:        0.03[s] =   0.36 %

Module Execution Times:

Total Module Execution Times: 0[s], From last output: 0[s]

Total Execution Times (All listed above):        22.18[s] =  99.71 %
Total Execution Times (Unlisted):                 0.06[s] =   0.29 %

</message>
<info date="2025-10-26 23:31:43" up_time="0:0:37.702">
Particles sorting distance changed from: 0.723851  to: 0.770607 current simulation time is: 0.200008
</info>
<message date="2025-10-26 23:31:51" up_time="0:0:45.139">
Issues found since last output!
 - Sorting distance has changed within: 0.770607 to: 0.792739 in 2 events

</message>
<message date="2025-10-26 23:31:51" up_time="0:0:45.154">
	File: 5
	Simulation time: 0.25

	N. Total Particles: 25671
	N. Enabled Particles: 802
	N. Released Particles: 802

	N. Enabled Elements: 0
	N. Released Elements: 0
	N. Particle Fragments: 0

	N. Triangles: 1438
	N. Triangle Nodes: 726

	N. Neighbors: 3744
		N. Particle Neighbors: 1768, RR: 0, RN: 0, NN: 1768
		N. Triangle Neighbors: 1976, TR: 0, TN: 1976
	N. Surface Contacts: 22, particles: 19, triangles: 3
	N. Adhesion Contacts: 22, particles: 19, triangles: 3
	Neighbor Contact Ratio: 85.090909

	Estimated Limits of Surface Velocity:
		                 Total - min:      3e+01 max:      3e+01 average:      3e+01
		            Boundaries - min:          3 max:          3 average:          3
		             Particles - min:      2e+01 max:      2e+01 average:      2e+01

	CPU:
		Memory Usage: 340 MB of 16055 MB
		Free Memory: 2106 MB

</message>
<message date="2025-10-26 23:31:51" up_time="0:0:45.155">
Execution Times:
Execution Times per Call:
 
                  Search - Cumulative:     0.00299[s] n_calls:   461, From last output:     0.00358[s] n_calls:   105
               Search PP - Cumulative:     0.00234[s] n_calls:   154, From last output:     0.00239[s] n_calls:    40
              -- Sorting - Cumulative:     0.00477[s] n_calls:    10, From last output:     0.00463[s] n_calls:     2
        -- BuildBVHTree, - Cumulative:     0.00051[s] n_calls:   154, From last output:     0.00057[s] n_calls:    40
            -- Neighbors - Cumulative:     0.00045[s] n_calls:   154, From last output:     0.00054[s] n_calls:    40
               Search PT - Cumulative:     0.00318[s] n_calls:   320, From last output:     0.00413[s] n_calls:    68
         -- CheckActives - Cumulative:     0.00007[s] n_calls:   320, From last output:     0.00007[s] n_calls:    68
          -- MarkActives - Cumulative:     0.00010[s] n_calls:    10, From last output:     0.00008[s] n_calls:     2
          -- PushActives - Cumulative:     0.00008[s] n_calls:   320, From last output:     0.00010[s] n_calls:    68
            -- UpdateBVH - Cumulative:     0.00018[s] n_calls:   320, From last output:     0.00018[s] n_calls:    68
            -- Neighbors - Cumulative:     0.00097[s] n_calls:   320, From last output:     0.00130[s] n_calls:    68
 
                 Overlap - Cumulative:     0.00053[s] n_calls: 30670, From last output:     0.00068[s] n_calls:  6134
                   Force - Cumulative:     0.00009[s] n_calls: 30670, From last output:     0.00010[s] n_calls:  6134
                    Move - Cumulative:     0.00030[s] n_calls: 30670, From last output:     0.00037[s] n_calls:  6134
                  Output - Cumulative:     0.01593[s] n_calls:     5, From last output:     0.01413[s] n_calls:     1
               Iteration - Cumulative:     0.00097[s] n_calls: 30670, From last output:     0.00121[s] n_calls:  6134

Total Execution Times: 29.6973[s], From last output: 7.45151[s]
 
                  Search - Total:        1.38[s] =   4.64 %, From last output:        0.38[s] =   5.05 %
             - Search PP - Total:        0.36[s] =  26.17 %, From last output:        0.10[s] =  25.41 %
             -- Sorting, - Total:        0.05[s] =  13.22 %, From last output:        0.01[s] =   9.69 %
        -- BuildBVHTree, - Total:        0.08[s] =  21.62 %, From last output:        0.02[s] =  23.98 %
           -- Neighbors, - Total:        0.07[s] =  19.30 %, From last output:        0.02[s] =  22.63 %
             - Search PT - Total:        1.02[s] =  73.78 %, From last output:        0.28[s] =  74.56 %
         -- CheckActives - Total:        0.02[s] =   2.29 %, From last output:        0.00[s] =   1.71 %
          -- MarkActives - Total:        0.00[s] =   0.10 %, From last output:        0.00[s] =   0.06 %
          -- PushActives - Total:        0.03[s] =   2.67 %, From last output:        0.01[s] =   2.30 %
            -- UpdateBVH - Total:        0.06[s] =   5.66 %, From last output:        0.01[s] =   4.36 %
            -- Neighbors - Total:        0.31[s] =  30.45 %, From last output:        0.09[s] =  31.62 %
 
                 Overlap - Total:       16.31[s] =  54.92 %, From last output:        4.17[s] =  55.99 %
                   Force - Total:        2.79[s] =   9.41 %, From last output:        0.59[s] =   7.95 %
                    Move - Total:        9.06[s] =  30.50 %, From last output:        2.28[s] =  30.61 %
                  Output - Total:        0.08[s] =   0.27 %, From last output:        0.01[s] =   0.19 %

Module Execution Times:

Total Module Execution Times: 0[s], From last output: 0[s]

Total Execution Times (All listed above):        29.62[s] =  99.73 %
Total Execution Times (Unlisted):                 0.08[s] =   0.27 %

</message>
<info date="2025-10-26 23:31:51" up_time="0:0:45.158">
Particles sorting distance changed from: 0.792739  to: 0.809369 current simulation time is: 0.250008
</info>
<message date="2025-10-26 23:31:59" up_time="0:0:53.227">
Issues found since last output!
 - Sorting distance has changed within: 0.809369 to: 0.848836 in 2 events

</message>
<message date="2025-10-26 23:31:59" up_time="0:0:53.239">
	File: 6
	Simulation time: 0.3

	N. Total Particles: 25671
	N. Enabled Particles: 963
	N. Released Particles: 963

	N. Enabled Elements: 0
	N. Released Elements: 0
	N. Particle Fragments: 0

	N. Triangles: 1438
	N. Triangle Nodes: 726

	N. Neighbors: 4132
		N. Particle Neighbors: 1888, RR: 0, RN: 0, NN: 1888
		N. Triangle Neighbors: 2244, TR: 0, TN: 2244
	N. Surface Contacts: 13, particles: 8, triangles: 5
	N. Adhesion Contacts: 13, particles: 8, triangles: 5
	Neighbor Contact Ratio: 158.923077

	Estimated Limits of Surface Velocity:
		                 Total - min:      3e+01 max:      3e+01 average:      3e+01
		            Boundaries - min:          3 max:          3 average:          3
		             Particles - min:      2e+01 max:      2e+01 average:      2e+01

	CPU:
		Memory Usage: 340 MB of 16055 MB
		Free Memory: 2027 MB

</message>
<message date="2025-10-26 23:31:59" up_time="0:0:53.240">
Execution Times:
Execution Times per Call:
 
                  Search - Cumulative:     0.00316[s] n_calls:   567, From last output:     0.00390[s] n_calls:   106
               Search PP - Cumulative:     0.00235[s] n_calls:   194, From last output:     0.00239[s] n_calls:    40
              -- Sorting - Cumulative:     0.00457[s] n_calls:    12, From last output:     0.00357[s] n_calls:     2
        -- BuildBVHTree, - Cumulative:     0.00053[s] n_calls:   194, From last output:     0.00063[s] n_calls:    40
            -- Neighbors - Cumulative:     0.00048[s] n_calls:   194, From last output:     0.00060[s] n_calls:    40
               Search PT - Cumulative:     0.00344[s] n_calls:   388, From last output:     0.00467[s] n_calls:    68
         -- CheckActives - Cumulative:     0.00007[s] n_calls:   388, From last output:     0.00008[s] n_calls:    68
          -- MarkActives - Cumulative:     0.00009[s] n_calls:    12, From last output:     0.00006[s] n_calls:     2
          -- PushActives - Cumulative:     0.00009[s] n_calls:   388, From last output:     0.00010[s] n_calls:    68
            -- UpdateBVH - Cumulative:     0.00018[s] n_calls:   388, From last output:     0.00020[s] n_calls:    68
            -- Neighbors - Cumulative:     0.00107[s] n_calls:   388, From last output:     0.00155[s] n_calls:    68
 
                 Overlap - Cumulative:     0.00056[s] n_calls: 36804, From last output:     0.00072[s] n_calls:  6134
                   Force - Cumulative:     0.00009[s] n_calls: 36804, From last output:     0.00010[s] n_calls:  6134
                    Move - Cumulative:     0.00032[s] n_calls: 36804, From last output:     0.00042[s] n_calls:  6134
                  Output - Cumulative:     0.01531[s] n_calls:     6, From last output:     0.01220[s] n_calls:     1
               Iteration - Cumulative:     0.00103[s] n_calls: 36804, From last output:     0.00132[s] n_calls:  6134

Total Execution Times: 37.7738[s], From last output: 8.07667[s]
 
                  Search - Total:        1.79[s] =   4.74 %, From last output:        0.41[s] =   5.11 %
             - Search PP - Total:        0.46[s] =  25.47 %, From last output:        0.10[s] =  23.11 %
             -- Sorting, - Total:        0.05[s] =  12.02 %, From last output:        0.01[s] =   7.48 %
        -- BuildBVHTree, - Total:        0.10[s] =  22.60 %, From last output:        0.03[s] =  26.34 %
           -- Neighbors, - Total:        0.09[s] =  20.54 %, From last output:        0.02[s] =  25.24 %
             - Search PT - Total:        1.33[s] =  74.49 %, From last output:        0.32[s] =  76.86 %
         -- CheckActives - Total:        0.03[s] =   2.15 %, From last output:        0.01[s] =   1.71 %
          -- MarkActives - Total:        0.00[s] =   0.08 %, From last output:        0.00[s] =   0.04 %
          -- PushActives - Total:        0.03[s] =   2.52 %, From last output:        0.01[s] =   2.07 %
            -- UpdateBVH - Total:        0.07[s] =   5.33 %, From last output:        0.01[s] =   4.28 %
            -- Neighbors - Total:        0.42[s] =  31.12 %, From last output:        0.11[s] =  33.29 %
 
                 Overlap - Total:       20.72[s] =  54.85 %, From last output:        4.41[s] =  54.60 %
                   Force - Total:        3.41[s] =   9.04 %, From last output:        0.62[s] =   7.68 %
                    Move - Total:       11.66[s] =  30.87 %, From last output:        2.61[s] =  32.26 %
                  Output - Total:        0.09[s] =   0.24 %, From last output:        0.01[s] =   0.15 %

Module Execution Times:

Total Module Execution Times: 0[s], From last output: 0[s]

Total Execution Times (All listed above):        37.68[s] =  99.74 %
Total Execution Times (Unlisted):                 0.10[s] =   0.26 %

</message>
<info date="2025-10-26 23:31:59" up_time="0:0:53.243">
Particles sorting distance changed from: 0.848836  to: 0.863011 current simulation time is: 0.300008
</info>
<message date="2025-10-26 23:32:08" up_time="0:1:2.616">
Issues found since last output!
 - Sorting distance has changed within: 0.863011 to: 0.901399 in 2 events

</message>
<message date="2025-10-26 23:32:08" up_time="0:1:2.638">
	File: 7
	Simulation time: 0.35

	N. Total Particles: 25671
	N. Enabled Particles: 1124
	N. Released Particles: 1124

	N. Enabled Elements: 0
	N. Released Elements: 0
	N. Particle Fragments: 0

	N. Triangles: 1438
	N. Triangle Nodes: 726

	N. Neighbors: 4033
		N. Particle Neighbors: 2030, RR: 0, RN: 0, NN: 2030
		N. Triangle Neighbors: 2003, TR: 0, TN: 2003
	N. Surface Contacts: 18, particles: 12, triangles: 6
	N. Adhesion Contacts: 18, particles: 12, triangles: 6
	Neighbor Contact Ratio: 112.027778

	Estimated Limits of Surface Velocity:
		                 Total - min:      3e+01 max:      3e+01 average:      3e+01
		            Boundaries - min:          3 max:          3 average:          3
		             Particles - min:      2e+01 max:      2e+01 average:      2e+01

	CPU:
		Memory Usage: 340 MB of 16055 MB
		Free Memory: 2198 MB

</message>
<message date="2025-10-26 23:32:08" up_time="0:1:2.639">
Execution Times:
Execution Times per Call:
 
                  Search - Cumulative:     0.00335[s] n_calls:   674, From last output:     0.00435[s] n_calls:   107
               Search PP - Cumulative:     0.00254[s] n_calls:   235, From last output:     0.00342[s] n_calls:    41
              -- Sorting - Cumulative:     0.00452[s] n_calls:    14, From last output:     0.00424[s] n_calls:     2
        -- BuildBVHTree, - Cumulative:     0.00059[s] n_calls:   235, From last output:     0.00089[s] n_calls:    41
            -- Neighbors - Cumulative:     0.00060[s] n_calls:   235, From last output:     0.00113[s] n_calls:    41
               Search PT - Cumulative:     0.00364[s] n_calls:   456, From last output:     0.00478[s] n_calls:    68
         -- CheckActives - Cumulative:     0.00007[s] n_calls:   456, From last output:     0.00008[s] n_calls:    68
          -- MarkActives - Cumulative:     0.00009[s] n_calls:    14, From last output:     0.00005[s] n_calls:     2
          -- PushActives - Cumulative:     0.00009[s] n_calls:   456, From last output:     0.00010[s] n_calls:    68
            -- UpdateBVH - Cumulative:     0.00019[s] n_calls:   456, From last output:     0.00021[s] n_calls:    68
            -- Neighbors - Cumulative:     0.00114[s] n_calls:   456, From last output:     0.00155[s] n_calls:    68
 
                 Overlap - Cumulative:     0.00060[s] n_calls: 42938, From last output:     0.00080[s] n_calls:  6134
                   Force - Cumulative:     0.00010[s] n_calls: 42938, From last output:     0.00011[s] n_calls:  6134
                    Move - Cumulative:     0.00035[s] n_calls: 42938, From last output:     0.00053[s] n_calls:  6134
                  Output - Cumulative:     0.01632[s] n_calls:     7, From last output:     0.02242[s] n_calls:     1
               Iteration - Cumulative:     0.00110[s] n_calls: 42938, From last output:     0.00153[s] n_calls:  6134

Total Execution Times: 47.1623[s], From last output: 9.3889[s]
 
                  Search - Total:        2.26[s] =   4.79 %, From last output:        0.47[s] =   4.96 %
             - Search PP - Total:        0.60[s] =  26.42 %, From last output:        0.14[s] =  30.10 %
             -- Sorting, - Total:        0.06[s] =  10.62 %, From last output:        0.01[s] =   6.06 %
        -- BuildBVHTree, - Total:        0.14[s] =  23.40 %, From last output:        0.04[s] =  26.01 %
           -- Neighbors, - Total:        0.14[s] =  23.47 %, From last output:        0.05[s] =  33.03 %
             - Search PT - Total:        1.66[s] =  73.54 %, From last output:        0.33[s] =  69.87 %
         -- CheckActives - Total:        0.03[s] =   2.06 %, From last output:        0.01[s] =   1.67 %
          -- MarkActives - Total:        0.00[s] =   0.07 %, From last output:        0.00[s] =   0.03 %
          -- PushActives - Total:        0.04[s] =   2.44 %, From last output:        0.01[s] =   2.10 %
            -- UpdateBVH - Total:        0.09[s] =   5.14 %, From last output:        0.01[s] =   4.33 %
            -- Neighbors - Total:        0.52[s] =  31.37 %, From last output:        0.11[s] =  32.38 %
 
                 Overlap - Total:       25.64[s] =  54.36 %, From last output:        4.92[s] =  52.40 %
                   Force - Total:        4.11[s] =   8.71 %, From last output:        0.70[s] =   7.41 %
                    Move - Total:       14.93[s] =  31.65 %, From last output:        3.27[s] =  34.79 %
                  Output - Total:        0.11[s] =   0.24 %, From last output:        0.02[s] =   0.24 %

Module Execution Times:

Total Module Execution Times: 0[s], From last output: 0[s]

Total Execution Times (All listed above):        47.05[s] =  99.75 %
Total Execution Times (Unlisted):                 0.12[s] =   0.25 %

</message>
<info date="2025-10-26 23:32:08" up_time="0:1:2.644">
Particles sorting distance changed from: 0.901399  to: 0.926542 current simulation time is: 0.350008
</info>
<message date="2025-10-26 23:32:16" up_time="0:1:10.565">
Issues found since last output!
 - Sorting distance has changed within: 0.926542 to: 0.953511 in 2 events

</message>
<message date="2025-10-26 23:32:16" up_time="0:1:10.584">
	File: 8
	Simulation time: 0.4

	N. Total Particles: 25671
	N. Enabled Particles: 1284
	N. Released Particles: 1284

	N. Enabled Elements: 0
	N. Released Elements: 0
	N. Particle Fragments: 0

	N. Triangles: 1438
	N. Triangle Nodes: 726

	N. Neighbors: 4201
		N. Particle Neighbors: 2112, RR: 0, RN: 0, NN: 2112
		N. Triangle Neighbors: 2089, TR: 0, TN: 2089
	N. Surface Contacts: 23, particles: 10, triangles: 13
	N. Adhesion Contacts: 23, particles: 10, triangles: 13
	Neighbor Contact Ratio: 91.326087

	Estimated Limits of Surface Velocity:
		                 Total - min:      3e+01 max:      3e+01 average:      3e+01
		            Boundaries - min:          3 max:          3 average:          3
		             Particles - min:      2e+01 max:      2e+01 average:      2e+01

	CPU:
		Memory Usage: 340 MB of 16055 MB
		Free Memory: 2317 MB

</message>
<message date="2025-10-26 23:32:16" up_time="0:1:10.586">
Execution Times:
Execution Times per Call:
 
                  Search - Cumulative:     0.00340[s] n_calls:   780, From last output:     0.00376[s] n_calls:   106
               Search PP - Cumulative:     0.00265[s] n_calls:   275, From last output:     0.00334[s] n_calls:    40
              -- Sorting - Cumulative:     0.00432[s] n_calls:    16, From last output:     0.00294[s] n_calls:     2
        -- BuildBVHTree, - Cumulative:     0.00062[s] n_calls:   275, From last output:     0.00075[s] n_calls:    40
            -- Neighbors - Cumulative:     0.00069[s] n_calls:   275, From last output:     0.00125[s] n_calls:    40
               Search PT - Cumulative:     0.00367[s] n_calls:   524, From last output:     0.00390[s] n_calls:    68
         -- CheckActives - Cumulative:     0.00007[s] n_calls:   524, From last output:     0.00006[s] n_calls:    68
          -- MarkActives - Cumulative:     0.00008[s] n_calls:    16, From last output:     0.00006[s] n_calls:     2
          -- PushActives - Cumulative:     0.00010[s] n_calls:   524, From last output:     0.00015[s] n_calls:    68
            -- UpdateBVH - Cumulative:     0.00019[s] n_calls:   524, From last output:     0.00018[s] n_calls:    68
            -- Neighbors - Cumulative:     0.00116[s] n_calls:   524, From last output:     0.00129[s] n_calls:    68
 
                 Overlap - Cumulative:     0.00060[s] n_calls: 49072, From last output:     0.00066[s] n_calls:  6134
                   Force - Cumulative:     0.00010[s] n_calls: 49072, From last output:     0.00009[s] n_calls:  6134
                    Move - Cumulative:     0.00036[s] n_calls: 49072, From last output:     0.00047[s] n_calls:  6134
                  Output - Cumulative:     0.01666[s] n_calls:     8, From last output:     0.01899[s] n_calls:     1
               Iteration - Cumulative:     0.00112[s] n_calls: 49072, From last output:     0.00129[s] n_calls:  6134

Total Execution Times: 55.0986[s], From last output: 7.93647[s]
 
                  Search - Total:        2.66[s] =   4.82 %, From last output:        0.40[s] =   5.02 %
             - Search PP - Total:        0.73[s] =  27.48 %, From last output:        0.13[s] =  33.49 %
             -- Sorting, - Total:        0.07[s] =   9.48 %, From last output:        0.01[s] =   4.40 %
        -- BuildBVHTree, - Total:        0.17[s] =  23.20 %, From last output:        0.03[s] =  22.32 %
           -- Neighbors, - Total:        0.19[s] =  26.03 %, From last output:        0.05[s] =  37.44 %
             - Search PT - Total:        1.92[s] =  72.48 %, From last output:        0.27[s] =  66.48 %
         -- CheckActives - Total:        0.04[s] =   2.00 %, From last output:        0.00[s] =   1.61 %
          -- MarkActives - Total:        0.00[s] =   0.07 %, From last output:        0.00[s] =   0.05 %
          -- PushActives - Total:        0.05[s] =   2.64 %, From last output:        0.01[s] =   3.86 %
            -- UpdateBVH - Total:        0.10[s] =   5.07 %, From last output:        0.01[s] =   4.63 %
            -- Neighbors - Total:        0.61[s] =  31.62 %, From last output:        0.09[s] =  33.18 %
 
                 Overlap - Total:       29.68[s] =  53.86 %, From last output:        4.04[s] =  50.90 %
                   Force - Total:        4.66[s] =   8.46 %, From last output:        0.55[s] =   6.99 %
                    Move - Total:       17.84[s] =  32.37 %, From last output:        2.91[s] =  36.66 %
                  Output - Total:        0.13[s] =   0.24 %, From last output:        0.02[s] =   0.24 %

Module Execution Times:

Total Module Execution Times: 0[s], From last output: 0[s]

Total Execution Times (All listed above):        54.97[s] =  99.76 %
Total Execution Times (Unlisted):                 0.13[s] =   0.24 %

</message>
<info date="2025-10-26 23:32:16" up_time="0:1:10.591">
Particles sorting distance changed from: 0.953511  to: 0.975708 current simulation time is: 0.400008
</info>
<message date="2025-10-26 23:32:24" up_time="0:1:18.259">
Issues found since last output!
 - Sorting distance has changed within: 0.975708 to: 1.00624 in 2 events

</message>
<message date="2025-10-26 23:32:24" up_time="0:1:18.277">
	File: 9
	Simulation time: 0.45

	N. Total Particles: 25671
	N. Enabled Particles: 1446
	N. Released Particles: 1446

	N. Enabled Elements: 0
	N. Released Elements: 0
	N. Particle Fragments: 0

	N. Triangles: 1438
	N. Triangle Nodes: 726

	N. Neighbors: 4427
		N. Particle Neighbors: 2216, RR: 0, RN: 0, NN: 2216
		N. Triangle Neighbors: 2211, TR: 0, TN: 2211
	N. Surface Contacts: 17, particles: 15, triangles: 2
	N. Adhesion Contacts: 17, particles: 15, triangles: 2
	Neighbor Contact Ratio: 130.205882

	Estimated Limits of Surface Velocity:
		                 Total - min:      3e+01 max:      3e+01 average:      3e+01
		            Boundaries - min:          3 max:          3 average:          3
		             Particles - min:      2e+01 max:      2e+01 average:      2e+01

	CPU:
		Memory Usage: 340 MB of 16055 MB
		Free Memory: 2334 MB

</message>
<message date="2025-10-26 23:32:24" up_time="0:1:18.277">
Execution Times:
Execution Times per Call:
 
                  Search - Cumulative:     0.00345[s] n_calls:   885, From last output:     0.00379[s] n_calls:   105
               Search PP - Cumulative:     0.00274[s] n_calls:   315, From last output:     0.00333[s] n_calls:    40
              -- Sorting - Cumulative:     0.00425[s] n_calls:    18, From last output:     0.00365[s] n_calls:     2
        -- BuildBVHTree, - Cumulative:     0.00065[s] n_calls:   315, From last output:     0.00085[s] n_calls:    40
            -- Neighbors - Cumulative:     0.00075[s] n_calls:   315, From last output:     0.00116[s] n_calls:    40
               Search PT - Cumulative:     0.00370[s] n_calls:   592, From last output:     0.00389[s] n_calls:    68
         -- CheckActives - Cumulative:     0.00007[s] n_calls:   592, From last output:     0.00006[s] n_calls:    68
          -- MarkActives - Cumulative:     0.00009[s] n_calls:    18, From last output:     0.00014[s] n_calls:     2
          -- PushActives - Cumulative:     0.00009[s] n_calls:   592, From last output:     0.00008[s] n_calls:    68
            -- UpdateBVH - Cumulative:     0.00018[s] n_calls:   592, From last output:     0.00016[s] n_calls:    68
            -- Neighbors - Cumulative:     0.00119[s] n_calls:   592, From last output:     0.00144[s] n_calls:    68
 
                 Overlap - Cumulative:     0.00061[s] n_calls: 55206, From last output:     0.00065[s] n_calls:  6134
                   Force - Cumulative:     0.00009[s] n_calls: 55206, From last output:     0.00008[s] n_calls:  6134
                    Move - Cumulative:     0.00037[s] n_calls: 55206, From last output:     0.00045[s] n_calls:  6134
                  Output - Cumulative:     0.01681[s] n_calls:     9, From last output:     0.01804[s] n_calls:     1
               Iteration - Cumulative:     0.00114[s] n_calls: 55206, From last output:     0.00125[s] n_calls:  6134

Total Execution Times: 62.782[s], From last output: 7.68355[s]
 
                  Search - Total:        3.05[s] =   4.86 %, From last output:        0.40[s] =   5.18 %
             - Search PP - Total:        0.86[s] =  28.26 %, From last output:        0.13[s] =  33.47 %
             -- Sorting, - Total:        0.08[s] =   8.86 %, From last output:        0.01[s] =   5.48 %
        -- BuildBVHTree, - Total:        0.20[s] =  23.59 %, From last output:        0.03[s] =  25.68 %
           -- Neighbors, - Total:        0.24[s] =  27.40 %, From last output:        0.05[s] =  34.93 %
             - Search PT - Total:        2.19[s] =  71.70 %, From last output:        0.26[s] =  66.51 %
         -- CheckActives - Total:        0.04[s] =   1.94 %, From last output:        0.00[s] =   1.52 %
          -- MarkActives - Total:        0.00[s] =   0.07 %, From last output:        0.00[s] =   0.11 %
          -- PushActives - Total:        0.06[s] =   2.57 %, From last output:        0.01[s] =   2.06 %
            -- UpdateBVH - Total:        0.11[s] =   4.96 %, From last output:        0.01[s] =   4.16 %
            -- Neighbors - Total:        0.71[s] =  32.27 %, From last output:        0.10[s] =  37.03 %
 
                 Overlap - Total:       33.68[s] =  53.65 %, From last output:        4.01[s] =  52.14 %
                   Force - Total:        5.16[s] =   8.21 %, From last output:        0.49[s] =   6.42 %
                    Move - Total:       20.59[s] =  32.80 %, From last output:        2.75[s] =  35.85 %
                  Output - Total:        0.15[s] =   0.24 %, From last output:        0.02[s] =   0.23 %

Module Execution Times:

Total Module Execution Times: 0[s], From last output: 0[s]

Total Execution Times (All listed above):        62.63[s] =  99.77 %
Total Execution Times (Unlisted):                 0.15[s] =   0.23 %

</message>
<info date="2025-10-26 23:32:24" up_time="0:1:18.281">
Particles sorting distance changed from: 1.00624  to: 1.05308 current simulation time is: 0.450008
</info>
<message date="2025-10-26 23:32:32" up_time="0:1:26.454">
Issues found since last output!
 - Sorting distance has changed within: 1.05308 to: 1.09216 in 2 events

</message>
<message date="2025-10-26 23:32:32" up_time="0:1:26.509">
	File: 10
	Simulation time: 0.5

	N. Total Particles: 25671
	N. Enabled Particles: 1605
	N. Released Particles: 1605

	N. Enabled Elements: 0
	N. Released Elements: 0
	N. Particle Fragments: 0

	N. Triangles: 1438
	N. Triangle Nodes: 726

	N. Neighbors: 4586
		N. Particle Neighbors: 2299, RR: 0, RN: 0, NN: 2299
		N. Triangle Neighbors: 2287, TR: 0, TN: 2287
	N. Surface Contacts: 18, particles: 12, triangles: 6
	N. Adhesion Contacts: 18, particles: 12, triangles: 6
	Neighbor Contact Ratio: 127.388889

	Estimated Limits of Surface Velocity:
		                 Total - min:      3e+01 max:      4e+01 average:      3e+01
		            Boundaries - min:          3 max:          3 average:          3
		             Particles - min:      2e+01 max:      3e+01 average:      2e+01

	CPU:
		Memory Usage: 340 MB of 16055 MB
		Free Memory: 2320 MB

</message>
<message date="2025-10-26 23:32:32" up_time="0:1:26.511">
Execution Times:
Execution Times per Call:
 
                  Search - Cumulative:     0.00352[s] n_calls:  1003, From last output:     0.00406[s] n_calls:   118
               Search PP - Cumulative:     0.00282[s] n_calls:   365, From last output:     0.00333[s] n_calls:    50
              -- Sorting - Cumulative:     0.00419[s] n_calls:    20, From last output:     0.00367[s] n_calls:     2
        -- BuildBVHTree, - Cumulative:     0.00067[s] n_calls:   365, From last output:     0.00083[s] n_calls:    50
            -- Neighbors - Cumulative:     0.00080[s] n_calls:   365, From last output:     0.00114[s] n_calls:    50
               Search PT - Cumulative:     0.00377[s] n_calls:   664, From last output:     0.00435[s] n_calls:    72
         -- CheckActives - Cumulative:     0.00007[s] n_calls:   664, From last output:     0.00006[s] n_calls:    72
          -- MarkActives - Cumulative:     0.00009[s] n_calls:    20, From last output:     0.00005[s] n_calls:     2
          -- PushActives - Cumulative:     0.00009[s] n_calls:   664, From last output:     0.00008[s] n_calls:    72
            -- UpdateBVH - Cumulative:     0.00018[s] n_calls:   664, From last output:     0.00017[s] n_calls:    72
            -- Neighbors - Cumulative:     0.00125[s] n_calls:   664, From last output:     0.00172[s] n_calls:    72
 
                 Overlap - Cumulative:     0.00061[s] n_calls: 61340, From last output:     0.00065[s] n_calls:  6134
                   Force - Cumulative:     0.00009[s] n_calls: 61340, From last output:     0.00009[s] n_calls:  6134
                    Move - Cumulative:     0.00039[s] n_calls: 61340, From last output:     0.00051[s] n_calls:  6134
                  Output - Cumulative:     0.02065[s] n_calls:    10, From last output:     0.05526[s] n_calls:     1
               Iteration - Cumulative:     0.00116[s] n_calls: 61340, From last output:     0.00134[s] n_calls:  6134

Total Execution Times: 71.0058[s], From last output: 8.22405[s]
 
                  Search - Total:        3.53[s] =   4.98 %, From last output:        0.48[s] =   5.83 %
             - Search PP - Total:        1.03[s] =  29.14 %, From last output:        0.17[s] =  34.73 %
             -- Sorting, - Total:        0.08[s] =   8.14 %, From last output:        0.01[s] =   4.41 %
        -- BuildBVHTree, - Total:        0.24[s] =  23.79 %, From last output:        0.04[s] =  24.84 %
           -- Neighbors, - Total:        0.29[s] =  28.53 %, From last output:        0.06[s] =  34.36 %
             - Search PT - Total:        2.50[s] =  70.82 %, From last output:        0.31[s] =  65.24 %
         -- CheckActives - Total:        0.05[s] =   1.87 %, From last output:        0.00[s] =   1.38 %
          -- MarkActives - Total:        0.00[s] =   0.07 %, From last output:        0.00[s] =   0.03 %
          -- PushActives - Total:        0.06[s] =   2.46 %, From last output:        0.01[s] =   1.73 %
            -- UpdateBVH - Total:        0.12[s] =   4.82 %, From last output:        0.01[s] =   3.88 %
            -- Neighbors - Total:        0.83[s] =  33.20 %, From last output:        0.12[s] =  39.68 %
 
                 Overlap - Total:       37.67[s] =  53.06 %, From last output:        3.99[s] =  48.55 %
                   Force - Total:        5.68[s] =   8.00 %, From last output:        0.52[s] =   6.36 %
                    Move - Total:       23.75[s] =  33.45 %, From last output:        3.16[s] =  38.41 %
                  Output - Total:        0.21[s] =   0.29 %, From last output:        0.06[s] =   0.67 %

Module Execution Times:

Total Module Execution Times: 0[s], From last output: 0[s]

Total Execution Times (All listed above):        70.84[s] =  99.77 %
Total Execution Times (Unlisted):                 0.16[s] =   0.23 %

</message>
<info date="2025-10-26 23:32:32" up_time="0:1:26.517">
Particles sorting distance changed from: 1.09216  to: 1.10931 current simulation time is: 0.500008
</info>
<message date="2025-10-26 23:32:40" up_time="0:1:35.56">
Issues found since last output!
 - Sorting distance has changed within: 1.10931 to: 1.14354 in 2 events

</message>
<message date="2025-10-26 23:32:40" up_time="0:1:35.76">
	File: 11
	Simulation time: 0.55

	N. Total Particles: 25671
	N. Enabled Particles: 1768
	N. Released Particles: 1768

	N. Enabled Elements: 0
	N. Released Elements: 0
	N. Particle Fragments: 0

	N. Triangles: 1438
	N. Triangle Nodes: 726

	N. Neighbors: 4387
		N. Particle Neighbors: 2361, RR: 0, RN: 0, NN: 2361
		N. Triangle Neighbors: 2026, TR: 0, TN: 2026
	N. Surface Contacts: 21, particles: 12, triangles: 9
	N. Adhesion Contacts: 21, particles: 12, triangles: 9
	Neighbor Contact Ratio: 104.452381

	Estimated Limits of Surface Velocity:
		                 Total - min:      4e+01 max:      5e+01 average:      4e+01
		            Boundaries - min:          3 max:          3 average:          3
		             Particles - min:      3e+01 max:      5e+01 average:      3e+01

	CPU:
		Memory Usage: 340 MB of 16055 MB
		Free Memory: 2302 MB

</message>
<message date="2025-10-26 23:32:40" up_time="0:1:35.77">
Execution Times:
Execution Times per Call:
 
                  Search - Cumulative:     0.00358[s] n_calls:  1146, From last output:     0.00401[s] n_calls:   143
               Search PP - Cumulative:     0.00294[s] n_calls:   434, From last output:     0.00358[s] n_calls:    69
              -- Sorting - Cumulative:     0.00424[s] n_calls:    22, From last output:     0.00468[s] n_calls:     2
        -- BuildBVHTree, - Cumulative:     0.00072[s] n_calls:   434, From last output:     0.00098[s] n_calls:    69
            -- Neighbors - Cumulative:     0.00088[s] n_calls:   434, From last output:     0.00127[s] n_calls:    69
               Search PT - Cumulative:     0.00382[s] n_calls:   740, From last output:     0.00429[s] n_calls:    76
         -- CheckActives - Cumulative:     0.00007[s] n_calls:   740, From last output:     0.00006[s] n_calls:    76
          -- MarkActives - Cumulative:     0.00009[s] n_calls:    22, From last output:     0.00015[s] n_calls:     2
          -- PushActives - Cumulative:     0.00009[s] n_calls:   740, From last output:     0.00009[s] n_calls:    76
            -- UpdateBVH - Cumulative:     0.00018[s] n_calls:   740, From last output:     0.00017[s] n_calls:    76
            -- Neighbors - Cumulative:     0.00129[s] n_calls:   740, From last output:     0.00163[s] n_calls:    76
 
                 Overlap - Cumulative:     0.00062[s] n_calls: 67474, From last output:     0.00066[s] n_calls:  6134
                   Force - Cumulative:     0.00009[s] n_calls: 67474, From last output:     0.00008[s] n_calls:  6134
                    Move - Cumulative:     0.00040[s] n_calls: 67474, From last output:     0.00055[s] n_calls:  6134
                  Output - Cumulative:     0.02061[s] n_calls:    11, From last output:     0.02018[s] n_calls:     1
               Iteration - Cumulative:     0.00118[s] n_calls: 67474, From last output:     0.00140[s] n_calls:  6134

Total Execution Times: 79.5635[s], From last output: 8.55786[s]
 
                  Search - Total:        4.11[s] =   5.16 %, From last output:        0.57[s] =   6.70 %
             - Search PP - Total:        1.28[s] =  31.09 %, From last output:        0.25[s] =  43.10 %
             -- Sorting, - Total:        0.09[s] =   7.30 %, From last output:        0.01[s] =   3.79 %
        -- BuildBVHTree, - Total:        0.31[s] =  24.49 %, From last output:        0.07[s] =  27.39 %
           -- Neighbors, - Total:        0.38[s] =  29.88 %, From last output:        0.09[s] =  35.50 %
             - Search PT - Total:        2.83[s] =  68.88 %, From last output:        0.33[s] =  56.87 %
         -- CheckActives - Total:        0.05[s] =   1.82 %, From last output:        0.00[s] =   1.48 %
          -- MarkActives - Total:        0.00[s] =   0.07 %, From last output:        0.00[s] =   0.09 %
          -- PushActives - Total:        0.07[s] =   2.42 %, From last output:        0.01[s] =   2.12 %
            -- UpdateBVH - Total:        0.13[s] =   4.73 %, From last output:        0.01[s] =   3.98 %
            -- Neighbors - Total:        0.95[s] =  33.75 %, From last output:        0.12[s] =  37.99 %
 
                 Overlap - Total:       41.73[s] =  52.45 %, From last output:        4.05[s] =  47.36 %
                   Force - Total:        6.20[s] =   7.79 %, From last output:        0.52[s] =   6.04 %
                    Move - Total:       27.13[s] =  34.10 %, From last output:        3.38[s] =  39.49 %
                  Output - Total:        0.23[s] =   0.28 %, From last output:        0.02[s] =   0.24 %

Module Execution Times:

Total Module Execution Times: 0[s], From last output: 0[s]

Total Execution Times (All listed above):        79.39[s] =  99.78 %
Total Execution Times (Unlisted):                 0.18[s] =   0.22 %

</message>
<info date="2025-10-26 23:32:41" up_time="0:1:35.80">
Particles sorting distance changed from: 1.14354  to: 1.19509 current simulation time is: 0.550008
</info>
<info date="2025-10-26 23:32:50" up_time="0:1:44.224">
Issues found since last output!
 - Contacts overlap, an average of:
    4.22% of contacts reached more than 2.5% overlap.
      collected in 23 timesteps totaling 545 contact overlaps

</info>
<message date="2025-10-26 23:32:50" up_time="0:1:44.242">
	File: 12
	Simulation time: 0.6

	N. Total Particles: 25671
	N. Enabled Particles: 1924
	N. Released Particles: 1927

	N. Enabled Elements: 0
	N. Released Elements: 0
	N. Particle Fragments: 0

	N. Triangles: 1438
	N. Triangle Nodes: 726

	N. Neighbors: 4712
		N. Particle Neighbors: 2448, RR: 0, RN: 0, NN: 2448
		N. Triangle Neighbors: 2264, TR: 0, TN: 2264
	N. Surface Contacts: 31, particles: 20, triangles: 11
	N. Adhesion Contacts: 31, particles: 20, triangles: 11
	Neighbor Contact Ratio: 76.000000

	Estimated Limits of Surface Velocity:
		                 Total - min:      5e+01 max:      6e+01 average:      5e+01
		            Boundaries - min:          3 max:          3 average:          3
		             Particles - min:      4e+01 max:      6e+01 average:      5e+01

	CPU:
		Memory Usage: 341 MB of 16055 MB
		Free Memory: 2302 MB

</message>
<message date="2025-10-26 23:32:50" up_time="0:1:44.242">
Execution Times:
Execution Times per Call:
 
                  Search - Cumulative:     0.00366[s] n_calls:  1326, From last output:     0.00415[s] n_calls:   180
               Search PP - Cumulative:     0.00303[s] n_calls:   537, From last output:     0.00339[s] n_calls:   103
              -- Sorting - Cumulative:     0.00409[s] n_calls:    24, From last output:     0.00252[s] n_calls:     2
        -- BuildBVHTree, - Cumulative:     0.00077[s] n_calls:   537, From last output:     0.00099[s] n_calls:   103
            -- Neighbors - Cumulative:     0.00095[s] n_calls:   537, From last output:     0.00123[s] n_calls:   103
               Search PT - Cumulative:     0.00392[s] n_calls:   823, From last output:     0.00478[s] n_calls:    83
         -- CheckActives - Cumulative:     0.00007[s] n_calls:   823, From last output:     0.00007[s] n_calls:    83
          -- MarkActives - Cumulative:     0.00009[s] n_calls:    24, From last output:     0.00008[s] n_calls:     2
          -- PushActives - Cumulative:     0.00009[s] n_calls:   823, From last output:     0.00008[s] n_calls:    83
            -- UpdateBVH - Cumulative:     0.00018[s] n_calls:   823, From last output:     0.00017[s] n_calls:    83
            -- Neighbors - Cumulative:     0.00136[s] n_calls:   823, From last output:     0.00203[s] n_calls:    83
 
                 Overlap - Cumulative:     0.00062[s] n_calls: 73608, From last output:     0.00068[s] n_calls:  6134
                   Force - Cumulative:     0.00009[s] n_calls: 73608, From last output:     0.00009[s] n_calls:  6134
                    Move - Cumulative:     0.00042[s] n_calls: 73608, From last output:     0.00060[s] n_calls:  6134
                  Output - Cumulative:     0.02039[s] n_calls:    12, From last output:     0.01799[s] n_calls:     1
               Iteration - Cumulative:     0.00121[s] n_calls: 73608, From last output:     0.00149[s] n_calls:  6134

Total Execution Times: 88.7204[s], From last output: 9.15712[s]
 
                  Search - Total:        4.85[s] =   5.47 %, From last output:        0.75[s] =   8.16 %
             - Search PP - Total:        1.63[s] =  33.51 %, From last output:        0.35[s] =  46.81 %
             -- Sorting, - Total:        0.10[s] =   6.04 %, From last output:        0.01[s] =   1.44 %
        -- BuildBVHTree, - Total:        0.41[s] =  25.48 %, From last output:        0.10[s] =  29.13 %
           -- Neighbors, - Total:        0.51[s] =  31.23 %, From last output:        0.13[s] =  36.17 %
             - Search PT - Total:        3.23[s] =  66.46 %, From last output:        0.40[s] =  53.17 %
         -- CheckActives - Total:        0.06[s] =   1.77 %, From last output:        0.01[s] =   1.37 %
          -- MarkActives - Total:        0.00[s] =   0.07 %, From last output:        0.00[s] =   0.04 %
          -- PushActives - Total:        0.08[s] =   2.33 %, From last output:        0.01[s] =   1.68 %
            -- UpdateBVH - Total:        0.15[s] =   4.58 %, From last output:        0.01[s] =   3.53 %
            -- Neighbors - Total:        1.12[s] =  34.81 %, From last output:        0.17[s] =  42.35 %
 
                 Overlap - Total:       45.90[s] =  51.74 %, From last output:        4.18[s] =  45.60 %
                   Force - Total:        6.73[s] =   7.59 %, From last output:        0.54[s] =   5.85 %
                    Move - Total:       30.79[s] =  34.71 %, From last output:        3.67[s] =  40.02 %
                  Output - Total:        0.24[s] =   0.28 %, From last output:        0.02[s] =   0.20 %

Module Execution Times:

Total Module Execution Times: 0[s], From last output: 0[s]

Total Execution Times (All listed above):        88.53[s] =  99.78 %
Total Execution Times (Unlisted):                 0.19[s] =   0.22 %

</message>
<info date="2025-10-26 23:32:50" up_time="0:1:44.245">
Particles sorting distance changed from: 1.19509  to: 1.20276 current simulation time is: 0.600008
</info>
<message date="2025-10-26 23:32:59" up_time="0:1:54.46">
Issues found since last output!
 - Sorting distance has changed within: 1.20276 to: 1.21991 in 2 events

</message>
<message date="2025-10-26 23:32:59" up_time="0:1:54.65">
	File: 13
	Simulation time: 0.65

	N. Total Particles: 25671
	N. Enabled Particles: 2083
	N. Released Particles: 2088

	N. Enabled Elements: 0
	N. Released Elements: 0
	N. Particle Fragments: 0

	N. Triangles: 1438
	N. Triangle Nodes: 726

	N. Neighbors: 4923
		N. Particle Neighbors: 2680, RR: 0, RN: 0, NN: 2680
		N. Triangle Neighbors: 2243, TR: 0, TN: 2243
	N. Surface Contacts: 29, particles: 19, triangles: 10
	N. Adhesion Contacts: 29, particles: 19, triangles: 10
	Neighbor Contact Ratio: 84.879310

	Estimated Limits of Surface Velocity:
		                 Total - min:      5e+01 max:      6e+01 average:      5e+01
		            Boundaries - min:          3 max:          3 average:          3
		             Particles - min:      5e+01 max:      6e+01 average:      5e+01

	CPU:
		Memory Usage: 341 MB of 16055 MB
		Free Memory: 2298 MB

</message>
<message date="2025-10-26 23:32:59" up_time="0:1:54.66">
Execution Times:
Execution Times per Call:
 
                  Search - Cumulative:     0.00375[s] n_calls:  1522, From last output:     0.00435[s] n_calls:   196
               Search PP - Cumulative:     0.00314[s] n_calls:   648, From last output:     0.00367[s] n_calls:   111
              -- Sorting - Cumulative:     0.00398[s] n_calls:    26, From last output:     0.00262[s] n_calls:     2
        -- BuildBVHTree, - Cumulative:     0.00083[s] n_calls:   648, From last output:     0.00110[s] n_calls:   111
            -- Neighbors - Cumulative:     0.00100[s] n_calls:   648, From last output:     0.00129[s] n_calls:   111
               Search PT - Cumulative:     0.00403[s] n_calls:   911, From last output:     0.00505[s] n_calls:    88
         -- CheckActives - Cumulative:     0.00007[s] n_calls:   911, From last output:     0.00007[s] n_calls:    88
          -- MarkActives - Cumulative:     0.00009[s] n_calls:    26, From last output:     0.00006[s] n_calls:     2
          -- PushActives - Cumulative:     0.00009[s] n_calls:   911, From last output:     0.00009[s] n_calls:    88
            -- UpdateBVH - Cumulative:     0.00018[s] n_calls:   911, From last output:     0.00018[s] n_calls:    88
            -- Neighbors - Cumulative:     0.00145[s] n_calls:   911, From last output:     0.00223[s] n_calls:    88
 
                 Overlap - Cumulative:     0.00063[s] n_calls: 79742, From last output:     0.00073[s] n_calls:  6134
                   Force - Cumulative:     0.00009[s] n_calls: 79742, From last output:     0.00009[s] n_calls:  6134
                    Move - Cumulative:     0.00044[s] n_calls: 79742, From last output:     0.00064[s] n_calls:  6134
                  Output - Cumulative:     0.02026[s] n_calls:    13, From last output:     0.01863[s] n_calls:     1
               Iteration - Cumulative:     0.00124[s] n_calls: 79742, From last output:     0.00160[s] n_calls:  6134

Total Execution Times: 98.5352[s], From last output: 9.81506[s]
 
                  Search - Total:        5.71[s] =   5.79 %, From last output:        0.85[s] =   8.68 %
             - Search PP - Total:        2.03[s] =  35.65 %, From last output:        0.41[s] =  47.85 %
             -- Sorting, - Total:        0.10[s] =   5.09 %, From last output:        0.01[s] =   1.29 %
        -- BuildBVHTree, - Total:        0.54[s] =  26.39 %, From last output:        0.12[s] =  30.02 %
           -- Neighbors, - Total:        0.65[s] =  32.02 %, From last output:        0.14[s] =  35.16 %
             - Search PT - Total:        3.67[s] =  64.32 %, From last output:        0.44[s] =  52.13 %
         -- CheckActives - Total:        0.06[s] =   1.72 %, From last output:        0.01[s] =   1.34 %
          -- MarkActives - Total:        0.00[s] =   0.06 %, From last output:        0.00[s] =   0.03 %
          -- PushActives - Total:        0.08[s] =   2.27 %, From last output:        0.01[s] =   1.83 %
            -- UpdateBVH - Total:        0.16[s] =   4.46 %, From last output:        0.02[s] =   3.62 %
            -- Neighbors - Total:        1.32[s] =  35.94 %, From last output:        0.20[s] =  44.16 %
 
                 Overlap - Total:       50.37[s] =  51.12 %, From last output:        4.47[s] =  45.52 %
                   Force - Total:        7.29[s] =   7.39 %, From last output:        0.55[s] =   5.64 %
                    Move - Total:       34.70[s] =  35.22 %, From last output:        3.91[s] =  39.81 %
                  Output - Total:        0.26[s] =   0.27 %, From last output:        0.02[s] =   0.19 %

Module Execution Times:

Total Module Execution Times: 0[s], From last output: 0[s]

Total Execution Times (All listed above):        98.33[s] =  99.79 %
Total Execution Times (Unlisted):                 0.21[s] =   0.21 %

</message>
<info date="2025-10-26 23:33:05" up_time="0:1:59.98">
Particles sorting distance changed from: 1.21991  to: 1.23266 current simulation time is: 0.675008
</info>
<info date="2025-10-26 23:33:10" up_time="0:2:4.320">
Issues found since last output!
 - Contacts overlap, an average of:
    2.77% of contacts reached more than 2.5% overlap.
      collected in 11 timesteps totaling 397 contact overlaps

</info>
<message date="2025-10-26 23:33:10" up_time="0:2:4.339">
	File: 14
	Simulation time: 0.7

	N. Total Particles: 25671
	N. Enabled Particles: 2243
	N. Released Particles: 2248

	N. Enabled Elements: 0
	N. Released Elements: 0
	N. Particle Fragments: 0

	N. Triangles: 1438
	N. Triangle Nodes: 726

	N. Neighbors: 5112
		N. Particle Neighbors: 2763, RR: 0, RN: 0, NN: 2763
		N. Triangle Neighbors: 2349, TR: 0, TN: 2349
	N. Surface Contacts: 43, particles: 32, triangles: 11
	N. Adhesion Contacts: 43, particles: 32, triangles: 11
	Neighbor Contact Ratio: 59.441860

	Estimated Limits of Surface Velocity:
		                 Total - min:      5e+01 max:      6e+01 average:      5e+01
		            Boundaries - min:          3 max:          3 average:          3
		             Particles - min:      5e+01 max:      6e+01 average:      5e+01

	CPU:
		Memory Usage: 342 MB of 16055 MB
		Free Memory: 2330 MB

</message>
<message date="2025-10-26 23:33:10" up_time="0:2:4.339">
Execution Times:
Execution Times per Call:
 
                  Search - Cumulative:     0.00382[s] n_calls:  1720, From last output:     0.00433[s] n_calls:   198
               Search PP - Cumulative:     0.00322[s] n_calls:   760, From last output:     0.00371[s] n_calls:   112
              -- Sorting - Cumulative:     0.00389[s] n_calls:    28, From last output:     0.00273[s] n_calls:     2
        -- BuildBVHTree, - Cumulative:     0.00087[s] n_calls:   760, From last output:     0.00113[s] n_calls:   112
            -- Neighbors - Cumulative:     0.00105[s] n_calls:   760, From last output:     0.00134[s] n_calls:   112
               Search PT - Cumulative:     0.00412[s] n_calls:   999, From last output:     0.00502[s] n_calls:    88
         -- CheckActives - Cumulative:     0.00007[s] n_calls:   999, From last output:     0.00006[s] n_calls:    88
          -- MarkActives - Cumulative:     0.00009[s] n_calls:    28, From last output:     0.00005[s] n_calls:     2
          -- PushActives - Cumulative:     0.00009[s] n_calls:   999, From last output:     0.00008[s] n_calls:    88
            -- UpdateBVH - Cumulative:     0.00018[s] n_calls:   999, From last output:     0.00018[s] n_calls:    88
            -- Neighbors - Cumulative:     0.00151[s] n_calls:   999, From last output:     0.00214[s] n_calls:    88
 
                 Overlap - Cumulative:     0.00064[s] n_calls: 85876, From last output:     0.00077[s] n_calls:  6134
                   Force - Cumulative:     0.00009[s] n_calls: 85876, From last output:     0.00009[s] n_calls:  6134
                    Move - Cumulative:     0.00045[s] n_calls: 85876, From last output:     0.00066[s] n_calls:  6134
                  Output - Cumulative:     0.02013[s] n_calls:    14, From last output:     0.01843[s] n_calls:     1
               Iteration - Cumulative:     0.00127[s] n_calls: 85876, From last output:     0.00167[s] n_calls:  6134

Total Execution Times: 108.8[s], From last output: 10.2649[s]
 
                  Search - Total:        6.56[s] =   6.03 %, From last output:        0.86[s] =   8.35 %
             - Search PP - Total:        2.45[s] =  37.32 %, From last output:        0.42[s] =  48.44 %
             -- Sorting, - Total:        0.11[s] =   4.45 %, From last output:        0.01[s] =   1.31 %
        -- BuildBVHTree, - Total:        0.66[s] =  27.08 %, From last output:        0.13[s] =  30.44 %
           -- Neighbors, - Total:        0.80[s] =  32.74 %, From last output:        0.15[s] =  36.29 %
             - Search PT - Total:        4.11[s] =  62.65 %, From last output:        0.44[s] =  51.54 %
         -- CheckActives - Total:        0.07[s] =   1.67 %, From last output:        0.01[s] =   1.28 %
          -- MarkActives - Total:        0.00[s] =   0.06 %, From last output:        0.00[s] =   0.02 %
          -- PushActives - Total:        0.09[s] =   2.21 %, From last output:        0.01[s] =   1.67 %
            -- UpdateBVH - Total:        0.18[s] =   4.37 %, From last output:        0.02[s] =   3.58 %
            -- Neighbors - Total:        1.51[s] =  36.66 %, From last output:        0.19[s] =  42.60 %
 
                 Overlap - Total:       55.11[s] =  50.65 %, From last output:        4.74[s] =  46.20 %
                   Force - Total:        7.85[s] =   7.21 %, From last output:        0.56[s] =   5.49 %
                    Move - Total:       38.77[s] =  35.63 %, From last output:        4.07[s] =  39.64 %
                  Output - Total:        0.28[s] =   0.26 %, From last output:        0.02[s] =   0.18 %

Module Execution Times:

Total Module Execution Times: 0[s], From last output: 0[s]

Total Execution Times (All listed above):       108.57[s] =  99.79 %
Total Execution Times (Unlisted):                 0.23[s] =   0.21 %

</message>
<info date="2025-10-26 23:33:10" up_time="0:2:4.344">
Particles sorting distance changed from: 1.23266  to: 1.2696 current simulation time is: 0.700008
</info>
<info date="2025-10-26 23:33:20" up_time="0:2:14.750">
Issues found since last output!
 - Contacts overlap, an average of:
    2.89% of contacts reached more than 2.5% overlap.
      collected in 13 timesteps totaling 450 contact overlaps

</info>
<message date="2025-10-26 23:33:20" up_time="0:2:14.771">
	File: 15
	Simulation time: 0.75

	N. Total Particles: 25671
	N. Enabled Particles: 2402
	N. Released Particles: 2409

	N. Enabled Elements: 0
	N. Released Elements: 0
	N. Particle Fragments: 0

	N. Triangles: 1438
	N. Triangle Nodes: 726

	N. Neighbors: 5187
		N. Particle Neighbors: 2809, RR: 0, RN: 0, NN: 2809
		N. Triangle Neighbors: 2378, TR: 0, TN: 2378
	N. Surface Contacts: 33, particles: 21, triangles: 12
	N. Adhesion Contacts: 33, particles: 21, triangles: 12
	Neighbor Contact Ratio: 78.590909

	Estimated Limits of Surface Velocity:
		                 Total - min:      6e+01 max:      7e+01 average:      6e+01
		            Boundaries - min:          3 max:          3 average:          3
		             Particles - min:      6e+01 max:      7e+01 average:      6e+01

	CPU:
		Memory Usage: 342 MB of 16055 MB
		Free Memory: 2358 MB

</message>
<message date="2025-10-26 23:33:20" up_time="0:2:14.772">
Execution Times:
Execution Times per Call:
 
                  Search - Cumulative:     0.00388[s] n_calls:  1940, From last output:     0.00438[s] n_calls:   220
               Search PP - Cumulative:     0.00331[s] n_calls:   892, From last output:     0.00382[s] n_calls:   132
              -- Sorting - Cumulative:     0.00385[s] n_calls:    30, From last output:     0.00331[s] n_calls:     2
        -- BuildBVHTree, - Cumulative:     0.00092[s] n_calls:   892, From last output:     0.00118[s] n_calls:   132
            -- Neighbors - Cumulative:     0.00110[s] n_calls:   892, From last output:     0.00139[s] n_calls:   132
               Search PT - Cumulative:     0.00419[s] n_calls:  1090, From last output:     0.00505[s] n_calls:    91
         -- CheckActives - Cumulative:     0.00007[s] n_calls:  1090, From last output:     0.00006[s] n_calls:    91
          -- MarkActives - Cumulative:     0.00008[s] n_calls:    30, From last output:     0.00006[s] n_calls:     2
          -- PushActives - Cumulative:     0.00009[s] n_calls:  1090, From last output:     0.00008[s] n_calls:    91
            -- UpdateBVH - Cumulative:     0.00018[s] n_calls:  1090, From last output:     0.00017[s] n_calls:    91
            -- Neighbors - Cumulative:     0.00156[s] n_calls:  1090, From last output:     0.00218[s] n_calls:    91
 
                 Overlap - Cumulative:     0.00065[s] n_calls: 92010, From last output:     0.00074[s] n_calls:  6134
                   Force - Cumulative:     0.00009[s] n_calls: 92010, From last output:     0.00009[s] n_calls:  6134
                    Move - Cumulative:     0.00047[s] n_calls: 92010, From last output:     0.00070[s] n_calls:  6134
                  Output - Cumulative:     0.02021[s] n_calls:    15, From last output:     0.02135[s] n_calls:     1
               Iteration - Cumulative:     0.00130[s] n_calls: 92010, From last output:     0.00170[s] n_calls:  6134

Total Execution Times: 119.224[s], From last output: 10.4241[s]
 
                  Search - Total:        7.53[s] =   6.31 %, From last output:        0.96[s] =   9.25 %
             - Search PP - Total:        2.95[s] =  39.24 %, From last output:        0.50[s] =  52.31 %
             -- Sorting, - Total:        0.12[s] =   3.91 %, From last output:        0.01[s] =   1.31 %
        -- BuildBVHTree, - Total:        0.82[s] =  27.75 %, From last output:        0.16[s] =  30.98 %
           -- Neighbors, - Total:        0.98[s] =  33.34 %, From last output:        0.18[s] =  36.27 %
             - Search PT - Total:        4.57[s] =  60.73 %, From last output:        0.46[s] =  47.66 %
         -- CheckActives - Total:        0.07[s] =   1.62 %, From last output:        0.01[s] =   1.14 %
          -- MarkActives - Total:        0.00[s] =   0.06 %, From last output:        0.00[s] =   0.03 %
          -- PushActives - Total:        0.10[s] =   2.14 %, From last output:        0.01[s] =   1.58 %
            -- UpdateBVH - Total:        0.19[s] =   4.27 %, From last output:        0.02[s] =   3.37 %
            -- Neighbors - Total:        1.71[s] =  37.31 %, From last output:        0.20[s] =  43.13 %
 
                 Overlap - Total:       59.67[s] =  50.05 %, From last output:        4.56[s] =  43.74 %
                   Force - Total:        8.40[s] =   7.05 %, From last output:        0.55[s] =   5.32 %
                    Move - Total:       43.08[s] =  36.13 %, From last output:        4.31[s] =  41.34 %
                  Output - Total:        0.30[s] =   0.25 %, From last output:        0.02[s] =   0.20 %

Module Execution Times:

Total Module Execution Times: 0[s], From last output: 0[s]

Total Execution Times (All listed above):       118.98[s] =  99.80 %
Total Execution Times (Unlisted):                 0.24[s] =   0.20 %

</message>
<info date="2025-10-26 23:33:31" up_time="0:2:25.890">
Issues found since last output!
 - Contacts overlap, an average of:
    2.88% of contacts reached more than 2.5% overlap.
      collected in 155 timesteps totaling 5933 contact overlaps

</info>
<message date="2025-10-26 23:33:31" up_time="0:2:25.909">
	File: 16
	Simulation time: 0.8

	N. Total Particles: 25671
	N. Enabled Particles: 2559
	N. Released Particles: 2569

	N. Enabled Elements: 0
	N. Released Elements: 0
	N. Particle Fragments: 0

	N. Triangles: 1438
	N. Triangle Nodes: 726

	N. Neighbors: 5325
		N. Particle Neighbors: 2888, RR: 0, RN: 0, NN: 2888
		N. Triangle Neighbors: 2437, TR: 0, TN: 2437
	N. Surface Contacts: 40, particles: 23, triangles: 17
	N. Adhesion Contacts: 40, particles: 23, triangles: 17
	Neighbor Contact Ratio: 66.562500

	Estimated Limits of Surface Velocity:
		                 Total - min:      6e+01 max:      7e+01 average:      7e+01
		            Boundaries - min:          3 max:          3 average:          3
		             Particles - min:      6e+01 max:      7e+01 average:      7e+01

	CPU:
		Memory Usage: 342 MB of 16055 MB
		Free Memory: 2349 MB

</message>
<message date="2025-10-26 23:33:31" up_time="0:2:25.909">
Execution Times:
Execution Times per Call:
 
                  Search - Cumulative:     0.00397[s] n_calls:  2165, From last output:     0.00477[s] n_calls:   225
               Search PP - Cumulative:     0.00342[s] n_calls:  1033, From last output:     0.00410[s] n_calls:   141
              -- Sorting - Cumulative:     0.00378[s] n_calls:    32, From last output:     0.00270[s] n_calls:     2
        -- BuildBVHTree, - Cumulative:     0.00098[s] n_calls:  1033, From last output:     0.00136[s] n_calls:   141
            -- Neighbors - Cumulative:     0.00115[s] n_calls:  1033, From last output:     0.00147[s] n_calls:   141
               Search PT - Cumulative:     0.00429[s] n_calls:  1182, From last output:     0.00538[s] n_calls:    92
         -- CheckActives - Cumulative:     0.00007[s] n_calls:  1182, From last output:     0.00007[s] n_calls:    92
          -- MarkActives - Cumulative:     0.00009[s] n_calls:    32, From last output:     0.00012[s] n_calls:     2
          -- PushActives - Cumulative:     0.00009[s] n_calls:  1182, From last output:     0.00008[s] n_calls:    92
            -- UpdateBVH - Cumulative:     0.00018[s] n_calls:  1182, From last output:     0.00019[s] n_calls:    92
            -- Neighbors - Cumulative:     0.00162[s] n_calls:  1182, From last output:     0.00233[s] n_calls:    92
 
                 Overlap - Cumulative:     0.00066[s] n_calls: 98144, From last output:     0.00079[s] n_calls:  6134
                   Force - Cumulative:     0.00009[s] n_calls: 98144, From last output:     0.00009[s] n_calls:  6134
                    Move - Cumulative:     0.00049[s] n_calls: 98144, From last output:     0.00075[s] n_calls:  6134
                  Output - Cumulative:     0.02013[s] n_calls:    16, From last output:     0.01904[s] n_calls:     1
               Iteration - Cumulative:     0.00133[s] n_calls: 98144, From last output:     0.00181[s] n_calls:  6134

Total Execution Times: 130.352[s], From last output: 11.1285[s]
 
                  Search - Total:        8.60[s] =   6.60 %, From last output:        1.07[s] =   9.65 %
             - Search PP - Total:        3.53[s] =  41.07 %, From last output:        0.58[s] =  53.88 %
             -- Sorting, - Total:        0.12[s] =   3.42 %, From last output:        0.01[s] =   0.93 %
        -- BuildBVHTree, - Total:        1.01[s] =  28.61 %, From last output:        0.19[s] =  33.04 %
           -- Neighbors, - Total:        1.19[s] =  33.73 %, From last output:        0.21[s] =  35.70 %
             - Search PT - Total:        5.07[s] =  58.90 %, From last output:        0.50[s] =  46.09 %
         -- CheckActives - Total:        0.08[s] =   1.58 %, From last output:        0.01[s] =   1.22 %
          -- MarkActives - Total:        0.00[s] =   0.05 %, From last output:        0.00[s] =   0.05 %
          -- PushActives - Total:        0.11[s] =   2.09 %, From last output:        0.01[s] =   1.56 %
            -- UpdateBVH - Total:        0.21[s] =   4.19 %, From last output:        0.02[s] =   3.50 %
            -- Neighbors - Total:        1.92[s] =  37.88 %, From last output:        0.21[s] =  43.21 %
 
                 Overlap - Total:       64.51[s] =  49.49 %, From last output:        4.84[s] =  43.50 %
                   Force - Total:        8.97[s] =   6.88 %, From last output:        0.57[s] =   5.12 %
                    Move - Total:       47.69[s] =  36.58 %, From last output:        4.61[s] =  41.42 %
                  Output - Total:        0.32[s] =   0.25 %, From last output:        0.02[s] =   0.17 %

Module Execution Times:

Total Module Execution Times: 0[s], From last output: 0[s]

Total Execution Times (All listed above):       130.09[s] =  99.80 %
Total Execution Times (Unlisted):                 0.26[s] =   0.20 %

</message>
<info date="2025-10-26 23:33:43" up_time="0:2:37.673">
Issues found since last output!
 - Contacts overlap, an average of:
    2.03% of contacts reached more than 2.5% overlap.
      collected in 215 timesteps totaling 10763 contact overlaps

</info>
<message date="2025-10-26 23:33:43" up_time="0:2:37.706">
	File: 17
	Simulation time: 0.85

	N. Total Particles: 25671
	N. Enabled Particles: 2717
	N. Released Particles: 2729

	N. Enabled Elements: 0
	N. Released Elements: 0
	N. Particle Fragments: 0

	N. Triangles: 1438
	N. Triangle Nodes: 726

	N. Neighbors: 5666
		N. Particle Neighbors: 3158, RR: 0, RN: 0, NN: 3158
		N. Triangle Neighbors: 2508, TR: 0, TN: 2508
	N. Surface Contacts: 52, particles: 38, triangles: 14
	N. Adhesion Contacts: 52, particles: 38, triangles: 14
	Neighbor Contact Ratio: 54.480769

	Estimated Limits of Surface Velocity:
		                 Total - min:      7e+01 max:      8e+01 average:      7e+01
		            Boundaries - min:          3 max:          3 average:          3
		             Particles - min:      7e+01 max:      8e+01 average:      7e+01

	CPU:
		Memory Usage: 343 MB of 16055 MB
		Free Memory: 2355 MB

</message>
<message date="2025-10-26 23:33:43" up_time="0:2:37.707">
Execution Times:
Execution Times per Call:
 
                  Search - Cumulative:     0.00404[s] n_calls:  2402, From last output:     0.00465[s] n_calls:   237
               Search PP - Cumulative:     0.00351[s] n_calls:  1180, From last output:     0.00414[s] n_calls:   147
              -- Sorting - Cumulative:     0.00376[s] n_calls:    34, From last output:     0.00345[s] n_calls:     2
        -- BuildBVHTree, - Cumulative:     0.00102[s] n_calls:  1180, From last output:     0.00133[s] n_calls:   147
            -- Neighbors - Cumulative:     0.00120[s] n_calls:  1180, From last output:     0.00151[s] n_calls:   147
               Search PT - Cumulative:     0.00436[s] n_calls:  1275, From last output:     0.00532[s] n_calls:    93
         -- CheckActives - Cumulative:     0.00007[s] n_calls:  1275, From last output:     0.00006[s] n_calls:    93
          -- MarkActives - Cumulative:     0.00009[s] n_calls:    34, From last output:     0.00007[s] n_calls:     2
          -- PushActives - Cumulative:     0.00009[s] n_calls:  1275, From last output:     0.00009[s] n_calls:    93
            -- UpdateBVH - Cumulative:     0.00018[s] n_calls:  1275, From last output:     0.00019[s] n_calls:    93
            -- Neighbors - Cumulative:     0.00167[s] n_calls:  1275, From last output:     0.00231[s] n_calls:    93
 
                 Overlap - Cumulative:     0.00067[s] n_calls: 104278, From last output:     0.00083[s] n_calls:  6134
                   Force - Cumulative:     0.00009[s] n_calls: 104278, From last output:     0.00010[s] n_calls:  6134
                    Move - Cumulative:     0.00050[s] n_calls: 104278, From last output:     0.00081[s] n_calls:  6134
                  Output - Cumulative:     0.02093[s] n_calls:    17, From last output:     0.03366[s] n_calls:     1
               Iteration - Cumulative:     0.00136[s] n_calls: 104278, From last output:     0.00192[s] n_calls:  6134

Total Execution Times: 142.141[s], From last output: 11.7888[s]
 
                  Search - Total:        9.70[s] =   6.83 %, From last output:        1.10[s] =   9.36 %
             - Search PP - Total:        4.14[s] =  42.66 %, From last output:        0.61[s] =  55.11 %
             -- Sorting, - Total:        0.13[s] =   3.09 %, From last output:        0.01[s] =   1.13 %
        -- BuildBVHTree, - Total:        1.21[s] =  29.13 %, From last output:        0.20[s] =  32.11 %
           -- Neighbors, - Total:        1.41[s] =  34.13 %, From last output:        0.22[s] =  36.44 %
             - Search PT - Total:        5.56[s] =  57.31 %, From last output:        0.49[s] =  44.87 %
         -- CheckActives - Total:        0.09[s] =   1.54 %, From last output:        0.01[s] =   1.12 %
          -- MarkActives - Total:        0.00[s] =   0.05 %, From last output:        0.00[s] =   0.03 %
          -- PushActives - Total:        0.11[s] =   2.05 %, From last output:        0.01[s] =   1.64 %
            -- UpdateBVH - Total:        0.23[s] =   4.13 %, From last output:        0.02[s] =   3.48 %
            -- Neighbors - Total:        2.13[s] =  38.37 %, From last output:        0.21[s] =  43.33 %
 
                 Overlap - Total:       69.59[s] =  48.96 %, From last output:        5.08[s] =  43.08 %
                   Force - Total:        9.57[s] =   6.73 %, From last output:        0.60[s] =   5.06 %
                    Move - Total:       52.65[s] =  37.04 %, From last output:        4.96[s] =  42.08 %
                  Output - Total:        0.36[s] =   0.25 %, From last output:        0.03[s] =   0.29 %

Module Execution Times:

Total Module Execution Times: 0[s], From last output: 0[s]

Total Execution Times (All listed above):       141.86[s] =  99.81 %
Total Execution Times (Unlisted):                 0.28[s] =   0.19 %

</message>
<info date="2025-10-26 23:33:57" up_time="0:2:51.564">
Issues found since last output!
 - Contacts overlap, an average of:
    1.6% of contacts reached more than 2.5% overlap.
      collected in 169 timesteps totaling 10893 contact overlaps

</info>
<message date="2025-10-26 23:33:57" up_time="0:2:51.583">
	File: 18
	Simulation time: 0.9

	N. Total Particles: 25671
	N. Enabled Particles: 2875
	N. Released Particles: 2888

	N. Enabled Elements: 0
	N. Released Elements: 0
	N. Particle Fragments: 0

	N. Triangles: 1438
	N. Triangle Nodes: 726

	N. Neighbors: 5990
		N. Particle Neighbors: 3508, RR: 0, RN: 0, NN: 3508
		N. Triangle Neighbors: 2482, TR: 0, TN: 2482
	N. Surface Contacts: 77, particles: 41, triangles: 36
	N. Adhesion Contacts: 77, particles: 41, triangles: 36
	Neighbor Contact Ratio: 38.896104

	Estimated Limits of Surface Velocity:
		                 Total - min:      6e+01 max:      8e+01 average:      7e+01
		            Boundaries - min:          3 max:          3 average:          3
		             Particles - min:      6e+01 max:      8e+01 average:      7e+01

	CPU:
		Memory Usage: 344 MB of 16055 MB
		Free Memory: 2247 MB

</message>
<message date="2025-10-26 23:33:57" up_time="0:2:51.584">
Execution Times:
Execution Times per Call:
 
                  Search - Cumulative:     0.00414[s] n_calls:  2636, From last output:     0.00521[s] n_calls:   234
               Search PP - Cumulative:     0.00363[s] n_calls:  1326, From last output:     0.00458[s] n_calls:   146
              -- Sorting - Cumulative:     0.00372[s] n_calls:    36, From last output:     0.00313[s] n_calls:     2
        -- BuildBVHTree, - Cumulative:     0.00107[s] n_calls:  1326, From last output:     0.00151[s] n_calls:   146
            -- Neighbors - Cumulative:     0.00125[s] n_calls:  1326, From last output:     0.00171[s] n_calls:   146
               Search PT - Cumulative:     0.00447[s] n_calls:  1368, From last output:     0.00591[s] n_calls:    93
         -- CheckActives - Cumulative:     0.00007[s] n_calls:  1368, From last output:     0.00007[s] n_calls:    93
          -- MarkActives - Cumulative:     0.00009[s] n_calls:    36, From last output:     0.00012[s] n_calls:     2
          -- PushActives - Cumulative:     0.00009[s] n_calls:  1368, From last output:     0.00009[s] n_calls:    93
            -- UpdateBVH - Cumulative:     0.00018[s] n_calls:  1368, From last output:     0.00021[s] n_calls:    93
            -- Neighbors - Cumulative:     0.00173[s] n_calls:  1368, From last output:     0.00250[s] n_calls:    93
 
                 Overlap - Cumulative:     0.00069[s] n_calls: 110412, From last output:     0.00100[s] n_calls:  6134
                   Force - Cumulative:     0.00009[s] n_calls: 110412, From last output:     0.00012[s] n_calls:  6134
                    Move - Cumulative:     0.00053[s] n_calls: 110412, From last output:     0.00094[s] n_calls:  6134
                  Output - Cumulative:     0.02087[s] n_calls:    18, From last output:     0.01977[s] n_calls:     1
               Iteration - Cumulative:     0.00141[s] n_calls: 110412, From last output:     0.00226[s] n_calls:  6134

Total Execution Times: 156.007[s], From last output: 13.8671[s]
 
                  Search - Total:       10.92[s] =   7.00 %, From last output:        1.22[s] =   8.79 %
             - Search PP - Total:        4.81[s] =  44.03 %, From last output:        0.67[s] =  54.87 %
             -- Sorting, - Total:        0.13[s] =   2.79 %, From last output:        0.01[s] =   0.93 %
        -- BuildBVHTree, - Total:        1.43[s] =  29.65 %, From last output:        0.22[s] =  32.86 %
           -- Neighbors, - Total:        1.66[s] =  34.59 %, From last output:        0.25[s] =  37.44 %
             - Search PT - Total:        6.11[s] =  55.94 %, From last output:        0.55[s] =  45.10 %
         -- CheckActives - Total:        0.09[s] =   1.51 %, From last output:        0.01[s] =   1.21 %
          -- MarkActives - Total:        0.00[s] =   0.05 %, From last output:        0.00[s] =   0.04 %
          -- PushActives - Total:        0.12[s] =   2.01 %, From last output:        0.01[s] =   1.59 %
            -- UpdateBVH - Total:        0.25[s] =   4.08 %, From last output:        0.02[s] =   3.61 %
            -- Neighbors - Total:        2.37[s] =  38.72 %, From last output:        0.23[s] =  42.25 %
 
                 Overlap - Total:       75.71[s] =  48.53 %, From last output:        6.12[s] =  44.15 %
                   Force - Total:       10.30[s] =   6.60 %, From last output:        0.73[s] =   5.28 %
                    Move - Total:       58.40[s] =  37.44 %, From last output:        5.75[s] =  41.50 %
                  Output - Total:        0.38[s] =   0.24 %, From last output:        0.02[s] =   0.14 %

Module Execution Times:

Total Module Execution Times: 0[s], From last output: 0[s]

Total Execution Times (All listed above):       155.71[s] =  99.81 %
Total Execution Times (Unlisted):                 0.30[s] =   0.19 %

</message>
<info date="2025-10-26 23:34:10" up_time="0:3:4.837">
Issues found since last output!
 - Contacts overlap, an average of:
    1.5% of contacts reached more than 2.5% overlap.
      collected in 128 timesteps totaling 8527 contact overlaps

</info>
<message date="2025-10-26 23:34:10" up_time="0:3:4.859">
	File: 19
	Simulation time: 0.95

	N. Total Particles: 25671
	N. Enabled Particles: 3032
	N. Released Particles: 3048

	N. Enabled Elements: 0
	N. Released Elements: 0
	N. Particle Fragments: 0

	N. Triangles: 1438
	N. Triangle Nodes: 726

	N. Neighbors: 6162
		N. Particle Neighbors: 3790, RR: 0, RN: 0, NN: 3790
		N. Triangle Neighbors: 2372, TR: 0, TN: 2372
	N. Surface Contacts: 76, particles: 46, triangles: 30
	N. Adhesion Contacts: 76, particles: 46, triangles: 30
	Neighbor Contact Ratio: 40.539474

	Estimated Limits of Surface Velocity:
		                 Total - min:      6e+01 max:      7e+01 average:      7e+01
		            Boundaries - min:          3 max:          3 average:          3
		             Particles - min:      6e+01 max:      7e+01 average:      7e+01

	CPU:
		Memory Usage: 344 MB of 16055 MB
		Free Memory: 2202 MB

</message>
<message date="2025-10-26 23:34:10" up_time="0:3:4.859">
Execution Times:
Execution Times per Call:
 
                  Search - Cumulative:     0.00421[s] n_calls:  2860, From last output:     0.00496[s] n_calls:   224
               Search PP - Cumulative:     0.00370[s] n_calls:  1465, From last output:     0.00442[s] n_calls:   139
              -- Sorting - Cumulative:     0.00370[s] n_calls:    38, From last output:     0.00318[s] n_calls:     2
        -- BuildBVHTree, - Cumulative:     0.00112[s] n_calls:  1465, From last output:     0.00151[s] n_calls:   139
            -- Neighbors - Cumulative:     0.00129[s] n_calls:  1465, From last output:     0.00160[s] n_calls:   139
               Search PT - Cumulative:     0.00453[s] n_calls:  1458, From last output:     0.00551[s] n_calls:    90
         -- CheckActives - Cumulative:     0.00007[s] n_calls:  1458, From last output:     0.00006[s] n_calls:    90
          -- MarkActives - Cumulative:     0.00009[s] n_calls:    38, From last output:     0.00006[s] n_calls:     2
          -- PushActives - Cumulative:     0.00009[s] n_calls:  1458, From last output:     0.00009[s] n_calls:    90
            -- UpdateBVH - Cumulative:     0.00018[s] n_calls:  1458, From last output:     0.00019[s] n_calls:    90
            -- Neighbors - Cumulative:     0.00176[s] n_calls:  1458, From last output:     0.00225[s] n_calls:    90
 
                 Overlap - Cumulative:     0.00070[s] n_calls: 116546, From last output:     0.00099[s] n_calls:  6134
                   Force - Cumulative:     0.00009[s] n_calls: 116546, From last output:     0.00011[s] n_calls:  6134
                    Move - Cumulative:     0.00055[s] n_calls: 116546, From last output:     0.00087[s] n_calls:  6134
                  Output - Cumulative:     0.02091[s] n_calls:    19, From last output:     0.02178[s] n_calls:     1
               Iteration - Cumulative:     0.00145[s] n_calls: 116546, From last output:     0.00216[s] n_calls:  6134

Total Execution Times: 169.273[s], From last output: 13.2664[s]
 
                  Search - Total:       12.03[s] =   7.11 %, From last output:        1.11[s] =   8.37 %
             - Search PP - Total:        5.42[s] =  45.07 %, From last output:        0.61[s] =  55.32 %
             -- Sorting, - Total:        0.14[s] =   2.59 %, From last output:        0.01[s] =   1.03 %
        -- BuildBVHTree, - Total:        1.64[s] =  30.15 %, From last output:        0.21[s] =  34.14 %
           -- Neighbors, - Total:        1.88[s] =  34.76 %, From last output:        0.22[s] =  36.11 %
             - Search PT - Total:        6.61[s] =  54.90 %, From last output:        0.50[s] =  44.66 %
         -- CheckActives - Total:        0.10[s] =   1.48 %, From last output:        0.01[s] =   1.15 %
          -- MarkActives - Total:        0.00[s] =   0.05 %, From last output:        0.00[s] =   0.02 %
          -- PushActives - Total:        0.13[s] =   1.97 %, From last output:        0.01[s] =   1.56 %
            -- UpdateBVH - Total:        0.27[s] =   4.03 %, From last output:        0.02[s] =   3.39 %
            -- Neighbors - Total:        2.57[s] =  38.88 %, From last output:        0.20[s] =  40.90 %
 
                 Overlap - Total:       81.80[s] =  48.32 %, From last output:        6.09[s] =  45.89 %
                   Force - Total:       10.96[s] =   6.48 %, From last output:        0.66[s] =   5.00 %
                    Move - Total:       63.77[s] =  37.67 %, From last output:        5.37[s] =  40.45 %
                  Output - Total:        0.40[s] =   0.23 %, From last output:        0.02[s] =   0.16 %

Module Execution Times:

Total Module Execution Times: 0[s], From last output: 0[s]

Total Execution Times (All listed above):       168.96[s] =  99.81 %
Total Execution Times (Unlisted):                 0.31[s] =   0.19 %

</message>
<info date="2025-10-26 23:34:25" up_time="0:3:19.774">
Issues found since last output!
 - Contacts overlap, an average of:
    1.17% of contacts reached more than 2.5% overlap.
      collected in 169 timesteps totaling 14403 contact overlaps

</info>
<message date="2025-10-26 23:34:25" up_time="0:3:19.807">
	File: 20
	Simulation time: 1

	N. Total Particles: 25671
	N. Enabled Particles: 3192
	N. Released Particles: 3212

	N. Enabled Elements: 0
	N. Released Elements: 0
	N. Particle Fragments: 0

	N. Triangles: 1438
	N. Triangle Nodes: 726

	N. Neighbors: 6729
		N. Particle Neighbors: 4083, RR: 0, RN: 0, NN: 4083
		N. Triangle Neighbors: 2646, TR: 0, TN: 2646
	N. Surface Contacts: 117, particles: 75, triangles: 42
	N. Adhesion Contacts: 117, particles: 75, triangles: 42
	Neighbor Contact Ratio: 28.756410

	Estimated Limits of Surface Velocity:
		                 Total - min:      6e+01 max:      7e+01 average:      7e+01
		            Boundaries - min:          3 max:          3 average:          3
		             Particles - min:      6e+01 max:      7e+01 average:      7e+01

	CPU:
		Memory Usage: 345 MB of 16055 MB
		Free Memory: 2263 MB

</message>
<message date="2025-10-26 23:34:25" up_time="0:3:19.808">
Execution Times:
Execution Times per Call:
 
                  Search - Cumulative:     0.00428[s] n_calls:  3081, From last output:     0.00527[s] n_calls:   221
               Search PP - Cumulative:     0.00380[s] n_calls:  1602, From last output:     0.00488[s] n_calls:   137
              -- Sorting - Cumulative:     0.00365[s] n_calls:    40, From last output:     0.00280[s] n_calls:     2
        -- BuildBVHTree, - Cumulative:     0.00116[s] n_calls:  1602, From last output:     0.00167[s] n_calls:   137
            -- Neighbors - Cumulative:     0.00133[s] n_calls:  1602, From last output:     0.00179[s] n_calls:   137
               Search PT - Cumulative:     0.00460[s] n_calls:  1544, From last output:     0.00577[s] n_calls:    86
         -- CheckActives - Cumulative:     0.00007[s] n_calls:  1544, From last output:     0.00007[s] n_calls:    86
          -- MarkActives - Cumulative:     0.00008[s] n_calls:    40, From last output:     0.00006[s] n_calls:     2
          -- PushActives - Cumulative:     0.00009[s] n_calls:  1544, From last output:     0.00009[s] n_calls:    86
            -- UpdateBVH - Cumulative:     0.00018[s] n_calls:  1544, From last output:     0.00020[s] n_calls:    86
            -- Neighbors - Cumulative:     0.00179[s] n_calls:  1544, From last output:     0.00230[s] n_calls:    86
 
                 Overlap - Cumulative:     0.00072[s] n_calls: 122680, From last output:     0.00111[s] n_calls:  6134
                   Force - Cumulative:     0.00010[s] n_calls: 122680, From last output:     0.00013[s] n_calls:  6134
                    Move - Cumulative:     0.00057[s] n_calls: 122680, From last output:     0.00100[s] n_calls:  6134
                  Output - Cumulative:     0.02151[s] n_calls:    20, From last output:     0.03285[s] n_calls:     1
               Iteration - Cumulative:     0.00150[s] n_calls: 122680, From last output:     0.00244[s] n_calls:  6134

Total Execution Times: 184.212[s], From last output: 14.9383[s]
 
                  Search - Total:       13.20[s] =   7.16 %, From last output:        1.16[s] =   7.80 %
             - Search PP - Total:        6.09[s] =  46.16 %, From last output:        0.67[s] =  57.41 %
             -- Sorting, - Total:        0.15[s] =   2.40 %, From last output:        0.01[s] =   0.84 %
        -- BuildBVHTree, - Total:        1.86[s] =  30.59 %, From last output:        0.23[s] =  34.15 %
           -- Neighbors, - Total:        2.13[s] =  34.97 %, From last output:        0.25[s] =  36.66 %
             - Search PT - Total:        7.10[s] =  53.81 %, From last output:        0.50[s] =  42.57 %
         -- CheckActives - Total:        0.10[s] =   1.47 %, From last output:        0.01[s] =   1.26 %
          -- MarkActives - Total:        0.00[s] =   0.05 %, From last output:        0.00[s] =   0.03 %
          -- PushActives - Total:        0.14[s] =   1.94 %, From last output:        0.01[s] =   1.53 %
            -- UpdateBVH - Total:        0.28[s] =   3.99 %, From last output:        0.02[s] =   3.50 %
            -- Neighbors - Total:        2.77[s] =  38.95 %, From last output:        0.20[s] =  39.85 %
 
                 Overlap - Total:       88.64[s] =  48.12 %, From last output:        6.84[s] =  45.77 %
                   Force - Total:       11.74[s] =   6.37 %, From last output:        0.77[s] =   5.17 %
                    Move - Total:       69.88[s] =  37.93 %, From last output:        6.11[s] =  40.91 %
                  Output - Total:        0.43[s] =   0.23 %, From last output:        0.03[s] =   0.22 %

Module Execution Times:

Total Module Execution Times: 0[s], From last output: 0[s]

Total Execution Times (All listed above):       183.88[s] =  99.82 %
Total Execution Times (Unlisted):                 0.33[s] =   0.18 %

</message>
<info date="2025-10-26 23:34:40" up_time="0:3:34.973">
Issues found since last output!
 - Contacts overlap, an average of:
    1.2% of contacts reached more than 2.5% overlap.
      collected in 96 timesteps totaling 8029 contact overlaps

</info>
<message date="2025-10-26 23:34:40" up_time="0:3:35.5">
	File: 21
	Simulation time: 1.05

	N. Total Particles: 25671
	N. Enabled Particles: 3346
	N. Released Particles: 3369

	N. Enabled Elements: 0
	N. Released Elements: 0
	N. Particle Fragments: 0

	N. Triangles: 1438
	N. Triangle Nodes: 726

	N. Neighbors: 6983
		N. Particle Neighbors: 4187, RR: 0, RN: 0, NN: 4187
		N. Triangle Neighbors: 2796, TR: 0, TN: 2796
	N. Surface Contacts: 82, particles: 58, triangles: 24
	N. Adhesion Contacts: 82, particles: 58, triangles: 24
	Neighbor Contact Ratio: 42.579268

	Estimated Limits of Surface Velocity:
		                 Total - min:      6e+01 max:      7e+01 average:      7e+01
		            Boundaries - min:          3 max:          3 average:          3
		             Particles - min:      6e+01 max:      7e+01 average:      7e+01

	CPU:
		Memory Usage: 346 MB of 16055 MB
		Free Memory: 2247 MB

</message>
<message date="2025-10-26 23:34:40" up_time="0:3:35.6">
Execution Times:
Execution Times per Call:
 
                  Search - Cumulative:     0.00437[s] n_calls:  3299, From last output:     0.00560[s] n_calls:   218
               Search PP - Cumulative:     0.00391[s] n_calls:  1739, From last output:     0.00514[s] n_calls:   137
              -- Sorting - Cumulative:     0.00363[s] n_calls:    42, From last output:     0.00331[s] n_calls:     2
        -- BuildBVHTree, - Cumulative:     0.00121[s] n_calls:  1739, From last output:     0.00178[s] n_calls:   137
            -- Neighbors - Cumulative:     0.00138[s] n_calls:  1739, From last output:     0.00193[s] n_calls:   137
               Search PT - Cumulative:     0.00468[s] n_calls:  1629, From last output:     0.00609[s] n_calls:    85
         -- CheckActives - Cumulative:     0.00007[s] n_calls:  1629, From last output:     0.00007[s] n_calls:    85
          -- MarkActives - Cumulative:     0.00009[s] n_calls:    42, From last output:     0.00010[s] n_calls:     2
          -- PushActives - Cumulative:     0.00009[s] n_calls:  1629, From last output:     0.00010[s] n_calls:    85
            -- UpdateBVH - Cumulative:     0.00018[s] n_calls:  1629, From last output:     0.00020[s] n_calls:    85
            -- Neighbors - Cumulative:     0.00183[s] n_calls:  1629, From last output:     0.00247[s] n_calls:    85
 
                 Overlap - Cumulative:     0.00074[s] n_calls: 128814, From last output:     0.00113[s] n_calls:  6134
                   Force - Cumulative:     0.00010[s] n_calls: 128814, From last output:     0.00012[s] n_calls:  6134
                    Move - Cumulative:     0.00059[s] n_calls: 128814, From last output:     0.00101[s] n_calls:  6134
                  Output - Cumulative:     0.02204[s] n_calls:    21, From last output:     0.03263[s] n_calls:     1
               Iteration - Cumulative:     0.00155[s] n_calls: 128814, From last output:     0.00248[s] n_calls:  6134

Total Execution Times: 199.4[s], From last output: 15.1884[s]
 
                  Search - Total:       14.42[s] =   7.23 %, From last output:        1.22[s] =   8.04 %
             - Search PP - Total:        6.79[s] =  47.13 %, From last output:        0.70[s] =  57.60 %
             -- Sorting, - Total:        0.15[s] =   2.25 %, From last output:        0.01[s] =   0.94 %
        -- BuildBVHTree, - Total:        2.11[s] =  31.01 %, From last output:        0.24[s] =  34.59 %
           -- Neighbors, - Total:        2.39[s] =  35.23 %, From last output:        0.26[s] =  37.53 %
             - Search PT - Total:        7.62[s] =  52.84 %, From last output:        0.52[s] =  42.38 %
         -- CheckActives - Total:        0.11[s] =   1.44 %, From last output:        0.01[s] =   1.15 %
          -- MarkActives - Total:        0.00[s] =   0.05 %, From last output:        0.00[s] =   0.04 %
          -- PushActives - Total:        0.15[s] =   1.92 %, From last output:        0.01[s] =   1.59 %
            -- UpdateBVH - Total:        0.30[s] =   3.95 %, From last output:        0.02[s] =   3.33 %
            -- Neighbors - Total:        2.98[s] =  39.06 %, From last output:        0.21[s] =  40.60 %
 
                 Overlap - Total:       95.59[s] =  47.94 %, From last output:        6.95[s] =  45.79 %
                   Force - Total:       12.48[s] =   6.26 %, From last output:        0.74[s] =   4.90 %
                    Move - Total:       76.10[s] =  38.16 %, From last output:        6.22[s] =  40.94 %
                  Output - Total:        0.46[s] =   0.23 %, From last output:        0.03[s] =   0.21 %

Module Execution Times:

Total Module Execution Times: 0[s], From last output: 0[s]

Total Execution Times (All listed above):       199.05[s] =  99.82 %
Total Execution Times (Unlisted):                 0.35[s] =   0.18 %

</message>
<info date="2025-10-26 23:34:57" up_time="0:3:51.778">
Issues found since last output!
 - Contacts overlap, an average of:
    1.09% of contacts reached more than 2.5% overlap.
      collected in 158 timesteps totaling 14438 contact overlaps

</info>
<message date="2025-10-26 23:34:57" up_time="0:3:51.804">
	File: 22
	Simulation time: 1.1

	N. Total Particles: 25671
	N. Enabled Particles: 3505
	N. Released Particles: 3530

	N. Enabled Elements: 0
	N. Released Elements: 0
	N. Particle Fragments: 0

	N. Triangles: 1438
	N. Triangle Nodes: 726

	N. Neighbors: 7123
		N. Particle Neighbors: 4368, RR: 0, RN: 0, NN: 4368
		N. Triangle Neighbors: 2755, TR: 0, TN: 2755
	N. Surface Contacts: 75, particles: 49, triangles: 26
	N. Adhesion Contacts: 75, particles: 49, triangles: 26
	Neighbor Contact Ratio: 47.486667

	Estimated Limits of Surface Velocity:
		                 Total - min:      6e+01 max:      7e+01 average:      7e+01
		            Boundaries - min:          3 max:          3 average:          3
		             Particles - min:      6e+01 max:      7e+01 average:      7e+01

	CPU:
		Memory Usage: 346 MB of 16055 MB
		Free Memory: 2239 MB

</message>
<message date="2025-10-26 23:34:57" up_time="0:3:51.805">
Execution Times:
Execution Times per Call:
 
                  Search - Cumulative:     0.00446[s] n_calls:  3520, From last output:     0.00585[s] n_calls:   221
               Search PP - Cumulative:     0.00402[s] n_calls:  1877, From last output:     0.00544[s] n_calls:   138
              -- Sorting - Cumulative:     0.00364[s] n_calls:    44, From last output:     0.00374[s] n_calls:     2
        -- BuildBVHTree, - Cumulative:     0.00126[s] n_calls:  1877, From last output:     0.00182[s] n_calls:   138
            -- Neighbors - Cumulative:     0.00143[s] n_calls:  1877, From last output:     0.00210[s] n_calls:   138
               Search PT - Cumulative:     0.00476[s] n_calls:  1716, From last output:     0.00621[s] n_calls:    87
         -- CheckActives - Cumulative:     0.00007[s] n_calls:  1716, From last output:     0.00008[s] n_calls:    87
          -- MarkActives - Cumulative:     0.00008[s] n_calls:    44, From last output:     0.00007[s] n_calls:     2
          -- PushActives - Cumulative:     0.00009[s] n_calls:  1716, From last output:     0.00009[s] n_calls:    87
            -- UpdateBVH - Cumulative:     0.00018[s] n_calls:  1716, From last output:     0.00019[s] n_calls:    87
            -- Neighbors - Cumulative:     0.00186[s] n_calls:  1716, From last output:     0.00248[s] n_calls:    87
 
                 Overlap - Cumulative:     0.00076[s] n_calls: 134948, From last output:     0.00123[s] n_calls:  6134
                   Force - Cumulative:     0.00010[s] n_calls: 134948, From last output:     0.00014[s] n_calls:  6134
                    Move - Cumulative:     0.00062[s] n_calls: 134948, From last output:     0.00116[s] n_calls:  6134
                  Output - Cumulative:     0.02224[s] n_calls:    22, From last output:     0.02644[s] n_calls:     1
               Iteration - Cumulative:     0.00160[s] n_calls: 134948, From last output:     0.00274[s] n_calls:  6134

Total Execution Times: 216.187[s], From last output: 16.7875[s]
 
                  Search - Total:       15.71[s] =   7.27 %, From last output:        1.29[s] =   7.70 %
             - Search PP - Total:        7.55[s] =  48.03 %, From last output:        0.75[s] =  58.14 %
             -- Sorting, - Total:        0.16[s] =   2.12 %, From last output:        0.01[s] =   1.00 %
        -- BuildBVHTree, - Total:        2.36[s] =  31.25 %, From last output:        0.25[s] =  33.48 %
           -- Neighbors, - Total:        2.68[s] =  35.56 %, From last output:        0.29[s] =  38.54 %
             - Search PT - Total:        8.16[s] =  51.94 %, From last output:        0.54[s] =  41.83 %
         -- CheckActives - Total:        0.12[s] =   1.43 %, From last output:        0.01[s] =   1.22 %
          -- MarkActives - Total:        0.00[s] =   0.05 %, From last output:        0.00[s] =   0.02 %
          -- PushActives - Total:        0.15[s] =   1.89 %, From last output:        0.01[s] =   1.52 %
            -- UpdateBVH - Total:        0.32[s] =   3.89 %, From last output:        0.02[s] =   3.08 %
            -- Neighbors - Total:        3.19[s] =  39.12 %, From last output:        0.22[s] =  39.99 %
 
                 Overlap - Total:      103.11[s] =  47.69 %, From last output:        7.52[s] =  44.77 %
                   Force - Total:       13.33[s] =   6.16 %, From last output:        0.85[s] =   5.04 %
                    Move - Total:       83.18[s] =  38.48 %, From last output:        7.09[s] =  42.22 %
                  Output - Total:        0.49[s] =   0.23 %, From last output:        0.03[s] =   0.16 %

Module Execution Times:

Total Module Execution Times: 0[s], From last output: 0[s]

Total Execution Times (All listed above):       215.81[s] =  99.83 %
Total Execution Times (Unlisted):                 0.37[s] =   0.17 %

</message>
<info date="2025-10-26 23:35:17" up_time="0:4:11.543">
Issues found since last output!
 - Contacts overlap, an average of:
    1.07% of contacts reached more than 2.5% overlap.
      collected in 73 timesteps totaling 6810 contact overlaps

</info>
<message date="2025-10-26 23:35:17" up_time="0:4:11.570">
	File: 23
	Simulation time: 1.15

	N. Total Particles: 25671
	N. Enabled Particles: 3667
	N. Released Particles: 3693

	N. Enabled Elements: 0
	N. Released Elements: 0
	N. Particle Fragments: 0

	N. Triangles: 1438
	N. Triangle Nodes: 726

	N. Neighbors: 7380
		N. Particle Neighbors: 4485, RR: 0, RN: 0, NN: 4485
		N. Triangle Neighbors: 2895, TR: 0, TN: 2895
	N. Surface Contacts: 90, particles: 46, triangles: 44
	N. Adhesion Contacts: 90, particles: 46, triangles: 44
	Neighbor Contact Ratio: 41.000000

	Estimated Limits of Surface Velocity:
		                 Total - min:      6e+01 max:      7e+01 average:      7e+01
		            Boundaries - min:          3 max:          3 average:          3
		             Particles - min:      6e+01 max:      7e+01 average:      7e+01

	CPU:
		Memory Usage: 346 MB of 16055 MB
		Free Memory: 2265 MB

</message>
<message date="2025-10-26 23:35:17" up_time="0:4:11.571">
Execution Times:
Execution Times per Call:
 
                  Search - Cumulative:     0.00461[s] n_calls:  3740, From last output:     0.00689[s] n_calls:   220
               Search PP - Cumulative:     0.00418[s] n_calls:  2014, From last output:     0.00635[s] n_calls:   137
              -- Sorting - Cumulative:     0.00366[s] n_calls:    46, From last output:     0.00419[s] n_calls:     2
        -- BuildBVHTree, - Cumulative:     0.00132[s] n_calls:  2014, From last output:     0.00217[s] n_calls:   137
            -- Neighbors - Cumulative:     0.00150[s] n_calls:  2014, From last output:     0.00247[s] n_calls:   137
               Search PT - Cumulative:     0.00488[s] n_calls:  1803, From last output:     0.00742[s] n_calls:    87
         -- CheckActives - Cumulative:     0.00007[s] n_calls:  1803, From last output:     0.00011[s] n_calls:    87
          -- MarkActives - Cumulative:     0.00009[s] n_calls:    46, From last output:     0.00012[s] n_calls:     2
          -- PushActives - Cumulative:     0.00009[s] n_calls:  1803, From last output:     0.00012[s] n_calls:    87
            -- UpdateBVH - Cumulative:     0.00019[s] n_calls:  1803, From last output:     0.00024[s] n_calls:    87
            -- Neighbors - Cumulative:     0.00191[s] n_calls:  1803, From last output:     0.00292[s] n_calls:    87
 
                 Overlap - Cumulative:     0.00079[s] n_calls: 141082, From last output:     0.00143[s] n_calls:  6134
                   Force - Cumulative:     0.00010[s] n_calls: 141082, From last output:     0.00016[s] n_calls:  6134
                    Move - Cumulative:     0.00065[s] n_calls: 141082, From last output:     0.00138[s] n_calls:  6134
                  Output - Cumulative:     0.02243[s] n_calls:    23, From last output:     0.02664[s] n_calls:     1
               Iteration - Cumulative:     0.00167[s] n_calls: 141082, From last output:     0.00322[s] n_calls:  6134

Total Execution Times: 235.94[s], From last output: 19.7533[s]
 
                  Search - Total:       17.23[s] =   7.30 %, From last output:        1.52[s] =   7.67 %
             - Search PP - Total:        8.42[s] =  48.85 %, From last output:        0.87[s] =  57.37 %
             -- Sorting, - Total:        0.17[s] =   2.00 %, From last output:        0.01[s] =   0.96 %
        -- BuildBVHTree, - Total:        2.66[s] =  31.56 %, From last output:        0.30[s] =  34.19 %
           -- Neighbors, - Total:        3.02[s] =  35.92 %, From last output:        0.34[s] =  38.99 %
             - Search PT - Total:        8.81[s] =  51.12 %, From last output:        0.65[s] =  42.60 %
         -- CheckActives - Total:        0.13[s] =   1.43 %, From last output:        0.01[s] =   1.42 %
          -- MarkActives - Total:        0.00[s] =   0.04 %, From last output:        0.00[s] =   0.04 %
          -- PushActives - Total:        0.16[s] =   1.87 %, From last output:        0.01[s] =   1.63 %
            -- UpdateBVH - Total:        0.34[s] =   3.84 %, From last output:        0.02[s] =   3.17 %
            -- Neighbors - Total:        3.45[s] =  39.14 %, From last output:        0.25[s] =  39.34 %
 
                 Overlap - Total:      111.85[s] =  47.41 %, From last output:        8.74[s] =  44.27 %
                   Force - Total:       14.30[s] =   6.06 %, From last output:        0.97[s] =   4.93 %
                    Move - Total:       91.65[s] =  38.85 %, From last output:        8.47[s] =  42.88 %
                  Output - Total:        0.52[s] =   0.22 %, From last output:        0.03[s] =   0.13 %

Module Execution Times:

Total Module Execution Times: 0[s], From last output: 0[s]

Total Execution Times (All listed above):       235.54[s] =  99.83 %
Total Execution Times (Unlisted):                 0.40[s] =   0.17 %

</message>
<info date="2025-10-26 23:35:26" up_time="0:4:20.494">
Particles sorting distance changed from: 1.2696  to: 1.27149 current simulation time is: 1.17501
</info>
<info date="2025-10-26 23:35:34" up_time="0:4:29.57">
Issues found since last output!
 - Contacts overlap, an average of:
    1.05% of contacts reached more than 2.5% overlap.
      collected in 162 timesteps totaling 15392 contact overlaps

</info>
<message date="2025-10-26 23:35:35" up_time="0:4:29.86">
	File: 24
	Simulation time: 1.2

	N. Total Particles: 25671
	N. Enabled Particles: 3821
	N. Released Particles: 3851

	N. Enabled Elements: 0
	N. Released Elements: 0
	N. Particle Fragments: 0

	N. Triangles: 1438
	N. Triangle Nodes: 726

	N. Neighbors: 7586
		N. Particle Neighbors: 4614, RR: 0, RN: 0, NN: 4614
		N. Triangle Neighbors: 2972, TR: 0, TN: 2972
	N. Surface Contacts: 75, particles: 44, triangles: 31
	N. Adhesion Contacts: 75, particles: 44, triangles: 31
	Neighbor Contact Ratio: 50.573333

	Estimated Limits of Surface Velocity:
		                 Total - min:      6e+01 max:      7e+01 average:      7e+01
		            Boundaries - min:          3 max:          3 average:          3
		             Particles - min:      6e+01 max:      7e+01 average:      7e+01

	CPU:
		Memory Usage: 346 MB of 16055 MB
		Free Memory: 2201 MB

</message>
<message date="2025-10-26 23:35:35" up_time="0:4:29.87">
Execution Times:
Execution Times per Call:
 
                  Search - Cumulative:     0.00469[s] n_calls:  3960, From last output:     0.00614[s] n_calls:   220
               Search PP - Cumulative:     0.00428[s] n_calls:  2151, From last output:     0.00577[s] n_calls:   137
              -- Sorting - Cumulative:     0.00365[s] n_calls:    48, From last output:     0.00332[s] n_calls:     2
        -- BuildBVHTree, - Cumulative:     0.00136[s] n_calls:  2151, From last output:     0.00201[s] n_calls:   137
            -- Neighbors - Cumulative:     0.00155[s] n_calls:  2151, From last output:     0.00222[s] n_calls:   137
               Search PT - Cumulative:     0.00496[s] n_calls:  1889, From last output:     0.00650[s] n_calls:    86
         -- CheckActives - Cumulative:     0.00007[s] n_calls:  1889, From last output:     0.00008[s] n_calls:    86
          -- MarkActives - Cumulative:     0.00009[s] n_calls:    48, From last output:     0.00008[s] n_calls:     2
          -- PushActives - Cumulative:     0.00009[s] n_calls:  1889, From last output:     0.00009[s] n_calls:    86
            -- UpdateBVH - Cumulative:     0.00019[s] n_calls:  1889, From last output:     0.00019[s] n_calls:    86
            -- Neighbors - Cumulative:     0.00194[s] n_calls:  1889, From last output:     0.00260[s] n_calls:    86
 
                 Overlap - Cumulative:     0.00081[s] n_calls: 147216, From last output:     0.00126[s] n_calls:  6134
                   Force - Cumulative:     0.00010[s] n_calls: 147216, From last output:     0.00014[s] n_calls:  6134
                    Move - Cumulative:     0.00067[s] n_calls: 147216, From last output:     0.00123[s] n_calls:  6134
                  Output - Cumulative:     0.02270[s] n_calls:    24, From last output:     0.02882[s] n_calls:     1
               Iteration - Cumulative:     0.00172[s] n_calls: 147216, From last output:     0.00285[s] n_calls:  6134

Total Execution Times: 253.444[s], From last output: 17.505[s]
 
                  Search - Total:       18.58[s] =   7.33 %, From last output:        1.35[s] =   7.71 %
             - Search PP - Total:        9.21[s] =  49.56 %, From last output:        0.79[s] =  58.57 %
             -- Sorting, - Total:        0.18[s] =   1.90 %, From last output:        0.01[s] =   0.84 %
        -- BuildBVHTree, - Total:        2.93[s] =  31.83 %, From last output:        0.27[s] =  34.75 %
           -- Neighbors, - Total:        3.33[s] =  36.14 %, From last output:        0.30[s] =  38.54 %
             - Search PT - Total:        9.36[s] =  50.41 %, From last output:        0.56[s] =  41.40 %
         -- CheckActives - Total:        0.13[s] =   1.42 %, From last output:        0.01[s] =   1.23 %
          -- MarkActives - Total:        0.00[s] =   0.04 %, From last output:        0.00[s] =   0.03 %
          -- PushActives - Total:        0.17[s] =   1.85 %, From last output:        0.01[s] =   1.43 %
            -- UpdateBVH - Total:        0.35[s] =   3.78 %, From last output:        0.02[s] =   2.96 %
            -- Neighbors - Total:        3.67[s] =  39.19 %, From last output:        0.22[s] =  40.05 %
 
                 Overlap - Total:      119.56[s] =  47.18 %, From last output:        7.72[s] =  44.08 %
                   Force - Total:       15.13[s] =   5.97 %, From last output:        0.83[s] =   4.77 %
                    Move - Total:       99.21[s] =  39.14 %, From last output:        7.56[s] =  43.16 %
                  Output - Total:        0.54[s] =   0.21 %, From last output:        0.03[s] =   0.16 %

Module Execution Times:

Total Module Execution Times: 0[s], From last output: 0[s]

Total Execution Times (All listed above):       253.03[s] =  99.84 %
Total Execution Times (Unlisted):                 0.42[s] =   0.16 %

</message>
<info date="2025-10-26 23:35:43" up_time="0:4:37.956">
Particles sorting distance changed from: 1.27149  to: 1.29308 current simulation time is: 1.22501
</info>
<info date="2025-10-26 23:35:53" up_time="0:4:47.648">
Issues found since last output!
 - Contacts overlap, an average of:
    0.954% of contacts reached more than 2.5% overlap.
      collected in 77 timesteps totaling 8071 contact overlaps

</info>
<message date="2025-10-26 23:35:53" up_time="0:4:47.686">
	File: 25
	Simulation time: 1.25

	N. Total Particles: 25671
	N. Enabled Particles: 3982
	N. Released Particles: 4013

	N. Enabled Elements: 0
	N. Released Elements: 0
	N. Particle Fragments: 0

	N. Triangles: 1438
	N. Triangle Nodes: 726

	N. Neighbors: 7760
		N. Particle Neighbors: 4754, RR: 0, RN: 0, NN: 4754
		N. Triangle Neighbors: 3006, TR: 0, TN: 3006
	N. Surface Contacts: 116, particles: 58, triangles: 58
	N. Adhesion Contacts: 117, particles: 58, triangles: 59
	Neighbor Contact Ratio: 33.304721

	Estimated Limits of Surface Velocity:
		                 Total - min:      6e+01 max:      7e+01 average:      6e+01
		            Boundaries - min:          3 max:          3 average:          3
		             Particles - min:      6e+01 max:      7e+01 average:      6e+01

	CPU:
		Memory Usage: 346 MB of 16055 MB
		Free Memory: 2436 MB

</message>
<message date="2025-10-26 23:35:53" up_time="0:4:47.687">
Execution Times:
Execution Times per Call:
 
                  Search - Cumulative:     0.00478[s] n_calls:  4171, From last output:     0.00649[s] n_calls:   211
               Search PP - Cumulative:     0.00439[s] n_calls:  2284, From last output:     0.00620[s] n_calls:   133
              -- Sorting - Cumulative:     0.00365[s] n_calls:    50, From last output:     0.00375[s] n_calls:     2
        -- BuildBVHTree, - Cumulative:     0.00141[s] n_calls:  2284, From last output:     0.00221[s] n_calls:   133
            -- Neighbors - Cumulative:     0.00159[s] n_calls:  2284, From last output:     0.00237[s] n_calls:   133
               Search PT - Cumulative:     0.00502[s] n_calls:  1972, From last output:     0.00657[s] n_calls:    83
         -- CheckActives - Cumulative:     0.00007[s] n_calls:  1972, From last output:     0.00008[s] n_calls:    83
          -- MarkActives - Cumulative:     0.00009[s] n_calls:    50, From last output:     0.00007[s] n_calls:     2
          -- PushActives - Cumulative:     0.00009[s] n_calls:  1972, From last output:     0.00010[s] n_calls:    83
            -- UpdateBVH - Cumulative:     0.00019[s] n_calls:  1972, From last output:     0.00020[s] n_calls:    83
            -- Neighbors - Cumulative:     0.00197[s] n_calls:  1972, From last output:     0.00255[s] n_calls:    83
 
                 Overlap - Cumulative:     0.00083[s] n_calls: 153350, From last output:     0.00131[s] n_calls:  6134
                   Force - Cumulative:     0.00010[s] n_calls: 153350, From last output:     0.00015[s] n_calls:  6134
                    Move - Cumulative:     0.00070[s] n_calls: 153350, From last output:     0.00134[s] n_calls:  6134
                  Output - Cumulative:     0.02331[s] n_calls:    25, From last output:     0.03800[s] n_calls:     1
               Iteration - Cumulative:     0.00177[s] n_calls: 153350, From last output:     0.00303[s] n_calls:  6134

Total Execution Times: 272.033[s], From last output: 18.5892[s]
 
                  Search - Total:       19.95[s] =   7.33 %, From last output:        1.37[s] =   7.37 %
             - Search PP - Total:       10.03[s] =  50.29 %, From last output:        0.82[s] =  60.21 %
             -- Sorting, - Total:        0.18[s] =   1.82 %, From last output:        0.01[s] =   0.91 %
        -- BuildBVHTree, - Total:        3.22[s] =  32.14 %, From last output:        0.29[s] =  35.63 %
           -- Neighbors, - Total:        3.64[s] =  36.31 %, From last output:        0.31[s] =  38.16 %
             - Search PT - Total:        9.91[s] =  49.68 %, From last output:        0.54[s] =  39.77 %
         -- CheckActives - Total:        0.14[s] =   1.40 %, From last output:        0.01[s] =   1.15 %
          -- MarkActives - Total:        0.00[s] =   0.04 %, From last output:        0.00[s] =   0.02 %
          -- PushActives - Total:        0.18[s] =   1.82 %, From last output:        0.01[s] =   1.45 %
            -- UpdateBVH - Total:        0.37[s] =   3.74 %, From last output:        0.02[s] =   3.00 %
            -- Neighbors - Total:        3.88[s] =  39.17 %, From last output:        0.21[s] =  38.82 %
 
                 Overlap - Total:      127.61[s] =  46.91 %, From last output:        8.05[s] =  43.28 %
                   Force - Total:       16.03[s] =   5.89 %, From last output:        0.90[s] =   4.82 %
                    Move - Total:      107.42[s] =  39.49 %, From last output:        8.22[s] =  44.21 %
                  Output - Total:        0.58[s] =   0.21 %, From last output:        0.04[s] =   0.20 %

Module Execution Times:

Total Module Execution Times: 0[s], From last output: 0[s]

Total Execution Times (All listed above):       271.59[s] =  99.84 %
Total Execution Times (Unlisted):                 0.44[s] =   0.16 %

</message>
<info date="2025-10-26 23:35:53" up_time="0:4:47.691">
Particles sorting distance changed from: 1.29308  to: 1.30221 current simulation time is: 1.25001
</info>
<info date="2025-10-26 23:36:12" up_time="0:5:6.189">
Issues found since last output!
 - Contacts overlap, an average of:
    1.01% of contacts reached more than 2.5% overlap.
      collected in 146 timesteps totaling 15752 contact overlaps

</info>
<message date="2025-10-26 23:36:12" up_time="0:5:6.189">
Issues found since last output!
 - Sorting distance has changed within: 1.30221 to: 1.31495 in 2 events

</message>
<message date="2025-10-26 23:36:12" up_time="0:5:6.218">
	File: 26
	Simulation time: 1.3

	N. Total Particles: 25671
	N. Enabled Particles: 4141
	N. Released Particles: 4172

	N. Enabled Elements: 0
	N. Released Elements: 0
	N. Particle Fragments: 0

	N. Triangles: 1438
	N. Triangle Nodes: 726

	N. Neighbors: 7887
		N. Particle Neighbors: 4907, RR: 0, RN: 0, NN: 4907
		N. Triangle Neighbors: 2980, TR: 0, TN: 2980
	N. Surface Contacts: 96, particles: 47, triangles: 49
	N. Adhesion Contacts: 96, particles: 47, triangles: 49
	Neighbor Contact Ratio: 41.078125

	Estimated Limits of Surface Velocity:
		                 Total - min:      6e+01 max:      7e+01 average:      6e+01
		            Boundaries - min:          3 max:          3 average:          3
		             Particles - min:      6e+01 max:      7e+01 average:      6e+01

	CPU:
		Memory Usage: 346 MB of 16055 MB
		Free Memory: 2319 MB

</message>
<message date="2025-10-26 23:36:12" up_time="0:5:6.219">
Execution Times:
Execution Times per Call:
 
                  Search - Cumulative:     0.00486[s] n_calls:  4382, From last output:     0.00647[s] n_calls:   211
               Search PP - Cumulative:     0.00448[s] n_calls:  2417, From last output:     0.00604[s] n_calls:   133
              -- Sorting - Cumulative:     0.00366[s] n_calls:    52, From last output:     0.00390[s] n_calls:     2
        -- BuildBVHTree, - Cumulative:     0.00145[s] n_calls:  2417, From last output:     0.00209[s] n_calls:   133
            -- Neighbors - Cumulative:     0.00164[s] n_calls:  2417, From last output:     0.00234[s] n_calls:   133
               Search PT - Cumulative:     0.00509[s] n_calls:  2055, From last output:     0.00676[s] n_calls:    83
         -- CheckActives - Cumulative:     0.00007[s] n_calls:  2055, From last output:     0.00007[s] n_calls:    83
          -- MarkActives - Cumulative:     0.00009[s] n_calls:    52, From last output:     0.00015[s] n_calls:     2
          -- PushActives - Cumulative:     0.00009[s] n_calls:  2055, From last output:     0.00010[s] n_calls:    83
            -- UpdateBVH - Cumulative:     0.00019[s] n_calls:  2055, From last output:     0.00021[s] n_calls:    83
            -- Neighbors - Cumulative:     0.00200[s] n_calls:  2055, From last output:     0.00265[s] n_calls:    83
 
                 Overlap - Cumulative:     0.00085[s] n_calls: 159484, From last output:     0.00132[s] n_calls:  6134
                   Force - Cumulative:     0.00011[s] n_calls: 159484, From last output:     0.00014[s] n_calls:  6134
                    Move - Cumulative:     0.00072[s] n_calls: 159484, From last output:     0.00133[s] n_calls:  6134
                  Output - Cumulative:     0.02356[s] n_calls:    26, From last output:     0.02970[s] n_calls:     1
               Iteration - Cumulative:     0.00182[s] n_calls: 159484, From last output:     0.00302[s] n_calls:  6134

Total Execution Times: 290.553[s], From last output: 18.5206[s]
 
                  Search - Total:       21.31[s] =   7.33 %, From last output:        1.36[s] =   7.37 %
             - Search PP - Total:       10.83[s] =  50.84 %, From last output:        0.80[s] =  58.87 %
             -- Sorting, - Total:        0.19[s] =   1.76 %, From last output:        0.01[s] =   0.97 %
        -- BuildBVHTree, - Total:        3.50[s] =  32.32 %, From last output:        0.28[s] =  34.54 %
           -- Neighbors, - Total:        3.95[s] =  36.49 %, From last output:        0.31[s] =  38.73 %
             - Search PT - Total:       10.47[s] =  49.13 %, From last output:        0.56[s] =  41.11 %
         -- CheckActives - Total:        0.14[s] =   1.38 %, From last output:        0.01[s] =   1.07 %
          -- MarkActives - Total:        0.00[s] =   0.04 %, From last output:        0.00[s] =   0.05 %
          -- PushActives - Total:        0.19[s] =   1.80 %, From last output:        0.01[s] =   1.44 %
            -- UpdateBVH - Total:        0.39[s] =   3.71 %, From last output:        0.02[s] =   3.08 %
            -- Neighbors - Total:        4.10[s] =  39.17 %, From last output:        0.22[s] =  39.18 %
 
                 Overlap - Total:      135.69[s] =  46.70 %, From last output:        8.08[s] =  43.61 %
                   Force - Total:       16.91[s] =   5.82 %, From last output:        0.88[s] =   4.78 %
                    Move - Total:      115.57[s] =  39.78 %, From last output:        8.14[s] =  43.97 %
                  Output - Total:        0.61[s] =   0.21 %, From last output:        0.03[s] =   0.16 %

Module Execution Times:

Total Module Execution Times: 0[s], From last output: 0[s]

Total Execution Times (All listed above):       290.09[s] =  99.84 %
Total Execution Times (Unlisted):                 0.46[s] =   0.16 %

</message>
<info date="2025-10-26 23:36:12" up_time="0:5:6.223">
Particles sorting distance changed from: 1.31495  to: 1.32956 current simulation time is: 1.30001
</info>
<info date="2025-10-26 23:36:30" up_time="0:5:24.768">
Issues found since last output!
 - Contacts overlap, an average of:
    0.897% of contacts reached more than 2.5% overlap.
      collected in 139 timesteps totaling 15503 contact overlaps

</info>
<message date="2025-10-26 23:36:30" up_time="0:5:24.768">
Issues found since last output!
 - Sorting distance has changed within: 1.32956 to: 1.35057 in 2 events

</message>
<message date="2025-10-26 23:36:30" up_time="0:5:24.799">
	File: 27
	Simulation time: 1.35

	N. Total Particles: 25671
	N. Enabled Particles: 4296
	N. Released Particles: 4332

	N. Enabled Elements: 0
	N. Released Elements: 0
	N. Particle Fragments: 0

	N. Triangles: 1438
	N. Triangle Nodes: 726

	N. Neighbors: 8119
		N. Particle Neighbors: 4876, RR: 0, RN: 0, NN: 4876
		N. Triangle Neighbors: 3243, TR: 0, TN: 3243
	N. Surface Contacts: 103, particles: 45, triangles: 58
	N. Adhesion Contacts: 103, particles: 45, triangles: 58
	Neighbor Contact Ratio: 39.412621

	Estimated Limits of Surface Velocity:
		                 Total - min:      6e+01 max:      7e+01 average:      7e+01
		            Boundaries - min:          3 max:          3 average:          3
		             Particles - min:      6e+01 max:      7e+01 average:      7e+01

	CPU:
		Memory Usage: 346 MB of 16055 MB
		Free Memory: 2359 MB

</message>
<message date="2025-10-26 23:36:30" up_time="0:5:24.800">
Execution Times:
Execution Times per Call:
 
                  Search - Cumulative:     0.00493[s] n_calls:  4601, From last output:     0.00635[s] n_calls:   219
               Search PP - Cumulative:     0.00457[s] n_calls:  2554, From last output:     0.00610[s] n_calls:   137
              -- Sorting - Cumulative:     0.00366[s] n_calls:    54, From last output:     0.00349[s] n_calls:     2
        -- BuildBVHTree, - Cumulative:     0.00149[s] n_calls:  2554, From last output:     0.00220[s] n_calls:   137
            -- Neighbors - Cumulative:     0.00167[s] n_calls:  2554, From last output:     0.00236[s] n_calls:   137
               Search PT - Cumulative:     0.00515[s] n_calls:  2142, From last output:     0.00638[s] n_calls:    87
         -- CheckActives - Cumulative:     0.00007[s] n_calls:  2142, From last output:     0.00007[s] n_calls:    87
          -- MarkActives - Cumulative:     0.00009[s] n_calls:    54, From last output:     0.00006[s] n_calls:     2
          -- PushActives - Cumulative:     0.00009[s] n_calls:  2142, From last output:     0.00009[s] n_calls:    87
            -- UpdateBVH - Cumulative:     0.00019[s] n_calls:  2142, From last output:     0.00019[s] n_calls:    87
            -- Neighbors - Cumulative:     0.00202[s] n_calls:  2142, From last output:     0.00249[s] n_calls:    87
 
                 Overlap - Cumulative:     0.00087[s] n_calls: 165618, From last output:     0.00133[s] n_calls:  6134
                   Force - Cumulative:     0.00011[s] n_calls: 165618, From last output:     0.00014[s] n_calls:  6134
                    Move - Cumulative:     0.00075[s] n_calls: 165618, From last output:     0.00132[s] n_calls:  6134
                  Output - Cumulative:     0.02382[s] n_calls:    27, From last output:     0.03082[s] n_calls:     1
               Iteration - Cumulative:     0.00187[s] n_calls: 165618, From last output:     0.00303[s] n_calls:  6134

Total Execution Times: 309.123[s], From last output: 18.57[s]
 
                  Search - Total:       22.70[s] =   7.34 %, From last output:        1.39[s] =   7.49 %
             - Search PP - Total:       11.67[s] =  51.41 %, From last output:        0.84[s] =  60.09 %
             -- Sorting, - Total:        0.20[s] =   1.69 %, From last output:        0.01[s] =   0.83 %
        -- BuildBVHTree, - Total:        3.80[s] =  32.58 %, From last output:        0.30[s] =  35.98 %
           -- Neighbors, - Total:        4.28[s] =  36.64 %, From last output:        0.32[s] =  38.63 %
             - Search PT - Total:       11.03[s] =  48.57 %, From last output:        0.56[s] =  39.89 %
         -- CheckActives - Total:        0.15[s] =   1.37 %, From last output:        0.01[s] =   1.09 %
          -- MarkActives - Total:        0.00[s] =   0.04 %, From last output:        0.00[s] =   0.02 %
          -- PushActives - Total:        0.20[s] =   1.78 %, From last output:        0.01[s] =   1.40 %
            -- UpdateBVH - Total:        0.40[s] =   3.67 %, From last output:        0.02[s] =   3.04 %
            -- Neighbors - Total:        4.32[s] =  39.16 %, From last output:        0.22[s] =  38.98 %
 
                 Overlap - Total:      143.82[s] =  46.52 %, From last output:        8.13[s] =  43.79 %
                   Force - Total:       17.79[s] =   5.76 %, From last output:        0.88[s] =   4.72 %
                    Move - Total:      123.69[s] =  40.01 %, From last output:        8.12[s] =  43.72 %
                  Output - Total:        0.64[s] =   0.21 %, From last output:        0.03[s] =   0.17 %

Module Execution Times:

Total Module Execution Times: 0[s], From last output: 0[s]

Total Execution Times (All listed above):       308.64[s] =  99.84 %
Total Execution Times (Unlisted):                 0.48[s] =   0.16 %

</message>
<info date="2025-10-26 23:36:30" up_time="0:5:24.805">
Particles sorting distance changed from: 1.35057  to: 1.3519 current simulation time is: 1.35001
</info>
<info date="2025-10-26 23:36:49" up_time="0:5:43.326">
Issues found since last output!
 - Contacts overlap, an average of:
    0.836% of contacts reached more than 2.5% overlap.
      collected in 154 timesteps totaling 18432 contact overlaps

</info>
<message date="2025-10-26 23:36:49" up_time="0:5:43.326">
Issues found since last output!
 - Sorting distance has changed within: 1.3519 to: 1.35651 in 2 events

</message>
<message date="2025-10-26 23:36:49" up_time="0:5:43.351">
	File: 28
	Simulation time: 1.4

	N. Total Particles: 25671
	N. Enabled Particles: 4455
	N. Released Particles: 4494

	N. Enabled Elements: 0
	N. Released Elements: 0
	N. Particle Fragments: 0

	N. Triangles: 1438
	N. Triangle Nodes: 726

	N. Neighbors: 8152
		N. Particle Neighbors: 4924, RR: 0, RN: 0, NN: 4924
		N. Triangle Neighbors: 3228, TR: 0, TN: 3228
	N. Surface Contacts: 122, particles: 51, triangles: 71
	N. Adhesion Contacts: 122, particles: 51, triangles: 71
	Neighbor Contact Ratio: 33.409836

	Estimated Limits of Surface Velocity:
		                 Total - min:      6e+01 max:      7e+01 average:      7e+01
		            Boundaries - min:          3 max:          3 average:          3
		             Particles - min:      6e+01 max:      7e+01 average:      7e+01

	CPU:
		Memory Usage: 346 MB of 16055 MB
		Free Memory: 2421 MB

</message>
<message date="2025-10-26 23:36:49" up_time="0:5:43.352">
Execution Times:
Execution Times per Call:
 
                  Search - Cumulative:     0.00500[s] n_calls:  4832, From last output:     0.00633[s] n_calls:   231
               Search PP - Cumulative:     0.00465[s] n_calls:  2697, From last output:     0.00602[s] n_calls:   143
              -- Sorting - Cumulative:     0.00366[s] n_calls:    56, From last output:     0.00385[s] n_calls:     2
        -- BuildBVHTree, - Cumulative:     0.00153[s] n_calls:  2697, From last output:     0.00220[s] n_calls:   143
            -- Neighbors - Cumulative:     0.00171[s] n_calls:  2697, From last output:     0.00229[s] n_calls:   143
               Search PT - Cumulative:     0.00520[s] n_calls:  2234, From last output:     0.00654[s] n_calls:    92
         -- CheckActives - Cumulative:     0.00007[s] n_calls:  2234, From last output:     0.00007[s] n_calls:    92
          -- MarkActives - Cumulative:     0.00009[s] n_calls:    56, From last output:     0.00010[s] n_calls:     2
          -- PushActives - Cumulative:     0.00009[s] n_calls:  2234, From last output:     0.00009[s] n_calls:    92
            -- UpdateBVH - Cumulative:     0.00019[s] n_calls:  2234, From last output:     0.00020[s] n_calls:    92
            -- Neighbors - Cumulative:     0.00204[s] n_calls:  2234, From last output:     0.00249[s] n_calls:    92
 
                 Overlap - Cumulative:     0.00088[s] n_calls: 171752, From last output:     0.00132[s] n_calls:  6134
                   Force - Cumulative:     0.00011[s] n_calls: 171752, From last output:     0.00015[s] n_calls:  6134
                    Move - Cumulative:     0.00077[s] n_calls: 171752, From last output:     0.00131[s] n_calls:  6134
                  Output - Cumulative:     0.02387[s] n_calls:    28, From last output:     0.02521[s] n_calls:     1
               Iteration - Cumulative:     0.00191[s] n_calls: 171752, From last output:     0.00302[s] n_calls:  6134

Total Execution Times: 327.664[s], From last output: 18.5413[s]
 
                  Search - Total:       24.16[s] =   7.37 %, From last output:        1.46[s] =   7.89 %
             - Search PP - Total:       12.53[s] =  51.86 %, From last output:        0.86[s] =  58.85 %
             -- Sorting, - Total:        0.21[s] =   1.64 %, From last output:        0.01[s] =   0.89 %
        -- BuildBVHTree, - Total:        4.12[s] =  32.85 %, From last output:        0.31[s] =  36.53 %
           -- Neighbors, - Total:        4.60[s] =  36.74 %, From last output:        0.33[s] =  38.10 %
             - Search PT - Total:       11.63[s] =  48.11 %, From last output:        0.60[s] =  41.12 %
         -- CheckActives - Total:        0.16[s] =   1.35 %, From last output:        0.01[s] =   1.09 %
          -- MarkActives - Total:        0.00[s] =   0.04 %, From last output:        0.00[s] =   0.03 %
          -- PushActives - Total:        0.21[s] =   1.77 %, From last output:        0.01[s] =   1.44 %
            -- UpdateBVH - Total:        0.42[s] =   3.64 %, From last output:        0.02[s] =   3.08 %
            -- Neighbors - Total:        4.55[s] =  39.11 %, From last output:        0.23[s] =  38.09 %
 
                 Overlap - Total:      151.93[s] =  46.37 %, From last output:        8.11[s] =  43.76 %
                   Force - Total:       18.69[s] =   5.70 %, From last output:        0.90[s] =   4.85 %
                    Move - Total:      131.71[s] =  40.20 %, From last output:        8.02[s] =  43.26 %
                  Output - Total:        0.67[s] =   0.20 %, From last output:        0.03[s] =   0.14 %

Module Execution Times:

Total Module Execution Times: 0[s], From last output: 0[s]

Total Execution Times (All listed above):       327.16[s] =  99.85 %
Total Execution Times (Unlisted):                 0.50[s] =   0.15 %

</message>
<info date="2025-10-26 23:36:49" up_time="0:5:43.355">
Particles sorting distance changed from: 1.35651  to: 1.38024 current simulation time is: 1.40001
</info>
<info date="2025-10-26 23:37:08" up_time="0:6:2.518">
Issues found since last output!
 - Contacts overlap, an average of:
    0.7% of contacts reached more than 2.5% overlap.
      collected in 130 timesteps totaling 18561 contact overlaps

</info>
<message date="2025-10-26 23:37:08" up_time="0:6:2.518">
Issues found since last output!
 - Sorting distance has changed within: 1.38024 to: 1.38454 in 2 events

</message>
<message date="2025-10-26 23:37:08" up_time="0:6:2.554">
	File: 29
	Simulation time: 1.45

	N. Total Particles: 25671
	N. Enabled Particles: 4615
	N. Released Particles: 4654

	N. Enabled Elements: 0
	N. Released Elements: 0
	N. Particle Fragments: 0

	N. Triangles: 1438
	N. Triangle Nodes: 726

	N. Neighbors: 8300
		N. Particle Neighbors: 5004, RR: 0, RN: 0, NN: 5004
		N. Triangle Neighbors: 3296, TR: 0, TN: 3296
	N. Surface Contacts: 151, particles: 56, triangles: 95
	N. Adhesion Contacts: 152, particles: 56, triangles: 96
	Neighbor Contact Ratio: 27.392739

	Estimated Limits of Surface Velocity:
		                 Total - min:      7e+01 max:      7e+01 average:      7e+01
		            Boundaries - min:          3 max:          3 average:          3
		             Particles - min:      7e+01 max:      7e+01 average:      7e+01

	CPU:
		Memory Usage: 346 MB of 16055 MB
		Free Memory: 2387 MB

</message>
<message date="2025-10-26 23:37:08" up_time="0:6:2.555">
Execution Times:
Execution Times per Call:
 
                  Search - Cumulative:     0.00506[s] n_calls:  5067, From last output:     0.00638[s] n_calls:   235
               Search PP - Cumulative:     0.00472[s] n_calls:  2842, From last output:     0.00602[s] n_calls:   145
              -- Sorting - Cumulative:     0.00364[s] n_calls:    58, From last output:     0.00311[s] n_calls:     2
        -- BuildBVHTree, - Cumulative:     0.00156[s] n_calls:  2842, From last output:     0.00222[s] n_calls:   145
            -- Neighbors - Cumulative:     0.00174[s] n_calls:  2842, From last output:     0.00228[s] n_calls:   145
               Search PT - Cumulative:     0.00526[s] n_calls:  2328, From last output:     0.00665[s] n_calls:    94
         -- CheckActives - Cumulative:     0.00007[s] n_calls:  2328, From last output:     0.00008[s] n_calls:    94
          -- MarkActives - Cumulative:     0.00009[s] n_calls:    58, From last output:     0.00006[s] n_calls:     2
          -- PushActives - Cumulative:     0.00009[s] n_calls:  2328, From last output:     0.00009[s] n_calls:    94
            -- UpdateBVH - Cumulative:     0.00019[s] n_calls:  2328, From last output:     0.00021[s] n_calls:    94
            -- Neighbors - Cumulative:     0.00205[s] n_calls:  2328, From last output:     0.00249[s] n_calls:    94
 
                 Overlap - Cumulative:     0.00090[s] n_calls: 177886, From last output:     0.00132[s] n_calls:  6134
                   Force - Cumulative:     0.00011[s] n_calls: 177886, From last output:     0.00016[s] n_calls:  6134
                    Move - Cumulative:     0.00079[s] n_calls: 177886, From last output:     0.00140[s] n_calls:  6134
                  Output - Cumulative:     0.02427[s] n_calls:    29, From last output:     0.03547[s] n_calls:     1
               Iteration - Cumulative:     0.00195[s] n_calls: 177886, From last output:     0.00313[s] n_calls:  6134

Total Execution Times: 346.855[s], From last output: 19.1913[s]
 
                  Search - Total:       25.66[s] =   7.40 %, From last output:        1.50[s] =   7.81 %
             - Search PP - Total:       13.40[s] =  52.23 %, From last output:        0.87[s] =  58.25 %
             -- Sorting, - Total:        0.21[s] =   1.58 %, From last output:        0.01[s] =   0.71 %
        -- BuildBVHTree, - Total:        4.44[s] =  33.12 %, From last output:        0.32[s] =  36.90 %
           -- Neighbors, - Total:        4.93[s] =  36.82 %, From last output:        0.33[s] =  37.94 %
             - Search PT - Total:       12.25[s] =  47.74 %, From last output:        0.63[s] =  41.73 %
         -- CheckActives - Total:        0.16[s] =   1.35 %, From last output:        0.01[s] =   1.19 %
          -- MarkActives - Total:        0.00[s] =   0.04 %, From last output:        0.00[s] =   0.02 %
          -- PushActives - Total:        0.21[s] =   1.75 %, From last output:        0.01[s] =   1.41 %
            -- UpdateBVH - Total:        0.44[s] =   3.62 %, From last output:        0.02[s] =   3.16 %
            -- Neighbors - Total:        4.78[s] =  39.02 %, From last output:        0.23[s] =  37.39 %
 
                 Overlap - Total:      160.05[s] =  46.14 %, From last output:        8.12[s] =  42.31 %
                   Force - Total:       19.65[s] =   5.66 %, From last output:        0.96[s] =   4.98 %
                    Move - Total:      140.27[s] =  40.44 %, From last output:        8.56[s] =  44.61 %
                  Output - Total:        0.70[s] =   0.20 %, From last output:        0.04[s] =   0.18 %

Module Execution Times:

Total Module Execution Times: 0[s], From last output: 0[s]

Total Execution Times (All listed above):       346.33[s] =  99.85 %
Total Execution Times (Unlisted):                 0.52[s] =   0.15 %

</message>
<info date="2025-10-26 23:37:08" up_time="0:6:2.560">
Particles sorting distance changed from: 1.38454  to: 1.39401 current simulation time is: 1.45001
</info>
<info date="2025-10-26 23:37:28" up_time="0:6:22.437">
Issues found since last output!
 - Contacts overlap, an average of:
    0.672% of contacts reached more than 2.5% overlap.
      collected in 104 timesteps totaling 15766 contact overlaps

</info>
<message date="2025-10-26 23:37:28" up_time="0:6:22.437">
Issues found since last output!
 - Sorting distance has changed within: 1.39401 to: 1.42316 in 2 events

</message>
<message date="2025-10-26 23:37:28" up_time="0:6:22.471">
	File: 30
	Simulation time: 1.5

	N. Total Particles: 25671
	N. Enabled Particles: 4770
	N. Released Particles: 4813

	N. Enabled Elements: 0
	N. Released Elements: 0
	N. Particle Fragments: 0

	N. Triangles: 1438
	N. Triangle Nodes: 726

	N. Neighbors: 8499
		N. Particle Neighbors: 5125, RR: 0, RN: 0, NN: 5125
		N. Triangle Neighbors: 3374, TR: 0, TN: 3374
	N. Surface Contacts: 178, particles: 64, triangles: 114
	N. Adhesion Contacts: 178, particles: 64, triangles: 114
	Neighbor Contact Ratio: 23.873596

	Estimated Limits of Surface Velocity:
		                 Total - min:      7e+01 max:      7e+01 average:      7e+01
		            Boundaries - min:          3 max:          3 average:          3
		             Particles - min:      7e+01 max:      7e+01 average:      7e+01

	CPU:
		Memory Usage: 346 MB of 16055 MB
		Free Memory: 2377 MB

</message>
<message date="2025-10-26 23:37:28" up_time="0:6:22.472">
Execution Times:
Execution Times per Call:
 
                  Search - Cumulative:     0.00514[s] n_calls:  5296, From last output:     0.00670[s] n_calls:   229
               Search PP - Cumulative:     0.00480[s] n_calls:  2986, From last output:     0.00639[s] n_calls:   144
              -- Sorting - Cumulative:     0.00365[s] n_calls:    60, From last output:     0.00376[s] n_calls:     2
        -- BuildBVHTree, - Cumulative:     0.00160[s] n_calls:  2986, From last output:     0.00236[s] n_calls:   144
            -- Neighbors - Cumulative:     0.00177[s] n_calls:  2986, From last output:     0.00246[s] n_calls:   144
               Search PT - Cumulative:     0.00532[s] n_calls:  2420, From last output:     0.00667[s] n_calls:    92
         -- CheckActives - Cumulative:     0.00007[s] n_calls:  2420, From last output:     0.00007[s] n_calls:    92
          -- MarkActives - Cumulative:     0.00009[s] n_calls:    60, From last output:     0.00012[s] n_calls:     2
          -- PushActives - Cumulative:     0.00009[s] n_calls:  2420, From last output:     0.00009[s] n_calls:    92
            -- UpdateBVH - Cumulative:     0.00019[s] n_calls:  2420, From last output:     0.00021[s] n_calls:    92
            -- Neighbors - Cumulative:     0.00207[s] n_calls:  2420, From last output:     0.00252[s] n_calls:    92
 
                 Overlap - Cumulative:     0.00092[s] n_calls: 184020, From last output:     0.00139[s] n_calls:  6134
                   Force - Cumulative:     0.00011[s] n_calls: 184020, From last output:     0.00017[s] n_calls:  6134
                    Move - Cumulative:     0.00081[s] n_calls: 184020, From last output:     0.00143[s] n_calls:  6134
                  Output - Cumulative:     0.02459[s] n_calls:    30, From last output:     0.03379[s] n_calls:     1
               Iteration - Cumulative:     0.00199[s] n_calls: 184020, From last output:     0.00325[s] n_calls:  6134

Total Execution Times: 366.76[s], From last output: 19.9059[s]
 
                  Search - Total:       27.20[s] =   7.42 %, From last output:        1.53[s] =   7.71 %
             - Search PP - Total:       14.32[s] =  52.67 %, From last output:        0.92[s] =  59.99 %
             -- Sorting, - Total:        0.22[s] =   1.53 %, From last output:        0.01[s] =   0.82 %
        -- BuildBVHTree, - Total:        4.78[s] =  33.36 %, From last output:        0.34[s] =  36.89 %
           -- Neighbors, - Total:        5.29[s] =  36.93 %, From last output:        0.35[s] =  38.53 %
             - Search PT - Total:       12.87[s] =  47.30 %, From last output:        0.61[s] =  39.99 %
         -- CheckActives - Total:        0.17[s] =   1.33 %, From last output:        0.01[s] =   1.07 %
          -- MarkActives - Total:        0.01[s] =   0.04 %, From last output:        0.00[s] =   0.04 %
          -- PushActives - Total:        0.22[s] =   1.73 %, From last output:        0.01[s] =   1.40 %
            -- UpdateBVH - Total:        0.46[s] =   3.59 %, From last output:        0.02[s] =   3.08 %
            -- Neighbors - Total:        5.01[s] =  38.96 %, From last output:        0.23[s] =  37.81 %
 
                 Overlap - Total:      168.59[s] =  45.97 %, From last output:        8.54[s] =  42.92 %
                   Force - Total:       20.68[s] =   5.64 %, From last output:        1.03[s] =   5.18 %
                    Move - Total:      149.01[s] =  40.63 %, From last output:        8.74[s] =  43.91 %
                  Output - Total:        0.74[s] =   0.20 %, From last output:        0.03[s] =   0.17 %

Module Execution Times:

Total Module Execution Times: 0[s], From last output: 0[s]

Total Execution Times (All listed above):       366.21[s] =  99.85 %
Total Execution Times (Unlisted):                 0.55[s] =   0.15 %

</message>
<info date="2025-10-26 23:37:39" up_time="0:6:33.331">
Particles sorting distance changed from: 1.42316  to: 1.42637 current simulation time is: 1.52501
</info>
<info date="2025-10-26 23:37:52" up_time="0:6:46.366">
Issues found since last output!
 - Contacts overlap, an average of:
    0.593% of contacts reached more than 2.5% overlap.
      collected in 99 timesteps totaling 16692 contact overlaps

</info>
<message date="2025-10-26 23:37:52" up_time="0:6:46.416">
	File: 31
	Simulation time: 1.55

	N. Total Particles: 25671
	N. Enabled Particles: 4932
	N. Released Particles: 4975

	N. Enabled Elements: 0
	N. Released Elements: 0
	N. Particle Fragments: 0

	N. Triangles: 1438
	N. Triangle Nodes: 726

	N. Neighbors: 8636
		N. Particle Neighbors: 5306, RR: 0, RN: 0, NN: 5306
		N. Triangle Neighbors: 3330, TR: 0, TN: 3330
	N. Surface Contacts: 178, particles: 65, triangles: 113
	N. Adhesion Contacts: 178, particles: 65, triangles: 113
	Neighbor Contact Ratio: 24.258427

	Estimated Limits of Surface Velocity:
		                 Total - min:      6e+01 max:      7e+01 average:      7e+01
		            Boundaries - min:          3 max:          3 average:          3
		             Particles - min:      6e+01 max:      7e+01 average:      7e+01

	CPU:
		Memory Usage: 346 MB of 16055 MB
		Free Memory: 2181 MB

</message>
<message date="2025-10-26 23:37:52" up_time="0:6:46.417">
Execution Times:
Execution Times per Call:
 
                  Search - Cumulative:     0.00524[s] n_calls:  5530, From last output:     0.00758[s] n_calls:   234
               Search PP - Cumulative:     0.00492[s] n_calls:  3130, From last output:     0.00738[s] n_calls:   144
              -- Sorting - Cumulative:     0.00365[s] n_calls:    62, From last output:     0.00374[s] n_calls:     2
        -- BuildBVHTree, - Cumulative:     0.00165[s] n_calls:  3130, From last output:     0.00274[s] n_calls:   144
            -- Neighbors - Cumulative:     0.00182[s] n_calls:  3130, From last output:     0.00291[s] n_calls:   144
               Search PT - Cumulative:     0.00540[s] n_calls:  2512, From last output:     0.00772[s] n_calls:    92
         -- CheckActives - Cumulative:     0.00007[s] n_calls:  2512, From last output:     0.00009[s] n_calls:    92
          -- MarkActives - Cumulative:     0.00009[s] n_calls:    62, From last output:     0.00007[s] n_calls:     2
          -- PushActives - Cumulative:     0.00009[s] n_calls:  2512, From last output:     0.00010[s] n_calls:    92
            -- UpdateBVH - Cumulative:     0.00019[s] n_calls:  2512, From last output:     0.00026[s] n_calls:    92
            -- Neighbors - Cumulative:     0.00210[s] n_calls:  2512, From last output:     0.00283[s] n_calls:    92
 
                 Overlap - Cumulative:     0.00094[s] n_calls: 190154, From last output:     0.00166[s] n_calls:  6134
                   Force - Cumulative:     0.00012[s] n_calls: 190154, From last output:     0.00021[s] n_calls:  6134
                    Move - Cumulative:     0.00084[s] n_calls: 190154, From last output:     0.00173[s] n_calls:  6134
                  Output - Cumulative:     0.02541[s] n_calls:    31, From last output:     0.04991[s] n_calls:     1
               Iteration - Cumulative:     0.00205[s] n_calls: 190154, From last output:     0.00390[s] n_calls:  6134

Total Execution Times: 390.691[s], From last output: 23.9316[s]
 
                  Search - Total:       28.97[s] =   7.42 %, From last output:        1.77[s] =   7.41 %
             - Search PP - Total:       15.39[s] =  53.11 %, From last output:        1.06[s] =  59.93 %
             -- Sorting, - Total:        0.23[s] =   1.47 %, From last output:        0.01[s] =   0.70 %
        -- BuildBVHTree, - Total:        5.17[s] =  33.62 %, From last output:        0.39[s] =  37.12 %
           -- Neighbors, - Total:        5.71[s] =  37.10 %, From last output:        0.42[s] =  39.46 %
             - Search PT - Total:       13.58[s] =  46.86 %, From last output:        0.71[s] =  40.05 %
         -- CheckActives - Total:        0.18[s] =   1.32 %, From last output:        0.01[s] =   1.17 %
          -- MarkActives - Total:        0.01[s] =   0.04 %, From last output:        0.00[s] =   0.02 %
          -- PushActives - Total:        0.23[s] =   1.71 %, From last output:        0.01[s] =   1.31 %
            -- UpdateBVH - Total:        0.49[s] =   3.58 %, From last output:        0.02[s] =   3.42 %
            -- Neighbors - Total:        5.27[s] =  38.84 %, From last output:        0.26[s] =  36.65 %
 
                 Overlap - Total:      178.79[s] =  45.76 %, From last output:       10.20[s] =  42.63 %
                   Force - Total:       21.98[s] =   5.63 %, From last output:        1.30[s] =   5.43 %
                    Move - Total:      159.59[s] =  40.85 %, From last output:       10.58[s] =  44.22 %
                  Output - Total:        0.79[s] =   0.20 %, From last output:        0.05[s] =   0.21 %

Module Execution Times:

Total Module Execution Times: 0[s], From last output: 0[s]

Total Execution Times (All listed above):       390.12[s] =  99.85 %
Total Execution Times (Unlisted):                 0.57[s] =   0.15 %

</message>
<info date="2025-10-26 23:37:52" up_time="0:6:46.424">
Particles sorting distance changed from: 1.42637  to: 1.44022 current simulation time is: 1.55001
</info>
<info date="2025-10-26 23:38:16" up_time="0:7:10.418">
Issues found since last output!
 - Contacts overlap, an average of:
    0.566% of contacts reached more than 2.5% overlap.
      collected in 206 timesteps totaling 37308 contact overlaps

</info>
<message date="2025-10-26 23:38:16" up_time="0:7:10.418">
Issues found since last output!
 - Sorting distance has changed within: 1.44022 to: 1.44178 in 2 events

</message>
<message date="2025-10-26 23:38:16" up_time="0:7:10.479">
	File: 32
	Simulation time: 1.6

	N. Total Particles: 25671
	N. Enabled Particles: 5092
	N. Released Particles: 5135

	N. Enabled Elements: 0
	N. Released Elements: 0
	N. Particle Fragments: 0

	N. Triangles: 1438
	N. Triangle Nodes: 726

	N. Neighbors: 8921
		N. Particle Neighbors: 5287, RR: 0, RN: 0, NN: 5287
		N. Triangle Neighbors: 3634, TR: 0, TN: 3634
	N. Surface Contacts: 197, particles: 61, triangles: 136
	N. Adhesion Contacts: 197, particles: 61, triangles: 136
	Neighbor Contact Ratio: 22.642132

	Estimated Limits of Surface Velocity:
		                 Total - min:      6e+01 max:      8e+01 average:      7e+01
		            Boundaries - min:          3 max:          3 average:          3
		             Particles - min:      6e+01 max:      8e+01 average:      7e+01

	CPU:
		Memory Usage: 346 MB of 16055 MB
		Free Memory: 2359 MB

</message>
<message date="2025-10-26 23:38:16" up_time="0:7:10.481">
Execution Times:
Execution Times per Call:
 
                  Search - Cumulative:     0.00534[s] n_calls:  5760, From last output:     0.00778[s] n_calls:   230
               Search PP - Cumulative:     0.00503[s] n_calls:  3273, From last output:     0.00748[s] n_calls:   143
              -- Sorting - Cumulative:     0.00370[s] n_calls:    64, From last output:     0.00536[s] n_calls:     2
        -- BuildBVHTree, - Cumulative:     0.00170[s] n_calls:  3273, From last output:     0.00279[s] n_calls:   143
            -- Neighbors - Cumulative:     0.00187[s] n_calls:  3273, From last output:     0.00294[s] n_calls:   143
               Search PT - Cumulative:     0.00549[s] n_calls:  2605, From last output:     0.00772[s] n_calls:    93
         -- CheckActives - Cumulative:     0.00007[s] n_calls:  2605, From last output:     0.00008[s] n_calls:    93
          -- MarkActives - Cumulative:     0.00009[s] n_calls:    64, From last output:     0.00011[s] n_calls:     2
          -- PushActives - Cumulative:     0.00009[s] n_calls:  2605, From last output:     0.00010[s] n_calls:    93
            -- UpdateBVH - Cumulative:     0.00019[s] n_calls:  2605, From last output:     0.00023[s] n_calls:    93
            -- Neighbors - Cumulative:     0.00213[s] n_calls:  2605, From last output:     0.00285[s] n_calls:    93
 
                 Overlap - Cumulative:     0.00096[s] n_calls: 196288, From last output:     0.00165[s] n_calls:  6134
                   Force - Cumulative:     0.00012[s] n_calls: 196288, From last output:     0.00022[s] n_calls:  6134
                    Move - Cumulative:     0.00087[s] n_calls: 196288, From last output:     0.00174[s] n_calls:  6134
                  Output - Cumulative:     0.02654[s] n_calls:    32, From last output:     0.06151[s] n_calls:     1
               Iteration - Cumulative:     0.00211[s] n_calls: 196288, From last output:     0.00392[s] n_calls:  6134

Total Execution Times: 414.741[s], From last output: 24.05[s]
 
                  Search - Total:       30.76[s] =   7.42 %, From last output:        1.79[s] =   7.44 %
             - Search PP - Total:       16.46[s] =  53.50 %, From last output:        1.07[s] =  59.81 %
             -- Sorting, - Total:        0.24[s] =   1.44 %, From last output:        0.01[s] =   1.00 %
        -- BuildBVHTree, - Total:        5.57[s] =  33.86 %, From last output:        0.40[s] =  37.32 %
           -- Neighbors, - Total:        6.13[s] =  37.24 %, From last output:        0.42[s] =  39.25 %
             - Search PT - Total:       14.29[s] =  46.47 %, From last output:        0.72[s] =  40.16 %
         -- CheckActives - Total:        0.19[s] =   1.31 %, From last output:        0.01[s] =   1.01 %
          -- MarkActives - Total:        0.01[s] =   0.04 %, From last output:        0.00[s] =   0.03 %
          -- PushActives - Total:        0.24[s] =   1.69 %, From last output:        0.01[s] =   1.28 %
            -- UpdateBVH - Total:        0.51[s] =   3.55 %, From last output:        0.02[s] =   2.95 %
            -- Neighbors - Total:        5.54[s] =  38.74 %, From last output:        0.26[s] =  36.87 %
 
                 Overlap - Total:      188.93[s] =  45.55 %, From last output:       10.14[s] =  42.14 %
                   Force - Total:       23.32[s] =   5.62 %, From last output:        1.34[s] =   5.57 %
                    Move - Total:      170.29[s] =  41.06 %, From last output:       10.70[s] =  44.50 %
                  Output - Total:        0.85[s] =   0.20 %, From last output:        0.06[s] =   0.26 %

Module Execution Times:

Total Module Execution Times: 0[s], From last output: 0[s]

Total Execution Times (All listed above):       414.15[s] =  99.86 %
Total Execution Times (Unlisted):                 0.59[s] =   0.14 %

</message>
<info date="2025-10-26 23:38:16" up_time="0:7:10.490">
Particles sorting distance changed from: 1.44178  to: 1.46376 current simulation time is: 1.60001
</info>
<info date="2025-10-26 23:38:39" up_time="0:7:33.341">
Issues found since last output!
 - Contacts overlap, an average of:
    0.492% of contacts reached more than 2.5% overlap.
      collected in 162 timesteps totaling 32906 contact overlaps

</info>
<message date="2025-10-26 23:38:39" up_time="0:7:33.342">
Issues found since last output!
 - Sorting distance has changed within: 1.46376 to: 1.46628 in 2 events

</message>
<message date="2025-10-26 23:38:39" up_time="0:7:33.378">
	File: 33
	Simulation time: 1.65

	N. Total Particles: 25671
	N. Enabled Particles: 5251
	N. Released Particles: 5295

	N. Enabled Elements: 0
	N. Released Elements: 0
	N. Particle Fragments: 0

	N. Triangles: 1438
	N. Triangle Nodes: 726

	N. Neighbors: 8868
		N. Particle Neighbors: 5407, RR: 0, RN: 0, NN: 5407
		N. Triangle Neighbors: 3461, TR: 0, TN: 3461
	N. Surface Contacts: 220, particles: 69, triangles: 151
	N. Adhesion Contacts: 220, particles: 69, triangles: 151
	Neighbor Contact Ratio: 20.154545

	Estimated Limits of Surface Velocity:
		                 Total - min:      7e+01 max:      8e+01 average:      7e+01
		            Boundaries - min:          3 max:          3 average:          3
		             Particles - min:      7e+01 max:      8e+01 average:      7e+01

	CPU:
		Memory Usage: 346 MB of 16055 MB
		Free Memory: 2341 MB

</message>
<message date="2025-10-26 23:38:39" up_time="0:7:33.379">
Execution Times:
Execution Times per Call:
 
                  Search - Cumulative:     0.00542[s] n_calls:  5999, From last output:     0.00741[s] n_calls:   239
               Search PP - Cumulative:     0.00513[s] n_calls:  3421, From last output:     0.00732[s] n_calls:   148
              -- Sorting - Cumulative:     0.00379[s] n_calls:    66, From last output:     0.00667[s] n_calls:     2
        -- BuildBVHTree, - Cumulative:     0.00175[s] n_calls:  3421, From last output:     0.00283[s] n_calls:   148
            -- Neighbors - Cumulative:     0.00191[s] n_calls:  3421, From last output:     0.00278[s] n_calls:   148
               Search PT - Cumulative:     0.00555[s] n_calls:  2699, From last output:     0.00732[s] n_calls:    94
         -- CheckActives - Cumulative:     0.00007[s] n_calls:  2699, From last output:     0.00008[s] n_calls:    94
          -- MarkActives - Cumulative:     0.00009[s] n_calls:    66, From last output:     0.00019[s] n_calls:     2
          -- PushActives - Cumulative:     0.00009[s] n_calls:  2699, From last output:     0.00009[s] n_calls:    94
            -- UpdateBVH - Cumulative:     0.00020[s] n_calls:  2699, From last output:     0.00020[s] n_calls:    94
            -- Neighbors - Cumulative:     0.00215[s] n_calls:  2699, From last output:     0.00272[s] n_calls:    94
 
                 Overlap - Cumulative:     0.00098[s] n_calls: 202422, From last output:     0.00159[s] n_calls:  6134
                   Force - Cumulative:     0.00012[s] n_calls: 202422, From last output:     0.00021[s] n_calls:  6134
                    Move - Cumulative:     0.00089[s] n_calls: 202422, From last output:     0.00163[s] n_calls:  6134
                  Output - Cumulative:     0.02683[s] n_calls:    33, From last output:     0.03639[s] n_calls:     1
               Iteration - Cumulative:     0.00216[s] n_calls: 202422, From last output:     0.00373[s] n_calls:  6134

Total Execution Times: 437.626[s], From last output: 22.8862[s]
 
                  Search - Total:       32.53[s] =   7.43 %, From last output:        1.77[s] =   7.74 %
             - Search PP - Total:       17.54[s] =  53.92 %, From last output:        1.08[s] =  61.16 %
             -- Sorting, - Total:        0.25[s] =   1.43 %, From last output:        0.01[s] =   1.23 %
        -- BuildBVHTree, - Total:        5.99[s] =  34.15 %, From last output:        0.42[s] =  38.60 %
           -- Neighbors, - Total:        6.54[s] =  37.29 %, From last output:        0.41[s] =  37.98 %
             - Search PT - Total:       14.98[s] =  46.05 %, From last output:        0.69[s] =  38.82 %
         -- CheckActives - Total:        0.19[s] =   1.30 %, From last output:        0.01[s] =   1.05 %
          -- MarkActives - Total:        0.01[s] =   0.04 %, From last output:        0.00[s] =   0.05 %
          -- PushActives - Total:        0.25[s] =   1.67 %, From last output:        0.01[s] =   1.29 %
            -- UpdateBVH - Total:        0.53[s] =   3.51 %, From last output:        0.02[s] =   2.78 %
            -- Neighbors - Total:        5.79[s] =  38.67 %, From last output:        0.26[s] =  37.14 %
 
                 Overlap - Total:      198.66[s] =  45.39 %, From last output:        9.73[s] =  42.51 %
                   Force - Total:       24.62[s] =   5.63 %, From last output:        1.31[s] =   5.70 %
                    Move - Total:      180.31[s] =  41.20 %, From last output:       10.02[s] =  43.79 %
                  Output - Total:        0.89[s] =   0.20 %, From last output:        0.04[s] =   0.16 %

Module Execution Times:

Total Module Execution Times: 0[s], From last output: 0[s]

Total Execution Times (All listed above):       437.01[s] =  99.86 %
Total Execution Times (Unlisted):                 0.62[s] =   0.14 %

</message>
<info date="2025-10-26 23:38:39" up_time="0:7:33.383">
Particles sorting distance changed from: 1.46628  to: 1.46852 current simulation time is: 1.65001
</info>
<info date="2025-10-26 23:39:04" up_time="0:7:58.724">
Issues found since last output!
 - Contacts overlap, an average of:
    0.426% of contacts reached more than 2.5% overlap.
      collected in 117 timesteps totaling 27449 contact overlaps

</info>
<message date="2025-10-26 23:39:04" up_time="0:7:58.724">
Issues found since last output!
 - Sorting distance has changed within: 1.46852 to: 1.47882 in 2 events

</message>
<message date="2025-10-26 23:39:04" up_time="0:7:58.786">
	File: 34
	Simulation time: 1.7

	N. Total Particles: 25671
	N. Enabled Particles: 5410
	N. Released Particles: 5456

	N. Enabled Elements: 0
	N. Released Elements: 0
	N. Particle Fragments: 0

	N. Triangles: 1438
	N. Triangle Nodes: 726

	N. Neighbors: 9068
		N. Particle Neighbors: 5566, RR: 0, RN: 0, NN: 5566
		N. Triangle Neighbors: 3502, TR: 0, TN: 3502
	N. Surface Contacts: 231, particles: 47, triangles: 184
	N. Adhesion Contacts: 231, particles: 47, triangles: 184
	Neighbor Contact Ratio: 19.627706

	Estimated Limits of Surface Velocity:
		                 Total - min:      6e+01 max:      7e+01 average:      7e+01
		            Boundaries - min:          3 max:          3 average:          3
		             Particles - min:      6e+01 max:      7e+01 average:      7e+01

	CPU:
		Memory Usage: 346 MB of 16055 MB
		Free Memory: 2301 MB

</message>
<message date="2025-10-26 23:39:04" up_time="0:7:58.788">
Execution Times:
Execution Times per Call:
 
                  Search - Cumulative:     0.00551[s] n_calls:  6233, From last output:     0.00772[s] n_calls:   234
               Search PP - Cumulative:     0.00523[s] n_calls:  3565, From last output:     0.00759[s] n_calls:   144
              -- Sorting - Cumulative:     0.00381[s] n_calls:    68, From last output:     0.00426[s] n_calls:     2
        -- BuildBVHTree, - Cumulative:     0.00180[s] n_calls:  3565, From last output:     0.00292[s] n_calls:   144
            -- Neighbors - Cumulative:     0.00195[s] n_calls:  3565, From last output:     0.00298[s] n_calls:   144
               Search PT - Cumulative:     0.00562[s] n_calls:  2792, From last output:     0.00767[s] n_calls:    93
         -- CheckActives - Cumulative:     0.00007[s] n_calls:  2792, From last output:     0.00009[s] n_calls:    93
          -- MarkActives - Cumulative:     0.00009[s] n_calls:    68, From last output:     0.00010[s] n_calls:     2
          -- PushActives - Cumulative:     0.00009[s] n_calls:  2792, From last output:     0.00011[s] n_calls:    93
            -- UpdateBVH - Cumulative:     0.00020[s] n_calls:  2792, From last output:     0.00026[s] n_calls:    93
            -- Neighbors - Cumulative:     0.00217[s] n_calls:  2792, From last output:     0.00276[s] n_calls:    93
 
                 Overlap - Cumulative:     0.00100[s] n_calls: 208556, From last output:     0.00175[s] n_calls:  6134
                   Force - Cumulative:     0.00013[s] n_calls: 208556, From last output:     0.00025[s] n_calls:  6134
                    Move - Cumulative:     0.00092[s] n_calls: 208556, From last output:     0.00183[s] n_calls:  6134
                  Output - Cumulative:     0.02788[s] n_calls:    34, From last output:     0.06232[s] n_calls:     1
               Iteration - Cumulative:     0.00222[s] n_calls: 208556, From last output:     0.00414[s] n_calls:  6134

Total Execution Times: 463.022[s], From last output: 25.3958[s]
 
                  Search - Total:       34.34[s] =   7.42 %, From last output:        1.81[s] =   7.11 %
             - Search PP - Total:       18.63[s] =  54.26 %, From last output:        1.09[s] =  60.48 %
             -- Sorting, - Total:        0.26[s] =   1.39 %, From last output:        0.01[s] =   0.78 %
        -- BuildBVHTree, - Total:        6.41[s] =  34.41 %, From last output:        0.42[s] =  38.47 %
           -- Neighbors, - Total:        6.97[s] =  37.40 %, From last output:        0.43[s] =  39.22 %
             - Search PT - Total:       15.70[s] =  45.71 %, From last output:        0.71[s] =  39.50 %
         -- CheckActives - Total:        0.20[s] =   1.29 %, From last output:        0.01[s] =   1.18 %
          -- MarkActives - Total:        0.01[s] =   0.04 %, From last output:        0.00[s] =   0.03 %
          -- PushActives - Total:        0.26[s] =   1.66 %, From last output:        0.01[s] =   1.43 %
            -- UpdateBVH - Total:        0.55[s] =   3.51 %, From last output:        0.02[s] =   3.35 %
            -- Neighbors - Total:        6.05[s] =  38.54 %, From last output:        0.26[s] =  35.91 %
 
                 Overlap - Total:      209.37[s] =  45.22 %, From last output:       10.71[s] =  42.17 %
                   Force - Total:       26.18[s] =   5.65 %, From last output:        1.56[s] =   6.15 %
                    Move - Total:      191.55[s] =  41.37 %, From last output:       11.23[s] =  44.23 %
                  Output - Total:        0.95[s] =   0.20 %, From last output:        0.06[s] =   0.25 %

Module Execution Times:

Total Module Execution Times: 0[s], From last output: 0[s]

Total Execution Times (All listed above):       462.38[s] =  99.86 %
Total Execution Times (Unlisted):                 0.64[s] =   0.14 %

</message>
<info date="2025-10-26 23:39:04" up_time="0:7:58.795">
Particles sorting distance changed from: 1.47882  to: 1.4998 current simulation time is: 1.70001
</info>
<info date="2025-10-26 23:39:28" up_time="0:8:23.77">
Issues found since last output!
 - Contacts overlap, an average of:
    0.394% of contacts reached more than 2.5% overlap.
      collected in 95 timesteps totaling 24093 contact overlaps

</info>
<message date="2025-10-26 23:39:29" up_time="0:8:23.115">
	File: 35
	Simulation time: 1.75

	N. Total Particles: 25671
	N. Enabled Particles: 5566
	N. Released Particles: 5616

	N. Enabled Elements: 0
	N. Released Elements: 0
	N. Particle Fragments: 0

	N. Triangles: 1438
	N. Triangle Nodes: 726

	N. Neighbors: 9087
		N. Particle Neighbors: 5498, RR: 0, RN: 0, NN: 5498
		N. Triangle Neighbors: 3589, TR: 0, TN: 3589
	N. Surface Contacts: 255, particles: 59, triangles: 196
	N. Adhesion Contacts: 255, particles: 59, triangles: 196
	Neighbor Contact Ratio: 17.817647

	Estimated Limits of Surface Velocity:
		                 Total - min:      7e+01 max:      8e+01 average:      7e+01
		            Boundaries - min:          3 max:          3 average:          3
		             Particles - min:      7e+01 max:      8e+01 average:      7e+01

	CPU:
		Memory Usage: 346 MB of 16055 MB
		Free Memory: 2348 MB

</message>
<message date="2025-10-26 23:39:29" up_time="0:8:23.116">
Execution Times:
Execution Times per Call:
 
                  Search - Cumulative:     0.00558[s] n_calls:  6471, From last output:     0.00744[s] n_calls:   238
               Search PP - Cumulative:     0.00531[s] n_calls:  3711, From last output:     0.00734[s] n_calls:   146
              -- Sorting - Cumulative:     0.00384[s] n_calls:    70, From last output:     0.00483[s] n_calls:     2
        -- BuildBVHTree, - Cumulative:     0.00184[s] n_calls:  3711, From last output:     0.00279[s] n_calls:   146
            -- Neighbors - Cumulative:     0.00199[s] n_calls:  3711, From last output:     0.00288[s] n_calls:   146
               Search PT - Cumulative:     0.00568[s] n_calls:  2888, From last output:     0.00729[s] n_calls:    96
         -- CheckActives - Cumulative:     0.00007[s] n_calls:  2888, From last output:     0.00008[s] n_calls:    96
          -- MarkActives - Cumulative:     0.00009[s] n_calls:    70, From last output:     0.00017[s] n_calls:     2
          -- PushActives - Cumulative:     0.00009[s] n_calls:  2888, From last output:     0.00010[s] n_calls:    96
            -- UpdateBVH - Cumulative:     0.00020[s] n_calls:  2888, From last output:     0.00023[s] n_calls:    96
            -- Neighbors - Cumulative:     0.00218[s] n_calls:  2888, From last output:     0.00260[s] n_calls:    96
 
                 Overlap - Cumulative:     0.00102[s] n_calls: 214690, From last output:     0.00168[s] n_calls:  6134
                   Force - Cumulative:     0.00013[s] n_calls: 214690, From last output:     0.00025[s] n_calls:  6134
                    Move - Cumulative:     0.00094[s] n_calls: 214690, From last output:     0.00173[s] n_calls:  6134
                  Output - Cumulative:     0.02817[s] n_calls:    35, From last output:     0.03826[s] n_calls:     1
               Iteration - Cumulative:     0.00227[s] n_calls: 214690, From last output:     0.00396[s] n_calls:  6134

Total Execution Times: 487.338[s], From last output: 24.3165[s]
 
                  Search - Total:       36.11[s] =   7.41 %, From last output:        1.77[s] =   7.29 %
             - Search PP - Total:       19.70[s] =  54.57 %, From last output:        1.07[s] =  60.50 %
             -- Sorting, - Total:        0.27[s] =   1.36 %, From last output:        0.01[s] =   0.90 %
        -- BuildBVHTree, - Total:        6.82[s] =  34.60 %, From last output:        0.41[s] =  38.02 %
           -- Neighbors, - Total:        7.39[s] =  37.50 %, From last output:        0.42[s] =  39.25 %
             - Search PT - Total:       16.39[s] =  45.40 %, From last output:        0.70[s] =  39.48 %
         -- CheckActives - Total:        0.21[s] =   1.28 %, From last output:        0.01[s] =   1.11 %
          -- MarkActives - Total:        0.01[s] =   0.04 %, From last output:        0.00[s] =   0.05 %
          -- PushActives - Total:        0.27[s] =   1.65 %, From last output:        0.01[s] =   1.42 %
            -- UpdateBVH - Total:        0.57[s] =   3.49 %, From last output:        0.02[s] =   3.19 %
            -- Neighbors - Total:        6.30[s] =  38.42 %, From last output:        0.25[s] =  35.71 %
 
                 Overlap - Total:      219.69[s] =  45.08 %, From last output:       10.33[s] =  42.46 %
                   Force - Total:       27.72[s] =   5.69 %, From last output:        1.54[s] =   6.32 %
                    Move - Total:      202.17[s] =  41.48 %, From last output:       10.62[s] =  43.69 %
                  Output - Total:        0.99[s] =   0.20 %, From last output:        0.04[s] =   0.16 %

Module Execution Times:

Total Module Execution Times: 0[s], From last output: 0[s]

Total Execution Times (All listed above):       486.67[s] =  99.86 %
Total Execution Times (Unlisted):                 0.66[s] =   0.14 %

</message>
<info date="2025-10-26 23:39:54" up_time="0:8:48.826">
Issues found since last output!
 - Contacts overlap, an average of:
    0.366% of contacts reached more than 2.5% overlap.
      collected in 79 timesteps totaling 21613 contact overlaps

</info>
<message date="2025-10-26 23:39:54" up_time="0:8:48.863">
	File: 36
	Simulation time: 1.8

	N. Total Particles: 25671
	N. Enabled Particles: 5723
	N. Released Particles: 5777

	N. Enabled Elements: 0
	N. Released Elements: 0
	N. Particle Fragments: 0

	N. Triangles: 1438
	N. Triangle Nodes: 726

	N. Neighbors: 9328
		N. Particle Neighbors: 5601, RR: 0, RN: 0, NN: 5601
		N. Triangle Neighbors: 3727, TR: 0, TN: 3727
	N. Surface Contacts: 262, particles: 71, triangles: 191
	N. Adhesion Contacts: 262, particles: 71, triangles: 191
	Neighbor Contact Ratio: 17.801527

	Estimated Limits of Surface Velocity:
		                 Total - min:      6e+01 max:      7e+01 average:      6e+01
		            Boundaries - min:          3 max:          3 average:          3
		             Particles - min:      6e+01 max:      7e+01 average:      6e+01

	CPU:
		Memory Usage: 346 MB of 16055 MB
		Free Memory: 2278 MB

</message>
<message date="2025-10-26 23:39:54" up_time="0:8:48.864">
Execution Times:
Execution Times per Call:
 
                  Search - Cumulative:     0.00565[s] n_calls:  6685, From last output:     0.00775[s] n_calls:   214
               Search PP - Cumulative:     0.00539[s] n_calls:  3842, From last output:     0.00771[s] n_calls:   131
              -- Sorting - Cumulative:     0.00388[s] n_calls:    72, From last output:     0.00555[s] n_calls:     2
        -- BuildBVHTree, - Cumulative:     0.00188[s] n_calls:  3842, From last output:     0.00299[s] n_calls:   131
            -- Neighbors - Cumulative:     0.00203[s] n_calls:  3842, From last output:     0.00304[s] n_calls:   131
               Search PT - Cumulative:     0.00573[s] n_calls:  2973, From last output:     0.00762[s] n_calls:    85
         -- CheckActives - Cumulative:     0.00007[s] n_calls:  2973, From last output:     0.00009[s] n_calls:    85
          -- MarkActives - Cumulative:     0.00009[s] n_calls:    72, From last output:     0.00012[s] n_calls:     2
          -- PushActives - Cumulative:     0.00009[s] n_calls:  2973, From last output:     0.00012[s] n_calls:    85
            -- UpdateBVH - Cumulative:     0.00020[s] n_calls:  2973, From last output:     0.00023[s] n_calls:    85
            -- Neighbors - Cumulative:     0.00219[s] n_calls:  2973, From last output:     0.00265[s] n_calls:    85
 
                 Overlap - Cumulative:     0.00104[s] n_calls: 220824, From last output:     0.00180[s] n_calls:  6134
                   Force - Cumulative:     0.00013[s] n_calls: 220824, From last output:     0.00027[s] n_calls:  6134
                    Move - Cumulative:     0.00097[s] n_calls: 220824, From last output:     0.00184[s] n_calls:  6134
                  Output - Cumulative:     0.02842[s] n_calls:    36, From last output:     0.03706[s] n_calls:     1
               Iteration - Cumulative:     0.00232[s] n_calls: 220824, From last output:     0.00420[s] n_calls:  6134

Total Execution Times: 513.072[s], From last output: 25.735[s]
 
                  Search - Total:       37.77[s] =   7.36 %, From last output:        1.66[s] =   6.44 %
             - Search PP - Total:       20.71[s] =  54.85 %, From last output:        1.01[s] =  60.89 %
             -- Sorting, - Total:        0.28[s] =   1.35 %, From last output:        0.01[s] =   1.10 %
        -- BuildBVHTree, - Total:        7.21[s] =  34.81 %, From last output:        0.39[s] =  38.85 %
           -- Neighbors, - Total:        7.79[s] =  37.60 %, From last output:        0.40[s] =  39.43 %
             - Search PT - Total:       17.04[s] =  45.13 %, From last output:        0.65[s] =  39.08 %
         -- CheckActives - Total:        0.22[s] =   1.28 %, From last output:        0.01[s] =   1.20 %
          -- MarkActives - Total:        0.01[s] =   0.04 %, From last output:        0.00[s] =   0.04 %
          -- PushActives - Total:        0.28[s] =   1.64 %, From last output:        0.01[s] =   1.52 %
            -- UpdateBVH - Total:        0.59[s] =   3.48 %, From last output:        0.02[s] =   3.08 %
            -- Neighbors - Total:        6.52[s] =  38.29 %, From last output:        0.23[s] =  34.82 %
 
                 Overlap - Total:      230.72[s] =  44.97 %, From last output:       11.03[s] =  42.86 %
                   Force - Total:       29.39[s] =   5.73 %, From last output:        1.68[s] =   6.51 %
                    Move - Total:      213.48[s] =  41.61 %, From last output:       11.31[s] =  43.96 %
                  Output - Total:        1.02[s] =   0.20 %, From last output:        0.04[s] =   0.14 %

Module Execution Times:

Total Module Execution Times: 0[s], From last output: 0[s]

Total Execution Times (All listed above):       512.38[s] =  99.87 %
Total Execution Times (Unlisted):                 0.69[s] =   0.13 %

</message>
<info date="2025-10-26 23:40:07" up_time="0:9:1.576">
Particles sorting distance changed from: 1.4998  to: 1.50473 current simulation time is: 1.82501
</info>
<info date="2025-10-26 23:40:22" up_time="0:9:16.435">
Issues found since last output!
 - Contacts overlap, an average of:
    0.371% of contacts reached more than 2.5% overlap.
      collected in 104 timesteps totaling 28045 contact overlaps

</info>
<message date="2025-10-26 23:40:22" up_time="0:9:16.480">
	File: 37
	Simulation time: 1.85

	N. Total Particles: 25671
	N. Enabled Particles: 5883
	N. Released Particles: 5939

	N. Enabled Elements: 0
	N. Released Elements: 0
	N. Particle Fragments: 0

	N. Triangles: 1438
	N. Triangle Nodes: 726

	N. Neighbors: 9494
		N. Particle Neighbors: 5790, RR: 0, RN: 0, NN: 5790
		N. Triangle Neighbors: 3704, TR: 0, TN: 3704
	N. Surface Contacts: 276, particles: 70, triangles: 206
	N. Adhesion Contacts: 276, particles: 70, triangles: 206
	Neighbor Contact Ratio: 17.199275

	Estimated Limits of Surface Velocity:
		                 Total - min:      6e+01 max:      7e+01 average:      7e+01
		            Boundaries - min:          3 max:          3 average:          3
		             Particles - min:      6e+01 max:      7e+01 average:      7e+01

	CPU:
		Memory Usage: 346 MB of 16055 MB
		Free Memory: 2209 MB

</message>
<message date="2025-10-26 23:40:22" up_time="0:9:16.481">
Execution Times:
Execution Times per Call:
 
                  Search - Cumulative:     0.00573[s] n_calls:  6905, From last output:     0.00823[s] n_calls:   220
               Search PP - Cumulative:     0.00549[s] n_calls:  3978, From last output:     0.00813[s] n_calls:   136
              -- Sorting - Cumulative:     0.00388[s] n_calls:    74, From last output:     0.00375[s] n_calls:     2
        -- BuildBVHTree, - Cumulative:     0.00192[s] n_calls:  3978, From last output:     0.00313[s] n_calls:   136
            -- Neighbors - Cumulative:     0.00207[s] n_calls:  3978, From last output:     0.00324[s] n_calls:   136
               Search PT - Cumulative:     0.00580[s] n_calls:  3061, From last output:     0.00800[s] n_calls:    88
         -- CheckActives - Cumulative:     0.00007[s] n_calls:  3061, From last output:     0.00008[s] n_calls:    88
          -- MarkActives - Cumulative:     0.00009[s] n_calls:    74, From last output:     0.00010[s] n_calls:     2
          -- PushActives - Cumulative:     0.00009[s] n_calls:  3061, From last output:     0.00010[s] n_calls:    88
            -- UpdateBVH - Cumulative:     0.00020[s] n_calls:  3061, From last output:     0.00023[s] n_calls:    88
            -- Neighbors - Cumulative:     0.00221[s] n_calls:  3061, From last output:     0.00287[s] n_calls:    88
 
                 Overlap - Cumulative:     0.00107[s] n_calls: 226958, From last output:     0.00189[s] n_calls:  6134
                   Force - Cumulative:     0.00014[s] n_calls: 226958, From last output:     0.00028[s] n_calls:  6134
                    Move - Cumulative:     0.00100[s] n_calls: 226958, From last output:     0.00202[s] n_calls:  6134
                  Output - Cumulative:     0.02886[s] n_calls:    37, From last output:     0.04454[s] n_calls:     1
               Iteration - Cumulative:     0.00238[s] n_calls: 226958, From last output:     0.00450[s] n_calls:  6134

Total Execution Times: 540.675[s], From last output: 27.6031[s]
 
                  Search - Total:       39.58[s] =   7.32 %, From last output:        1.81[s] =   6.56 %
             - Search PP - Total:       21.82[s] =  55.13 %, From last output:        1.11[s] =  61.10 %
             -- Sorting, - Total:        0.29[s] =   1.32 %, From last output:        0.01[s] =   0.68 %
        -- BuildBVHTree, - Total:        7.64[s] =  34.99 %, From last output:        0.43[s] =  38.46 %
           -- Neighbors, - Total:        8.23[s] =  37.71 %, From last output:        0.44[s] =  39.80 %
             - Search PT - Total:       17.75[s] =  44.84 %, From last output:        0.70[s] =  38.88 %
         -- CheckActives - Total:        0.23[s] =   1.27 %, From last output:        0.01[s] =   0.99 %
          -- MarkActives - Total:        0.01[s] =   0.04 %, From last output:        0.00[s] =   0.03 %
          -- PushActives - Total:        0.29[s] =   1.63 %, From last output:        0.01[s] =   1.21 %
            -- UpdateBVH - Total:        0.61[s] =   3.45 %, From last output:        0.02[s] =   2.91 %
            -- Neighbors - Total:        6.78[s] =  38.19 %, From last output:        0.25[s] =  35.90 %
 
                 Overlap - Total:      242.33[s] =  44.82 %, From last output:       11.61[s] =  42.08 %
                   Force - Total:       31.14[s] =   5.76 %, From last output:        1.75[s] =   6.33 %
                    Move - Total:      225.84[s] =  41.77 %, From last output:       12.36[s] =  44.79 %
                  Output - Total:        1.07[s] =   0.20 %, From last output:        0.04[s] =   0.16 %

Module Execution Times:

Total Module Execution Times: 0[s], From last output: 0[s]

Total Execution Times (All listed above):       539.96[s] =  99.87 %
Total Execution Times (Unlisted):                 0.71[s] =   0.13 %

</message>
<info date="2025-10-26 23:40:48" up_time="0:9:42.691">
Issues found since last output!
 - Contacts overlap, an average of:
    0.359% of contacts reached more than 2.5% overlap.
      collected in 76 timesteps totaling 21156 contact overlaps

</info>
<message date="2025-10-26 23:40:48" up_time="0:9:42.737">
	File: 38
	Simulation time: 1.9

	N. Total Particles: 25671
	N. Enabled Particles: 6043
	N. Released Particles: 6099

	N. Enabled Elements: 0
	N. Released Elements: 0
	N. Particle Fragments: 0

	N. Triangles: 1438
	N. Triangle Nodes: 726

	N. Neighbors: 9603
		N. Particle Neighbors: 5786, RR: 0, RN: 0, NN: 5786
		N. Triangle Neighbors: 3817, TR: 0, TN: 3817
	N. Surface Contacts: 276, particles: 58, triangles: 218
	N. Adhesion Contacts: 276, particles: 58, triangles: 218
	Neighbor Contact Ratio: 17.396739

	Estimated Limits of Surface Velocity:
		                 Total - min:      6e+01 max:      7e+01 average:      7e+01
		            Boundaries - min:          3 max:          3 average:          3
		             Particles - min:      6e+01 max:      7e+01 average:      7e+01

	CPU:
		Memory Usage: 347 MB of 16055 MB
		Free Memory: 2283 MB

</message>
<message date="2025-10-26 23:40:48" up_time="0:9:42.738">
Execution Times:
Execution Times per Call:
 
                  Search - Cumulative:     0.00580[s] n_calls:  7130, From last output:     0.00799[s] n_calls:   225
               Search PP - Cumulative:     0.00556[s] n_calls:  4117, From last output:     0.00775[s] n_calls:   139
              -- Sorting - Cumulative:     0.00390[s] n_calls:    76, From last output:     0.00460[s] n_calls:     2
        -- BuildBVHTree, - Cumulative:     0.00195[s] n_calls:  4117, From last output:     0.00296[s] n_calls:   139
            -- Neighbors - Cumulative:     0.00210[s] n_calls:  4117, From last output:     0.00307[s] n_calls:   139
               Search PT - Cumulative:     0.00586[s] n_calls:  3151, From last output:     0.00800[s] n_calls:    90
         -- CheckActives - Cumulative:     0.00007[s] n_calls:  3151, From last output:     0.00008[s] n_calls:    90
          -- MarkActives - Cumulative:     0.00009[s] n_calls:    76, From last output:     0.00006[s] n_calls:     2
          -- PushActives - Cumulative:     0.00009[s] n_calls:  3151, From last output:     0.00010[s] n_calls:    90
            -- UpdateBVH - Cumulative:     0.00020[s] n_calls:  3151, From last output:     0.00024[s] n_calls:    90
            -- Neighbors - Cumulative:     0.00224[s] n_calls:  3151, From last output:     0.00295[s] n_calls:    90
 
                 Overlap - Cumulative:     0.00109[s] n_calls: 233092, From last output:     0.00179[s] n_calls:  6134
                   Force - Cumulative:     0.00014[s] n_calls: 233092, From last output:     0.00028[s] n_calls:  6134
                    Move - Cumulative:     0.00102[s] n_calls: 233092, From last output:     0.00191[s] n_calls:  6134
                  Output - Cumulative:     0.02932[s] n_calls:    38, From last output:     0.04638[s] n_calls:     1
               Iteration - Cumulative:     0.00243[s] n_calls: 233092, From last output:     0.00428[s] n_calls:  6134

Total Execution Times: 566.919[s], From last output: 26.2448[s]
 
                  Search - Total:       41.37[s] =   7.30 %, From last output:        1.80[s] =   6.85 %
             - Search PP - Total:       22.90[s] =  55.34 %, From last output:        1.08[s] =  59.94 %
             -- Sorting, - Total:        0.30[s] =   1.29 %, From last output:        0.01[s] =   0.85 %
        -- BuildBVHTree, - Total:        8.05[s] =  35.14 %, From last output:        0.41[s] =  38.16 %
           -- Neighbors, - Total:        8.65[s] =  37.80 %, From last output:        0.43[s] =  39.63 %
             - Search PT - Total:       18.47[s] =  44.63 %, From last output:        0.72[s] =  40.04 %
         -- CheckActives - Total:        0.23[s] =   1.26 %, From last output:        0.01[s] =   1.00 %
          -- MarkActives - Total:        0.01[s] =   0.04 %, From last output:        0.00[s] =   0.02 %
          -- PushActives - Total:        0.30[s] =   1.61 %, From last output:        0.01[s] =   1.26 %
            -- UpdateBVH - Total:        0.63[s] =   3.44 %, From last output:        0.02[s] =   2.98 %
            -- Neighbors - Total:        7.04[s] =  38.14 %, From last output:        0.27[s] =  36.92 %
 
                 Overlap - Total:      253.29[s] =  44.68 %, From last output:       10.95[s] =  41.74 %
                   Force - Total:       32.85[s] =   5.79 %, From last output:        1.71[s] =   6.51 %
                    Move - Total:      237.56[s] =  41.90 %, From last output:       11.72[s] =  44.64 %
                  Output - Total:        1.11[s] =   0.20 %, From last output:        0.05[s] =   0.18 %

Module Execution Times:

Total Module Execution Times: 0[s], From last output: 0[s]

Total Execution Times (All listed above):       566.18[s] =  99.87 %
Total Execution Times (Unlisted):                 0.74[s] =   0.13 %

</message>
<info date="2025-10-26 23:41:16" up_time="0:10:10.989">
Issues found since last output!
 - Contacts overlap, an average of:
    0.325% of contacts reached more than 2.5% overlap.
      collected in 82 timesteps totaling 25253 contact overlaps

</info>
<message date="2025-10-26 23:41:16" up_time="0:10:11.40">
	File: 39
	Simulation time: 1.95

	N. Total Particles: 25671
	N. Enabled Particles: 6203
	N. Released Particles: 6259

	N. Enabled Elements: 0
	N. Released Elements: 0
	N. Particle Fragments: 0

	N. Triangles: 1438
	N. Triangle Nodes: 726

	N. Neighbors: 10030
		N. Particle Neighbors: 6084, RR: 0, RN: 0, NN: 6084
		N. Triangle Neighbors: 3946, TR: 0, TN: 3946
	N. Surface Contacts: 305, particles: 72, triangles: 233
	N. Adhesion Contacts: 305, particles: 72, triangles: 233
	Neighbor Contact Ratio: 16.442623

	Estimated Limits of Surface Velocity:
		                 Total - min:      6e+01 max:      7e+01 average:      7e+01
		            Boundaries - min:          3 max:          3 average:          3
		             Particles - min:      6e+01 max:      7e+01 average:      7e+01

	CPU:
		Memory Usage: 347 MB of 16055 MB
		Free Memory: 2817 MB

</message>
<message date="2025-10-26 23:41:16" up_time="0:10:11.41">
Execution Times:
Execution Times per Call:
 
                  Search - Cumulative:     0.00589[s] n_calls:  7356, From last output:     0.00872[s] n_calls:   226
               Search PP - Cumulative:     0.00566[s] n_calls:  4258, From last output:     0.00860[s] n_calls:   141
              -- Sorting - Cumulative:     0.00392[s] n_calls:    78, From last output:     0.00481[s] n_calls:     2
        -- BuildBVHTree, - Cumulative:     0.00200[s] n_calls:  4258, From last output:     0.00322[s] n_calls:   141
            -- Neighbors - Cumulative:     0.00215[s] n_calls:  4258, From last output:     0.00359[s] n_calls:   141
               Search PT - Cumulative:     0.00593[s] n_calls:  3241, From last output:     0.00842[s] n_calls:    90
         -- CheckActives - Cumulative:     0.00007[s] n_calls:  3241, From last output:     0.00008[s] n_calls:    90
          -- MarkActives - Cumulative:     0.00009[s] n_calls:    78, From last output:     0.00010[s] n_calls:     2
          -- PushActives - Cumulative:     0.00009[s] n_calls:  3241, From last output:     0.00010[s] n_calls:    90
            -- UpdateBVH - Cumulative:     0.00020[s] n_calls:  3241, From last output:     0.00022[s] n_calls:    90
            -- Neighbors - Cumulative:     0.00225[s] n_calls:  3241, From last output:     0.00293[s] n_calls:    90
 
                 Overlap - Cumulative:     0.00111[s] n_calls: 239226, From last output:     0.00196[s] n_calls:  6134
                   Force - Cumulative:     0.00015[s] n_calls: 239226, From last output:     0.00031[s] n_calls:  6134
                    Move - Cumulative:     0.00104[s] n_calls: 239226, From last output:     0.00201[s] n_calls:  6134
                  Output - Cumulative:     0.02986[s] n_calls:    39, From last output:     0.05048[s] n_calls:     1
               Iteration - Cumulative:     0.00249[s] n_calls: 239226, From last output:     0.00461[s] n_calls:  6134

Total Execution Times: 595.208[s], From last output: 28.2899[s]
 
                  Search - Total:       43.34[s] =   7.28 %, From last output:        1.97[s] =   6.96 %
             - Search PP - Total:       24.11[s] =  55.62 %, From last output:        1.21[s] =  61.51 %
             -- Sorting, - Total:        0.31[s] =   1.27 %, From last output:        0.01[s] =   0.79 %
        -- BuildBVHTree, - Total:        8.50[s] =  35.26 %, From last output:        0.45[s] =  37.46 %
           -- Neighbors, - Total:        9.16[s] =  38.00 %, From last output:        0.51[s] =  41.78 %
             - Search PT - Total:       19.22[s] =  44.35 %, From last output:        0.76[s] =  38.47 %
         -- CheckActives - Total:        0.24[s] =   1.25 %, From last output:        0.01[s] =   0.92 %
          -- MarkActives - Total:        0.01[s] =   0.04 %, From last output:        0.00[s] =   0.03 %
          -- PushActives - Total:        0.31[s] =   1.59 %, From last output:        0.01[s] =   1.16 %
            -- UpdateBVH - Total:        0.65[s] =   3.41 %, From last output:        0.02[s] =   2.66 %
            -- Neighbors - Total:        7.31[s] =  38.01 %, From last output:        0.26[s] =  34.84 %
 
                 Overlap - Total:      265.31[s] =  44.58 %, From last output:       12.03[s] =  42.52 %
                   Force - Total:       34.74[s] =   5.84 %, From last output:        1.89[s] =   6.69 %
                    Move - Total:      249.88[s] =  41.98 %, From last output:       12.32[s] =  43.56 %
                  Output - Total:        1.16[s] =   0.20 %, From last output:        0.05[s] =   0.18 %

Module Execution Times:

Total Module Execution Times: 0[s], From last output: 0[s]

Total Execution Times (All listed above):       594.44[s] =  99.87 %
Total Execution Times (Unlisted):                 0.76[s] =   0.13 %

</message>
<info date="2025-10-26 23:41:16" up_time="0:10:11.48">
Particles sorting distance changed from: 1.50473  to: 1.51457 current simulation time is: 1.95001
</info>
<info date="2025-10-26 23:41:44" up_time="0:10:38.216">
Issues found since last output!
 - Contacts overlap, an average of:
    0.316% of contacts reached more than 2.5% overlap.
      collected in 91 timesteps totaling 28825 contact overlaps

</info>
<message date="2025-10-26 23:41:44" up_time="0:10:38.217">
Issues found since last output!
 - Sorting distance has changed within: 1.51457 to: 1.5185 in 2 events

</message>
<message date="2025-10-26 23:41:44" up_time="0:10:38.257">
	File: 40
	Simulation time: 2

	N. Total Particles: 25671
	N. Enabled Particles: 6358
	N. Released Particles: 6417

	N. Enabled Elements: 0
	N. Released Elements: 0
	N. Particle Fragments: 0

	N. Triangles: 1438
	N. Triangle Nodes: 726

	N. Neighbors: 10385
		N. Particle Neighbors: 6345, RR: 0, RN: 0, NN: 6345
		N. Triangle Neighbors: 4040, TR: 0, TN: 4040
	N. Surface Contacts: 314, particles: 74, triangles: 240
	N. Adhesion Contacts: 314, particles: 74, triangles: 240
	Neighbor Contact Ratio: 16.536624

	Estimated Limits of Surface Velocity:
		                 Total - min:      6e+01 max:      7e+01 average:      7e+01
		            Boundaries - min:          3 max:          3 average:          3
		             Particles - min:      6e+01 max:      7e+01 average:      7e+01

	CPU:
		Memory Usage: 347 MB of 16055 MB
		Free Memory: 2832 MB

</message>
<message date="2025-10-26 23:41:44" up_time="0:10:38.258">
Execution Times:
Execution Times per Call:
 
                  Search - Cumulative:     0.00596[s] n_calls:  7582, From last output:     0.00818[s] n_calls:   226
               Search PP - Cumulative:     0.00574[s] n_calls:  4397, From last output:     0.00814[s] n_calls:   139
              -- Sorting - Cumulative:     0.00395[s] n_calls:    80, From last output:     0.00521[s] n_calls:     2
        -- BuildBVHTree, - Cumulative:     0.00203[s] n_calls:  4397, From last output:     0.00312[s] n_calls:   139
            -- Neighbors - Cumulative:     0.00219[s] n_calls:  4397, From last output:     0.00331[s] n_calls:   139
               Search PT - Cumulative:     0.00599[s] n_calls:  3331, From last output:     0.00796[s] n_calls:    90
         -- CheckActives - Cumulative:     0.00007[s] n_calls:  3331, From last output:     0.00007[s] n_calls:    90
          -- MarkActives - Cumulative:     0.00009[s] n_calls:    80, From last output:     0.00015[s] n_calls:     2
          -- PushActives - Cumulative:     0.00009[s] n_calls:  3331, From last output:     0.00010[s] n_calls:    90
            -- UpdateBVH - Cumulative:     0.00020[s] n_calls:  3331, From last output:     0.00022[s] n_calls:    90
            -- Neighbors - Cumulative:     0.00227[s] n_calls:  3331, From last output:     0.00286[s] n_calls:    90
 
                 Overlap - Cumulative:     0.00113[s] n_calls: 245360, From last output:     0.00190[s] n_calls:  6134
                   Force - Cumulative:     0.00015[s] n_calls: 245360, From last output:     0.00030[s] n_calls:  6134
                    Move - Cumulative:     0.00107[s] n_calls: 245360, From last output:     0.00193[s] n_calls:  6134
                  Output - Cumulative:     0.03013[s] n_calls:    40, From last output:     0.04074[s] n_calls:     1
               Iteration - Cumulative:     0.00254[s] n_calls: 245360, From last output:     0.00443[s] n_calls:  6134

Total Execution Times: 622.412[s], From last output: 27.2041[s]
 
                  Search - Total:       45.19[s] =   7.26 %, From last output:        1.85[s] =   6.79 %
             - Search PP - Total:       25.24[s] =  55.85 %, From last output:        1.13[s] =  61.22 %
             -- Sorting, - Total:        0.32[s] =   1.25 %, From last output:        0.01[s] =   0.92 %
        -- BuildBVHTree, - Total:        8.93[s] =  35.40 %, From last output:        0.43[s] =  38.29 %
           -- Neighbors, - Total:        9.62[s] =  38.12 %, From last output:        0.46[s] =  40.66 %
             - Search PT - Total:       19.94[s] =  44.12 %, From last output:        0.72[s] =  38.77 %
         -- CheckActives - Total:        0.25[s] =   1.23 %, From last output:        0.01[s] =   0.94 %
          -- MarkActives - Total:        0.01[s] =   0.04 %, From last output:        0.00[s] =   0.04 %
          -- PushActives - Total:        0.32[s] =   1.58 %, From last output:        0.01[s] =   1.20 %
            -- UpdateBVH - Total:        0.67[s] =   3.38 %, From last output:        0.02[s] =   2.77 %
            -- Neighbors - Total:        7.56[s] =  37.93 %, From last output:        0.26[s] =  35.89 %
 
                 Overlap - Total:      276.95[s] =  44.50 %, From last output:       11.63[s] =  42.76 %
                   Force - Total:       36.55[s] =   5.87 %, From last output:        1.81[s] =   6.66 %
                    Move - Total:      261.73[s] =  42.05 %, From last output:       11.85[s] =  43.55 %
                  Output - Total:        1.21[s] =   0.19 %, From last output:        0.04[s] =   0.15 %

Module Execution Times:

Total Module Execution Times: 0[s], From last output: 0[s]

Total Execution Times (All listed above):       621.62[s] =  99.87 %
Total Execution Times (Unlisted):                 0.79[s] =   0.13 %

</message>
<info date="2025-10-26 23:42:11" up_time="0:11:5.553">
Issues found since last output!
 - Contacts overlap, an average of:
    0.319% of contacts reached more than 2.5% overlap.
      collected in 107 timesteps totaling 33581 contact overlaps

</info>
<message date="2025-10-26 23:42:11" up_time="0:11:5.611">
	File: 41
	Simulation time: 2.05

	N. Total Particles: 25671
	N. Enabled Particles: 6517
	N. Released Particles: 6578

	N. Enabled Elements: 0
	N. Released Elements: 0
	N. Particle Fragments: 0

	N. Triangles: 1438
	N. Triangle Nodes: 726

	N. Neighbors: 10463
		N. Particle Neighbors: 6267, RR: 0, RN: 0, NN: 6267
		N. Triangle Neighbors: 4196, TR: 0, TN: 4196
	N. Surface Contacts: 323, particles: 60, triangles: 263
	N. Adhesion Contacts: 324, particles: 60, triangles: 264
	Neighbor Contact Ratio: 16.171561

	Estimated Limits of Surface Velocity:
		                 Total - min:      6e+01 max:      7e+01 average:      7e+01
		            Boundaries - min:          3 max:          3 average:          3
		             Particles - min:      6e+01 max:      7e+01 average:      7e+01

	CPU:
		Memory Usage: 347 MB of 16055 MB
		Free Memory: 2691 MB

</message>
<message date="2025-10-26 23:42:11" up_time="0:11:5.612">
Execution Times:
Execution Times per Call:
 
                  Search - Cumulative:     0.00603[s] n_calls:  7801, From last output:     0.00841[s] n_calls:   219
               Search PP - Cumulative:     0.00582[s] n_calls:  4532, From last output:     0.00829[s] n_calls:   135
              -- Sorting - Cumulative:     0.00397[s] n_calls:    82, From last output:     0.00471[s] n_calls:     2
        -- BuildBVHTree, - Cumulative:     0.00207[s] n_calls:  4532, From last output:     0.00321[s] n_calls:   135
            -- Neighbors - Cumulative:     0.00222[s] n_calls:  4532, From last output:     0.00338[s] n_calls:   135
               Search PT - Cumulative:     0.00604[s] n_calls:  3419, From last output:     0.00821[s] n_calls:    88
         -- CheckActives - Cumulative:     0.00007[s] n_calls:  3419, From last output:     0.00009[s] n_calls:    88
          -- MarkActives - Cumulative:     0.00009[s] n_calls:    82, From last output:     0.00007[s] n_calls:     2
          -- PushActives - Cumulative:     0.00009[s] n_calls:  3419, From last output:     0.00010[s] n_calls:    88
            -- UpdateBVH - Cumulative:     0.00020[s] n_calls:  3419, From last output:     0.00024[s] n_calls:    88
            -- Neighbors - Cumulative:     0.00229[s] n_calls:  3419, From last output:     0.00284[s] n_calls:    88
 
                 Overlap - Cumulative:     0.00115[s] n_calls: 251494, From last output:     0.00190[s] n_calls:  6134
                   Force - Cumulative:     0.00015[s] n_calls: 251494, From last output:     0.00029[s] n_calls:  6134
                    Move - Cumulative:     0.00109[s] n_calls: 251494, From last output:     0.00195[s] n_calls:  6134
                  Output - Cumulative:     0.03081[s] n_calls:    41, From last output:     0.05773[s] n_calls:     1
               Iteration - Cumulative:     0.00258[s] n_calls: 251494, From last output:     0.00446[s] n_calls:  6134

Total Execution Times: 649.752[s], From last output: 27.341[s]
 
                  Search - Total:       47.03[s] =   7.24 %, From last output:        1.84[s] =   6.74 %
             - Search PP - Total:       26.36[s] =  56.04 %, From last output:        1.12[s] =  60.77 %
             -- Sorting, - Total:        0.33[s] =   1.24 %, From last output:        0.01[s] =   0.84 %
        -- BuildBVHTree, - Total:        9.37[s] =  35.54 %, From last output:        0.43[s] =  38.72 %
           -- Neighbors, - Total:       10.08[s] =  38.23 %, From last output:        0.46[s] =  40.79 %
             - Search PT - Total:       20.66[s] =  43.93 %, From last output:        0.72[s] =  39.21 %
         -- CheckActives - Total:        0.25[s] =   1.23 %, From last output:        0.01[s] =   1.04 %
          -- MarkActives - Total:        0.01[s] =   0.04 %, From last output:        0.00[s] =   0.02 %
          -- PushActives - Total:        0.32[s] =   1.57 %, From last output:        0.01[s] =   1.26 %
            -- UpdateBVH - Total:        0.70[s] =   3.37 %, From last output:        0.02[s] =   2.93 %
            -- Neighbors - Total:        7.81[s] =  37.82 %, From last output:        0.25[s] =  34.61 %
 
                 Overlap - Total:      288.61[s] =  44.42 %, From last output:       11.66[s] =  42.64 %
                   Force - Total:       38.34[s] =   5.90 %, From last output:        1.79[s] =   6.54 %
                    Move - Total:      273.70[s] =  42.12 %, From last output:       11.97[s] =  43.79 %
                  Output - Total:        1.26[s] =   0.19 %, From last output:        0.06[s] =   0.21 %

Module Execution Times:

Total Module Execution Times: 0[s], From last output: 0[s]

Total Execution Times (All listed above):       648.94[s] =  99.88 %
Total Execution Times (Unlisted):                 0.81[s] =   0.12 %

</message>
<info date="2025-10-26 23:42:29" up_time="0:11:23.859">
Particles sorting distance changed from: 1.5185  to: 1.51871 current simulation time is: 2.07501
</info>
<info date="2025-10-26 23:42:47" up_time="0:11:41.500">
Issues found since last output!
 - Contacts overlap, an average of:
    0.287% of contacts reached more than 2.5% overlap.
      collected in 103 timesteps totaling 35846 contact overlaps

</info>
<message date="2025-10-26 23:42:47" up_time="0:11:41.549">
	File: 42
	Simulation time: 2.1

	N. Total Particles: 25671
	N. Enabled Particles: 6678
	N. Released Particles: 6740

	N. Enabled Elements: 0
	N. Released Elements: 0
	N. Particle Fragments: 0

	N. Triangles: 1438
	N. Triangle Nodes: 726

	N. Neighbors: 10866
		N. Particle Neighbors: 6623, RR: 0, RN: 0, NN: 6623
		N. Triangle Neighbors: 4243, TR: 0, TN: 4243
	N. Surface Contacts: 379, particles: 79, triangles: 300
	N. Adhesion Contacts: 379, particles: 79, triangles: 300
	Neighbor Contact Ratio: 14.335092

	Estimated Limits of Surface Velocity:
		                 Total - min:      6e+01 max:      7e+01 average:      7e+01
		            Boundaries - min:          3 max:          3 average:          3
		             Particles - min:      6e+01 max:      7e+01 average:      7e+01

	CPU:
		Memory Usage: 347 MB of 16055 MB
		Free Memory: 2517 MB

</message>
<message date="2025-10-26 23:42:47" up_time="0:11:41.551">
Execution Times:
Execution Times per Call:
 
                  Search - Cumulative:     0.00615[s] n_calls:  8024, From last output:     0.01042[s] n_calls:   223
               Search PP - Cumulative:     0.00596[s] n_calls:  4670, From last output:     0.01064[s] n_calls:   138
              -- Sorting - Cumulative:     0.00405[s] n_calls:    84, From last output:     0.00711[s] n_calls:     2
        -- BuildBVHTree, - Cumulative:     0.00212[s] n_calls:  4670, From last output:     0.00402[s] n_calls:   138
            -- Neighbors - Cumulative:     0.00229[s] n_calls:  4670, From last output:     0.00448[s] n_calls:   138
               Search PT - Cumulative:     0.00613[s] n_calls:  3508, From last output:     0.00962[s] n_calls:    89
         -- CheckActives - Cumulative:     0.00007[s] n_calls:  3508, From last output:     0.00010[s] n_calls:    89
          -- MarkActives - Cumulative:     0.00010[s] n_calls:    84, From last output:     0.00019[s] n_calls:     2
          -- PushActives - Cumulative:     0.00010[s] n_calls:  3508, From last output:     0.00012[s] n_calls:    89
            -- UpdateBVH - Cumulative:     0.00020[s] n_calls:  3508, From last output:     0.00026[s] n_calls:    89
            -- Neighbors - Cumulative:     0.00231[s] n_calls:  3508, From last output:     0.00319[s] n_calls:    89
 
                 Overlap - Cumulative:     0.00118[s] n_calls: 257628, From last output:     0.00236[s] n_calls:  6134
                   Force - Cumulative:     0.00016[s] n_calls: 257628, From last output:     0.00041[s] n_calls:  6134
                    Move - Cumulative:     0.00113[s] n_calls: 257628, From last output:     0.00269[s] n_calls:  6134
                  Output - Cumulative:     0.03124[s] n_calls:    42, From last output:     0.04922[s] n_calls:     1
               Iteration - Cumulative:     0.00266[s] n_calls: 257628, From last output:     0.00586[s] n_calls:  6134

Total Execution Times: 685.673[s], From last output: 35.9219[s]
 
                  Search - Total:       49.36[s] =   7.20 %, From last output:        2.32[s] =   6.47 %
             - Search PP - Total:       27.83[s] =  56.38 %, From last output:        1.47[s] =  63.17 %
             -- Sorting, - Total:        0.34[s] =   1.22 %, From last output:        0.01[s] =   0.97 %
        -- BuildBVHTree, - Total:        9.92[s] =  35.65 %, From last output:        0.55[s] =  37.75 %
           -- Neighbors, - Total:       10.70[s] =  38.43 %, From last output:        0.62[s] =  42.09 %
             - Search PT - Total:       21.52[s] =  43.60 %, From last output:        0.86[s] =  36.81 %
         -- CheckActives - Total:        0.26[s] =   1.22 %, From last output:        0.01[s] =   1.08 %
          -- MarkActives - Total:        0.01[s] =   0.04 %, From last output:        0.00[s] =   0.04 %
          -- PushActives - Total:        0.33[s] =   1.56 %, From last output:        0.01[s] =   1.23 %
            -- UpdateBVH - Total:        0.72[s] =   3.34 %, From last output:        0.02[s] =   2.71 %
            -- Neighbors - Total:        8.10[s] =  37.63 %, From last output:        0.28[s] =  33.20 %
 
                 Overlap - Total:      303.10[s] =  44.20 %, From last output:       14.49[s] =  40.35 %
                   Force - Total:       40.84[s] =   5.96 %, From last output:        2.50[s] =   6.95 %
                    Move - Total:      290.23[s] =  42.33 %, From last output:       16.53[s] =  46.01 %
                  Output - Total:        1.31[s] =   0.19 %, From last output:        0.05[s] =   0.14 %

Module Execution Times:

Total Module Execution Times: 0[s], From last output: 0[s]

Total Execution Times (All listed above):       684.83[s] =  99.88 %
Total Execution Times (Unlisted):                 0.84[s] =   0.12 %

</message>
<info date="2025-10-26 23:43:04" up_time="0:11:58.720">
Particles sorting distance changed from: 1.51871  to: 1.54216 current simulation time is: 2.12501
</info>
<info date="2025-10-26 23:43:21" up_time="0:12:15.166">
Issues found since last output!
 - Contacts overlap, an average of:
    0.265% of contacts reached more than 2.5% overlap.
      collected in 72 timesteps totaling 27136 contact overlaps

</info>
<message date="2025-10-26 23:43:21" up_time="0:12:15.212">
	File: 43
	Simulation time: 2.15

	N. Total Particles: 25671
	N. Enabled Particles: 6836
	N. Released Particles: 6900

	N. Enabled Elements: 0
	N. Released Elements: 0
	N. Particle Fragments: 0

	N. Triangles: 1438
	N. Triangle Nodes: 726

	N. Neighbors: 10997
		N. Particle Neighbors: 6568, RR: 0, RN: 0, NN: 6568
		N. Triangle Neighbors: 4429, TR: 0, TN: 4429
	N. Surface Contacts: 371, particles: 72, triangles: 299
	N. Adhesion Contacts: 372, particles: 72, triangles: 300
	Neighbor Contact Ratio: 14.800808

	Estimated Limits of Surface Velocity:
		                 Total - min:      6e+01 max:      7e+01 average:      7e+01
		            Boundaries - min:          3 max:          3 average:          3
		             Particles - min:      6e+01 max:      7e+01 average:      7e+01

	CPU:
		Memory Usage: 347 MB of 16055 MB
		Free Memory: 2438 MB

</message>
<message date="2025-10-26 23:43:21" up_time="0:12:15.213">
Execution Times:
Execution Times per Call:
 
                  Search - Cumulative:     0.00625[s] n_calls:  8243, From last output:     0.00980[s] n_calls:   219
               Search PP - Cumulative:     0.00607[s] n_calls:  4805, From last output:     0.00979[s] n_calls:   135
              -- Sorting - Cumulative:     0.00413[s] n_calls:    86, From last output:     0.00756[s] n_calls:     2
        -- BuildBVHTree, - Cumulative:     0.00217[s] n_calls:  4805, From last output:     0.00368[s] n_calls:   135
            -- Neighbors - Cumulative:     0.00234[s] n_calls:  4805, From last output:     0.00406[s] n_calls:   135
               Search PT - Cumulative:     0.00621[s] n_calls:  3596, From last output:     0.00936[s] n_calls:    88
         -- CheckActives - Cumulative:     0.00008[s] n_calls:  3596, From last output:     0.00009[s] n_calls:    88
          -- MarkActives - Cumulative:     0.00010[s] n_calls:    86, From last output:     0.00021[s] n_calls:     2
          -- PushActives - Cumulative:     0.00010[s] n_calls:  3596, From last output:     0.00012[s] n_calls:    88
            -- UpdateBVH - Cumulative:     0.00021[s] n_calls:  3596, From last output:     0.00026[s] n_calls:    88
            -- Neighbors - Cumulative:     0.00233[s] n_calls:  3596, From last output:     0.00329[s] n_calls:    88
 
                 Overlap - Cumulative:     0.00120[s] n_calls: 263762, From last output:     0.00231[s] n_calls:  6134
                   Force - Cumulative:     0.00016[s] n_calls: 263762, From last output:     0.00039[s] n_calls:  6134
                    Move - Cumulative:     0.00116[s] n_calls: 263762, From last output:     0.00243[s] n_calls:  6134
                  Output - Cumulative:     0.03158[s] n_calls:    43, From last output:     0.04558[s] n_calls:     1
               Iteration - Cumulative:     0.00273[s] n_calls: 263762, From last output:     0.00549[s] n_calls:  6134

Total Execution Times: 719.32[s], From last output: 33.647[s]
 
                  Search - Total:       51.50[s] =   7.16 %, From last output:        2.15[s] =   6.38 %
             - Search PP - Total:       29.15[s] =  56.60 %, From last output:        1.32[s] =  61.59 %
             -- Sorting, - Total:        0.36[s] =   1.22 %, From last output:        0.02[s] =   1.14 %
        -- BuildBVHTree, - Total:       10.42[s] =  35.74 %, From last output:        0.50[s] =  37.63 %
           -- Neighbors, - Total:       11.24[s] =  38.57 %, From last output:        0.55[s] =  41.48 %
             - Search PT - Total:       22.34[s] =  43.38 %, From last output:        0.82[s] =  38.39 %
         -- CheckActives - Total:        0.27[s] =   1.21 %, From last output:        0.01[s] =   0.96 %
          -- MarkActives - Total:        0.01[s] =   0.04 %, From last output:        0.00[s] =   0.05 %
          -- PushActives - Total:        0.34[s] =   1.54 %, From last output:        0.01[s] =   1.25 %
            -- UpdateBVH - Total:        0.74[s] =   3.32 %, From last output:        0.02[s] =   2.78 %
            -- Neighbors - Total:        8.39[s] =  37.54 %, From last output:        0.29[s] =  35.12 %
 
                 Overlap - Total:      317.24[s] =  44.10 %, From last output:       14.14[s] =  42.03 %
                   Force - Total:       43.20[s] =   6.01 %, From last output:        2.36[s] =   7.03 %
                    Move - Total:      305.15[s] =  42.42 %, From last output:       14.92[s] =  44.35 %
                  Output - Total:        1.36[s] =   0.19 %, From last output:        0.05[s] =   0.14 %

Module Execution Times:

Total Module Execution Times: 0[s], From last output: 0[s]

Total Execution Times (All listed above):       718.45[s] =  99.88 %
Total Execution Times (Unlisted):                 0.87[s] =   0.12 %

</message>
<info date="2025-10-26 23:43:54" up_time="0:12:48.583">
Issues found since last output!
 - Contacts overlap, an average of:
    0.28% of contacts reached more than 2.5% overlap.
      collected in 103 timesteps totaling 39260 contact overlaps

</info>
<message date="2025-10-26 23:43:54" up_time="0:12:48.639">
	File: 44
	Simulation time: 2.2

	N. Total Particles: 25671
	N. Enabled Particles: 6993
	N. Released Particles: 7059

	N. Enabled Elements: 0
	N. Released Elements: 0
	N. Particle Fragments: 0

	N. Triangles: 1438
	N. Triangle Nodes: 726

	N. Neighbors: 11210
		N. Particle Neighbors: 6776, RR: 0, RN: 0, NN: 6776
		N. Triangle Neighbors: 4434, TR: 0, TN: 4434
	N. Surface Contacts: 428, particles: 91, triangles: 337
	N. Adhesion Contacts: 428, particles: 91, triangles: 337
	Neighbor Contact Ratio: 13.095794

	Estimated Limits of Surface Velocity:
		                 Total - min:      6e+01 max:      7e+01 average:      7e+01
		            Boundaries - min:          3 max:          3 average:          3
		             Particles - min:      6e+01 max:      7e+01 average:      7e+01

	CPU:
		Memory Usage: 347 MB of 16055 MB
		Free Memory: 2341 MB

</message>
<message date="2025-10-26 23:43:54" up_time="0:12:48.640">
Execution Times:
Execution Times per Call:
 
                  Search - Cumulative:     0.00633[s] n_calls:  8466, From last output:     0.00927[s] n_calls:   223
               Search PP - Cumulative:     0.00616[s] n_calls:  4942, From last output:     0.00928[s] n_calls:   137
              -- Sorting - Cumulative:     0.00413[s] n_calls:    88, From last output:     0.00403[s] n_calls:     2
        -- BuildBVHTree, - Cumulative:     0.00221[s] n_calls:  4942, From last output:     0.00364[s] n_calls:   137
            -- Neighbors - Cumulative:     0.00238[s] n_calls:  4942, From last output:     0.00378[s] n_calls:   137
               Search PT - Cumulative:     0.00628[s] n_calls:  3685, From last output:     0.00894[s] n_calls:    89
         -- CheckActives - Cumulative:     0.00008[s] n_calls:  3685, From last output:     0.00009[s] n_calls:    89
          -- MarkActives - Cumulative:     0.00010[s] n_calls:    88, From last output:     0.00010[s] n_calls:     2
          -- PushActives - Cumulative:     0.00010[s] n_calls:  3685, From last output:     0.00011[s] n_calls:    89
            -- UpdateBVH - Cumulative:     0.00021[s] n_calls:  3685, From last output:     0.00025[s] n_calls:    89
            -- Neighbors - Cumulative:     0.00235[s] n_calls:  3685, From last output:     0.00313[s] n_calls:    89
 
                 Overlap - Cumulative:     0.00123[s] n_calls: 269896, From last output:     0.00230[s] n_calls:  6134
                   Force - Cumulative:     0.00017[s] n_calls: 269896, From last output:     0.00039[s] n_calls:  6134
                    Move - Cumulative:     0.00119[s] n_calls: 269896, From last output:     0.00240[s] n_calls:  6134
                  Output - Cumulative:     0.03213[s] n_calls:    44, From last output:     0.05596[s] n_calls:     1
               Iteration - Cumulative:     0.00279[s] n_calls: 269896, From last output:     0.00545[s] n_calls:  6134

Total Execution Times: 752.732[s], From last output: 33.4126[s]
 
                  Search - Total:       53.57[s] =   7.12 %, From last output:        2.07[s] =   6.19 %
             - Search PP - Total:       30.42[s] =  56.79 %, From last output:        1.27[s] =  61.49 %
             -- Sorting, - Total:        0.36[s] =   1.19 %, From last output:        0.01[s] =   0.63 %
        -- BuildBVHTree, - Total:       10.92[s] =  35.89 %, From last output:        0.50[s] =  39.23 %
           -- Neighbors, - Total:       11.76[s] =  38.66 %, From last output:        0.52[s] =  40.77 %
             - Search PT - Total:       23.14[s] =  43.19 %, From last output:        0.80[s] =  38.49 %
         -- CheckActives - Total:        0.28[s] =   1.20 %, From last output:        0.01[s] =   1.02 %
          -- MarkActives - Total:        0.01[s] =   0.04 %, From last output:        0.00[s] =   0.02 %
          -- PushActives - Total:        0.36[s] =   1.53 %, From last output:        0.01[s] =   1.28 %
            -- UpdateBVH - Total:        0.76[s] =   3.30 %, From last output:        0.02[s] =   2.80 %
            -- Neighbors - Total:        8.67[s] =  37.45 %, From last output:        0.28[s] =  35.00 %
 
                 Overlap - Total:      331.34[s] =  44.02 %, From last output:       14.10[s] =  42.21 %
                   Force - Total:       45.62[s] =   6.06 %, From last output:        2.42[s] =   7.23 %
                    Move - Total:      319.89[s] =  42.50 %, From last output:       14.74[s] =  44.12 %
                  Output - Total:        1.41[s] =   0.19 %, From last output:        0.06[s] =   0.17 %

Module Execution Times:

Total Module Execution Times: 0[s], From last output: 0[s]

Total Execution Times (All listed above):       751.83[s] =  99.88 %
Total Execution Times (Unlisted):                 0.90[s] =   0.12 %

</message>
<info date="2025-10-26 23:44:26" up_time="0:13:20.294">
Issues found since last output!
 - Contacts overlap, an average of:
    0.233% of contacts reached more than 2.5% overlap.
      collected in 65 timesteps totaling 27868 contact overlaps

</info>
<message date="2025-10-26 23:44:26" up_time="0:13:20.341">
	File: 45
	Simulation time: 2.25

	N. Total Particles: 25671
	N. Enabled Particles: 7152
	N. Released Particles: 7222

	N. Enabled Elements: 0
	N. Released Elements: 0
	N. Particle Fragments: 0

	N. Triangles: 1438
	N. Triangle Nodes: 726

	N. Neighbors: 11436
		N. Particle Neighbors: 6978, RR: 0, RN: 0, NN: 6978
		N. Triangle Neighbors: 4458, TR: 0, TN: 4458
	N. Surface Contacts: 425, particles: 75, triangles: 350
	N. Adhesion Contacts: 425, particles: 75, triangles: 350
	Neighbor Contact Ratio: 13.454118

	Estimated Limits of Surface Velocity:
		                 Total - min:      6e+01 max:      7e+01 average:      7e+01
		            Boundaries - min:          3 max:          3 average:          3
		             Particles - min:      6e+01 max:      7e+01 average:      7e+01

	CPU:
		Memory Usage: 347 MB of 16055 MB
		Free Memory: 2382 MB

</message>
<message date="2025-10-26 23:44:26" up_time="0:13:20.342">
Execution Times:
Execution Times per Call:
 
                  Search - Cumulative:     0.00640[s] n_calls:  8687, From last output:     0.00907[s] n_calls:   221
               Search PP - Cumulative:     0.00623[s] n_calls:  5081, From last output:     0.00902[s] n_calls:   139
              -- Sorting - Cumulative:     0.00417[s] n_calls:    90, From last output:     0.00608[s] n_calls:     2
        -- BuildBVHTree, - Cumulative:     0.00225[s] n_calls:  5081, From last output:     0.00352[s] n_calls:   139
            -- Neighbors - Cumulative:     0.00242[s] n_calls:  5081, From last output:     0.00369[s] n_calls:   139
               Search PT - Cumulative:     0.00634[s] n_calls:  3770, From last output:     0.00882[s] n_calls:    85
         -- CheckActives - Cumulative:     0.00008[s] n_calls:  3770, From last output:     0.00008[s] n_calls:    85
          -- MarkActives - Cumulative:     0.00010[s] n_calls:    90, From last output:     0.00014[s] n_calls:     2
          -- PushActives - Cumulative:     0.00010[s] n_calls:  3770, From last output:     0.00010[s] n_calls:    85
            -- UpdateBVH - Cumulative:     0.00021[s] n_calls:  3770, From last output:     0.00024[s] n_calls:    85
            -- Neighbors - Cumulative:     0.00237[s] n_calls:  3770, From last output:     0.00311[s] n_calls:    85
 
                 Overlap - Cumulative:     0.00125[s] n_calls: 276030, From last output:     0.00223[s] n_calls:  6134
                   Force - Cumulative:     0.00017[s] n_calls: 276030, From last output:     0.00038[s] n_calls:  6134
                    Move - Cumulative:     0.00121[s] n_calls: 276030, From last output:     0.00222[s] n_calls:  6134
                  Output - Cumulative:     0.03248[s] n_calls:    45, From last output:     0.04759[s] n_calls:     1
               Iteration - Cumulative:     0.00284[s] n_calls: 276030, From last output:     0.00517[s] n_calls:  6134

Total Execution Times: 784.42[s], From last output: 31.6893[s]
 
                  Search - Total:       55.58[s] =   7.08 %, From last output:        2.00[s] =   6.32 %
             - Search PP - Total:       31.67[s] =  56.99 %, From last output:        1.25[s] =  62.57 %
             -- Sorting, - Total:        0.38[s] =   1.18 %, From last output:        0.01[s] =   0.97 %
        -- BuildBVHTree, - Total:       11.41[s] =  36.01 %, From last output:        0.49[s] =  39.04 %
           -- Neighbors, - Total:       12.27[s] =  38.75 %, From last output:        0.51[s] =  40.88 %
             - Search PT - Total:       23.89[s] =  42.98 %, From last output:        0.75[s] =  37.41 %
         -- CheckActives - Total:        0.29[s] =   1.20 %, From last output:        0.01[s] =   0.94 %
          -- MarkActives - Total:        0.01[s] =   0.04 %, From last output:        0.00[s] =   0.04 %
          -- PushActives - Total:        0.36[s] =   1.52 %, From last output:        0.01[s] =   1.17 %
            -- UpdateBVH - Total:        0.78[s] =   3.28 %, From last output:        0.02[s] =   2.71 %
            -- Neighbors - Total:        8.93[s] =  37.39 %, From last output:        0.26[s] =  35.27 %
 
                 Overlap - Total:      345.00[s] =  43.98 %, From last output:       13.66[s] =  43.11 %
                   Force - Total:       47.92[s] =   6.11 %, From last output:        2.31[s] =   7.28 %
                    Move - Total:      333.53[s] =  42.52 %, From last output:       13.64[s] =  43.06 %
                  Output - Total:        1.46[s] =   0.19 %, From last output:        0.05[s] =   0.15 %

Module Execution Times:

Total Module Execution Times: 0[s], From last output: 0[s]

Total Execution Times (All listed above):       783.50[s] =  99.88 %
Total Execution Times (Unlisted):                 0.92[s] =   0.12 %

</message>
<info date="2025-10-26 23:44:58" up_time="0:13:52.432">
Issues found since last output!
 - Contacts overlap, an average of:
    0.245% of contacts reached more than 2.5% overlap.
      collected in 148 timesteps totaling 62850 contact overlaps

</info>
<message date="2025-10-26 23:44:58" up_time="0:13:52.480">
	File: 46
	Simulation time: 2.3

	N. Total Particles: 25671
	N. Enabled Particles: 7310
	N. Released Particles: 7382

	N. Enabled Elements: 0
	N. Released Elements: 0
	N. Particle Fragments: 0

	N. Triangles: 1438
	N. Triangle Nodes: 726

	N. Neighbors: 11811
		N. Particle Neighbors: 7294, RR: 0, RN: 0, NN: 7294
		N. Triangle Neighbors: 4517, TR: 0, TN: 4517
	N. Surface Contacts: 431, particles: 89, triangles: 342
	N. Adhesion Contacts: 431, particles: 89, triangles: 342
	Neighbor Contact Ratio: 13.701856

	Estimated Limits of Surface Velocity:
		                 Total - min:      6e+01 max:      7e+01 average:      7e+01
		            Boundaries - min:          3 max:          3 average:          3
		             Particles - min:      6e+01 max:      7e+01 average:      7e+01

	CPU:
		Memory Usage: 347 MB of 16055 MB
		Free Memory: 2099 MB

</message>
<message date="2025-10-26 23:44:58" up_time="0:13:52.481">
Execution Times:
Execution Times per Call:
 
                  Search - Cumulative:     0.00647[s] n_calls:  8911, From last output:     0.00923[s] n_calls:   224
               Search PP - Cumulative:     0.00632[s] n_calls:  5220, From last output:     0.00931[s] n_calls:   139
              -- Sorting - Cumulative:     0.00417[s] n_calls:    92, From last output:     0.00416[s] n_calls:     2
        -- BuildBVHTree, - Cumulative:     0.00228[s] n_calls:  5220, From last output:     0.00363[s] n_calls:   139
            -- Neighbors - Cumulative:     0.00245[s] n_calls:  5220, From last output:     0.00388[s] n_calls:   139
               Search PT - Cumulative:     0.00639[s] n_calls:  3857, From last output:     0.00889[s] n_calls:    87
         -- CheckActives - Cumulative:     0.00008[s] n_calls:  3857, From last output:     0.00009[s] n_calls:    87
          -- MarkActives - Cumulative:     0.00010[s] n_calls:    92, From last output:     0.00015[s] n_calls:     2
          -- PushActives - Cumulative:     0.00010[s] n_calls:  3857, From last output:     0.00011[s] n_calls:    87
            -- UpdateBVH - Cumulative:     0.00021[s] n_calls:  3857, From last output:     0.00026[s] n_calls:    87
            -- Neighbors - Cumulative:     0.00238[s] n_calls:  3857, From last output:     0.00303[s] n_calls:    87
 
                 Overlap - Cumulative:     0.00127[s] n_calls: 282164, From last output:     0.00226[s] n_calls:  6134
                   Force - Cumulative:     0.00018[s] n_calls: 282164, From last output:     0.00038[s] n_calls:  6134
                    Move - Cumulative:     0.00123[s] n_calls: 282164, From last output:     0.00225[s] n_calls:  6134
                  Output - Cumulative:     0.03281[s] n_calls:    46, From last output:     0.04766[s] n_calls:     1
               Iteration - Cumulative:     0.00289[s] n_calls: 282164, From last output:     0.00524[s] n_calls:  6134

Total Execution Times: 816.545[s], From last output: 32.1253[s]
 
                  Search - Total:       57.64[s] =   7.06 %, From last output:        2.07[s] =   6.43 %
             - Search PP - Total:       32.97[s] =  57.19 %, From last output:        1.29[s] =  62.58 %
             -- Sorting, - Total:        0.38[s] =   1.16 %, From last output:        0.01[s] =   0.64 %
        -- BuildBVHTree, - Total:       11.91[s] =  36.13 %, From last output:        0.50[s] =  38.99 %
           -- Neighbors, - Total:       12.81[s] =  38.87 %, From last output:        0.54[s] =  41.69 %
             - Search PT - Total:       24.66[s] =  42.78 %, From last output:        0.77[s] =  37.40 %
         -- CheckActives - Total:        0.29[s] =   1.19 %, From last output:        0.01[s] =   1.05 %
          -- MarkActives - Total:        0.01[s] =   0.04 %, From last output:        0.00[s] =   0.04 %
          -- PushActives - Total:        0.37[s] =   1.52 %, From last output:        0.01[s] =   1.26 %
            -- UpdateBVH - Total:        0.81[s] =   3.27 %, From last output:        0.02[s] =   2.95 %
            -- Neighbors - Total:        9.19[s] =  37.28 %, From last output:        0.26[s] =  34.09 %
 
                 Overlap - Total:      358.86[s] =  43.95 %, From last output:       13.86[s] =  43.13 %
                   Force - Total:       50.27[s] =   6.16 %, From last output:        2.35[s] =   7.30 %
                    Move - Total:      347.32[s] =  42.53 %, From last output:       13.78[s] =  42.90 %
                  Output - Total:        1.51[s] =   0.18 %, From last output:        0.05[s] =   0.15 %

Module Execution Times:

Total Module Execution Times: 0[s], From last output: 0[s]

Total Execution Times (All listed above):       815.60[s] =  99.88 %
Total Execution Times (Unlisted):                 0.95[s] =   0.12 %

</message>
<info date="2025-10-26 23:45:34" up_time="0:14:28.145">
Issues found since last output!
 - Contacts overlap, an average of:
    0.239% of contacts reached more than 2.5% overlap.
      collected in 111 timesteps totaling 46533 contact overlaps

</info>
<message date="2025-10-26 23:45:34" up_time="0:14:28.203">
	File: 47
	Simulation time: 2.35

	N. Total Particles: 25671
	N. Enabled Particles: 7459
	N. Released Particles: 7541

	N. Enabled Elements: 0
	N. Released Elements: 0
	N. Particle Fragments: 0

	N. Triangles: 1438
	N. Triangle Nodes: 726

	N. Neighbors: 12071
		N. Particle Neighbors: 7444, RR: 0, RN: 0, NN: 7444
		N. Triangle Neighbors: 4627, TR: 0, TN: 4627
	N. Surface Contacts: 417, particles: 91, triangles: 326
	N. Adhesion Contacts: 418, particles: 91, triangles: 327
	Neighbor Contact Ratio: 14.456287

	Estimated Limits of Surface Velocity:
		                 Total - min:      6e+01 max:      7e+01 average:      6e+01
		            Boundaries - min:          3 max:          3 average:          3
		             Particles - min:      6e+01 max:      7e+01 average:      6e+01

	CPU:
		Memory Usage: 347 MB of 16055 MB
		Free Memory: 1974 MB

</message>
<message date="2025-10-26 23:45:34" up_time="0:14:28.204">
Execution Times:
Execution Times per Call:
 
                  Search - Cumulative:     0.00655[s] n_calls:  9126, From last output:     0.00995[s] n_calls:   215
               Search PP - Cumulative:     0.00641[s] n_calls:  5352, From last output:     0.01010[s] n_calls:   132
              -- Sorting - Cumulative:     0.00418[s] n_calls:    94, From last output:     0.00481[s] n_calls:     2
        -- BuildBVHTree, - Cumulative:     0.00232[s] n_calls:  5352, From last output:     0.00390[s] n_calls:   132
            -- Neighbors - Cumulative:     0.00250[s] n_calls:  5352, From last output:     0.00420[s] n_calls:   132
               Search PT - Cumulative:     0.00646[s] n_calls:  3942, From last output:     0.00950[s] n_calls:    85
         -- CheckActives - Cumulative:     0.00008[s] n_calls:  3942, From last output:     0.00010[s] n_calls:    85
          -- MarkActives - Cumulative:     0.00010[s] n_calls:    94, From last output:     0.00013[s] n_calls:     2
          -- PushActives - Cumulative:     0.00010[s] n_calls:  3942, From last output:     0.00011[s] n_calls:    85
            -- UpdateBVH - Cumulative:     0.00021[s] n_calls:  3942, From last output:     0.00025[s] n_calls:    85
            -- Neighbors - Cumulative:     0.00240[s] n_calls:  3942, From last output:     0.00326[s] n_calls:    85
 
                 Overlap - Cumulative:     0.00130[s] n_calls: 288298, From last output:     0.00244[s] n_calls:  6134
                   Force - Cumulative:     0.00018[s] n_calls: 288298, From last output:     0.00042[s] n_calls:  6134
                    Move - Cumulative:     0.00126[s] n_calls: 288298, From last output:     0.00260[s] n_calls:  6134
                  Output - Cumulative:     0.03336[s] n_calls:    47, From last output:     0.05868[s] n_calls:     1
               Iteration - Cumulative:     0.00296[s] n_calls: 288298, From last output:     0.00582[s] n_calls:  6134

Total Execution Times: 852.253[s], From last output: 35.7085[s]
 
                  Search - Total:       59.78[s] =   7.01 %, From last output:        2.14[s] =   5.99 %
             - Search PP - Total:       34.30[s] =  57.38 %, From last output:        1.33[s] =  62.26 %
             -- Sorting, - Total:        0.39[s] =   1.15 %, From last output:        0.01[s] =   0.72 %
        -- BuildBVHTree, - Total:       12.43[s] =  36.23 %, From last output:        0.52[s] =  38.65 %
           -- Neighbors, - Total:       13.37[s] =  38.97 %, From last output:        0.56[s] =  41.65 %
             - Search PT - Total:       25.47[s] =  42.60 %, From last output:        0.81[s] =  37.72 %
         -- CheckActives - Total:        0.30[s] =   1.19 %, From last output:        0.01[s] =   1.00 %
          -- MarkActives - Total:        0.01[s] =   0.04 %, From last output:        0.00[s] =   0.03 %
          -- PushActives - Total:        0.38[s] =   1.50 %, From last output:        0.01[s] =   1.16 %
            -- UpdateBVH - Total:        0.83[s] =   3.25 %, From last output:        0.02[s] =   2.62 %
            -- Neighbors - Total:        9.47[s] =  37.19 %, From last output:        0.28[s] =  34.36 %
 
                 Overlap - Total:      373.83[s] =  43.86 %, From last output:       14.97[s] =  41.94 %
                   Force - Total:       52.84[s] =   6.20 %, From last output:        2.57[s] =   7.21 %
                    Move - Total:      363.25[s] =  42.62 %, From last output:       15.93[s] =  44.62 %
                  Output - Total:        1.57[s] =   0.18 %, From last output:        0.06[s] =   0.16 %

Module Execution Times:

Total Module Execution Times: 0[s], From last output: 0[s]

Total Execution Times (All listed above):       851.28[s] =  99.89 %
Total Execution Times (Unlisted):                 0.98[s] =   0.11 %

</message>
<info date="2025-10-26 23:46:10" up_time="0:15:4.288">
Issues found since last output!
 - Contacts overlap, an average of:
    0.233% of contacts reached more than 2.5% overlap.
      collected in 144 timesteps totaling 61756 contact overlaps

</info>
<message date="2025-10-26 23:46:10" up_time="0:15:4.332">
	File: 48
	Simulation time: 2.4

	N. Total Particles: 25671
	N. Enabled Particles: 7616
	N. Released Particles: 7703

	N. Enabled Elements: 0
	N. Released Elements: 0
	N. Particle Fragments: 0

	N. Triangles: 1438
	N. Triangle Nodes: 726

	N. Neighbors: 12097
		N. Particle Neighbors: 7483, RR: 0, RN: 0, NN: 7483
		N. Triangle Neighbors: 4614, TR: 0, TN: 4614
	N. Surface Contacts: 456, particles: 81, triangles: 375
	N. Adhesion Contacts: 456, particles: 81, triangles: 375
	Neighbor Contact Ratio: 13.264254

	Estimated Limits of Surface Velocity:
		                 Total - min:      6e+01 max:      7e+01 average:      6e+01
		            Boundaries - min:          3 max:          3 average:          3
		             Particles - min:      6e+01 max:      7e+01 average:      6e+01

	CPU:
		Memory Usage: 347 MB of 16055 MB
		Free Memory: 2137 MB

</message>
<message date="2025-10-26 23:46:10" up_time="0:15:4.333">
Execution Times:
Execution Times per Call:
 
                  Search - Cumulative:     0.00664[s] n_calls:  9341, From last output:     0.01047[s] n_calls:   215
               Search PP - Cumulative:     0.00651[s] n_calls:  5486, From last output:     0.01048[s] n_calls:   134
              -- Sorting - Cumulative:     0.00421[s] n_calls:    96, From last output:     0.00535[s] n_calls:     2
        -- BuildBVHTree, - Cumulative:     0.00236[s] n_calls:  5486, From last output:     0.00401[s] n_calls:   134
            -- Neighbors - Cumulative:     0.00254[s] n_calls:  5486, From last output:     0.00438[s] n_calls:   134
               Search PT - Cumulative:     0.00653[s] n_calls:  4028, From last output:     0.00984[s] n_calls:    86
         -- CheckActives - Cumulative:     0.00008[s] n_calls:  4028, From last output:     0.00009[s] n_calls:    86
          -- MarkActives - Cumulative:     0.00010[s] n_calls:    96, From last output:     0.00020[s] n_calls:     2
          -- PushActives - Cumulative:     0.00010[s] n_calls:  4028, From last output:     0.00013[s] n_calls:    86
            -- UpdateBVH - Cumulative:     0.00021[s] n_calls:  4028, From last output:     0.00027[s] n_calls:    86
            -- Neighbors - Cumulative:     0.00242[s] n_calls:  4028, From last output:     0.00333[s] n_calls:    86
 
                 Overlap - Cumulative:     0.00132[s] n_calls: 294432, From last output:     0.00250[s] n_calls:  6134
                   Force - Cumulative:     0.00019[s] n_calls: 294432, From last output:     0.00042[s] n_calls:  6134
                    Move - Cumulative:     0.00129[s] n_calls: 294432, From last output:     0.00259[s] n_calls:  6134
                  Output - Cumulative:     0.03357[s] n_calls:    48, From last output:     0.04367[s] n_calls:     1
               Iteration - Cumulative:     0.00302[s] n_calls: 294432, From last output:     0.00589[s] n_calls:  6134

Total Execution Times: 888.367[s], From last output: 36.1142[s]
 
                  Search - Total:       62.03[s] =   6.98 %, From last output:        2.25[s] =   6.24 %
             - Search PP - Total:       35.71[s] =  57.56 %, From last output:        1.40[s] =  62.38 %
             -- Sorting, - Total:        0.40[s] =   1.13 %, From last output:        0.01[s] =   0.76 %
        -- BuildBVHTree, - Total:       12.96[s] =  36.31 %, From last output:        0.54[s] =  38.22 %
           -- Neighbors, - Total:       13.96[s] =  39.09 %, From last output:        0.59[s] =  41.82 %
             - Search PT - Total:       26.31[s] =  42.42 %, From last output:        0.85[s] =  37.60 %
         -- CheckActives - Total:        0.31[s] =   1.18 %, From last output:        0.01[s] =   0.94 %
          -- MarkActives - Total:        0.01[s] =   0.04 %, From last output:        0.00[s] =   0.05 %
          -- PushActives - Total:        0.39[s] =   1.50 %, From last output:        0.01[s] =   1.32 %
            -- UpdateBVH - Total:        0.85[s] =   3.24 %, From last output:        0.02[s] =   2.72 %
            -- Neighbors - Total:        9.76[s] =  37.08 %, From last output:        0.29[s] =  33.83 %
 
                 Overlap - Total:      389.15[s] =  43.81 %, From last output:       15.32[s] =  42.42 %
                   Force - Total:       55.45[s] =   6.24 %, From last output:        2.61[s] =   7.22 %
                    Move - Total:      379.12[s] =  42.68 %, From last output:       15.87[s] =  43.93 %
                  Output - Total:        1.61[s] =   0.18 %, From last output:        0.04[s] =   0.12 %

Module Execution Times:

Total Module Execution Times: 0[s], From last output: 0[s]

Total Execution Times (All listed above):       887.36[s] =  99.89 %
Total Execution Times (Unlisted):                 1.01[s] =   0.11 %

</message>
<info date="2025-10-26 23:46:45" up_time="0:15:39.605">
Issues found since last output!
 - Contacts overlap, an average of:
    0.223% of contacts reached more than 2.5% overlap.
      collected in 180 timesteps totaling 80660 contact overlaps

</info>
<message date="2025-10-26 23:46:45" up_time="0:15:39.650">
	File: 49
	Simulation time: 2.45

	N. Total Particles: 25671
	N. Enabled Particles: 7772
	N. Released Particles: 7863

	N. Enabled Elements: 0
	N. Released Elements: 0
	N. Particle Fragments: 0

	N. Triangles: 1438
	N. Triangle Nodes: 726

	N. Neighbors: 12544
		N. Particle Neighbors: 7857, RR: 0, RN: 0, NN: 7857
		N. Triangle Neighbors: 4687, TR: 0, TN: 4687
	N. Surface Contacts: 448, particles: 70, triangles: 378
	N. Adhesion Contacts: 451, particles: 71, triangles: 380
	Neighbor Contact Ratio: 13.953281

	Estimated Limits of Surface Velocity:
		                 Total - min:      6e+01 max:      7e+01 average:      6e+01
		            Boundaries - min:          3 max:          3 average:          3
		             Particles - min:      6e+01 max:      7e+01 average:      6e+01

	CPU:
		Memory Usage: 347 MB of 16055 MB
		Free Memory: 2176 MB

</message>
<message date="2025-10-26 23:46:45" up_time="0:15:39.652">
Execution Times:
Execution Times per Call:
 
                  Search - Cumulative:     0.00672[s] n_calls:  9551, From last output:     0.01020[s] n_calls:   210
               Search PP - Cumulative:     0.00659[s] n_calls:  5617, From last output:     0.01015[s] n_calls:   131
              -- Sorting - Cumulative:     0.00423[s] n_calls:    98, From last output:     0.00519[s] n_calls:     2
        -- BuildBVHTree, - Cumulative:     0.00240[s] n_calls:  5617, From last output:     0.00400[s] n_calls:   131
            -- Neighbors - Cumulative:     0.00258[s] n_calls:  5617, From last output:     0.00415[s] n_calls:   131
               Search PT - Cumulative:     0.00660[s] n_calls:  4112, From last output:     0.00966[s] n_calls:    84
         -- CheckActives - Cumulative:     0.00008[s] n_calls:  4112, From last output:     0.00009[s] n_calls:    84
          -- MarkActives - Cumulative:     0.00010[s] n_calls:    98, From last output:     0.00009[s] n_calls:     2
          -- PushActives - Cumulative:     0.00010[s] n_calls:  4112, From last output:     0.00010[s] n_calls:    84
            -- UpdateBVH - Cumulative:     0.00021[s] n_calls:  4112, From last output:     0.00025[s] n_calls:    84
            -- Neighbors - Cumulative:     0.00244[s] n_calls:  4112, From last output:     0.00329[s] n_calls:    84
 
                 Overlap - Cumulative:     0.00134[s] n_calls: 300566, From last output:     0.00246[s] n_calls:  6134
                   Force - Cumulative:     0.00019[s] n_calls: 300566, From last output:     0.00043[s] n_calls:  6134
                    Move - Cumulative:     0.00131[s] n_calls: 300566, From last output:     0.00251[s] n_calls:  6134
                  Output - Cumulative:     0.03382[s] n_calls:    49, From last output:     0.04566[s] n_calls:     1
               Iteration - Cumulative:     0.00307[s] n_calls: 300566, From last output:     0.00576[s] n_calls:  6134

Total Execution Times: 923.671[s], From last output: 35.3049[s]
 
                  Search - Total:       64.18[s] =   6.95 %, From last output:        2.14[s] =   6.07 %
             - Search PP - Total:       37.04[s] =  57.71 %, From last output:        1.33[s] =  62.10 %
             -- Sorting, - Total:        0.41[s] =   1.12 %, From last output:        0.01[s] =   0.78 %
        -- BuildBVHTree, - Total:       13.49[s] =  36.42 %, From last output:        0.52[s] =  39.43 %
           -- Neighbors, - Total:       14.50[s] =  39.15 %, From last output:        0.54[s] =  40.86 %
             - Search PT - Total:       27.13[s] =  42.27 %, From last output:        0.81[s] =  37.89 %
         -- CheckActives - Total:        0.32[s] =   1.17 %, From last output:        0.01[s] =   0.94 %
          -- MarkActives - Total:        0.01[s] =   0.04 %, From last output:        0.00[s] =   0.02 %
          -- PushActives - Total:        0.40[s] =   1.49 %, From last output:        0.01[s] =   1.08 %
            -- UpdateBVH - Total:        0.87[s] =   3.22 %, From last output:        0.02[s] =   2.58 %
            -- Neighbors - Total:       10.03[s] =  36.99 %, From last output:        0.28[s] =  34.08 %
 
                 Overlap - Total:      404.23[s] =  43.76 %, From last output:       15.08[s] =  42.71 %
                   Force - Total:       58.08[s] =   6.29 %, From last output:        2.63[s] =   7.46 %
                    Move - Total:      394.50[s] =  42.71 %, From last output:       15.38[s] =  43.57 %
                  Output - Total:        1.66[s] =   0.18 %, From last output:        0.05[s] =   0.13 %

Module Execution Times:

Total Module Execution Times: 0[s], From last output: 0[s]

Total Execution Times (All listed above):       922.64[s] =  99.89 %
Total Execution Times (Unlisted):                 1.03[s] =   0.11 %

</message>
<info date="2025-10-26 23:47:20" up_time="0:16:15.45">
Issues found since last output!
 - Contacts overlap, an average of:
    0.219% of contacts reached more than 2.5% overlap.
      collected in 190 timesteps totaling 87249 contact overlaps

</info>
<message date="2025-10-26 23:47:21" up_time="0:16:15.106">
	File: 50
	Simulation time: 2.5

	N. Total Particles: 25671
	N. Enabled Particles: 7929
	N. Released Particles: 8023

	N. Enabled Elements: 0
	N. Released Elements: 0
	N. Particle Fragments: 0

	N. Triangles: 1438
	N. Triangle Nodes: 726

	N. Neighbors: 12803
		N. Particle Neighbors: 8070, RR: 0, RN: 0, NN: 8070
		N. Triangle Neighbors: 4733, TR: 0, TN: 4733
	N. Surface Contacts: 466, particles: 99, triangles: 367
	N. Adhesion Contacts: 466, particles: 99, triangles: 367
	Neighbor Contact Ratio: 13.737124

	Estimated Limits of Surface Velocity:
		                 Total - min:      6e+01 max:      7e+01 average:      6e+01
		            Boundaries - min:          3 max:          3 average:          3
		             Particles - min:      6e+01 max:      7e+01 average:      6e+01

	CPU:
		Memory Usage: 347 MB of 16055 MB
		Free Memory: 2157 MB

</message>
<message date="2025-10-26 23:47:21" up_time="0:16:15.108">
Execution Times:
Execution Times per Call:
 
                  Search - Cumulative:     0.00679[s] n_calls:  9767, From last output:     0.01007[s] n_calls:   216
               Search PP - Cumulative:     0.00667[s] n_calls:  5751, From last output:     0.01001[s] n_calls:   134
              -- Sorting - Cumulative:     0.00424[s] n_calls:   100, From last output:     0.00467[s] n_calls:     2
        -- BuildBVHTree, - Cumulative:     0.00244[s] n_calls:  5751, From last output:     0.00396[s] n_calls:   134
            -- Neighbors - Cumulative:     0.00262[s] n_calls:  5751, From last output:     0.00404[s] n_calls:   134
               Search PT - Cumulative:     0.00666[s] n_calls:  4198, From last output:     0.00969[s] n_calls:    86
         -- CheckActives - Cumulative:     0.00008[s] n_calls:  4198, From last output:     0.00010[s] n_calls:    86
          -- MarkActives - Cumulative:     0.00010[s] n_calls:   100, From last output:     0.00008[s] n_calls:     2
          -- PushActives - Cumulative:     0.00010[s] n_calls:  4198, From last output:     0.00012[s] n_calls:    86
            -- UpdateBVH - Cumulative:     0.00021[s] n_calls:  4198, From last output:     0.00026[s] n_calls:    86
            -- Neighbors - Cumulative:     0.00246[s] n_calls:  4198, From last output:     0.00333[s] n_calls:    86
 
                 Overlap - Cumulative:     0.00137[s] n_calls: 306700, From last output:     0.00244[s] n_calls:  6134
                   Force - Cumulative:     0.00020[s] n_calls: 306700, From last output:     0.00042[s] n_calls:  6134
                    Move - Cumulative:     0.00134[s] n_calls: 306700, From last output:     0.00254[s] n_calls:  6134
                  Output - Cumulative:     0.03436[s] n_calls:    50, From last output:     0.06082[s] n_calls:     1
               Iteration - Cumulative:     0.00313[s] n_calls: 306700, From last output:     0.00578[s] n_calls:  6134

Total Execution Times: 959.112[s], From last output: 35.4415[s]
 
                  Search - Total:       66.35[s] =   6.92 %, From last output:        2.18[s] =   6.14 %
             - Search PP - Total:       38.38[s] =  57.84 %, From last output:        1.34[s] =  61.66 %
             -- Sorting, - Total:        0.42[s] =   1.10 %, From last output:        0.01[s] =   0.70 %
        -- BuildBVHTree, - Total:       14.02[s] =  36.53 %, From last output:        0.53[s] =  39.52 %
           -- Neighbors, - Total:       15.04[s] =  39.19 %, From last output:        0.54[s] =  40.39 %
             - Search PT - Total:       27.96[s] =  42.14 %, From last output:        0.83[s] =  38.32 %
         -- CheckActives - Total:        0.33[s] =   1.17 %, From last output:        0.01[s] =   1.07 %
          -- MarkActives - Total:        0.01[s] =   0.04 %, From last output:        0.00[s] =   0.02 %
          -- PushActives - Total:        0.41[s] =   1.48 %, From last output:        0.01[s] =   1.23 %
            -- UpdateBVH - Total:        0.89[s] =   3.20 %, From last output:        0.02[s] =   2.71 %
            -- Neighbors - Total:       10.32[s] =  36.91 %, From last output:        0.29[s] =  34.34 %
 
                 Overlap - Total:      419.22[s] =  43.71 %, From last output:       15.00[s] =  42.31 %
                   Force - Total:       60.68[s] =   6.33 %, From last output:        2.59[s] =   7.32 %
                    Move - Total:      410.09[s] =  42.76 %, From last output:       15.59[s] =  43.99 %
                  Output - Total:        1.72[s] =   0.18 %, From last output:        0.06[s] =   0.17 %

Module Execution Times:

Total Module Execution Times: 0[s], From last output: 0[s]

Total Execution Times (All listed above):       958.05[s] =  99.89 %
Total Execution Times (Unlisted):                 1.06[s] =   0.11 %

</message>
<info date="2025-10-26 23:47:56" up_time="0:16:50.990">
Issues found since last output!
 - Contacts overlap, an average of:
    0.204% of contacts reached more than 2.5% overlap.
      collected in 107 timesteps totaling 52365 contact overlaps

</info>
<message date="2025-10-26 23:47:56" up_time="0:16:51.52">
	File: 51
	Simulation time: 2.55

	N. Total Particles: 25671
	N. Enabled Particles: 8088
	N. Released Particles: 8184

	N. Enabled Elements: 0
	N. Released Elements: 0
	N. Particle Fragments: 0

	N. Triangles: 1438
	N. Triangle Nodes: 726

	N. Neighbors: 13069
		N. Particle Neighbors: 8407, RR: 0, RN: 0, NN: 8407
		N. Triangle Neighbors: 4662, TR: 0, TN: 4662
	N. Surface Contacts: 501, particles: 123, triangles: 378
	N. Adhesion Contacts: 501, particles: 123, triangles: 378
	Neighbor Contact Ratio: 13.042914

	Estimated Limits of Surface Velocity:
		                 Total - min:      6e+01 max:      7e+01 average:      6e+01
		            Boundaries - min:          3 max:          3 average:          3
		             Particles - min:      6e+01 max:      7e+01 average:      6e+01

	CPU:
		Memory Usage: 347 MB of 16055 MB
		Free Memory: 2117 MB

</message>
<message date="2025-10-26 23:47:56" up_time="0:16:51.53">
Execution Times:
Execution Times per Call:
 
                  Search - Cumulative:     0.00686[s] n_calls:  9982, From last output:     0.01009[s] n_calls:   215
               Search PP - Cumulative:     0.00675[s] n_calls:  5884, From last output:     0.01023[s] n_calls:   133
              -- Sorting - Cumulative:     0.00429[s] n_calls:   102, From last output:     0.00710[s] n_calls:     2
        -- BuildBVHTree, - Cumulative:     0.00247[s] n_calls:  5884, From last output:     0.00402[s] n_calls:   133
            -- Neighbors - Cumulative:     0.00265[s] n_calls:  5884, From last output:     0.00415[s] n_calls:   133
               Search PT - Cumulative:     0.00672[s] n_calls:  4284, From last output:     0.00941[s] n_calls:    86
         -- CheckActives - Cumulative:     0.00008[s] n_calls:  4284, From last output:     0.00009[s] n_calls:    86
          -- MarkActives - Cumulative:     0.00010[s] n_calls:   102, From last output:     0.00013[s] n_calls:     2
          -- PushActives - Cumulative:     0.00010[s] n_calls:  4284, From last output:     0.00010[s] n_calls:    86
            -- UpdateBVH - Cumulative:     0.00021[s] n_calls:  4284, From last output:     0.00025[s] n_calls:    86
            -- Neighbors - Cumulative:     0.00247[s] n_calls:  4284, From last output:     0.00309[s] n_calls:    86
 
                 Overlap - Cumulative:     0.00139[s] n_calls: 312834, From last output:     0.00252[s] n_calls:  6134
                   Force - Cumulative:     0.00020[s] n_calls: 312834, From last output:     0.00042[s] n_calls:  6134
                    Move - Cumulative:     0.00136[s] n_calls: 312834, From last output:     0.00255[s] n_calls:  6134
                  Output - Cumulative:     0.03489[s] n_calls:    51, From last output:     0.06169[s] n_calls:     1
               Iteration - Cumulative:     0.00318[s] n_calls: 312834, From last output:     0.00586[s] n_calls:  6134

Total Execution Times: 995.042[s], From last output: 35.9313[s]
 
                  Search - Total:       68.52[s] =   6.89 %, From last output:        2.17[s] =   6.04 %
             - Search PP - Total:       39.74[s] =  57.99 %, From last output:        1.36[s] =  62.68 %
             -- Sorting, - Total:        0.44[s] =   1.10 %, From last output:        0.01[s] =   1.04 %
        -- BuildBVHTree, - Total:       14.55[s] =  36.62 %, From last output:        0.53[s] =  39.28 %
           -- Neighbors, - Total:       15.59[s] =  39.24 %, From last output:        0.55[s] =  40.59 %
             - Search PT - Total:       28.77[s] =  41.98 %, From last output:        0.81[s] =  37.30 %
         -- CheckActives - Total:        0.33[s] =   1.16 %, From last output:        0.01[s] =   0.97 %
          -- MarkActives - Total:        0.01[s] =   0.04 %, From last output:        0.00[s] =   0.03 %
          -- PushActives - Total:        0.42[s] =   1.47 %, From last output:        0.01[s] =   1.11 %
            -- UpdateBVH - Total:        0.92[s] =   3.19 %, From last output:        0.02[s] =   2.71 %
            -- Neighbors - Total:       10.59[s] =  36.80 %, From last output:        0.27[s] =  32.81 %
 
                 Overlap - Total:      434.67[s] =  43.68 %, From last output:       15.45[s] =  42.99 %
                   Force - Total:       63.28[s] =   6.36 %, From last output:        2.60[s] =   7.25 %
                    Move - Total:      425.71[s] =  42.78 %, From last output:       15.62[s] =  43.48 %
                  Output - Total:        1.78[s] =   0.18 %, From last output:        0.06[s] =   0.17 %

Module Execution Times:

Total Module Execution Times: 0[s], From last output: 0[s]

Total Execution Times (All listed above):       993.96[s] =  99.89 %
Total Execution Times (Unlisted):                 1.09[s] =   0.11 %

</message>
<info date="2025-10-26 23:48:37" up_time="0:17:31.106">
Issues found since last output!
 - Contacts overlap, an average of:
    0.215% of contacts reached more than 2.5% overlap.
      collected in 142 timesteps totaling 68858 contact overlaps

</info>
<message date="2025-10-26 23:48:37" up_time="0:17:31.161">
	File: 52
	Simulation time: 2.6

	N. Total Particles: 25671
	N. Enabled Particles: 8245
	N. Released Particles: 8344

	N. Enabled Elements: 0
	N. Released Elements: 0
	N. Particle Fragments: 0

	N. Triangles: 1438
	N. Triangle Nodes: 726

	N. Neighbors: 13767
		N. Particle Neighbors: 8940, RR: 0, RN: 0, NN: 8940
		N. Triangle Neighbors: 4827, TR: 0, TN: 4827
	N. Surface Contacts: 468, particles: 96, triangles: 372
	N. Adhesion Contacts: 468, particles: 96, triangles: 372
	Neighbor Contact Ratio: 14.708333

	Estimated Limits of Surface Velocity:
		                 Total - min:      6e+01 max:      7e+01 average:      6e+01
		            Boundaries - min:          3 max:          3 average:          3
		             Particles - min:      6e+01 max:      7e+01 average:      6e+01

	CPU:
		Memory Usage: 348 MB of 16055 MB
		Free Memory: 2146 MB

</message>
<message date="2025-10-26 23:48:37" up_time="0:17:31.162">
Execution Times:
Execution Times per Call:
 
                  Search - Cumulative:     0.00696[s] n_calls: 10193, From last output:     0.01126[s] n_calls:   211
               Search PP - Cumulative:     0.00685[s] n_calls:  6015, From last output:     0.01135[s] n_calls:   131
              -- Sorting - Cumulative:     0.00432[s] n_calls:   104, From last output:     0.00586[s] n_calls:     2
        -- BuildBVHTree, - Cumulative:     0.00252[s] n_calls:  6015, From last output:     0.00444[s] n_calls:   131
            -- Neighbors - Cumulative:     0.00269[s] n_calls:  6015, From last output:     0.00470[s] n_calls:   131
               Search PT - Cumulative:     0.00679[s] n_calls:  4368, From last output:     0.01059[s] n_calls:    84
         -- CheckActives - Cumulative:     0.00008[s] n_calls:  4368, From last output:     0.00009[s] n_calls:    84
          -- MarkActives - Cumulative:     0.00010[s] n_calls:   104, From last output:     0.00011[s] n_calls:     2
          -- PushActives - Cumulative:     0.00010[s] n_calls:  4368, From last output:     0.00011[s] n_calls:    84
            -- UpdateBVH - Cumulative:     0.00022[s] n_calls:  4368, From last output:     0.00027[s] n_calls:    84
            -- Neighbors - Cumulative:     0.00249[s] n_calls:  4368, From last output:     0.00357[s] n_calls:    84
 
                 Overlap - Cumulative:     0.00142[s] n_calls: 318968, From last output:     0.00281[s] n_calls:  6134
                   Force - Cumulative:     0.00021[s] n_calls: 318968, From last output:     0.00046[s] n_calls:  6134
                    Move - Cumulative:     0.00139[s] n_calls: 318968, From last output:     0.00286[s] n_calls:  6134
                  Output - Cumulative:     0.03528[s] n_calls:    52, From last output:     0.05483[s] n_calls:     1
               Iteration - Cumulative:     0.00325[s] n_calls: 318968, From last output:     0.00654[s] n_calls:  6134

Total Execution Times: 1035.14[s], From last output: 40.0943[s]
 
                  Search - Total:       70.90[s] =   6.85 %, From last output:        2.38[s] =   5.93 %
             - Search PP - Total:       41.22[s] =  58.14 %, From last output:        1.49[s] =  62.55 %
             -- Sorting, - Total:        0.45[s] =   1.09 %, From last output:        0.01[s] =   0.79 %
        -- BuildBVHTree, - Total:       15.13[s] =  36.71 %, From last output:        0.58[s] =  39.13 %
           -- Neighbors, - Total:       16.21[s] =  39.32 %, From last output:        0.62[s] =  41.45 %
             - Search PT - Total:       29.66[s] =  41.83 %, From last output:        0.89[s] =  37.43 %
         -- CheckActives - Total:        0.34[s] =   1.15 %, From last output:        0.01[s] =   0.87 %
          -- MarkActives - Total:        0.01[s] =   0.04 %, From last output:        0.00[s] =   0.03 %
          -- PushActives - Total:        0.43[s] =   1.46 %, From last output:        0.01[s] =   1.05 %
            -- UpdateBVH - Total:        0.94[s] =   3.17 %, From last output:        0.02[s] =   2.54 %
            -- Neighbors - Total:       10.89[s] =  36.71 %, From last output:        0.30[s] =  33.76 %
 
                 Overlap - Total:      451.91[s] =  43.66 %, From last output:       17.25[s] =  43.02 %
                   Force - Total:       66.11[s] =   6.39 %, From last output:        2.83[s] =   7.06 %
                    Move - Total:      443.26[s] =  42.82 %, From last output:       17.56[s] =  43.79 %
                  Output - Total:        1.83[s] =   0.18 %, From last output:        0.05[s] =   0.14 %

Module Execution Times:

Total Module Execution Times: 0[s], From last output: 0[s]

Total Execution Times (All listed above):      1034.02[s] =  99.89 %
Total Execution Times (Unlisted):                 1.11[s] =   0.11 %

</message>
<info date="2025-10-26 23:49:14" up_time="0:18:8.293">
Issues found since last output!
 - Contacts overlap, an average of:
    0.202% of contacts reached more than 2.5% overlap.
      collected in 96 timesteps totaling 47574 contact overlaps

</info>
<message date="2025-10-26 23:49:14" up_time="0:18:8.350">
	File: 53
	Simulation time: 2.65

	N. Total Particles: 25671
	N. Enabled Particles: 8406
	N. Released Particles: 8505

	N. Enabled Elements: 0
	N. Released Elements: 0
	N. Particle Fragments: 0

	N. Triangles: 1438
	N. Triangle Nodes: 726

	N. Neighbors: 14315
		N. Particle Neighbors: 9235, RR: 0, RN: 0, NN: 9235
		N. Triangle Neighbors: 5080, TR: 0, TN: 5080
	N. Surface Contacts: 545, particles: 141, triangles: 404
	N. Adhesion Contacts: 546, particles: 141, triangles: 405
	Neighbor Contact Ratio: 13.120990

	Estimated Limits of Surface Velocity:
		                 Total - min:      6e+01 max:      7e+01 average:      6e+01
		            Boundaries - min:          3 max:          3 average:          3
		             Particles - min:      6e+01 max:      7e+01 average:      6e+01

	CPU:
		Memory Usage: 348 MB of 16055 MB
		Free Memory: 2102 MB

</message>
<message date="2025-10-26 23:49:14" up_time="0:18:8.351">
Execution Times:
Execution Times per Call:
 
                  Search - Cumulative:     0.00703[s] n_calls: 10403, From last output:     0.01045[s] n_calls:   210
               Search PP - Cumulative:     0.00694[s] n_calls:  6145, From last output:     0.01079[s] n_calls:   130
              -- Sorting - Cumulative:     0.00433[s] n_calls:   106, From last output:     0.00482[s] n_calls:     2
        -- BuildBVHTree, - Cumulative:     0.00255[s] n_calls:  6145, From last output:     0.00425[s] n_calls:   130
            -- Neighbors - Cumulative:     0.00273[s] n_calls:  6145, From last output:     0.00448[s] n_calls:   130
               Search PT - Cumulative:     0.00684[s] n_calls:  4452, From last output:     0.00944[s] n_calls:    84
         -- CheckActives - Cumulative:     0.00008[s] n_calls:  4452, From last output:     0.00008[s] n_calls:    84
          -- MarkActives - Cumulative:     0.00010[s] n_calls:   106, From last output:     0.00009[s] n_calls:     2
          -- PushActives - Cumulative:     0.00010[s] n_calls:  4452, From last output:     0.00011[s] n_calls:    84
            -- UpdateBVH - Cumulative:     0.00022[s] n_calls:  4452, From last output:     0.00025[s] n_calls:    84
            -- Neighbors - Cumulative:     0.00251[s] n_calls:  4452, From last output:     0.00328[s] n_calls:    84
 
                 Overlap - Cumulative:     0.00144[s] n_calls: 325102, From last output:     0.00267[s] n_calls:  6134
                   Force - Cumulative:     0.00021[s] n_calls: 325102, From last output:     0.00043[s] n_calls:  6134
                    Move - Cumulative:     0.00141[s] n_calls: 325102, From last output:     0.00259[s] n_calls:  6134
                  Output - Cumulative:     0.03570[s] n_calls:    53, From last output:     0.05754[s] n_calls:     1
               Iteration - Cumulative:     0.00330[s] n_calls: 325102, From last output:     0.00606[s] n_calls:  6134

Total Execution Times: 1072.31[s], From last output: 37.1752[s]
 
                  Search - Total:       73.09[s] =   6.82 %, From last output:        2.20[s] =   5.90 %
             - Search PP - Total:       42.63[s] =  58.32 %, From last output:        1.40[s] =  63.87 %
             -- Sorting, - Total:        0.46[s] =   1.08 %, From last output:        0.01[s] =   0.69 %
        -- BuildBVHTree, - Total:       15.69[s] =  36.80 %, From last output:        0.55[s] =  39.41 %
           -- Neighbors, - Total:       16.79[s] =  39.39 %, From last output:        0.58[s] =  41.51 %
             - Search PT - Total:       30.45[s] =  41.66 %, From last output:        0.79[s] =  36.11 %
         -- CheckActives - Total:        0.35[s] =   1.15 %, From last output:        0.01[s] =   0.87 %
          -- MarkActives - Total:        0.01[s] =   0.04 %, From last output:        0.00[s] =   0.02 %
          -- PushActives - Total:        0.44[s] =   1.45 %, From last output:        0.01[s] =   1.15 %
            -- UpdateBVH - Total:        0.96[s] =   3.15 %, From last output:        0.02[s] =   2.66 %
            -- Neighbors - Total:       11.16[s] =  36.66 %, From last output:        0.28[s] =  34.76 %
 
                 Overlap - Total:      468.31[s] =  43.67 %, From last output:       16.40[s] =  44.11 %
                   Force - Total:       68.75[s] =   6.41 %, From last output:        2.64[s] =   7.09 %
                    Move - Total:      459.13[s] =  42.82 %, From last output:       15.86[s] =  42.67 %
                  Output - Total:        1.89[s] =   0.18 %, From last output:        0.06[s] =   0.15 %

Module Execution Times:

Total Module Execution Times: 0[s], From last output: 0[s]

Total Execution Times (All listed above):      1071.17[s] =  99.89 %
Total Execution Times (Unlisted):                 1.14[s] =   0.11 %

</message>
<info date="2025-10-26 23:49:52" up_time="0:18:46.112">
Issues found since last output!
 - Contacts overlap, an average of:
    0.195% of contacts reached more than 2.5% overlap.
      collected in 115 timesteps totaling 58882 contact overlaps

</info>
<message date="2025-10-26 23:49:52" up_time="0:18:46.171">
	File: 54
	Simulation time: 2.7

	N. Total Particles: 25671
	N. Enabled Particles: 8563
	N. Released Particles: 8664

	N. Enabled Elements: 0
	N. Released Elements: 0
	N. Particle Fragments: 0

	N. Triangles: 1438
	N. Triangle Nodes: 726

	N. Neighbors: 14631
		N. Particle Neighbors: 9691, RR: 0, RN: 0, NN: 9691
		N. Triangle Neighbors: 4940, TR: 0, TN: 4940
	N. Surface Contacts: 514, particles: 139, triangles: 375
	N. Adhesion Contacts: 514, particles: 139, triangles: 375
	Neighbor Contact Ratio: 14.232490

	Estimated Limits of Surface Velocity:
		                 Total - min:      6e+01 max:      7e+01 average:      6e+01
		            Boundaries - min:          3 max:          3 average:          3
		             Particles - min:      6e+01 max:      7e+01 average:      6e+01

	CPU:
		Memory Usage: 348 MB of 16055 MB
		Free Memory: 2086 MB

</message>
<message date="2025-10-26 23:49:52" up_time="0:18:46.173">
Execution Times:
Execution Times per Call:
 
                  Search - Cumulative:     0.00709[s] n_calls: 10620, From last output:     0.01036[s] n_calls:   217
               Search PP - Cumulative:     0.00702[s] n_calls:  6277, From last output:     0.01080[s] n_calls:   132
              -- Sorting - Cumulative:     0.00436[s] n_calls:   108, From last output:     0.00556[s] n_calls:     2
        -- BuildBVHTree, - Cumulative:     0.00259[s] n_calls:  6277, From last output:     0.00426[s] n_calls:   132
            -- Neighbors - Cumulative:     0.00277[s] n_calls:  6277, From last output:     0.00441[s] n_calls:   132
               Search PT - Cumulative:     0.00689[s] n_calls:  4539, From last output:     0.00945[s] n_calls:    87
         -- CheckActives - Cumulative:     0.00008[s] n_calls:  4539, From last output:     0.00009[s] n_calls:    87
          -- MarkActives - Cumulative:     0.00010[s] n_calls:   108, From last output:     0.00010[s] n_calls:     2
          -- PushActives - Cumulative:     0.00010[s] n_calls:  4539, From last output:     0.00011[s] n_calls:    87
            -- UpdateBVH - Cumulative:     0.00022[s] n_calls:  4539, From last output:     0.00026[s] n_calls:    87
            -- Neighbors - Cumulative:     0.00252[s] n_calls:  4539, From last output:     0.00319[s] n_calls:    87
 
                 Overlap - Cumulative:     0.00146[s] n_calls: 331236, From last output:     0.00273[s] n_calls:  6134
                   Force - Cumulative:     0.00022[s] n_calls: 331236, From last output:     0.00043[s] n_calls:  6134
                    Move - Cumulative:     0.00143[s] n_calls: 331236, From last output:     0.00263[s] n_calls:  6134
                  Output - Cumulative:     0.03614[s] n_calls:    54, From last output:     0.05975[s] n_calls:     1
               Iteration - Cumulative:     0.00335[s] n_calls: 331236, From last output:     0.00616[s] n_calls:  6134

Total Execution Times: 1110.12[s], From last output: 37.8071[s]
 
                  Search - Total:       75.34[s] =   6.79 %, From last output:        2.25[s] =   5.95 %
             - Search PP - Total:       44.05[s] =  58.47 %, From last output:        1.43[s] =  63.40 %
             -- Sorting, - Total:        0.47[s] =   1.07 %, From last output:        0.01[s] =   0.78 %
        -- BuildBVHTree, - Total:       16.25[s] =  36.89 %, From last output:        0.56[s] =  39.47 %
           -- Neighbors, - Total:       17.37[s] =  39.44 %, From last output:        0.58[s] =  40.81 %
             - Search PT - Total:       31.27[s] =  41.51 %, From last output:        0.82[s] =  36.58 %
         -- CheckActives - Total:        0.36[s] =   1.14 %, From last output:        0.01[s] =   0.92 %
          -- MarkActives - Total:        0.01[s] =   0.04 %, From last output:        0.00[s] =   0.03 %
          -- PushActives - Total:        0.45[s] =   1.44 %, From last output:        0.01[s] =   1.17 %
            -- UpdateBVH - Total:        0.98[s] =   3.14 %, From last output:        0.02[s] =   2.73 %
            -- Neighbors - Total:       11.44[s] =  36.58 %, From last output:        0.28[s] =  33.74 %
 
                 Overlap - Total:      485.03[s] =  43.69 %, From last output:       16.72[s] =  44.23 %
                   Force - Total:       71.38[s] =   6.43 %, From last output:        2.63[s] =   6.95 %
                    Move - Total:      475.25[s] =  42.81 %, From last output:       16.12[s] =  42.65 %
                  Output - Total:        1.95[s] =   0.18 %, From last output:        0.06[s] =   0.16 %

Module Execution Times:

Total Module Execution Times: 0[s], From last output: 0[s]

Total Execution Times (All listed above):      1108.95[s] =  99.89 %
Total Execution Times (Unlisted):                 1.17[s] =   0.11 %

</message>
<info date="2025-10-26 23:50:32" up_time="0:19:26.250">
Issues found since last output!
 - Contacts overlap, an average of:
    0.208% of contacts reached more than 2.5% overlap.
      collected in 127 timesteps totaling 62613 contact overlaps

</info>
<message date="2025-10-26 23:50:32" up_time="0:19:26.306">
	File: 55
	Simulation time: 2.75

	N. Total Particles: 25671
	N. Enabled Particles: 8720
	N. Released Particles: 8826

	N. Enabled Elements: 0
	N. Released Elements: 0
	N. Particle Fragments: 0

	N. Triangles: 1438
	N. Triangle Nodes: 726

	N. Neighbors: 15342
		N. Particle Neighbors: 10159, RR: 0, RN: 0, NN: 10159
		N. Triangle Neighbors: 5183, TR: 0, TN: 5183
	N. Surface Contacts: 503, particles: 133, triangles: 370
	N. Adhesion Contacts: 504, particles: 133, triangles: 371
	Neighbor Contact Ratio: 15.235353

	Estimated Limits of Surface Velocity:
		                 Total - min:      6e+01 max:      7e+01 average:      6e+01
		            Boundaries - min:          3 max:          3 average:          3
		             Particles - min:      6e+01 max:      7e+01 average:      6e+01

	CPU:
		Memory Usage: 348 MB of 16055 MB
		Free Memory: 2073 MB

</message>
<message date="2025-10-26 23:50:32" up_time="0:19:26.307">
Execution Times:
Execution Times per Call:
 
                  Search - Cumulative:     0.00717[s] n_calls: 10831, From last output:     0.01105[s] n_calls:   211
               Search PP - Cumulative:     0.00710[s] n_calls:  6407, From last output:     0.01111[s] n_calls:   130
              -- Sorting - Cumulative:     0.00437[s] n_calls:   110, From last output:     0.00494[s] n_calls:     2
        -- BuildBVHTree, - Cumulative:     0.00263[s] n_calls:  6407, From last output:     0.00443[s] n_calls:   130
            -- Neighbors - Cumulative:     0.00280[s] n_calls:  6407, From last output:     0.00453[s] n_calls:   130
               Search PT - Cumulative:     0.00696[s] n_calls:  4623, From last output:     0.01056[s] n_calls:    84
         -- CheckActives - Cumulative:     0.00008[s] n_calls:  4623, From last output:     0.00010[s] n_calls:    84
          -- MarkActives - Cumulative:     0.00010[s] n_calls:   110, From last output:     0.00015[s] n_calls:     2
          -- PushActives - Cumulative:     0.00010[s] n_calls:  4623, From last output:     0.00012[s] n_calls:    84
            -- UpdateBVH - Cumulative:     0.00022[s] n_calls:  4623, From last output:     0.00028[s] n_calls:    84
            -- Neighbors - Cumulative:     0.00254[s] n_calls:  4623, From last output:     0.00361[s] n_calls:    84
 
                 Overlap - Cumulative:     0.00149[s] n_calls: 337370, From last output:     0.00291[s] n_calls:  6134
                   Force - Cumulative:     0.00022[s] n_calls: 337370, From last output:     0.00045[s] n_calls:  6134
                    Move - Cumulative:     0.00146[s] n_calls: 337370, From last output:     0.00279[s] n_calls:  6134
                  Output - Cumulative:     0.03651[s] n_calls:    55, From last output:     0.05614[s] n_calls:     1
               Iteration - Cumulative:     0.00341[s] n_calls: 337370, From last output:     0.00654[s] n_calls:  6134

Total Execution Times: 1150.24[s], From last output: 40.1203[s]
 
                  Search - Total:       77.67[s] =   6.75 %, From last output:        2.33[s] =   5.81 %
             - Search PP - Total:       45.49[s] =  58.57 %, From last output:        1.44[s] =  61.94 %
             -- Sorting, - Total:        0.48[s] =   1.06 %, From last output:        0.01[s] =   0.68 %
        -- BuildBVHTree, - Total:       16.82[s] =  36.98 %, From last output:        0.58[s] =  39.86 %
           -- Neighbors, - Total:       17.96[s] =  39.48 %, From last output:        0.59[s] =  40.79 %
             - Search PT - Total:       32.16[s] =  41.40 %, From last output:        0.89[s] =  38.04 %
         -- CheckActives - Total:        0.36[s] =   1.13 %, From last output:        0.01[s] =   0.90 %
          -- MarkActives - Total:        0.01[s] =   0.04 %, From last output:        0.00[s] =   0.03 %
          -- PushActives - Total:        0.46[s] =   1.43 %, From last output:        0.01[s] =   1.13 %
            -- UpdateBVH - Total:        1.01[s] =   3.13 %, From last output:        0.02[s] =   2.68 %
            -- Neighbors - Total:       11.74[s] =  36.51 %, From last output:        0.30[s] =  34.20 %
 
                 Overlap - Total:      502.86[s] =  43.72 %, From last output:       17.83[s] =  44.44 %
                   Force - Total:       74.15[s] =   6.45 %, From last output:        2.78[s] =   6.92 %
                    Move - Total:      492.35[s] =  42.80 %, From last output:       17.10[s] =  42.63 %
                  Output - Total:        2.01[s] =   0.17 %, From last output:        0.06[s] =   0.14 %

Module Execution Times:

Total Module Execution Times: 0[s], From last output: 0[s]

Total Execution Times (All listed above):      1149.04[s] =  99.90 %
Total Execution Times (Unlisted):                 1.20[s] =   0.10 %

</message>
<info date="2025-10-26 23:51:15" up_time="0:20:10.31">
Issues found since last output!
 - Contacts overlap, an average of:
    0.2% of contacts reached more than 2.5% overlap.
      collected in 185 timesteps totaling 96637 contact overlaps

</info>
<message date="2025-10-26 23:51:16" up_time="0:20:10.101">
	File: 56
	Simulation time: 2.8

	N. Total Particles: 25671
	N. Enabled Particles: 8876
	N. Released Particles: 8985

	N. Enabled Elements: 0
	N. Released Elements: 0
	N. Particle Fragments: 0

	N. Triangles: 1438
	N. Triangle Nodes: 726

	N. Neighbors: 15812
		N. Particle Neighbors: 10627, RR: 0, RN: 0, NN: 10627
		N. Triangle Neighbors: 5185, TR: 0, TN: 5185
	N. Surface Contacts: 509, particles: 122, triangles: 387
	N. Adhesion Contacts: 510, particles: 122, triangles: 388
	Neighbor Contact Ratio: 15.517174

	Estimated Limits of Surface Velocity:
		                 Total - min:      6e+01 max:      7e+01 average:      6e+01
		            Boundaries - min:          3 max:          3 average:          3
		             Particles - min:      6e+01 max:      7e+01 average:      6e+01

	CPU:
		Memory Usage: 348 MB of 16055 MB
		Free Memory: 2167 MB

</message>
<message date="2025-10-26 23:51:16" up_time="0:20:10.102">
Execution Times:
Execution Times per Call:
 
                  Search - Cumulative:     0.00726[s] n_calls: 11040, From last output:     0.01178[s] n_calls:   209
               Search PP - Cumulative:     0.00721[s] n_calls:  6537, From last output:     0.01238[s] n_calls:   130
              -- Sorting - Cumulative:     0.00436[s] n_calls:   112, From last output:     0.00420[s] n_calls:     2
        -- BuildBVHTree, - Cumulative:     0.00267[s] n_calls:  6537, From last output:     0.00491[s] n_calls:   130
            -- Neighbors - Cumulative:     0.00285[s] n_calls:  6537, From last output:     0.00514[s] n_calls:   130
               Search PT - Cumulative:     0.00702[s] n_calls:  4706, From last output:     0.01029[s] n_calls:    83
         -- CheckActives - Cumulative:     0.00008[s] n_calls:  4706, From last output:     0.00010[s] n_calls:    83
          -- MarkActives - Cumulative:     0.00010[s] n_calls:   112, From last output:     0.00014[s] n_calls:     2
          -- PushActives - Cumulative:     0.00010[s] n_calls:  4706, From last output:     0.00011[s] n_calls:    83
            -- UpdateBVH - Cumulative:     0.00022[s] n_calls:  4706, From last output:     0.00028[s] n_calls:    83
            -- Neighbors - Cumulative:     0.00256[s] n_calls:  4706, From last output:     0.00346[s] n_calls:    83
 
                 Overlap - Cumulative:     0.00152[s] n_calls: 343504, From last output:     0.00317[s] n_calls:  6134
                   Force - Cumulative:     0.00022[s] n_calls: 343504, From last output:     0.00049[s] n_calls:  6134
                    Move - Cumulative:     0.00149[s] n_calls: 343504, From last output:     0.00306[s] n_calls:  6134
                  Output - Cumulative:     0.03711[s] n_calls:    56, From last output:     0.07047[s] n_calls:     1
               Iteration - Cumulative:     0.00348[s] n_calls: 343504, From last output:     0.00714[s] n_calls:  6134

Total Execution Times: 1194.02[s], From last output: 43.7801[s]
 
                  Search - Total:       80.13[s] =   6.71 %, From last output:        2.46[s] =   5.63 %
             - Search PP - Total:       47.10[s] =  58.78 %, From last output:        1.61[s] =  65.32 %
             -- Sorting, - Total:        0.49[s] =   1.04 %, From last output:        0.01[s] =   0.52 %
        -- BuildBVHTree, - Total:       17.46[s] =  37.07 %, From last output:        0.64[s] =  39.68 %
           -- Neighbors, - Total:       18.63[s] =  39.55 %, From last output:        0.67[s] =  41.56 %
             - Search PT - Total:       33.01[s] =  41.20 %, From last output:        0.85[s] =  34.66 %
         -- CheckActives - Total:        0.37[s] =   1.13 %, From last output:        0.01[s] =   0.95 %
          -- MarkActives - Total:        0.01[s] =   0.04 %, From last output:        0.00[s] =   0.03 %
          -- PushActives - Total:        0.47[s] =   1.42 %, From last output:        0.01[s] =   1.07 %
            -- UpdateBVH - Total:        1.03[s] =   3.12 %, From last output:        0.02[s] =   2.68 %
            -- Neighbors - Total:       12.03[s] =  36.44 %, From last output:        0.29[s] =  33.61 %
 
                 Overlap - Total:      522.28[s] =  43.74 %, From last output:       19.43[s] =  44.37 %
                   Force - Total:       77.15[s] =   6.46 %, From last output:        3.00[s] =   6.85 %
                    Move - Total:      511.15[s] =  42.81 %, From last output:       18.80[s] =  42.93 %
                  Output - Total:        2.08[s] =   0.17 %, From last output:        0.07[s] =   0.16 %

Module Execution Times:

Total Module Execution Times: 0[s], From last output: 0[s]

Total Execution Times (All listed above):      1192.79[s] =  99.90 %
Total Execution Times (Unlisted):                 1.23[s] =   0.10 %

</message>
<info date="2025-10-26 23:51:58" up_time="0:20:52.218">
Issues found since last output!
 - Contacts overlap, an average of:
    0.179% of contacts reached more than 2.5% overlap.
      collected in 150 timesteps totaling 83680 contact overlaps

</info>
<message date="2025-10-26 23:51:58" up_time="0:20:52.287">
	File: 57
	Simulation time: 2.85

	N. Total Particles: 25671
	N. Enabled Particles: 9033
	N. Released Particles: 9145

	N. Enabled Elements: 0
	N. Released Elements: 0
	N. Particle Fragments: 0

	N. Triangles: 1438
	N. Triangle Nodes: 726

	N. Neighbors: 16477
		N. Particle Neighbors: 11118, RR: 0, RN: 0, NN: 11118
		N. Triangle Neighbors: 5359, TR: 0, TN: 5359
	N. Surface Contacts: 524, particles: 141, triangles: 383
	N. Adhesion Contacts: 525, particles: 141, triangles: 384
	Neighbor Contact Ratio: 15.707340

	Estimated Limits of Surface Velocity:
		                 Total - min:      6e+01 max:      7e+01 average:      6e+01
		            Boundaries - min:          3 max:          3 average:          3
		             Particles - min:      6e+01 max:      7e+01 average:      6e+01

	CPU:
		Memory Usage: 348 MB of 16055 MB
		Free Memory: 2181 MB

</message>
<message date="2025-10-26 23:51:58" up_time="0:20:52.290">
Execution Times:
Execution Times per Call:
 
                  Search - Cumulative:     0.00733[s] n_calls: 11252, From last output:     0.01093[s] n_calls:   212
               Search PP - Cumulative:     0.00728[s] n_calls:  6668, From last output:     0.01119[s] n_calls:   131
              -- Sorting - Cumulative:     0.00436[s] n_calls:   114, From last output:     0.00437[s] n_calls:     2
        -- BuildBVHTree, - Cumulative:     0.00271[s] n_calls:  6668, From last output:     0.00444[s] n_calls:   131
            -- Neighbors - Cumulative:     0.00288[s] n_calls:  6668, From last output:     0.00456[s] n_calls:   131
               Search PT - Cumulative:     0.00707[s] n_calls:  4791, From last output:     0.01001[s] n_calls:    85
         -- CheckActives - Cumulative:     0.00008[s] n_calls:  4791, From last output:     0.00009[s] n_calls:    85
          -- MarkActives - Cumulative:     0.00011[s] n_calls:   114, From last output:     0.00021[s] n_calls:     2
          -- PushActives - Cumulative:     0.00010[s] n_calls:  4791, From last output:     0.00013[s] n_calls:    85
            -- UpdateBVH - Cumulative:     0.00022[s] n_calls:  4791, From last output:     0.00027[s] n_calls:    85
            -- Neighbors - Cumulative:     0.00257[s] n_calls:  4791, From last output:     0.00336[s] n_calls:    85
 
                 Overlap - Cumulative:     0.00155[s] n_calls: 349638, From last output:     0.00316[s] n_calls:  6134
                   Force - Cumulative:     0.00023[s] n_calls: 349638, From last output:     0.00048[s] n_calls:  6134
                    Move - Cumulative:     0.00151[s] n_calls: 349638, From last output:     0.00284[s] n_calls:  6134
                  Output - Cumulative:     0.03767[s] n_calls:    57, From last output:     0.06871[s] n_calls:     1
               Iteration - Cumulative:     0.00354[s] n_calls: 349638, From last output:     0.00688[s] n_calls:  6134

Total Execution Times: 1236.19[s], From last output: 42.1719[s]
 
                  Search - Total:       82.45[s] =   6.67 %, From last output:        2.32[s] =   5.49 %
             - Search PP - Total:       48.57[s] =  58.91 %, From last output:        1.47[s] =  63.26 %
             -- Sorting, - Total:        0.50[s] =   1.02 %, From last output:        0.01[s] =   0.60 %
        -- BuildBVHTree, - Total:       18.04[s] =  37.15 %, From last output:        0.58[s] =  39.70 %
           -- Neighbors, - Total:       19.23[s] =  39.59 %, From last output:        0.60[s] =  40.80 %
             - Search PT - Total:       33.86[s] =  41.07 %, From last output:        0.85[s] =  36.73 %
         -- CheckActives - Total:        0.38[s] =   1.12 %, From last output:        0.01[s] =   0.89 %
          -- MarkActives - Total:        0.01[s] =   0.04 %, From last output:        0.00[s] =   0.05 %
          -- PushActives - Total:        0.48[s] =   1.42 %, From last output:        0.01[s] =   1.27 %
            -- UpdateBVH - Total:        1.05[s] =   3.11 %, From last output:        0.02[s] =   2.68 %
            -- Neighbors - Total:       12.31[s] =  36.37 %, From last output:        0.29[s] =  33.54 %
 
                 Overlap - Total:      541.68[s] =  43.82 %, From last output:       19.40[s] =  46.01 %
                   Force - Total:       80.11[s] =   6.48 %, From last output:        2.96[s] =   7.02 %
                    Move - Total:      528.54[s] =  42.76 %, From last output:       17.40[s] =  41.26 %
                  Output - Total:        2.15[s] =   0.17 %, From last output:        0.07[s] =   0.16 %

Module Execution Times:

Total Module Execution Times: 0[s], From last output: 0[s]

Total Execution Times (All listed above):      1234.93[s] =  99.90 %
Total Execution Times (Unlisted):                 1.25[s] =   0.10 %

</message>
<info date="2025-10-26 23:52:42" up_time="0:21:36.660">
Issues found since last output!
 - Contacts overlap, an average of:
    0.178% of contacts reached more than 2.5% overlap.
      collected in 121 timesteps totaling 70826 contact overlaps

</info>
<message date="2025-10-26 23:52:42" up_time="0:21:36.718">
	File: 58
	Simulation time: 2.9

	N. Total Particles: 25671
	N. Enabled Particles: 9191
	N. Released Particles: 9307

	N. Enabled Elements: 0
	N. Released Elements: 0
	N. Particle Fragments: 0

	N. Triangles: 1438
	N. Triangle Nodes: 726

	N. Neighbors: 16970
		N. Particle Neighbors: 11577, RR: 0, RN: 0, NN: 11577
		N. Triangle Neighbors: 5393, TR: 0, TN: 5393
	N. Surface Contacts: 646, particles: 218, triangles: 428
	N. Adhesion Contacts: 647, particles: 218, triangles: 429
	Neighbor Contact Ratio: 13.124517

	Estimated Limits of Surface Velocity:
		                 Total - min:      6e+01 max:      7e+01 average:      7e+01
		            Boundaries - min:          3 max:          3 average:          3
		             Particles - min:      6e+01 max:      7e+01 average:      7e+01

	CPU:
		Memory Usage: 348 MB of 16055 MB
		Free Memory: 2213 MB

</message>
<message date="2025-10-26 23:52:42" up_time="0:21:36.719">
Execution Times:
Execution Times per Call:
 
                  Search - Cumulative:     0.00741[s] n_calls: 11472, From last output:     0.01143[s] n_calls:   220
               Search PP - Cumulative:     0.00738[s] n_calls:  6804, From last output:     0.01187[s] n_calls:   136
              -- Sorting - Cumulative:     0.00439[s] n_calls:   116, From last output:     0.00618[s] n_calls:     2
        -- BuildBVHTree, - Cumulative:     0.00275[s] n_calls:  6804, From last output:     0.00467[s] n_calls:   136
            -- Neighbors - Cumulative:     0.00292[s] n_calls:  6804, From last output:     0.00483[s] n_calls:   136
               Search PT - Cumulative:     0.00713[s] n_calls:  4878, From last output:     0.01035[s] n_calls:    87
         -- CheckActives - Cumulative:     0.00008[s] n_calls:  4878, From last output:     0.00009[s] n_calls:    87
          -- MarkActives - Cumulative:     0.00011[s] n_calls:   116, From last output:     0.00015[s] n_calls:     2
          -- PushActives - Cumulative:     0.00010[s] n_calls:  4878, From last output:     0.00012[s] n_calls:    87
            -- UpdateBVH - Cumulative:     0.00022[s] n_calls:  4878, From last output:     0.00026[s] n_calls:    87
            -- Neighbors - Cumulative:     0.00259[s] n_calls:  4878, From last output:     0.00351[s] n_calls:    87
 
                 Overlap - Cumulative:     0.00158[s] n_calls: 355772, From last output:     0.00337[s] n_calls:  6134
                   Force - Cumulative:     0.00023[s] n_calls: 355772, From last output:     0.00050[s] n_calls:  6134
                    Move - Cumulative:     0.00154[s] n_calls: 355772, From last output:     0.00295[s] n_calls:  6134
                  Output - Cumulative:     0.03803[s] n_calls:    58, From last output:     0.05883[s] n_calls:     1
               Iteration - Cumulative:     0.00360[s] n_calls: 355772, From last output:     0.00724[s] n_calls:  6134

Total Execution Times: 1280.6[s], From last output: 44.4147[s]
 
                  Search - Total:       84.97[s] =   6.63 %, From last output:        2.52[s] =   5.66 %
             - Search PP - Total:       50.18[s] =  59.06 %, From last output:        1.61[s] =  64.18 %
             -- Sorting, - Total:        0.51[s] =   1.02 %, From last output:        0.01[s] =   0.77 %
        -- BuildBVHTree, - Total:       18.68[s] =  37.22 %, From last output:        0.64[s] =  39.35 %
           -- Neighbors, - Total:       19.89[s] =  39.63 %, From last output:        0.66[s] =  40.71 %
             - Search PT - Total:       34.76[s] =  40.92 %, From last output:        0.90[s] =  35.81 %
         -- CheckActives - Total:        0.39[s] =   1.12 %, From last output:        0.01[s] =   0.90 %
          -- MarkActives - Total:        0.01[s] =   0.04 %, From last output:        0.00[s] =   0.03 %
          -- PushActives - Total:        0.49[s] =   1.41 %, From last output:        0.01[s] =   1.15 %
            -- UpdateBVH - Total:        1.08[s] =   3.09 %, From last output:        0.02[s] =   2.55 %
            -- Neighbors - Total:       12.62[s] =  36.30 %, From last output:        0.31[s] =  33.92 %
 
                 Overlap - Total:      562.34[s] =  43.91 %, From last output:       20.65[s] =  46.50 %
                   Force - Total:       83.17[s] =   6.49 %, From last output:        3.06[s] =   6.89 %
                    Move - Total:      546.64[s] =  42.69 %, From last output:       18.10[s] =  40.75 %
                  Output - Total:        2.21[s] =   0.17 %, From last output:        0.06[s] =   0.13 %

Module Execution Times:

Total Module Execution Times: 0[s], From last output: 0[s]

Total Execution Times (All listed above):      1279.32[s] =  99.90 %
Total Execution Times (Unlisted):                 1.28[s] =   0.10 %

</message>
<info date="2025-10-26 23:53:29" up_time="0:22:23.110">
Issues found since last output!
 - Contacts overlap, an average of:
    0.154% of contacts reached more than 2.5% overlap.
      collected in 120 timesteps totaling 77700 contact overlaps

</info>
<message date="2025-10-26 23:53:29" up_time="0:22:23.185">
	File: 59
	Simulation time: 2.95

	N. Total Particles: 25671
	N. Enabled Particles: 9347
	N. Released Particles: 9467

	N. Enabled Elements: 0
	N. Released Elements: 0
	N. Particle Fragments: 0

	N. Triangles: 1438
	N. Triangle Nodes: 726

	N. Neighbors: 17471
		N. Particle Neighbors: 12193, RR: 0, RN: 0, NN: 12193
		N. Triangle Neighbors: 5278, TR: 0, TN: 5278
	N. Surface Contacts: 643, particles: 230, triangles: 413
	N. Adhesion Contacts: 643, particles: 230, triangles: 413
	Neighbor Contact Ratio: 13.585537

	Estimated Limits of Surface Velocity:
		                 Total - min:      6e+01 max:      7e+01 average:      7e+01
		            Boundaries - min:          3 max:          3 average:          3
		             Particles - min:      6e+01 max:      7e+01 average:      7e+01

	CPU:
		Memory Usage: 348 MB of 16055 MB
		Free Memory: 2265 MB

</message>
<message date="2025-10-26 23:53:29" up_time="0:22:23.187">
Execution Times:
Execution Times per Call:
 
                  Search - Cumulative:     0.00749[s] n_calls: 11703, From last output:     0.01145[s] n_calls:   231
               Search PP - Cumulative:     0.00747[s] n_calls:  6948, From last output:     0.01184[s] n_calls:   144
              -- Sorting - Cumulative:     0.00440[s] n_calls:   118, From last output:     0.00494[s] n_calls:     2
        -- BuildBVHTree, - Cumulative:     0.00279[s] n_calls:  6948, From last output:     0.00466[s] n_calls:   144
            -- Neighbors - Cumulative:     0.00296[s] n_calls:  6948, From last output:     0.00489[s] n_calls:   144
               Search PT - Cumulative:     0.00719[s] n_calls:  4969, From last output:     0.01032[s] n_calls:    91
         -- CheckActives - Cumulative:     0.00008[s] n_calls:  4969, From last output:     0.00008[s] n_calls:    91
          -- MarkActives - Cumulative:     0.00011[s] n_calls:   118, From last output:     0.00010[s] n_calls:     2
          -- PushActives - Cumulative:     0.00010[s] n_calls:  4969, From last output:     0.00011[s] n_calls:    91
            -- UpdateBVH - Cumulative:     0.00022[s] n_calls:  4969, From last output:     0.00025[s] n_calls:    91
            -- Neighbors - Cumulative:     0.00260[s] n_calls:  4969, From last output:     0.00344[s] n_calls:    91
 
                 Overlap - Cumulative:     0.00162[s] n_calls: 361906, From last output:     0.00361[s] n_calls:  6134
                   Force - Cumulative:     0.00024[s] n_calls: 361906, From last output:     0.00052[s] n_calls:  6134
                    Move - Cumulative:     0.00156[s] n_calls: 361906, From last output:     0.00299[s] n_calls:  6134
                  Output - Cumulative:     0.03867[s] n_calls:    59, From last output:     0.07578[s] n_calls:     1
               Iteration - Cumulative:     0.00367[s] n_calls: 361906, From last output:     0.00757[s] n_calls:  6134

Total Execution Times: 1327.05[s], From last output: 46.4523[s]
 
                  Search - Total:       87.61[s] =   6.60 %, From last output:        2.64[s] =   5.69 %
             - Search PP - Total:       51.89[s] =  59.22 %, From last output:        1.70[s] =  64.46 %
             -- Sorting, - Total:        0.52[s] =   1.00 %, From last output:        0.01[s] =   0.58 %
        -- BuildBVHTree, - Total:       19.35[s] =  37.29 %, From last output:        0.67[s] =  39.35 %
           -- Neighbors, - Total:       20.59[s] =  39.68 %, From last output:        0.70[s] =  41.32 %
             - Search PT - Total:       35.70[s] =  40.75 %, From last output:        0.94[s] =  35.52 %
         -- CheckActives - Total:        0.40[s] =   1.11 %, From last output:        0.01[s] =   0.82 %
          -- MarkActives - Total:        0.01[s] =   0.04 %, From last output:        0.00[s] =   0.02 %
          -- PushActives - Total:        0.50[s] =   1.40 %, From last output:        0.01[s] =   1.04 %
            -- UpdateBVH - Total:        1.10[s] =   3.08 %, From last output:        0.02[s] =   2.44 %
            -- Neighbors - Total:       12.93[s] =  36.22 %, From last output:        0.31[s] =  33.30 %
 
                 Overlap - Total:      584.49[s] =  44.04 %, From last output:       22.16[s] =  47.70 %
                   Force - Total:       86.34[s] =   6.51 %, From last output:        3.18[s] =   6.84 %
                    Move - Total:      565.01[s] =  42.58 %, From last output:       18.37[s] =  39.55 %
                  Output - Total:        2.28[s] =   0.17 %, From last output:        0.08[s] =   0.16 %

Module Execution Times:

Total Module Execution Times: 0[s], From last output: 0[s]

Total Execution Times (All listed above):      1325.74[s] =  99.90 %
Total Execution Times (Unlisted):                 1.31[s] =   0.10 %

</message>
<info date="2025-10-26 23:54:18" up_time="0:23:12.951">
Issues found since last output!
 - Contacts overlap, an average of:
    0.15% of contacts reached more than 2.5% overlap.
      collected in 118 timesteps totaling 78848 contact overlaps

</info>
<message date="2025-10-26 23:54:18" up_time="0:23:13.8">
	File: 60
	Simulation time: 3

	N. Total Particles: 25671
	N. Enabled Particles: 9502
	N. Released Particles: 9628

	N. Enabled Elements: 0
	N. Released Elements: 0
	N. Particle Fragments: 0

	N. Triangles: 1438
	N. Triangle Nodes: 726

	N. Neighbors: 17990
		N. Particle Neighbors: 12549, RR: 0, RN: 0, NN: 12549
		N. Triangle Neighbors: 5441, TR: 0, TN: 5441
	N. Surface Contacts: 646, particles: 243, triangles: 403
	N. Adhesion Contacts: 648, particles: 243, triangles: 405
	Neighbor Contact Ratio: 13.902628

	Estimated Limits of Surface Velocity:
		                 Total - min:      6e+01 max:      7e+01 average:      7e+01
		            Boundaries - min:          3 max:          3 average:          3
		             Particles - min:      6e+01 max:      7e+01 average:      7e+01

	CPU:
		Memory Usage: 348 MB of 16055 MB
		Free Memory: 2057 MB

</message>
<message date="2025-10-26 23:54:18" up_time="0:23:13.9">
Execution Times:
Execution Times per Call:
 
                  Search - Cumulative:     0.00758[s] n_calls: 11926, From last output:     0.01240[s] n_calls:   223
               Search PP - Cumulative:     0.00758[s] n_calls:  7084, From last output:     0.01309[s] n_calls:   136
              -- Sorting - Cumulative:     0.00442[s] n_calls:   120, From last output:     0.00521[s] n_calls:     2
        -- BuildBVHTree, - Cumulative:     0.00283[s] n_calls:  7084, From last output:     0.00506[s] n_calls:   136
            -- Neighbors - Cumulative:     0.00301[s] n_calls:  7084, From last output:     0.00553[s] n_calls:   136
               Search PT - Cumulative:     0.00725[s] n_calls:  5058, From last output:     0.01106[s] n_calls:    89
         -- CheckActives - Cumulative:     0.00008[s] n_calls:  5058, From last output:     0.00010[s] n_calls:    89
          -- MarkActives - Cumulative:     0.00011[s] n_calls:   120, From last output:     0.00012[s] n_calls:     2
          -- PushActives - Cumulative:     0.00010[s] n_calls:  5058, From last output:     0.00012[s] n_calls:    89
            -- UpdateBVH - Cumulative:     0.00022[s] n_calls:  5058, From last output:     0.00028[s] n_calls:    89
            -- Neighbors - Cumulative:     0.00262[s] n_calls:  5058, From last output:     0.00376[s] n_calls:    89
 
                 Overlap - Cumulative:     0.00165[s] n_calls: 368040, From last output:     0.00389[s] n_calls:  6134
                   Force - Cumulative:     0.00024[s] n_calls: 368040, From last output:     0.00054[s] n_calls:  6134
                    Move - Cumulative:     0.00159[s] n_calls: 368040, From last output:     0.00323[s] n_calls:  6134
                  Output - Cumulative:     0.03898[s] n_calls:    60, From last output:     0.05716[s] n_calls:     1
               Iteration - Cumulative:     0.00374[s] n_calls: 368040, From last output:     0.00812[s] n_calls:  6134

Total Execution Times: 1376.86[s], From last output: 49.8067[s]
 
                  Search - Total:       90.38[s] =   6.56 %, From last output:        2.77[s] =   5.55 %
             - Search PP - Total:       53.67[s] =  59.38 %, From last output:        1.78[s] =  64.40 %
             -- Sorting, - Total:        0.53[s] =   0.99 %, From last output:        0.01[s] =   0.58 %
        -- BuildBVHTree, - Total:       20.04[s] =  37.34 %, From last output:        0.69[s] =  38.68 %
           -- Neighbors, - Total:       21.34[s] =  39.77 %, From last output:        0.75[s] =  42.21 %
             - Search PT - Total:       36.69[s] =  40.59 %, From last output:        0.98[s] =  35.59 %
         -- CheckActives - Total:        0.40[s] =   1.10 %, From last output:        0.01[s] =   0.89 %
          -- MarkActives - Total:        0.01[s] =   0.03 %, From last output:        0.00[s] =   0.02 %
          -- PushActives - Total:        0.51[s] =   1.39 %, From last output:        0.01[s] =   1.06 %
            -- UpdateBVH - Total:        1.12[s] =   3.06 %, From last output:        0.03[s] =   2.57 %
            -- Neighbors - Total:       13.27[s] =  36.16 %, From last output:        0.33[s] =  34.01 %
 
                 Overlap - Total:      608.32[s] =  44.18 %, From last output:       23.83[s] =  47.85 %
                   Force - Total:       89.67[s] =   6.51 %, From last output:        3.33[s] =   6.68 %
                    Move - Total:      584.81[s] =  42.47 %, From last output:       19.80[s] =  39.75 %
                  Output - Total:        2.34[s] =   0.17 %, From last output:        0.06[s] =   0.11 %

Module Execution Times:

Total Module Execution Times: 0[s], From last output: 0[s]

Total Execution Times (All listed above):      1375.52[s] =  99.90 %
Total Execution Times (Unlisted):                 1.34[s] =   0.10 %

</message>
<info date="2025-10-26 23:55:07" up_time="0:24:1.399">
Issues found since last output!
 - Contacts overlap, an average of:
    0.156% of contacts reached more than 2.5% overlap.
      collected in 133 timesteps totaling 86540 contact overlaps

</info>
<message date="2025-10-26 23:55:07" up_time="0:24:1.475">
	File: 61
	Simulation time: 3.05

	N. Total Particles: 25671
	N. Enabled Particles: 9657
	N. Released Particles: 9787

	N. Enabled Elements: 0
	N. Released Elements: 0
	N. Particle Fragments: 0

	N. Triangles: 1438
	N. Triangle Nodes: 726

	N. Neighbors: 18408
		N. Particle Neighbors: 12919, RR: 0, RN: 0, NN: 12919
		N. Triangle Neighbors: 5489, TR: 0, TN: 5489
	N. Surface Contacts: 640, particles: 227, triangles: 413
	N. Adhesion Contacts: 641, particles: 227, triangles: 414
	Neighbor Contact Ratio: 14.370023

	Estimated Limits of Surface Velocity:
		                 Total - min:      6e+01 max:      7e+01 average:      6e+01
		            Boundaries - min:          3 max:          3 average:          3
		             Particles - min:      6e+01 max:      7e+01 average:      6e+01

	CPU:
		Memory Usage: 348 MB of 16055 MB
		Free Memory: 2109 MB

</message>
<message date="2025-10-26 23:55:07" up_time="0:24:1.476">
Execution Times:
Execution Times per Call:
 
                  Search - Cumulative:     0.00765[s] n_calls: 12142, From last output:     0.01172[s] n_calls:   216
               Search PP - Cumulative:     0.00766[s] n_calls:  7218, From last output:     0.01211[s] n_calls:   134
              -- Sorting - Cumulative:     0.00442[s] n_calls:   122, From last output:     0.00434[s] n_calls:     2
        -- BuildBVHTree, - Cumulative:     0.00286[s] n_calls:  7218, From last output:     0.00470[s] n_calls:   134
            -- Neighbors - Cumulative:     0.00305[s] n_calls:  7218, From last output:     0.00500[s] n_calls:   134
               Search PT - Cumulative:     0.00731[s] n_calls:  5145, From last output:     0.01044[s] n_calls:    87
         -- CheckActives - Cumulative:     0.00008[s] n_calls:  5145, From last output:     0.00009[s] n_calls:    87
          -- MarkActives - Cumulative:     0.00011[s] n_calls:   122, From last output:     0.00011[s] n_calls:     2
          -- PushActives - Cumulative:     0.00010[s] n_calls:  5145, From last output:     0.00011[s] n_calls:    87
            -- UpdateBVH - Cumulative:     0.00022[s] n_calls:  5145, From last output:     0.00027[s] n_calls:    87
            -- Neighbors - Cumulative:     0.00264[s] n_calls:  5145, From last output:     0.00353[s] n_calls:    87
 
                 Overlap - Cumulative:     0.00169[s] n_calls: 374174, From last output:     0.00381[s] n_calls:  6134
                   Force - Cumulative:     0.00025[s] n_calls: 374174, From last output:     0.00053[s] n_calls:  6134
                    Move - Cumulative:     0.00161[s] n_calls: 374174, From last output:     0.00313[s] n_calls:  6134
                  Output - Cumulative:     0.03959[s] n_calls:    61, From last output:     0.07600[s] n_calls:     1
               Iteration - Cumulative:     0.00381[s] n_calls: 374174, From last output:     0.00790[s] n_calls:  6134

Total Execution Times: 1425.31[s], From last output: 48.4523[s]
 
                  Search - Total:       92.91[s] =   6.52 %, From last output:        2.53[s] =   5.23 %
             - Search PP - Total:       55.29[s] =  59.51 %, From last output:        1.62[s] =  64.11 %
             -- Sorting, - Total:        0.54[s] =   0.97 %, From last output:        0.01[s] =   0.54 %
        -- BuildBVHTree, - Total:       20.67[s] =  37.38 %, From last output:        0.63[s] =  38.83 %
           -- Neighbors, - Total:       22.01[s] =  39.81 %, From last output:        0.67[s] =  41.29 %
             - Search PT - Total:       37.60[s] =  40.47 %, From last output:        0.91[s] =  35.87 %
         -- CheckActives - Total:        0.41[s] =   1.10 %, From last output:        0.01[s] =   0.87 %
          -- MarkActives - Total:        0.01[s] =   0.03 %, From last output:        0.00[s] =   0.03 %
          -- PushActives - Total:        0.52[s] =   1.38 %, From last output:        0.01[s] =   1.10 %
            -- UpdateBVH - Total:        1.15[s] =   3.05 %, From last output:        0.02[s] =   2.61 %
            -- Neighbors - Total:       13.57[s] =  36.11 %, From last output:        0.31[s] =  33.82 %
 
                 Overlap - Total:      631.70[s] =  44.32 %, From last output:       23.37[s] =  48.24 %
                   Force - Total:       92.92[s] =   6.52 %, From last output:        3.25[s] =   6.70 %
                    Move - Total:      604.00[s] =  42.38 %, From last output:       19.20[s] =  39.62 %
                  Output - Total:        2.41[s] =   0.17 %, From last output:        0.08[s] =   0.16 %

Module Execution Times:

Total Module Execution Times: 0[s], From last output: 0[s]

Total Execution Times (All listed above):      1423.94[s] =  99.90 %
Total Execution Times (Unlisted):                 1.37[s] =   0.10 %

</message>
<info date="2025-10-26 23:55:57" up_time="0:24:51.403">
Issues found since last output!
 - Contacts overlap, an average of:
    0.16% of contacts reached more than 2.5% overlap.
      collected in 136 timesteps totaling 86982 contact overlaps

</info>
<message date="2025-10-26 23:55:57" up_time="0:24:51.495">
	File: 62
	Simulation time: 3.1

	N. Total Particles: 25671
	N. Enabled Particles: 9817
	N. Released Particles: 9948

	N. Enabled Elements: 0
	N. Released Elements: 0
	N. Particle Fragments: 0

	N. Triangles: 1438
	N. Triangle Nodes: 726

	N. Neighbors: 19068
		N. Particle Neighbors: 13582, RR: 0, RN: 0, NN: 13582
		N. Triangle Neighbors: 5486, TR: 0, TN: 5486
	N. Surface Contacts: 624, particles: 223, triangles: 401
	N. Adhesion Contacts: 624, particles: 223, triangles: 401
	Neighbor Contact Ratio: 15.278846

	Estimated Limits of Surface Velocity:
		                 Total - min:      6e+01 max:      7e+01 average:      6e+01
		            Boundaries - min:          3 max:          3 average:          3
		             Particles - min:      6e+01 max:      7e+01 average:      6e+01

	CPU:
		Memory Usage: 348 MB of 16055 MB
		Free Memory: 2296 MB

</message>
<message date="2025-10-26 23:55:57" up_time="0:24:51.496">
Execution Times:
Execution Times per Call:
 
                  Search - Cumulative:     0.00773[s] n_calls: 12362, From last output:     0.01227[s] n_calls:   220
               Search PP - Cumulative:     0.00776[s] n_calls:  7353, From last output:     0.01290[s] n_calls:   135
              -- Sorting - Cumulative:     0.00442[s] n_calls:   124, From last output:     0.00480[s] n_calls:     2
        -- BuildBVHTree, - Cumulative:     0.00290[s] n_calls:  7353, From last output:     0.00499[s] n_calls:   135
            -- Neighbors - Cumulative:     0.00309[s] n_calls:  7353, From last output:     0.00529[s] n_calls:   135
               Search PT - Cumulative:     0.00737[s] n_calls:  5233, From last output:     0.01088[s] n_calls:    88
         -- CheckActives - Cumulative:     0.00008[s] n_calls:  5233, From last output:     0.00010[s] n_calls:    88
          -- MarkActives - Cumulative:     0.00011[s] n_calls:   124, From last output:     0.00021[s] n_calls:     2
          -- PushActives - Cumulative:     0.00010[s] n_calls:  5233, From last output:     0.00011[s] n_calls:    88
            -- UpdateBVH - Cumulative:     0.00022[s] n_calls:  5233, From last output:     0.00028[s] n_calls:    88
            -- Neighbors - Cumulative:     0.00265[s] n_calls:  5233, From last output:     0.00355[s] n_calls:    88
 
                 Overlap - Cumulative:     0.00172[s] n_calls: 380308, From last output:     0.00388[s] n_calls:  6134
                   Force - Cumulative:     0.00025[s] n_calls: 380308, From last output:     0.00054[s] n_calls:  6134
                    Move - Cumulative:     0.00164[s] n_calls: 380308, From last output:     0.00328[s] n_calls:  6134
                  Output - Cumulative:     0.04043[s] n_calls:    62, From last output:     0.09211[s] n_calls:     1
               Iteration - Cumulative:     0.00388[s] n_calls: 380308, From last output:     0.00815[s] n_calls:  6134

Total Execution Times: 1475.31[s], From last output: 50.0047[s]
 
                  Search - Total:       95.61[s] =   6.48 %, From last output:        2.70[s] =   5.40 %
             - Search PP - Total:       57.03[s] =  59.65 %, From last output:        1.74[s] =  64.51 %
             -- Sorting, - Total:        0.55[s] =   0.96 %, From last output:        0.01[s] =   0.55 %
        -- BuildBVHTree, - Total:       21.34[s] =  37.42 %, From last output:        0.67[s] =  38.71 %
           -- Neighbors, - Total:       22.73[s] =  39.85 %, From last output:        0.71[s] =  41.04 %
             - Search PT - Total:       38.55[s] =  40.33 %, From last output:        0.96[s] =  35.47 %
         -- CheckActives - Total:        0.42[s] =   1.09 %, From last output:        0.01[s] =   0.91 %
          -- MarkActives - Total:        0.01[s] =   0.03 %, From last output:        0.00[s] =   0.04 %
          -- PushActives - Total:        0.53[s] =   1.38 %, From last output:        0.01[s] =   1.05 %
            -- UpdateBVH - Total:        1.17[s] =   3.04 %, From last output:        0.02[s] =   2.57 %
            -- Neighbors - Total:       13.89[s] =  36.02 %, From last output:        0.31[s] =  32.66 %
 
                 Overlap - Total:      655.47[s] =  44.43 %, From last output:       23.78[s] =  47.55 %
                   Force - Total:       96.23[s] =   6.52 %, From last output:        3.31[s] =   6.62 %
                    Move - Total:      624.10[s] =  42.30 %, From last output:       20.10[s] =  40.19 %
                  Output - Total:        2.51[s] =   0.17 %, From last output:        0.09[s] =   0.18 %

Module Execution Times:

Total Module Execution Times: 0[s], From last output: 0[s]

Total Execution Times (All listed above):      1473.91[s] =  99.91 %
Total Execution Times (Unlisted):                 1.40[s] =   0.09 %

</message>
<info date="2025-10-26 23:56:45" up_time="0:25:39.902">
Issues found since last output!
 - Contacts overlap, an average of:
    0.153% of contacts reached more than 2.5% overlap.
      collected in 61 timesteps totaling 39783 contact overlaps

</info>
<message date="2025-10-26 23:56:45" up_time="0:25:39.964">
	File: 63
	Simulation time: 3.15

	N. Total Particles: 25671
	N. Enabled Particles: 9977
	N. Released Particles: 10110

	N. Enabled Elements: 0
	N. Released Elements: 0
	N. Particle Fragments: 0

	N. Triangles: 1438
	N. Triangle Nodes: 726

	N. Neighbors: 19693
		N. Particle Neighbors: 14107, RR: 0, RN: 0, NN: 14107
		N. Triangle Neighbors: 5586, TR: 0, TN: 5586
	N. Surface Contacts: 703, particles: 282, triangles: 421
	N. Adhesion Contacts: 705, particles: 283, triangles: 422
	Neighbor Contact Ratio: 13.986506

	Estimated Limits of Surface Velocity:
		                 Total - min:      6e+01 max:      7e+01 average:      6e+01
		            Boundaries - min:          3 max:          3 average:          3
		             Particles - min:      6e+01 max:      7e+01 average:      6e+01

	CPU:
		Memory Usage: 348 MB of 16055 MB
		Free Memory: 2366 MB

</message>
<message date="2025-10-26 23:56:45" up_time="0:25:39.965">
Execution Times:
Execution Times per Call:
 
                  Search - Cumulative:     0.00782[s] n_calls: 12576, From last output:     0.01268[s] n_calls:   214
               Search PP - Cumulative:     0.00786[s] n_calls:  7484, From last output:     0.01360[s] n_calls:   131
              -- Sorting - Cumulative:     0.00447[s] n_calls:   126, From last output:     0.00717[s] n_calls:     2
        -- BuildBVHTree, - Cumulative:     0.00294[s] n_calls:  7484, From last output:     0.00520[s] n_calls:   131
            -- Neighbors - Cumulative:     0.00314[s] n_calls:  7484, From last output:     0.00573[s] n_calls:   131
               Search PT - Cumulative:     0.00742[s] n_calls:  5319, From last output:     0.01083[s] n_calls:    86
         -- CheckActives - Cumulative:     0.00008[s] n_calls:  5319, From last output:     0.00008[s] n_calls:    86
          -- MarkActives - Cumulative:     0.00011[s] n_calls:   126, From last output:     0.00018[s] n_calls:     2
          -- PushActives - Cumulative:     0.00010[s] n_calls:  5319, From last output:     0.00012[s] n_calls:    86
            -- UpdateBVH - Cumulative:     0.00022[s] n_calls:  5319, From last output:     0.00024[s] n_calls:    86
            -- Neighbors - Cumulative:     0.00267[s] n_calls:  5319, From last output:     0.00360[s] n_calls:    86
 
                 Overlap - Cumulative:     0.00176[s] n_calls: 386442, From last output:     0.00380[s] n_calls:  6134
                   Force - Cumulative:     0.00026[s] n_calls: 386442, From last output:     0.00050[s] n_calls:  6134
                    Move - Cumulative:     0.00166[s] n_calls: 386442, From last output:     0.00314[s] n_calls:  6134
                  Output - Cumulative:     0.04077[s] n_calls:    63, From last output:     0.06158[s] n_calls:     1
               Iteration - Cumulative:     0.00394[s] n_calls: 386442, From last output:     0.00790[s] n_calls:  6134

Total Execution Times: 1523.77[s], From last output: 48.4538[s]
 
                  Search - Total:       98.32[s] =   6.45 %, From last output:        2.71[s] =   5.60 %
             - Search PP - Total:       58.81[s] =  59.82 %, From last output:        1.78[s] =  65.67 %
             -- Sorting, - Total:        0.56[s] =   0.96 %, From last output:        0.01[s] =   0.80 %
        -- BuildBVHTree, - Total:       22.02[s] =  37.45 %, From last output:        0.68[s] =  38.23 %
           -- Neighbors, - Total:       23.48[s] =  39.92 %, From last output:        0.75[s] =  42.09 %
             - Search PT - Total:       39.49[s] =  40.16 %, From last output:        0.93[s] =  34.32 %
         -- CheckActives - Total:        0.43[s] =   1.09 %, From last output:        0.01[s] =   0.78 %
          -- MarkActives - Total:        0.01[s] =   0.04 %, From last output:        0.00[s] =   0.04 %
          -- PushActives - Total:        0.54[s] =   1.37 %, From last output:        0.01[s] =   1.10 %
            -- UpdateBVH - Total:        1.19[s] =   3.02 %, From last output:        0.02[s] =   2.23 %
            -- Neighbors - Total:       14.20[s] =  35.96 %, From last output:        0.31[s] =  33.27 %
 
                 Overlap - Total:      678.75[s] =  44.54 %, From last output:       23.28[s] =  48.05 %
                   Force - Total:       99.32[s] =   6.52 %, From last output:        3.09[s] =   6.39 %
                    Move - Total:      643.38[s] =  42.22 %, From last output:       19.28[s] =  39.78 %
                  Output - Total:        2.57[s] =   0.17 %, From last output:        0.06[s] =   0.13 %

Module Execution Times:

Total Module Execution Times: 0[s], From last output: 0[s]

Total Execution Times (All listed above):      1522.34[s] =  99.91 %
Total Execution Times (Unlisted):                 1.43[s] =   0.09 %

</message>
<info date="2025-10-26 23:57:34" up_time="0:26:29.28">
Issues found since last output!
 - Contacts overlap, an average of:
    0.144% of contacts reached more than 2.5% overlap.
      collected in 171 timesteps totaling 118649 contact overlaps

</info>
<message date="2025-10-26 23:57:35" up_time="0:26:29.123">
	File: 64
	Simulation time: 3.2

	N. Total Particles: 25671
	N. Enabled Particles: 10134
	N. Released Particles: 10269

	N. Enabled Elements: 0
	N. Released Elements: 0
	N. Particle Fragments: 0

	N. Triangles: 1438
	N. Triangle Nodes: 726

	N. Neighbors: 20581
		N. Particle Neighbors: 14928, RR: 0, RN: 0, NN: 14928
		N. Triangle Neighbors: 5653, TR: 0, TN: 5653
	N. Surface Contacts: 740, particles: 323, triangles: 417
	N. Adhesion Contacts: 740, particles: 323, triangles: 417
	Neighbor Contact Ratio: 13.906081

	Estimated Limits of Surface Velocity:
		                 Total - min:      6e+01 max:      7e+01 average:      6e+01
		            Boundaries - min:          3 max:          3 average:          3
		             Particles - min:      6e+01 max:      7e+01 average:      6e+01

	CPU:
		Memory Usage: 349 MB of 16055 MB
		Free Memory: 2558 MB

</message>
<message date="2025-10-26 23:57:35" up_time="0:26:29.126">
Execution Times:
Execution Times per Call:
 
                  Search - Cumulative:     0.00789[s] n_calls: 12796, From last output:     0.01187[s] n_calls:   220
               Search PP - Cumulative:     0.00794[s] n_calls:  7618, From last output:     0.01265[s] n_calls:   134
              -- Sorting - Cumulative:     0.00447[s] n_calls:   128, From last output:     0.00443[s] n_calls:     2
        -- BuildBVHTree, - Cumulative:     0.00298[s] n_calls:  7618, From last output:     0.00481[s] n_calls:   134
            -- Neighbors - Cumulative:     0.00318[s] n_calls:  7618, From last output:     0.00535[s] n_calls:   134
               Search PT - Cumulative:     0.00747[s] n_calls:  5407, From last output:     0.01039[s] n_calls:    88
         -- CheckActives - Cumulative:     0.00008[s] n_calls:  5407, From last output:     0.00008[s] n_calls:    88
          -- MarkActives - Cumulative:     0.00011[s] n_calls:   128, From last output:     0.00010[s] n_calls:     2
          -- PushActives - Cumulative:     0.00010[s] n_calls:  5407, From last output:     0.00011[s] n_calls:    88
            -- UpdateBVH - Cumulative:     0.00022[s] n_calls:  5407, From last output:     0.00024[s] n_calls:    88
            -- Neighbors - Cumulative:     0.00268[s] n_calls:  5407, From last output:     0.00355[s] n_calls:    88
 
                 Overlap - Cumulative:     0.00179[s] n_calls: 392576, From last output:     0.00399[s] n_calls:  6134
                   Force - Cumulative:     0.00026[s] n_calls: 392576, From last output:     0.00052[s] n_calls:  6134
                    Move - Cumulative:     0.00169[s] n_calls: 392576, From last output:     0.00306[s] n_calls:  6134
                  Output - Cumulative:     0.04161[s] n_calls:    64, From last output:     0.09472[s] n_calls:     1
               Iteration - Cumulative:     0.00401[s] n_calls: 392576, From last output:     0.00801[s] n_calls:  6134

Total Execution Times: 1572.91[s], From last output: 49.1443[s]
 
                  Search - Total:      100.93[s] =   6.42 %, From last output:        2.61[s] =   5.31 %
             - Search PP - Total:       60.51[s] =  59.95 %, From last output:        1.70[s] =  64.95 %
             -- Sorting, - Total:        0.57[s] =   0.94 %, From last output:        0.01[s] =   0.52 %
        -- BuildBVHTree, - Total:       22.67[s] =  37.46 %, From last output:        0.64[s] =  38.01 %
           -- Neighbors, - Total:       24.19[s] =  39.98 %, From last output:        0.72[s] =  42.26 %
             - Search PT - Total:       40.40[s] =  40.03 %, From last output:        0.91[s] =  35.03 %
         -- CheckActives - Total:        0.44[s] =   1.08 %, From last output:        0.01[s] =   0.79 %
          -- MarkActives - Total:        0.01[s] =   0.03 %, From last output:        0.00[s] =   0.02 %
          -- PushActives - Total:        0.55[s] =   1.36 %, From last output:        0.01[s] =   1.02 %
            -- UpdateBVH - Total:        1.21[s] =   3.01 %, From last output:        0.02[s] =   2.35 %
            -- Neighbors - Total:       14.51[s] =  35.92 %, From last output:        0.31[s] =  34.17 %
 
                 Overlap - Total:      703.23[s] =  44.71 %, From last output:       24.48[s] =  49.82 %
                   Force - Total:      102.51[s] =   6.52 %, From last output:        3.19[s] =   6.48 %
                    Move - Total:      662.12[s] =  42.10 %, From last output:       18.74[s] =  38.14 %
                  Output - Total:        2.66[s] =   0.17 %, From last output:        0.09[s] =   0.19 %

Module Execution Times:

Total Module Execution Times: 0[s], From last output: 0[s]

Total Execution Times (All listed above):      1571.45[s] =  99.91 %
Total Execution Times (Unlisted):                 1.46[s] =   0.09 %

</message>
<info date="2025-10-26 23:58:29" up_time="0:27:23.407">
Issues found since last output!
 - Contacts overlap, an average of:
    0.129% of contacts reached more than 2.5% overlap.
      collected in 104 timesteps totaling 80640 contact overlaps

</info>
<message date="2025-10-26 23:58:29" up_time="0:27:23.486">
	File: 65
	Simulation time: 3.25

	N. Total Particles: 25671
	N. Enabled Particles: 10289
	N. Released Particles: 10430

	N. Enabled Elements: 0
	N. Released Elements: 0
	N. Particle Fragments: 0

	N. Triangles: 1438
	N. Triangle Nodes: 726

	N. Neighbors: 21370
		N. Particle Neighbors: 15556, RR: 0, RN: 0, NN: 15556
		N. Triangle Neighbors: 5814, TR: 0, TN: 5814
	N. Surface Contacts: 842, particles: 389, triangles: 453
	N. Adhesion Contacts: 843, particles: 389, triangles: 454
	Neighbor Contact Ratio: 12.682493

	Estimated Limits of Surface Velocity:
		                 Total - min:      6e+01 max:      7e+01 average:      6e+01
		            Boundaries - min:          3 max:          3 average:          3
		             Particles - min:      6e+01 max:      7e+01 average:      6e+01

	CPU:
		Memory Usage: 349 MB of 16055 MB
		Free Memory: 2513 MB

</message>
<message date="2025-10-26 23:58:29" up_time="0:27:23.487">
Execution Times:
Execution Times per Call:
 
                  Search - Cumulative:     0.00798[s] n_calls: 13012, From last output:     0.01317[s] n_calls:   216
               Search PP - Cumulative:     0.00805[s] n_calls:  7751, From last output:     0.01425[s] n_calls:   133
              -- Sorting - Cumulative:     0.00451[s] n_calls:   130, From last output:     0.00746[s] n_calls:     2
        -- BuildBVHTree, - Cumulative:     0.00302[s] n_calls:  7751, From last output:     0.00529[s] n_calls:   133
            -- Neighbors - Cumulative:     0.00323[s] n_calls:  7751, From last output:     0.00620[s] n_calls:   133
               Search PT - Cumulative:     0.00753[s] n_calls:  5494, From last output:     0.01090[s] n_calls:    87
         -- CheckActives - Cumulative:     0.00008[s] n_calls:  5494, From last output:     0.00010[s] n_calls:    87
          -- MarkActives - Cumulative:     0.00011[s] n_calls:   130, From last output:     0.00016[s] n_calls:     2
          -- PushActives - Cumulative:     0.00010[s] n_calls:  5494, From last output:     0.00013[s] n_calls:    87
            -- UpdateBVH - Cumulative:     0.00023[s] n_calls:  5494, From last output:     0.00028[s] n_calls:    87
            -- Neighbors - Cumulative:     0.00270[s] n_calls:  5494, From last output:     0.00359[s] n_calls:    87
 
                 Overlap - Cumulative:     0.00183[s] n_calls: 398710, From last output:     0.00450[s] n_calls:  6134
                   Force - Cumulative:     0.00027[s] n_calls: 398710, From last output:     0.00058[s] n_calls:  6134
                    Move - Cumulative:     0.00171[s] n_calls: 398710, From last output:     0.00330[s] n_calls:  6134
                  Output - Cumulative:     0.04219[s] n_calls:    65, From last output:     0.07945[s] n_calls:     1
               Iteration - Cumulative:     0.00408[s] n_calls: 398710, From last output:     0.00886[s] n_calls:  6134

Total Execution Times: 1627.26[s], From last output: 54.3464[s]
 
                  Search - Total:      103.78[s] =   6.38 %, From last output:        2.84[s] =   5.23 %
             - Search PP - Total:       62.41[s] =  60.14 %, From last output:        1.90[s] =  66.64 %
             -- Sorting, - Total:        0.59[s] =   0.94 %, From last output:        0.01[s] =   0.79 %
        -- BuildBVHTree, - Total:       23.37[s] =  37.45 %, From last output:        0.70[s] =  37.09 %
           -- Neighbors, - Total:       25.02[s] =  40.09 %, From last output:        0.83[s] =  43.53 %
             - Search PT - Total:       41.35[s] =  39.84 %, From last output:        0.95[s] =  33.35 %
         -- CheckActives - Total:        0.44[s] =   1.07 %, From last output:        0.01[s] =   0.88 %
          -- MarkActives - Total:        0.01[s] =   0.03 %, From last output:        0.00[s] =   0.03 %
          -- PushActives - Total:        0.56[s] =   1.36 %, From last output:        0.01[s] =   1.17 %
            -- UpdateBVH - Total:        1.24[s] =   2.99 %, From last output:        0.02[s] =   2.54 %
            -- Neighbors - Total:       14.82[s] =  35.85 %, From last output:        0.31[s] =  32.90 %
 
                 Overlap - Total:      730.84[s] =  44.91 %, From last output:       27.61[s] =  50.80 %
                   Force - Total:      106.05[s] =   6.52 %, From last output:        3.54[s] =   6.52 %
                    Move - Total:      682.36[s] =  41.93 %, From last output:       20.24[s] =  37.24 %
                  Output - Total:        2.74[s] =   0.17 %, From last output:        0.08[s] =   0.15 %

Module Execution Times:

Total Module Execution Times: 0[s], From last output: 0[s]

Total Execution Times (All listed above):      1625.77[s] =  99.91 %
Total Execution Times (Unlisted):                 1.49[s] =   0.09 %

</message>
<info date="2025-10-26 23:59:33" up_time="0:28:27.307">
Issues found since last output!
 - Contacts overlap, an average of:
    0.112% of contacts reached more than 2.5% overlap.
      collected in 79 timesteps totaling 70320 contact overlaps

</info>
<message date="2025-10-26 23:59:33" up_time="0:28:27.378">
	File: 66
	Simulation time: 3.3

	N. Total Particles: 25671
	N. Enabled Particles: 10444
	N. Released Particles: 10589

	N. Enabled Elements: 0
	N. Released Elements: 0
	N. Particle Fragments: 0

	N. Triangles: 1438
	N. Triangle Nodes: 726

	N. Neighbors: 22201
		N. Particle Neighbors: 16584, RR: 0, RN: 0, NN: 16584
		N. Triangle Neighbors: 5617, TR: 0, TN: 5617
	N. Surface Contacts: 871, particles: 413, triangles: 458
	N. Adhesion Contacts: 873, particles: 415, triangles: 458
	Neighbor Contact Ratio: 12.729931

	Estimated Limits of Surface Velocity:
		                 Total - min:      6e+01 max:      7e+01 average:      6e+01
		            Boundaries - min:          3 max:          3 average:          3
		             Particles - min:      6e+01 max:      7e+01 average:      6e+01

	CPU:
		Memory Usage: 349 MB of 16055 MB
		Free Memory: 2268 MB

</message>
<message date="2025-10-26 23:59:33" up_time="0:28:27.380">
Execution Times:
Execution Times per Call:
 
                  Search - Cumulative:     0.00808[s] n_calls: 13228, From last output:     0.01442[s] n_calls:   216
               Search PP - Cumulative:     0.00818[s] n_calls:  7884, From last output:     0.01560[s] n_calls:   133
              -- Sorting - Cumulative:     0.00451[s] n_calls:   132, From last output:     0.00422[s] n_calls:     2
        -- BuildBVHTree, - Cumulative:     0.00306[s] n_calls:  7884, From last output:     0.00571[s] n_calls:   133
            -- Neighbors - Cumulative:     0.00329[s] n_calls:  7884, From last output:     0.00700[s] n_calls:   133
               Search PT - Cumulative:     0.00760[s] n_calls:  5580, From last output:     0.01208[s] n_calls:    86
         -- CheckActives - Cumulative:     0.00008[s] n_calls:  5580, From last output:     0.00011[s] n_calls:    86
          -- MarkActives - Cumulative:     0.00011[s] n_calls:   132, From last output:     0.00008[s] n_calls:     2
          -- PushActives - Cumulative:     0.00010[s] n_calls:  5580, From last output:     0.00013[s] n_calls:    86
            -- UpdateBVH - Cumulative:     0.00023[s] n_calls:  5580, From last output:     0.00032[s] n_calls:    86
            -- Neighbors - Cumulative:     0.00272[s] n_calls:  5580, From last output:     0.00388[s] n_calls:    86
 
                 Overlap - Cumulative:     0.00189[s] n_calls: 404844, From last output:     0.00544[s] n_calls:  6134
                   Force - Cumulative:     0.00027[s] n_calls: 404844, From last output:     0.00069[s] n_calls:  6134
                    Move - Cumulative:     0.00174[s] n_calls: 404844, From last output:     0.00376[s] n_calls:  6134
                  Output - Cumulative:     0.04263[s] n_calls:    66, From last output:     0.07117[s] n_calls:     1
               Iteration - Cumulative:     0.00418[s] n_calls: 404844, From last output:     0.01041[s] n_calls:  6134

Total Execution Times: 1691.13[s], From last output: 63.8758[s]
 
                  Search - Total:      106.89[s] =   6.32 %, From last output:        3.11[s] =   4.88 %
             - Search PP - Total:       64.48[s] =  60.32 %, From last output:        2.07[s] =  66.62 %
             -- Sorting, - Total:        0.59[s] =   0.92 %, From last output:        0.01[s] =   0.41 %
        -- BuildBVHTree, - Total:       24.13[s] =  37.43 %, From last output:        0.76[s] =  36.64 %
           -- Neighbors, - Total:       25.95[s] =  40.24 %, From last output:        0.93[s] =  44.85 %
             - Search PT - Total:       42.39[s] =  39.65 %, From last output:        1.04[s] =  33.37 %
         -- CheckActives - Total:        0.45[s] =   1.07 %, From last output:        0.01[s] =   0.92 %
          -- MarkActives - Total:        0.01[s] =   0.03 %, From last output:        0.00[s] =   0.02 %
          -- PushActives - Total:        0.57[s] =   1.35 %, From last output:        0.01[s] =   1.08 %
            -- UpdateBVH - Total:        1.27[s] =   2.99 %, From last output:        0.03[s] =   2.67 %
            -- Neighbors - Total:       15.16[s] =  35.75 %, From last output:        0.33[s] =  32.10 %
 
                 Overlap - Total:      764.22[s] =  45.19 %, From last output:       33.38[s] =  52.26 %
                   Force - Total:      110.25[s] =   6.52 %, From last output:        4.20[s] =   6.58 %
                    Move - Total:      705.43[s] =  41.71 %, From last output:       23.07[s] =  36.12 %
                  Output - Total:        2.81[s] =   0.17 %, From last output:        0.07[s] =   0.11 %

Module Execution Times:

Total Module Execution Times: 0[s], From last output: 0[s]

Total Execution Times (All listed above):      1689.61[s] =  99.91 %
Total Execution Times (Unlisted):                 1.52[s] =   0.09 %

</message>
<info date="2025-10-27 00:00:33" up_time="0:29:27.270">
Issues found since last output!
 - Contacts overlap, an average of:
    0.107% of contacts reached more than 2.5% overlap.
      collected in 115 timesteps totaling 107019 contact overlaps

</info>
<message date="2025-10-27 00:00:33" up_time="0:29:27.334">
	File: 67
	Simulation time: 3.35

	N. Total Particles: 25671
	N. Enabled Particles: 10604
	N. Released Particles: 10751

	N. Enabled Elements: 0
	N. Released Elements: 0
	N. Particle Fragments: 0

	N. Triangles: 1438
	N. Triangle Nodes: 726

	N. Neighbors: 23294
		N. Particle Neighbors: 17498, RR: 0, RN: 0, NN: 17498
		N. Triangle Neighbors: 5796, TR: 0, TN: 5796
	N. Surface Contacts: 921, particles: 456, triangles: 465
	N. Adhesion Contacts: 923, particles: 456, triangles: 467
	Neighbor Contact Ratio: 12.632321

	Estimated Limits of Surface Velocity:
		                 Total - min:      6e+01 max:      7e+01 average:      6e+01
		            Boundaries - min:          3 max:          3 average:          3
		             Particles - min:      6e+01 max:      7e+01 average:      6e+01

	CPU:
		Memory Usage: 349 MB of 16055 MB
		Free Memory: 2289 MB

</message>
<message date="2025-10-27 00:00:33" up_time="0:29:27.335">
Execution Times:
Execution Times per Call:
 
                  Search - Cumulative:     0.00817[s] n_calls: 13436, From last output:     0.01387[s] n_calls:   208
               Search PP - Cumulative:     0.00829[s] n_calls:  8013, From last output:     0.01508[s] n_calls:   129
              -- Sorting - Cumulative:     0.00452[s] n_calls:   134, From last output:     0.00539[s] n_calls:     2
        -- BuildBVHTree, - Cumulative:     0.00310[s] n_calls:  8013, From last output:     0.00526[s] n_calls:   129
            -- Neighbors - Cumulative:     0.00335[s] n_calls:  8013, From last output:     0.00691[s] n_calls:   129
               Search PT - Cumulative:     0.00765[s] n_calls:  5663, From last output:     0.01133[s] n_calls:    83
         -- CheckActives - Cumulative:     0.00008[s] n_calls:  5663, From last output:     0.00009[s] n_calls:    83
          -- MarkActives - Cumulative:     0.00011[s] n_calls:   134, From last output:     0.00011[s] n_calls:     2
          -- PushActives - Cumulative:     0.00010[s] n_calls:  5663, From last output:     0.00013[s] n_calls:    83
            -- UpdateBVH - Cumulative:     0.00023[s] n_calls:  5663, From last output:     0.00029[s] n_calls:    83
            -- Neighbors - Cumulative:     0.00273[s] n_calls:  5663, From last output:     0.00380[s] n_calls:    83
 
                 Overlap - Cumulative:     0.00194[s] n_calls: 410978, From last output:     0.00523[s] n_calls:  6134
                   Force - Cumulative:     0.00028[s] n_calls: 410978, From last output:     0.00064[s] n_calls:  6134
                    Move - Cumulative:     0.00177[s] n_calls: 410978, From last output:     0.00341[s] n_calls:  6134
                  Output - Cumulative:     0.04294[s] n_calls:    67, From last output:     0.06314[s] n_calls:     1
               Iteration - Cumulative:     0.00426[s] n_calls: 410978, From last output:     0.00977[s] n_calls:  6134

Total Execution Times: 1751.07[s], From last output: 59.9389[s]
 
                  Search - Total:      109.78[s] =   6.27 %, From last output:        2.89[s] =   4.81 %
             - Search PP - Total:       66.43[s] =  60.51 %, From last output:        1.95[s] =  67.40 %
             -- Sorting, - Total:        0.61[s] =   0.91 %, From last output:        0.01[s] =   0.55 %
        -- BuildBVHTree, - Total:       24.81[s] =  37.35 %, From last output:        0.68[s] =  34.88 %
           -- Neighbors, - Total:       26.84[s] =  40.41 %, From last output:        0.89[s] =  45.81 %
             - Search PT - Total:       43.33[s] =  39.47 %, From last output:        0.94[s] =  32.59 %
         -- CheckActives - Total:        0.46[s] =   1.07 %, From last output:        0.01[s] =   0.84 %
          -- MarkActives - Total:        0.01[s] =   0.03 %, From last output:        0.00[s] =   0.02 %
          -- PushActives - Total:        0.58[s] =   1.35 %, From last output:        0.01[s] =   1.11 %
            -- UpdateBVH - Total:        1.29[s] =   2.98 %, From last output:        0.02[s] =   2.58 %
            -- Neighbors - Total:       15.47[s] =  35.71 %, From last output:        0.32[s] =  33.57 %
 
                 Overlap - Total:      796.33[s] =  45.48 %, From last output:       32.11[s] =  53.56 %
                   Force - Total:      114.18[s] =   6.52 %, From last output:        3.93[s] =   6.55 %
                    Move - Total:      726.36[s] =  41.48 %, From last output:       20.93[s] =  34.92 %
                  Output - Total:        2.88[s] =   0.16 %, From last output:        0.06[s] =   0.11 %

Module Execution Times:

Total Module Execution Times: 0[s], From last output: 0[s]

Total Execution Times (All listed above):      1749.52[s] =  99.91 %
Total Execution Times (Unlisted):                 1.55[s] =   0.09 %

</message>
<info date="2025-10-27 00:01:38" up_time="0:30:32.810">
Issues found since last output!
 - Contacts overlap, an average of:
    0.101% of contacts reached more than 2.5% overlap.
      collected in 76 timesteps totaling 75218 contact overlaps

</info>
<message date="2025-10-27 00:01:38" up_time="0:30:32.878">
	File: 68
	Simulation time: 3.4

	N. Total Particles: 25671
	N. Enabled Particles: 10761
	N. Released Particles: 10910

	N. Enabled Elements: 0
	N. Released Elements: 0
	N. Particle Fragments: 0

	N. Triangles: 1438
	N. Triangle Nodes: 726

	N. Neighbors: 24152
		N. Particle Neighbors: 18351, RR: 0, RN: 0, NN: 18351
		N. Triangle Neighbors: 5801, TR: 0, TN: 5801
	N. Surface Contacts: 1020, particles: 542, triangles: 478
	N. Adhesion Contacts: 1021, particles: 543, triangles: 478
	Neighbor Contact Ratio: 11.833415

	Estimated Limits of Surface Velocity:
		                 Total - min:      6e+01 max:      7e+01 average:      6e+01
		            Boundaries - min:          3 max:          3 average:          3
		             Particles - min:      6e+01 max:      7e+01 average:      6e+01

	CPU:
		Memory Usage: 246 MB of 16055 MB
		Free Memory: 2415 MB

</message>
<message date="2025-10-27 00:01:38" up_time="0:30:32.879">
Execution Times:
Execution Times per Call:
 
                  Search - Cumulative:     0.00827[s] n_calls: 13648, From last output:     0.01449[s] n_calls:   212
               Search PP - Cumulative:     0.00841[s] n_calls:  8144, From last output:     0.01601[s] n_calls:   131
              -- Sorting - Cumulative:     0.00453[s] n_calls:   136, From last output:     0.00534[s] n_calls:     2
        -- BuildBVHTree, - Cumulative:     0.00314[s] n_calls:  8144, From last output:     0.00560[s] n_calls:   131
            -- Neighbors - Cumulative:     0.00341[s] n_calls:  8144, From last output:     0.00733[s] n_calls:   131
               Search PT - Cumulative:     0.00771[s] n_calls:  5748, From last output:     0.01148[s] n_calls:    85
         -- CheckActives - Cumulative:     0.00008[s] n_calls:  5748, From last output:     0.00009[s] n_calls:    85
          -- MarkActives - Cumulative:     0.00011[s] n_calls:   136, From last output:     0.00021[s] n_calls:     2
          -- PushActives - Cumulative:     0.00010[s] n_calls:  5748, From last output:     0.00012[s] n_calls:    85
            -- UpdateBVH - Cumulative:     0.00023[s] n_calls:  5748, From last output:     0.00029[s] n_calls:    85
            -- Neighbors - Cumulative:     0.00275[s] n_calls:  5748, From last output:     0.00370[s] n_calls:    85
 
                 Overlap - Cumulative:     0.00200[s] n_calls: 417112, From last output:     0.00594[s] n_calls:  6134
                   Force - Cumulative:     0.00028[s] n_calls: 417112, From last output:     0.00070[s] n_calls:  6134
                    Move - Cumulative:     0.00179[s] n_calls: 417112, From last output:     0.00353[s] n_calls:  6134
                  Output - Cumulative:     0.04330[s] n_calls:    68, From last output:     0.06732[s] n_calls:     1
               Iteration - Cumulative:     0.00436[s] n_calls: 417112, From last output:     0.01068[s] n_calls:  6134

Total Execution Times: 1816.6[s], From last output: 65.5276[s]
 
                  Search - Total:      112.85[s] =   6.21 %, From last output:        3.07[s] =   4.69 %
             - Search PP - Total:       68.52[s] =  60.72 %, From last output:        2.10[s] =  68.24 %
             -- Sorting, - Total:        0.62[s] =   0.90 %, From last output:        0.01[s] =   0.51 %
        -- BuildBVHTree, - Total:       25.54[s] =  37.28 %, From last output:        0.73[s] =  34.96 %
           -- Neighbors, - Total:       27.80[s] =  40.57 %, From last output:        0.96[s] =  45.80 %
             - Search PT - Total:       44.30[s] =  39.26 %, From last output:        0.98[s] =  31.74 %
         -- CheckActives - Total:        0.47[s] =   1.06 %, From last output:        0.01[s] =   0.78 %
          -- MarkActives - Total:        0.02[s] =   0.03 %, From last output:        0.00[s] =   0.04 %
          -- PushActives - Total:        0.59[s] =   1.34 %, From last output:        0.01[s] =   1.03 %
            -- UpdateBVH - Total:        1.32[s] =   2.97 %, From last output:        0.02[s] =   2.55 %
            -- Neighbors - Total:       15.79[s] =  35.63 %, From last output:        0.31[s] =  32.23 %
 
                 Overlap - Total:      832.76[s] =  45.84 %, From last output:       36.43[s] =  55.60 %
                   Force - Total:      118.48[s] =   6.52 %, From last output:        4.30[s] =   6.56 %
                    Move - Total:      747.98[s] =  41.18 %, From last output:       21.63[s] =  33.00 %
                  Output - Total:        2.94[s] =   0.16 %, From last output:        0.07[s] =   0.10 %

Module Execution Times:

Total Module Execution Times: 0[s], From last output: 0[s]

Total Execution Times (All listed above):      1815.02[s] =  99.91 %
Total Execution Times (Unlisted):                 1.58[s] =   0.09 %

</message>
<info date="2025-10-27 00:02:44" up_time="0:31:38.537">
Issues found since last output!
 - Contacts overlap, an average of:
    0.103% of contacts reached more than 2.5% overlap.
      collected in 65 timesteps totaling 63274 contact overlaps

</info>
<message date="2025-10-27 00:02:44" up_time="0:31:38.625">
	File: 69
	Simulation time: 3.45

	N. Total Particles: 25671
	N. Enabled Particles: 10919
	N. Released Particles: 11072

	N. Enabled Elements: 0
	N. Released Elements: 0
	N. Particle Fragments: 0

	N. Triangles: 1438
	N. Triangle Nodes: 726

	N. Neighbors: 25098
		N. Particle Neighbors: 19085, RR: 0, RN: 0, NN: 19085
		N. Triangle Neighbors: 6013, TR: 0, TN: 6013
	N. Surface Contacts: 1002, particles: 532, triangles: 470
	N. Adhesion Contacts: 1003, particles: 532, triangles: 471
	Neighbor Contact Ratio: 12.517706

	Estimated Limits of Surface Velocity:
		                 Total - min:      6e+01 max:      7e+01 average:      6e+01
		            Boundaries - min:          3 max:          3 average:          3
		             Particles - min:      6e+01 max:      7e+01 average:      6e+01

	CPU:
		Memory Usage: 246 MB of 16055 MB
		Free Memory: 2536 MB

</message>
<message date="2025-10-27 00:02:44" up_time="0:31:38.626">
Execution Times:
Execution Times per Call:
 
                  Search - Cumulative:     0.00837[s] n_calls: 13861, From last output:     0.01468[s] n_calls:   213
               Search PP - Cumulative:     0.00854[s] n_calls:  8276, From last output:     0.01629[s] n_calls:   132
              -- Sorting - Cumulative:     0.00455[s] n_calls:   138, From last output:     0.00591[s] n_calls:     2
        -- BuildBVHTree, - Cumulative:     0.00317[s] n_calls:  8276, From last output:     0.00550[s] n_calls:   132
            -- Neighbors - Cumulative:     0.00348[s] n_calls:  8276, From last output:     0.00764[s] n_calls:   132
               Search PT - Cumulative:     0.00776[s] n_calls:  5833, From last output:     0.01147[s] n_calls:    85
         -- CheckActives - Cumulative:     0.00008[s] n_calls:  5833, From last output:     0.00010[s] n_calls:    85
          -- MarkActives - Cumulative:     0.00011[s] n_calls:   138, From last output:     0.00009[s] n_calls:     2
          -- PushActives - Cumulative:     0.00010[s] n_calls:  5833, From last output:     0.00013[s] n_calls:    85
            -- UpdateBVH - Cumulative:     0.00023[s] n_calls:  5833, From last output:     0.00029[s] n_calls:    85
            -- Neighbors - Cumulative:     0.00276[s] n_calls:  5833, From last output:     0.00361[s] n_calls:    85
 
                 Overlap - Cumulative:     0.00205[s] n_calls: 423246, From last output:     0.00589[s] n_calls:  6134
                   Force - Cumulative:     0.00029[s] n_calls: 423246, From last output:     0.00068[s] n_calls:  6134
                    Move - Cumulative:     0.00182[s] n_calls: 423246, From last output:     0.00362[s] n_calls:  6134
                  Output - Cumulative:     0.04394[s] n_calls:    69, From last output:     0.08779[s] n_calls:     1
               Iteration - Cumulative:     0.00445[s] n_calls: 423246, From last output:     0.01072[s] n_calls:  6134

Total Execution Times: 1882.33[s], From last output: 65.7309[s]
 
                  Search - Total:      115.98[s] =   6.16 %, From last output:        3.13[s] =   4.76 %
             - Search PP - Total:       70.67[s] =  60.94 %, From last output:        2.15[s] =  68.79 %
             -- Sorting, - Total:        0.63[s] =   0.89 %, From last output:        0.01[s] =   0.55 %
        -- BuildBVHTree, - Total:       26.27[s] =  37.17 %, From last output:        0.73[s] =  33.78 %
           -- Neighbors, - Total:       28.81[s] =  40.76 %, From last output:        1.01[s] =  46.87 %
             - Search PT - Total:       45.28[s] =  39.04 %, From last output:        0.98[s] =  31.19 %
         -- CheckActives - Total:        0.48[s] =   1.06 %, From last output:        0.01[s] =   0.91 %
          -- MarkActives - Total:        0.02[s] =   0.03 %, From last output:        0.00[s] =   0.02 %
          -- PushActives - Total:        0.60[s] =   1.33 %, From last output:        0.01[s] =   1.13 %
            -- UpdateBVH - Total:        1.34[s] =   2.96 %, From last output:        0.02[s] =   2.55 %
            -- Neighbors - Total:       16.09[s] =  35.54 %, From last output:        0.31[s] =  31.49 %
 
                 Overlap - Total:      868.91[s] =  46.16 %, From last output:       36.15[s] =  54.99 %
                   Force - Total:      122.63[s] =   6.51 %, From last output:        4.15[s] =   6.32 %
                    Move - Total:      770.17[s] =  40.92 %, From last output:       22.19[s] =  33.75 %
                  Output - Total:        3.03[s] =   0.16 %, From last output:        0.09[s] =   0.13 %

Module Execution Times:

Total Module Execution Times: 0[s], From last output: 0[s]

Total Execution Times (All listed above):      1880.72[s] =  99.91 %
Total Execution Times (Unlisted):                 1.61[s] =   0.09 %

</message>
<info date="2025-10-27 00:04:00" up_time="0:32:54.451">
Issues found since last output!
 - Contacts overlap, an average of:
    0.0909% of contacts reached more than 2.5% overlap.
      collected in 175 timesteps totaling 192624 contact overlaps

</info>
<message date="2025-10-27 00:04:00" up_time="0:32:54.538">
	File: 70
	Simulation time: 3.5

	N. Total Particles: 25671
	N. Enabled Particles: 11076
	N. Released Particles: 11231

	N. Enabled Elements: 0
	N. Released Elements: 0
	N. Particle Fragments: 0

	N. Triangles: 1438
	N. Triangle Nodes: 726

	N. Neighbors: 25952
		N. Particle Neighbors: 19994, RR: 0, RN: 0, NN: 19994
		N. Triangle Neighbors: 5958, TR: 0, TN: 5958
	N. Surface Contacts: 1171, particles: 683, triangles: 488
	N. Adhesion Contacts: 1177, particles: 686, triangles: 491
	Neighbor Contact Ratio: 11.052811

	Estimated Limits of Surface Velocity:
		                 Total - min:      6e+01 max:      7e+01 average:      6e+01
		            Boundaries - min:          3 max:          3 average:          3
		             Particles - min:      6e+01 max:      7e+01 average:      6e+01

	CPU:
		Memory Usage: 239 MB of 16055 MB
		Free Memory: 2593 MB

</message>
<message date="2025-10-27 00:04:00" up_time="0:32:54.540">
Execution Times:
Execution Times per Call:
 
                  Search - Cumulative:     0.00848[s] n_calls: 14066, From last output:     0.01644[s] n_calls:   205
               Search PP - Cumulative:     0.00869[s] n_calls:  8405, From last output:     0.01815[s] n_calls:   129
              -- Sorting - Cumulative:     0.00455[s] n_calls:   140, From last output:     0.00408[s] n_calls:     2
        -- BuildBVHTree, - Cumulative:     0.00322[s] n_calls:  8405, From last output:     0.00599[s] n_calls:   129
            -- Neighbors - Cumulative:     0.00356[s] n_calls:  8405, From last output:     0.00880[s] n_calls:   129
               Search PT - Cumulative:     0.00783[s] n_calls:  5915, From last output:     0.01253[s] n_calls:    82
         -- CheckActives - Cumulative:     0.00008[s] n_calls:  5915, From last output:     0.00011[s] n_calls:    82
          -- MarkActives - Cumulative:     0.00011[s] n_calls:   140, From last output:     0.00015[s] n_calls:     2
          -- PushActives - Cumulative:     0.00010[s] n_calls:  5915, From last output:     0.00013[s] n_calls:    82
            -- UpdateBVH - Cumulative:     0.00023[s] n_calls:  5915, From last output:     0.00030[s] n_calls:    82
            -- Neighbors - Cumulative:     0.00278[s] n_calls:  5915, From last output:     0.00398[s] n_calls:    82
 
                 Overlap - Cumulative:     0.00212[s] n_calls: 429380, From last output:     0.00707[s] n_calls:  6134
                   Force - Cumulative:     0.00030[s] n_calls: 429380, From last output:     0.00080[s] n_calls:  6134
                    Move - Cumulative:     0.00185[s] n_calls: 429380, From last output:     0.00393[s] n_calls:  6134
                  Output - Cumulative:     0.04455[s] n_calls:    70, From last output:     0.08672[s] n_calls:     1
               Iteration - Cumulative:     0.00456[s] n_calls: 429380, From last output:     0.01237[s] n_calls:  6134

Total Execution Times: 1958.22[s], From last output: 75.8966[s]
 
                  Search - Total:      119.35[s] =   6.09 %, From last output:        3.37[s] =   4.44 %
             - Search PP - Total:       73.02[s] =  61.18 %, From last output:        2.34[s] =  69.49 %
             -- Sorting, - Total:        0.64[s] =   0.87 %, From last output:        0.01[s] =   0.35 %
        -- BuildBVHTree, - Total:       27.04[s] =  37.04 %, From last output:        0.77[s] =  32.98 %
           -- Neighbors, - Total:       29.94[s] =  41.01 %, From last output:        1.13[s] =  48.45 %
             - Search PT - Total:       46.31[s] =  38.80 %, From last output:        1.03[s] =  30.49 %
         -- CheckActives - Total:        0.49[s] =   1.05 %, From last output:        0.01[s] =   0.86 %
          -- MarkActives - Total:        0.02[s] =   0.03 %, From last output:        0.00[s] =   0.03 %
          -- PushActives - Total:        0.61[s] =   1.33 %, From last output:        0.01[s] =   1.02 %
            -- UpdateBVH - Total:        1.36[s] =   2.95 %, From last output:        0.02[s] =   2.37 %
            -- Neighbors - Total:       16.42[s] =  35.46 %, From last output:        0.33[s] =  31.79 %
 
                 Overlap - Total:      912.26[s] =  46.59 %, From last output:       43.36[s] =  57.13 %
                   Force - Total:      127.55[s] =   6.51 %, From last output:        4.92[s] =   6.48 %
                    Move - Total:      794.30[s] =  40.56 %, From last output:       24.13[s] =  31.79 %
                  Output - Total:        3.12[s] =   0.16 %, From last output:        0.09[s] =   0.11 %

Module Execution Times:

Total Module Execution Times: 0[s], From last output: 0[s]

Total Execution Times (All listed above):      1956.58[s] =  99.92 %
Total Execution Times (Unlisted):                 1.64[s] =   0.08 %

</message>
<info date="2025-10-27 00:05:11" up_time="0:34:5.737">
Issues found since last output!
 - Contacts overlap, an average of:
    0.0777% of contacts reached more than 2.5% overlap.
      collected in 113 timesteps totaling 145342 contact overlaps

</info>
<message date="2025-10-27 00:05:11" up_time="0:34:5.808">
	File: 71
	Simulation time: 3.55

	N. Total Particles: 25671
	N. Enabled Particles: 11233
	N. Released Particles: 11392

	N. Enabled Elements: 0
	N. Released Elements: 0
	N. Particle Fragments: 0

	N. Triangles: 1438
	N. Triangle Nodes: 726

	N. Neighbors: 26920
		N. Particle Neighbors: 21016, RR: 0, RN: 0, NN: 21016
		N. Triangle Neighbors: 5904, TR: 0, TN: 5904
	N. Surface Contacts: 1338, particles: 820, triangles: 518
	N. Adhesion Contacts: 1339, particles: 821, triangles: 518
	Neighbor Contact Ratio: 10.056033

	Estimated Limits of Surface Velocity:
		                 Total - min:      6e+01 max:      7e+01 average:      6e+01
		            Boundaries - min:          3 max:          3 average:          3
		             Particles - min:      6e+01 max:      7e+01 average:      6e+01

	CPU:
		Memory Usage: 239 MB of 16055 MB
		Free Memory: 2729 MB

</message>
<message date="2025-10-27 00:05:11" up_time="0:34:5.809">
Execution Times:
Execution Times per Call:
 
                  Search - Cumulative:     0.00858[s] n_calls: 14277, From last output:     0.01499[s] n_calls:   211
               Search PP - Cumulative:     0.00881[s] n_calls:  8536, From last output:     0.01681[s] n_calls:   131
              -- Sorting - Cumulative:     0.00461[s] n_calls:   142, From last output:     0.00934[s] n_calls:     2
        -- BuildBVHTree, - Cumulative:     0.00325[s] n_calls:  8536, From last output:     0.00533[s] n_calls:   131
            -- Neighbors - Cumulative:     0.00363[s] n_calls:  8536, From last output:     0.00820[s] n_calls:   131
               Search PT - Cumulative:     0.00788[s] n_calls:  6000, From last output:     0.01129[s] n_calls:    85
         -- CheckActives - Cumulative:     0.00008[s] n_calls:  6000, From last output:     0.00009[s] n_calls:    85
          -- MarkActives - Cumulative:     0.00011[s] n_calls:   142, From last output:     0.00011[s] n_calls:     2
          -- PushActives - Cumulative:     0.00010[s] n_calls:  6000, From last output:     0.00011[s] n_calls:    85
            -- UpdateBVH - Cumulative:     0.00023[s] n_calls:  6000, From last output:     0.00027[s] n_calls:    85
            -- Neighbors - Cumulative:     0.00279[s] n_calls:  6000, From last output:     0.00367[s] n_calls:    85
 
                 Overlap - Cumulative:     0.00219[s] n_calls: 435514, From last output:     0.00691[s] n_calls:  6134
                   Force - Cumulative:     0.00030[s] n_calls: 435514, From last output:     0.00077[s] n_calls:  6134
                    Move - Cumulative:     0.00187[s] n_calls: 435514, From last output:     0.00341[s] n_calls:  6134
                  Output - Cumulative:     0.04493[s] n_calls:    71, From last output:     0.07121[s] n_calls:     1
               Iteration - Cumulative:     0.00466[s] n_calls: 435514, From last output:     0.01162[s] n_calls:  6134

Total Execution Times: 2029.47[s], From last output: 71.2538[s]
 
                  Search - Total:      122.51[s] =   6.04 %, From last output:        3.16[s] =   4.44 %
             - Search PP - Total:       75.22[s] =  61.40 %, From last output:        2.20[s] =  69.64 %
             -- Sorting, - Total:        0.66[s] =   0.87 %, From last output:        0.02[s] =   0.85 %
        -- BuildBVHTree, - Total:       27.74[s] =  36.88 %, From last output:        0.70[s] =  31.70 %
           -- Neighbors, - Total:       31.02[s] =  41.24 %, From last output:        1.07[s] =  48.76 %
             - Search PT - Total:       47.27[s] =  38.58 %, From last output:        0.96[s] =  30.34 %
         -- CheckActives - Total:        0.49[s] =   1.05 %, From last output:        0.01[s] =   0.80 %
          -- MarkActives - Total:        0.02[s] =   0.03 %, From last output:        0.00[s] =   0.02 %
          -- PushActives - Total:        0.62[s] =   1.32 %, From last output:        0.01[s] =   0.97 %
            -- UpdateBVH - Total:        1.39[s] =   2.93 %, From last output:        0.02[s] =   2.37 %
            -- Neighbors - Total:       16.73[s] =  35.40 %, From last output:        0.31[s] =  32.48 %
 
                 Overlap - Total:      954.63[s] =  47.04 %, From last output:       42.37[s] =  59.46 %
                   Force - Total:      132.27[s] =   6.52 %, From last output:        4.72[s] =   6.62 %
                    Move - Total:      815.20[s] =  40.17 %, From last output:       20.90[s] =  29.34 %
                  Output - Total:        3.19[s] =   0.16 %, From last output:        0.07[s] =   0.10 %

Module Execution Times:

Total Module Execution Times: 0[s], From last output: 0[s]

Total Execution Times (All listed above):      2027.80[s] =  99.92 %
Total Execution Times (Unlisted):                 1.67[s] =   0.08 %

</message>
<info date="2025-10-27 00:06:33" up_time="0:35:27.573">
Issues found since last output!
 - Contacts overlap, an average of:
    0.0802% of contacts reached more than 2.5% overlap.
      collected in 74 timesteps totaling 92323 contact overlaps

</info>
<message date="2025-10-27 00:06:33" up_time="0:35:27.658">
	File: 72
	Simulation time: 3.6

	N. Total Particles: 25671
	N. Enabled Particles: 11391
	N. Released Particles: 11553

	N. Enabled Elements: 0
	N. Released Elements: 0
	N. Particle Fragments: 0

	N. Triangles: 1438
	N. Triangle Nodes: 726

	N. Neighbors: 27609
		N. Particle Neighbors: 21775, RR: 0, RN: 0, NN: 21775
		N. Triangle Neighbors: 5834, TR: 0, TN: 5834
	N. Surface Contacts: 1213, particles: 716, triangles: 497
	N. Adhesion Contacts: 1215, particles: 718, triangles: 497
	Neighbor Contact Ratio: 11.371087

	Estimated Limits of Surface Velocity:
		                 Total - min:      6e+01 max:      7e+01 average:      6e+01
		            Boundaries - min:          3 max:          3 average:          3
		             Particles - min:      6e+01 max:      7e+01 average:      6e+01

	CPU:
		Memory Usage: 172 MB of 16055 MB
		Free Memory: 2812 MB

</message>
<message date="2025-10-27 00:06:33" up_time="0:35:27.659">
Execution Times:
Execution Times per Call:
 
                  Search - Cumulative:     0.00871[s] n_calls: 14490, From last output:     0.01735[s] n_calls:   213
               Search PP - Cumulative:     0.00897[s] n_calls:  8667, From last output:     0.01959[s] n_calls:   131
              -- Sorting - Cumulative:     0.00465[s] n_calls:   144, From last output:     0.00748[s] n_calls:     2
        -- BuildBVHTree, - Cumulative:     0.00329[s] n_calls:  8667, From last output:     0.00620[s] n_calls:   131
            -- Neighbors - Cumulative:     0.00373[s] n_calls:  8667, From last output:     0.00968[s] n_calls:   131
               Search PT - Cumulative:     0.00795[s] n_calls:  6085, From last output:     0.01328[s] n_calls:    85
         -- CheckActives - Cumulative:     0.00008[s] n_calls:  6085, From last output:     0.00010[s] n_calls:    85
          -- MarkActives - Cumulative:     0.00011[s] n_calls:   144, From last output:     0.00009[s] n_calls:     2
          -- PushActives - Cumulative:     0.00010[s] n_calls:  6085, From last output:     0.00013[s] n_calls:    85
            -- UpdateBVH - Cumulative:     0.00023[s] n_calls:  6085, From last output:     0.00030[s] n_calls:    85
            -- Neighbors - Cumulative:     0.00281[s] n_calls:  6085, From last output:     0.00428[s] n_calls:    85
 
                 Overlap - Cumulative:     0.00227[s] n_calls: 441648, From last output:     0.00782[s] n_calls:  6134
                   Force - Cumulative:     0.00031[s] n_calls: 441648, From last output:     0.00085[s] n_calls:  6134
                    Move - Cumulative:     0.00190[s] n_calls: 441648, From last output:     0.00405[s] n_calls:  6134
                  Output - Cumulative:     0.04549[s] n_calls:    72, From last output:     0.08502[s] n_calls:     1
               Iteration - Cumulative:     0.00478[s] n_calls: 441648, From last output:     0.01334[s] n_calls:  6134

Total Execution Times: 2111.31[s], From last output: 81.8325[s]
 
                  Search - Total:      126.20[s] =   5.98 %, From last output:        3.70[s] =   4.52 %
             - Search PP - Total:       77.78[s] =  61.63 %, From last output:        2.57[s] =  69.43 %
             -- Sorting, - Total:        0.67[s] =   0.86 %, From last output:        0.01[s] =   0.58 %
        -- BuildBVHTree, - Total:       28.55[s] =  36.71 %, From last output:        0.81[s] =  31.67 %
           -- Neighbors, - Total:       32.28[s] =  41.51 %, From last output:        1.27[s] =  49.44 %
             - Search PT - Total:       48.39[s] =  38.35 %, From last output:        1.13[s] =  30.56 %
         -- CheckActives - Total:        0.50[s] =   1.04 %, From last output:        0.01[s] =   0.73 %
          -- MarkActives - Total:        0.02[s] =   0.03 %, From last output:        0.00[s] =   0.02 %
          -- PushActives - Total:        0.64[s] =   1.31 %, From last output:        0.01[s] =   1.01 %
            -- UpdateBVH - Total:        1.41[s] =   2.92 %, From last output:        0.03[s] =   2.29 %
            -- Neighbors - Total:       17.09[s] =  35.32 %, From last output:        0.36[s] =  32.24 %
 
                 Overlap - Total:     1002.59[s] =  47.49 %, From last output:       47.96[s] =  58.61 %
                   Force - Total:      137.51[s] =   6.51 %, From last output:        5.24[s] =   6.40 %
                    Move - Total:      840.02[s] =  39.79 %, From last output:       24.82[s] =  30.33 %
                  Output - Total:        3.27[s] =   0.16 %, From last output:        0.09[s] =   0.10 %

Module Execution Times:

Total Module Execution Times: 0[s], From last output: 0[s]

Total Execution Times (All listed above):      2109.60[s] =  99.92 %
Total Execution Times (Unlisted):                 1.71[s] =   0.08 %

</message>
<info date="2025-10-27 00:07:52" up_time="0:36:46.322">
Issues found since last output!
 - Contacts overlap, an average of:
    0.0792% of contacts reached more than 2.5% overlap.
      collected in 85 timesteps totaling 107298 contact overlaps

</info>
<message date="2025-10-27 00:07:52" up_time="0:36:46.397">
	File: 73
	Simulation time: 3.65

	N. Total Particles: 25671
	N. Enabled Particles: 11548
	N. Released Particles: 11713

	N. Enabled Elements: 0
	N. Released Elements: 0
	N. Particle Fragments: 0

	N. Triangles: 1438
	N. Triangle Nodes: 726

	N. Neighbors: 28539
		N. Particle Neighbors: 22550, RR: 0, RN: 0, NN: 22550
		N. Triangle Neighbors: 5989, TR: 0, TN: 5989
	N. Surface Contacts: 1411, particles: 894, triangles: 517
	N. Adhesion Contacts: 1413, particles: 896, triangles: 517
	Neighbor Contact Ratio: 10.105878

	Estimated Limits of Surface Velocity:
		                 Total - min:      6e+01 max:      7e+01 average:      6e+01
		            Boundaries - min:          3 max:          3 average:          3
		             Particles - min:      6e+01 max:      7e+01 average:      6e+01

	CPU:
		Memory Usage: 172 MB of 16055 MB
		Free Memory: 2839 MB

</message>
<message date="2025-10-27 00:07:52" up_time="0:36:46.399">
Execution Times:
Execution Times per Call:
 
                  Search - Cumulative:     0.00882[s] n_calls: 14696, From last output:     0.01683[s] n_calls:   206
               Search PP - Cumulative:     0.00912[s] n_calls:  8793, From last output:     0.01916[s] n_calls:   126
              -- Sorting - Cumulative:     0.00467[s] n_calls:   146, From last output:     0.00608[s] n_calls:     2
        -- BuildBVHTree, - Cumulative:     0.00334[s] n_calls:  8793, From last output:     0.00613[s] n_calls:   126
            -- Neighbors - Cumulative:     0.00381[s] n_calls:  8793, From last output:     0.00943[s] n_calls:   126
               Search PT - Cumulative:     0.00802[s] n_calls:  6168, From last output:     0.01268[s] n_calls:    83
         -- CheckActives - Cumulative:     0.00008[s] n_calls:  6168, From last output:     0.00012[s] n_calls:    83
          -- MarkActives - Cumulative:     0.00011[s] n_calls:   146, From last output:     0.00019[s] n_calls:     2
          -- PushActives - Cumulative:     0.00010[s] n_calls:  6168, From last output:     0.00013[s] n_calls:    83
            -- UpdateBVH - Cumulative:     0.00023[s] n_calls:  6168, From last output:     0.00032[s] n_calls:    83
            -- Neighbors - Cumulative:     0.00282[s] n_calls:  6168, From last output:     0.00397[s] n_calls:    83
 
                 Overlap - Cumulative:     0.00234[s] n_calls: 447782, From last output:     0.00754[s] n_calls:  6134
                   Force - Cumulative:     0.00032[s] n_calls: 447782, From last output:     0.00084[s] n_calls:  6134
                    Move - Cumulative:     0.00193[s] n_calls: 447782, From last output:     0.00388[s] n_calls:  6134
                  Output - Cumulative:     0.04589[s] n_calls:    73, From last output:     0.07481[s] n_calls:     1
               Iteration - Cumulative:     0.00489[s] n_calls: 447782, From last output:     0.01283[s] n_calls:  6134

Total Execution Times: 2190.03[s], From last output: 78.7232[s]
 
                  Search - Total:      129.67[s] =   5.92 %, From last output:        3.47[s] =   4.40 %
             - Search PP - Total:       80.20[s] =  61.85 %, From last output:        2.41[s] =  69.62 %
             -- Sorting, - Total:        0.68[s] =   0.85 %, From last output:        0.01[s] =   0.50 %
        -- BuildBVHTree, - Total:       29.33[s] =  36.57 %, From last output:        0.77[s] =  32.02 %
           -- Neighbors, - Total:       33.47[s] =  41.74 %, From last output:        1.19[s] =  49.20 %
             - Search PT - Total:       49.45[s] =  38.13 %, From last output:        1.05[s] =  30.37 %
         -- CheckActives - Total:        0.51[s] =   1.04 %, From last output:        0.01[s] =   0.91 %
          -- MarkActives - Total:        0.02[s] =   0.03 %, From last output:        0.00[s] =   0.04 %
          -- PushActives - Total:        0.65[s] =   1.31 %, From last output:        0.01[s] =   1.06 %
            -- UpdateBVH - Total:        1.44[s] =   2.91 %, From last output:        0.03[s] =   2.56 %
            -- Neighbors - Total:       17.42[s] =  35.24 %, From last output:        0.33[s] =  31.29 %
 
                 Overlap - Total:     1048.84[s] =  47.89 %, From last output:       46.25[s] =  58.75 %
                   Force - Total:      142.63[s] =   6.51 %, From last output:        5.13[s] =   6.51 %
                    Move - Total:      863.80[s] =  39.44 %, From last output:       23.78[s] =  30.21 %
                  Output - Total:        3.35[s] =   0.15 %, From last output:        0.07[s] =   0.10 %

Module Execution Times:

Total Module Execution Times: 0[s], From last output: 0[s]

Total Execution Times (All listed above):      2188.29[s] =  99.92 %
Total Execution Times (Unlisted):                 1.74[s] =   0.08 %

</message>
<info date="2025-10-27 00:09:09" up_time="0:38:3.433">
Issues found since last output!
 - Contacts overlap, an average of:
    0.0713% of contacts reached more than 2.5% overlap.
      collected in 79 timesteps totaling 110863 contact overlaps

</info>
<message date="2025-10-27 00:09:09" up_time="0:38:3.502">
	File: 74
	Simulation time: 3.7

	N. Total Particles: 25671
	N. Enabled Particles: 11707
	N. Released Particles: 11874

	N. Enabled Elements: 0
	N. Released Elements: 0
	N. Particle Fragments: 0

	N. Triangles: 1438
	N. Triangle Nodes: 726

	N. Neighbors: 29305
		N. Particle Neighbors: 23494, RR: 0, RN: 0, NN: 23494
		N. Triangle Neighbors: 5811, TR: 0, TN: 5811
	N. Surface Contacts: 1549, particles: 1008, triangles: 541
	N. Adhesion Contacts: 1552, particles: 1008, triangles: 544
	Neighbor Contact Ratio: 9.450177

	Estimated Limits of Surface Velocity:
		                 Total - min:      6e+01 max:      7e+01 average:      6e+01
		            Boundaries - min:          3 max:          3 average:          3
		             Particles - min:      6e+01 max:      7e+01 average:      6e+01

	CPU:
		Memory Usage: 172 MB of 16055 MB
		Free Memory: 2749 MB

</message>
<message date="2025-10-27 00:09:09" up_time="0:38:3.502">
Execution Times:
Execution Times per Call:
 
                  Search - Cumulative:     0.00892[s] n_calls: 14907, From last output:     0.01580[s] n_calls:   211
               Search PP - Cumulative:     0.00925[s] n_calls:  8922, From last output:     0.01823[s] n_calls:   129
              -- Sorting - Cumulative:     0.00470[s] n_calls:   148, From last output:     0.00644[s] n_calls:     2
        -- BuildBVHTree, - Cumulative:     0.00337[s] n_calls:  8922, From last output:     0.00551[s] n_calls:   129
            -- Neighbors - Cumulative:     0.00388[s] n_calls:  8922, From last output:     0.00918[s] n_calls:   129
               Search PT - Cumulative:     0.00806[s] n_calls:  6253, From last output:     0.01156[s] n_calls:    85
         -- CheckActives - Cumulative:     0.00008[s] n_calls:  6253, From last output:     0.00009[s] n_calls:    85
          -- MarkActives - Cumulative:     0.00011[s] n_calls:   148, From last output:     0.00017[s] n_calls:     2
          -- PushActives - Cumulative:     0.00010[s] n_calls:  6253, From last output:     0.00011[s] n_calls:    85
            -- UpdateBVH - Cumulative:     0.00023[s] n_calls:  6253, From last output:     0.00027[s] n_calls:    85
            -- Neighbors - Cumulative:     0.00284[s] n_calls:  6253, From last output:     0.00370[s] n_calls:    85
 
                 Overlap - Cumulative:     0.00241[s] n_calls: 453916, From last output:     0.00759[s] n_calls:  6134
                   Force - Cumulative:     0.00033[s] n_calls: 453916, From last output:     0.00081[s] n_calls:  6134
                    Move - Cumulative:     0.00195[s] n_calls: 453916, From last output:     0.00360[s] n_calls:  6134
                  Output - Cumulative:     0.04620[s] n_calls:    74, From last output:     0.06875[s] n_calls:     1
               Iteration - Cumulative:     0.00499[s] n_calls: 453916, From last output:     0.01257[s] n_calls:  6134

Total Execution Times: 2267.12[s], From last output: 77.0878[s]
 
                  Search - Total:      133.00[s] =   5.87 %, From last output:        3.33[s] =   4.33 %
             - Search PP - Total:       82.55[s] =  62.06 %, From last output:        2.35[s] =  70.51 %
             -- Sorting, - Total:        0.69[s] =   0.84 %, From last output:        0.01[s] =   0.55 %
        -- BuildBVHTree, - Total:       30.04[s] =  36.39 %, From last output:        0.71[s] =  30.24 %
           -- Neighbors, - Total:       34.66[s] =  41.98 %, From last output:        1.18[s] =  50.37 %
             - Search PT - Total:       50.43[s] =  37.92 %, From last output:        0.98[s] =  29.48 %
         -- CheckActives - Total:        0.52[s] =   1.03 %, From last output:        0.01[s] =   0.80 %
          -- MarkActives - Total:        0.02[s] =   0.03 %, From last output:        0.00[s] =   0.03 %
          -- PushActives - Total:        0.66[s] =   1.30 %, From last output:        0.01[s] =   0.97 %
            -- UpdateBVH - Total:        1.46[s] =   2.90 %, From last output:        0.02[s] =   2.32 %
            -- Neighbors - Total:       17.74[s] =  35.18 %, From last output:        0.31[s] =  32.04 %
 
                 Overlap - Total:     1095.40[s] =  48.32 %, From last output:       46.56[s] =  60.40 %
                   Force - Total:      147.62[s] =   6.51 %, From last output:        4.99[s] =   6.47 %
                    Move - Total:      885.90[s] =  39.08 %, From last output:       22.10[s] =  28.67 %
                  Output - Total:        3.42[s] =   0.15 %, From last output:        0.07[s] =   0.09 %

Module Execution Times:

Total Module Execution Times: 0[s], From last output: 0[s]

Total Execution Times (All listed above):      2265.34[s] =  99.92 %
Total Execution Times (Unlisted):                 1.77[s] =   0.08 %

</message>
<info date="2025-10-27 00:10:41" up_time="0:39:35.763">
Issues found since last output!
 - Contacts overlap, an average of:
    0.0651% of contacts reached more than 2.5% overlap.
      collected in 156 timesteps totaling 239600 contact overlaps

</info>
<message date="2025-10-27 00:10:41" up_time="0:39:35.861">
	File: 75
	Simulation time: 3.75

	N. Total Particles: 25671
	N. Enabled Particles: 11860
	N. Released Particles: 12033

	N. Enabled Elements: 0
	N. Released Elements: 0
	N. Particle Fragments: 0

	N. Triangles: 1438
	N. Triangle Nodes: 726

	N. Neighbors: 30473
		N. Particle Neighbors: 24435, RR: 0, RN: 0, NN: 24435
		N. Triangle Neighbors: 6038, TR: 0, TN: 6038
	N. Surface Contacts: 1804, particles: 1230, triangles: 574
	N. Adhesion Contacts: 1807, particles: 1230, triangles: 577
	Neighbor Contact Ratio: 8.438937

	Estimated Limits of Surface Velocity:
		                 Total - min:      6e+01 max:      7e+01 average:      6e+01
		            Boundaries - min:          3 max:          3 average:          3
		             Particles - min:      6e+01 max:      7e+01 average:      6e+01

	CPU:
		Memory Usage: 172 MB of 16055 MB
		Free Memory: 2705 MB

</message>
<message date="2025-10-27 00:10:41" up_time="0:39:35.863">
Execution Times:
Execution Times per Call:
 
                  Search - Cumulative:     0.00904[s] n_calls: 15109, From last output:     0.01793[s] n_calls:   202
               Search PP - Cumulative:     0.00941[s] n_calls:  9048, From last output:     0.02054[s] n_calls:   126
              -- Sorting - Cumulative:     0.00471[s] n_calls:   150, From last output:     0.00593[s] n_calls:     2
        -- BuildBVHTree, - Cumulative:     0.00341[s] n_calls:  9048, From last output:     0.00616[s] n_calls:   126
            -- Neighbors - Cumulative:     0.00398[s] n_calls:  9048, From last output:     0.01048[s] n_calls:   126
               Search PT - Cumulative:     0.00813[s] n_calls:  6333, From last output:     0.01291[s] n_calls:    80
         -- CheckActives - Cumulative:     0.00008[s] n_calls:  6333, From last output:     0.00011[s] n_calls:    80
          -- MarkActives - Cumulative:     0.00011[s] n_calls:   150, From last output:     0.00012[s] n_calls:     2
          -- PushActives - Cumulative:     0.00011[s] n_calls:  6333, From last output:     0.00013[s] n_calls:    80
            -- UpdateBVH - Cumulative:     0.00024[s] n_calls:  6333, From last output:     0.00034[s] n_calls:    80
            -- Neighbors - Cumulative:     0.00285[s] n_calls:  6333, From last output:     0.00409[s] n_calls:    80
 
                 Overlap - Cumulative:     0.00251[s] n_calls: 460050, From last output:     0.00938[s] n_calls:  6134
                   Force - Cumulative:     0.00033[s] n_calls: 460050, From last output:     0.00097[s] n_calls:  6134
                    Move - Cumulative:     0.00198[s] n_calls: 460050, From last output:     0.00409[s] n_calls:  6134
                  Output - Cumulative:     0.04689[s] n_calls:    75, From last output:     0.09830[s] n_calls:     1
               Iteration - Cumulative:     0.00513[s] n_calls: 460050, From last output:     0.01505[s] n_calls:  6134

Total Execution Times: 2359.46[s], From last output: 92.3425[s]
 
                  Search - Total:      136.63[s] =   5.79 %, From last output:        3.62[s] =   3.92 %
             - Search PP - Total:       85.14[s] =  62.31 %, From last output:        2.59[s] =  71.47 %
             -- Sorting, - Total:        0.71[s] =   0.83 %, From last output:        0.01[s] =   0.46 %
        -- BuildBVHTree, - Total:       30.81[s] =  36.19 %, From last output:        0.78[s] =  29.97 %
           -- Neighbors, - Total:       35.98[s] =  42.26 %, From last output:        1.32[s] =  50.99 %
             - Search PT - Total:       51.46[s] =  37.67 %, From last output:        1.03[s] =  28.52 %
         -- CheckActives - Total:        0.53[s] =   1.03 %, From last output:        0.01[s] =   0.86 %
          -- MarkActives - Total:        0.02[s] =   0.03 %, From last output:        0.00[s] =   0.02 %
          -- PushActives - Total:        0.67[s] =   1.30 %, From last output:        0.01[s] =   1.01 %
            -- UpdateBVH - Total:        1.49[s] =   2.90 %, From last output:        0.03[s] =   2.66 %
            -- Neighbors - Total:       18.07[s] =  35.11 %, From last output:        0.33[s] =  31.68 %
 
                 Overlap - Total:     1152.94[s] =  48.86 %, From last output:       57.55[s] =  62.32 %
                   Force - Total:      153.60[s] =   6.51 %, From last output:        5.98[s] =   6.47 %
                    Move - Total:      910.97[s] =  38.61 %, From last output:       25.07[s] =  27.15 %
                  Output - Total:        3.52[s] =   0.15 %, From last output:        0.10[s] =   0.11 %

Module Execution Times:

Total Module Execution Times: 0[s], From last output: 0[s]

Total Execution Times (All listed above):      2357.65[s] =  99.92 %
Total Execution Times (Unlisted):                 1.81[s] =   0.08 %

</message>
<info date="2025-10-27 00:12:15" up_time="0:41:9.874">
Issues found since last output!
 - Contacts overlap, an average of:
    0.0576% of contacts reached more than 2.5% overlap.
      collected in 91 timesteps totaling 157891 contact overlaps

</info>
<message date="2025-10-27 00:12:15" up_time="0:41:9.988">
	File: 76
	Simulation time: 3.8

	N. Total Particles: 25671
	N. Enabled Particles: 12019
	N. Released Particles: 12195

	N. Enabled Elements: 0
	N. Released Elements: 0
	N. Particle Fragments: 0

	N. Triangles: 1438
	N. Triangle Nodes: 726

	N. Neighbors: 31920
		N. Particle Neighbors: 25758, RR: 0, RN: 0, NN: 25758
		N. Triangle Neighbors: 6162, TR: 0, TN: 6162
	N. Surface Contacts: 1852, particles: 1279, triangles: 573
	N. Adhesion Contacts: 1857, particles: 1280, triangles: 577
	Neighbor Contact Ratio: 8.606093

	Estimated Limits of Surface Velocity:
		                 Total - min:      6e+01 max:      7e+01 average:      7e+01
		            Boundaries - min:          3 max:          3 average:          3
		             Particles - min:      6e+01 max:      7e+01 average:      7e+01

	CPU:
		Memory Usage: 155 MB of 16055 MB
		Free Memory: 2821 MB

</message>
<message date="2025-10-27 00:12:15" up_time="0:41:9.990">
Execution Times:
Execution Times per Call:
 
                  Search - Cumulative:     0.00916[s] n_calls: 15323, From last output:     0.01738[s] n_calls:   214
               Search PP - Cumulative:     0.00956[s] n_calls:  9184, From last output:     0.01981[s] n_calls:   136
              -- Sorting - Cumulative:     0.00473[s] n_calls:   152, From last output:     0.00634[s] n_calls:     2
        -- BuildBVHTree, - Cumulative:     0.00344[s] n_calls:  9184, From last output:     0.00604[s] n_calls:   136
            -- Neighbors - Cumulative:     0.00406[s] n_calls:  9184, From last output:     0.00991[s] n_calls:   136
               Search PT - Cumulative:     0.00818[s] n_calls:  6416, From last output:     0.01234[s] n_calls:    83
         -- CheckActives - Cumulative:     0.00008[s] n_calls:  6416, From last output:     0.00010[s] n_calls:    83
          -- MarkActives - Cumulative:     0.00011[s] n_calls:   152, From last output:     0.00016[s] n_calls:     2
          -- PushActives - Cumulative:     0.00011[s] n_calls:  6416, From last output:     0.00013[s] n_calls:    83
            -- UpdateBVH - Cumulative:     0.00024[s] n_calls:  6416, From last output:     0.00031[s] n_calls:    83
            -- Neighbors - Cumulative:     0.00287[s] n_calls:  6416, From last output:     0.00388[s] n_calls:    83
 
                 Overlap - Cumulative:     0.00260[s] n_calls: 466184, From last output:     0.00970[s] n_calls:  6134
                   Force - Cumulative:     0.00034[s] n_calls: 466184, From last output:     0.00100[s] n_calls:  6134
                    Move - Cumulative:     0.00201[s] n_calls: 466184, From last output:     0.00402[s] n_calls:  6134
                  Output - Cumulative:     0.04778[s] n_calls:    76, From last output:     0.11411[s] n_calls:     1
               Iteration - Cumulative:     0.00526[s] n_calls: 466184, From last output:     0.01534[s] n_calls:  6134

Total Execution Times: 2453.57[s], From last output: 94.1097[s]
 
                  Search - Total:      140.35[s] =   5.72 %, From last output:        3.72[s] =   3.95 %
             - Search PP - Total:       87.83[s] =  62.58 %, From last output:        2.69[s] =  72.45 %
             -- Sorting, - Total:        0.72[s] =   0.82 %, From last output:        0.01[s] =   0.47 %
        -- BuildBVHTree, - Total:       31.63[s] =  36.02 %, From last output:        0.82[s] =  30.50 %
           -- Neighbors, - Total:       37.32[s] =  42.50 %, From last output:        1.35[s] =  50.02 %
             - Search PT - Total:       52.49[s] =  37.40 %, From last output:        1.02[s] =  27.53 %
         -- CheckActives - Total:        0.54[s] =   1.02 %, From last output:        0.01[s] =   0.82 %
          -- MarkActives - Total:        0.02[s] =   0.03 %, From last output:        0.00[s] =   0.03 %
          -- PushActives - Total:        0.68[s] =   1.29 %, From last output:        0.01[s] =   1.08 %
            -- UpdateBVH - Total:        1.52[s] =   2.89 %, From last output:        0.03[s] =   2.50 %
            -- Neighbors - Total:       18.39[s] =  35.03 %, From last output:        0.32[s] =  31.45 %
 
                 Overlap - Total:     1212.41[s] =  49.41 %, From last output:       59.47[s] =  63.19 %
                   Force - Total:      159.73[s] =   6.51 %, From last output:        6.13[s] =   6.51 %
                    Move - Total:      935.61[s] =  38.13 %, From last output:       24.65[s] =  26.19 %
                  Output - Total:        3.63[s] =   0.15 %, From last output:        0.11[s] =   0.12 %

Module Execution Times:

Total Module Execution Times: 0[s], From last output: 0[s]

Total Execution Times (All listed above):      2451.73[s] =  99.93 %
Total Execution Times (Unlisted):                 1.84[s] =   0.07 %

</message>
<info date="2025-10-27 00:13:51" up_time="0:42:45.624">
Issues found since last output!
 - Contacts overlap, an average of:
    0.0553% of contacts reached more than 2.5% overlap.
      collected in 132 timesteps totaling 244090 contact overlaps

</info>
<message date="2025-10-27 00:13:51" up_time="0:42:45.694">
	File: 77
	Simulation time: 3.85

	N. Total Particles: 25671
	N. Enabled Particles: 12176
	N. Released Particles: 12354

	N. Enabled Elements: 0
	N. Released Elements: 0
	N. Particle Fragments: 0

	N. Triangles: 1438
	N. Triangle Nodes: 726

	N. Neighbors: 32889
		N. Particle Neighbors: 26770, RR: 0, RN: 0, NN: 26770
		N. Triangle Neighbors: 6119, TR: 0, TN: 6119
	N. Surface Contacts: 1768, particles: 1181, triangles: 587
	N. Adhesion Contacts: 1770, particles: 1181, triangles: 589
	Neighbor Contact Ratio: 9.295930

	Estimated Limits of Surface Velocity:
		                 Total - min:      6e+01 max:      7e+01 average:      7e+01
		            Boundaries - min:          3 max:          3 average:          3
		             Particles - min:      6e+01 max:      7e+01 average:      7e+01

	CPU:
		Memory Usage: 155 MB of 16055 MB
		Free Memory: 2702 MB

</message>
<message date="2025-10-27 00:13:51" up_time="0:42:45.695">
Execution Times:
Execution Times per Call:
 
                  Search - Cumulative:     0.00929[s] n_calls: 15538, From last output:     0.01853[s] n_calls:   215
               Search PP - Cumulative:     0.00974[s] n_calls:  9321, From last output:     0.02136[s] n_calls:   137
              -- Sorting - Cumulative:     0.00476[s] n_calls:   154, From last output:     0.00654[s] n_calls:     2
        -- BuildBVHTree, - Cumulative:     0.00349[s] n_calls:  9321, From last output:     0.00639[s] n_calls:   137
            -- Neighbors - Cumulative:     0.00417[s] n_calls:  9321, From last output:     0.01096[s] n_calls:   137
               Search PT - Cumulative:     0.00824[s] n_calls:  6500, From last output:     0.01260[s] n_calls:    84
         -- CheckActives - Cumulative:     0.00008[s] n_calls:  6500, From last output:     0.00010[s] n_calls:    84
          -- MarkActives - Cumulative:     0.00011[s] n_calls:   154, From last output:     0.00014[s] n_calls:     2
          -- PushActives - Cumulative:     0.00011[s] n_calls:  6500, From last output:     0.00012[s] n_calls:    84
            -- UpdateBVH - Cumulative:     0.00024[s] n_calls:  6500, From last output:     0.00028[s] n_calls:    84
            -- Neighbors - Cumulative:     0.00288[s] n_calls:  6500, From last output:     0.00399[s] n_calls:    84
 
                 Overlap - Cumulative:     0.00270[s] n_calls: 472318, From last output:     0.00997[s] n_calls:  6134
                   Force - Cumulative:     0.00035[s] n_calls: 472318, From last output:     0.00104[s] n_calls:  6134
                    Move - Cumulative:     0.00203[s] n_calls: 472318, From last output:     0.00392[s] n_calls:  6134
                  Output - Cumulative:     0.04806[s] n_calls:    77, From last output:     0.06992[s] n_calls:     1
               Iteration - Cumulative:     0.00540[s] n_calls: 472318, From last output:     0.01560[s] n_calls:  6134

Total Execution Times: 2549.25[s], From last output: 95.6886[s]
 
                  Search - Total:      144.33[s] =   5.66 %, From last output:        3.98[s] =   4.16 %
             - Search PP - Total:       90.76[s] =  62.88 %, From last output:        2.93[s] =  73.43 %
             -- Sorting, - Total:        0.73[s] =   0.81 %, From last output:        0.01[s] =   0.45 %
        -- BuildBVHTree, - Total:       32.51[s] =  35.82 %, From last output:        0.88[s] =  29.92 %
           -- Neighbors, - Total:       38.83[s] =  42.78 %, From last output:        1.50[s] =  51.31 %
             - Search PT - Total:       53.55[s] =  37.10 %, From last output:        1.06[s] =  26.56 %
         -- CheckActives - Total:        0.55[s] =   1.02 %, From last output:        0.01[s] =   0.80 %
          -- MarkActives - Total:        0.02[s] =   0.03 %, From last output:        0.00[s] =   0.03 %
          -- PushActives - Total:        0.69[s] =   1.28 %, From last output:        0.01[s] =   0.99 %
            -- UpdateBVH - Total:        1.54[s] =   2.87 %, From last output:        0.02[s] =   2.23 %
            -- Neighbors - Total:       18.72[s] =  34.97 %, From last output:        0.34[s] =  31.67 %
 
                 Overlap - Total:     1273.58[s] =  49.96 %, From last output:       61.17[s] =  63.93 %
                   Force - Total:      166.09[s] =   6.52 %, From last output:        6.36[s] =   6.65 %
                    Move - Total:      959.68[s] =  37.65 %, From last output:       24.07[s] =  25.15 %
                  Output - Total:        3.70[s] =   0.15 %, From last output:        0.07[s] =   0.07 %

Module Execution Times:

Total Module Execution Times: 0[s], From last output: 0[s]

Total Execution Times (All listed above):      2547.38[s] =  99.93 %
Total Execution Times (Unlisted):                 1.87[s] =   0.07 %

</message>
<info date="2025-10-27 00:15:32" up_time="0:44:26.143">
Issues found since last output!
 - Contacts overlap, an average of:
    0.0548% of contacts reached more than 2.5% overlap.
      collected in 84 timesteps totaling 153226 contact overlaps

</info>
<message date="2025-10-27 00:15:32" up_time="0:44:26.257">
	File: 78
	Simulation time: 3.9

	N. Total Particles: 25671
	N. Enabled Particles: 12332
	N. Released Particles: 12515

	N. Enabled Elements: 0
	N. Released Elements: 0
	N. Particle Fragments: 0

	N. Triangles: 1438
	N. Triangle Nodes: 726

	N. Neighbors: 34150
		N. Particle Neighbors: 27995, RR: 0, RN: 0, NN: 27995
		N. Triangle Neighbors: 6155, TR: 0, TN: 6155
	N. Surface Contacts: 1923, particles: 1308, triangles: 615
	N. Adhesion Contacts: 1929, particles: 1309, triangles: 620
	Neighbor Contact Ratio: 8.865524

	Estimated Limits of Surface Velocity:
		                 Total - min:      6e+01 max:      7e+01 average:      6e+01
		            Boundaries - min:          3 max:          3 average:          3
		             Particles - min:      6e+01 max:      7e+01 average:      6e+01

	CPU:
		Memory Usage: 156 MB of 16055 MB
		Free Memory: 2316 MB

</message>
<message date="2025-10-27 00:15:32" up_time="0:44:26.259">
Execution Times:
Execution Times per Call:
 
                  Search - Cumulative:     0.00941[s] n_calls: 15747, From last output:     0.01829[s] n_calls:   209
               Search PP - Cumulative:     0.00990[s] n_calls:  9451, From last output:     0.02138[s] n_calls:   130
              -- Sorting - Cumulative:     0.00478[s] n_calls:   156, From last output:     0.00640[s] n_calls:     2
        -- BuildBVHTree, - Cumulative:     0.00353[s] n_calls:  9451, From last output:     0.00645[s] n_calls:   130
            -- Neighbors - Cumulative:     0.00426[s] n_calls:  9451, From last output:     0.01081[s] n_calls:   130
               Search PT - Cumulative:     0.00829[s] n_calls:  6582, From last output:     0.01273[s] n_calls:    82
         -- CheckActives - Cumulative:     0.00008[s] n_calls:  6582, From last output:     0.00011[s] n_calls:    82
          -- MarkActives - Cumulative:     0.00012[s] n_calls:   156, From last output:     0.00018[s] n_calls:     2
          -- PushActives - Cumulative:     0.00011[s] n_calls:  6582, From last output:     0.00014[s] n_calls:    82
            -- UpdateBVH - Cumulative:     0.00024[s] n_calls:  6582, From last output:     0.00033[s] n_calls:    82
            -- Neighbors - Cumulative:     0.00289[s] n_calls:  6582, From last output:     0.00397[s] n_calls:    82
 
                 Overlap - Cumulative:     0.00280[s] n_calls: 478452, From last output:     0.01053[s] n_calls:  6134
                   Force - Cumulative:     0.00036[s] n_calls: 478452, From last output:     0.00108[s] n_calls:  6134
                    Move - Cumulative:     0.00206[s] n_calls: 478452, From last output:     0.00414[s] n_calls:  6134
                  Output - Cumulative:     0.04892[s] n_calls:    78, From last output:     0.11466[s] n_calls:     1
               Iteration - Cumulative:     0.00554[s] n_calls: 478452, From last output:     0.01639[s] n_calls:  6134

Total Execution Times: 2649.8[s], From last output: 100.547[s]
 
                  Search - Total:      148.15[s] =   5.59 %, From last output:        3.82[s] =   3.80 %
             - Search PP - Total:       93.54[s] =  63.13 %, From last output:        2.78[s] =  72.68 %
             -- Sorting, - Total:        0.75[s] =   0.80 %, From last output:        0.01[s] =   0.46 %
        -- BuildBVHTree, - Total:       33.35[s] =  35.65 %, From last output:        0.84[s] =  30.19 %
           -- Neighbors, - Total:       40.23[s] =  43.01 %, From last output:        1.41[s] =  50.58 %
             - Search PT - Total:       54.59[s] =  36.85 %, From last output:        1.04[s] =  27.31 %
         -- CheckActives - Total:        0.55[s] =   1.02 %, From last output:        0.01[s] =   0.85 %
          -- MarkActives - Total:        0.02[s] =   0.03 %, From last output:        0.00[s] =   0.03 %
          -- PushActives - Total:        0.70[s] =   1.28 %, From last output:        0.01[s] =   1.08 %
            -- UpdateBVH - Total:        1.57[s] =   2.87 %, From last output:        0.03[s] =   2.56 %
            -- Neighbors - Total:       19.05[s] =  34.89 %, From last output:        0.33[s] =  31.16 %
 
                 Overlap - Total:     1338.15[s] =  50.50 %, From last output:       64.58[s] =  64.22 %
                   Force - Total:      172.68[s] =   6.52 %, From last output:        6.60[s] =   6.56 %
                    Move - Total:      985.09[s] =  37.18 %, From last output:       25.41[s] =  25.27 %
                  Output - Total:        3.82[s] =   0.14 %, From last output:        0.11[s] =   0.11 %

Module Execution Times:

Total Module Execution Times: 0[s], From last output: 0[s]

Total Execution Times (All listed above):      2647.90[s] =  99.93 %
Total Execution Times (Unlisted):                 1.90[s] =   0.07 %

</message>
<info date="2025-10-27 00:17:19" up_time="0:46:13.101">
Issues found since last output!
 - Contacts overlap, an average of:
    0.0476% of contacts reached more than 2.5% overlap.
      collected in 166 timesteps totaling 348679 contact overlaps

</info>
<message date="2025-10-27 00:17:19" up_time="0:46:13.198">
	File: 79
	Simulation time: 3.95

	N. Total Particles: 25671
	N. Enabled Particles: 12489
	N. Released Particles: 12675

	N. Enabled Elements: 0
	N. Released Elements: 0
	N. Particle Fragments: 0

	N. Triangles: 1438
	N. Triangle Nodes: 726

	N. Neighbors: 35482
		N. Particle Neighbors: 29143, RR: 0, RN: 0, NN: 29143
		N. Triangle Neighbors: 6339, TR: 0, TN: 6339
	N. Surface Contacts: 2102, particles: 1501, triangles: 601
	N. Adhesion Contacts: 2112, particles: 1505, triangles: 607
	Neighbor Contact Ratio: 8.420028

	Estimated Limits of Surface Velocity:
		                 Total - min:      6e+01 max:      7e+01 average:      7e+01
		            Boundaries - min:          3 max:          3 average:          3
		             Particles - min:      6e+01 max:      7e+01 average:      7e+01

	CPU:
		Memory Usage: 150 MB of 16055 MB
		Free Memory: 2940 MB

</message>
<message date="2025-10-27 00:17:19" up_time="0:46:13.200">
Execution Times:
Execution Times per Call:
 
                  Search - Cumulative:     0.00953[s] n_calls: 15966, From last output:     0.01857[s] n_calls:   219
               Search PP - Cumulative:     0.01007[s] n_calls:  9586, From last output:     0.02213[s] n_calls:   135
              -- Sorting - Cumulative:     0.00480[s] n_calls:   158, From last output:     0.00683[s] n_calls:     2
        -- BuildBVHTree, - Cumulative:     0.00357[s] n_calls:  9586, From last output:     0.00640[s] n_calls:   135
            -- Neighbors - Cumulative:     0.00436[s] n_calls:  9586, From last output:     0.01142[s] n_calls:   135
               Search PT - Cumulative:     0.00835[s] n_calls:  6669, From last output:     0.01240[s] n_calls:    87
         -- CheckActives - Cumulative:     0.00008[s] n_calls:  6669, From last output:     0.00009[s] n_calls:    87
          -- MarkActives - Cumulative:     0.00012[s] n_calls:   158, From last output:     0.00021[s] n_calls:     2
          -- PushActives - Cumulative:     0.00011[s] n_calls:  6669, From last output:     0.00013[s] n_calls:    87
            -- UpdateBVH - Cumulative:     0.00024[s] n_calls:  6669, From last output:     0.00028[s] n_calls:    87
            -- Neighbors - Cumulative:     0.00291[s] n_calls:  6669, From last output:     0.00389[s] n_calls:    87
 
                 Overlap - Cumulative:     0.00291[s] n_calls: 484586, From last output:     0.01155[s] n_calls:  6134
                   Force - Cumulative:     0.00037[s] n_calls: 484586, From last output:     0.00117[s] n_calls:  6134
                    Move - Cumulative:     0.00208[s] n_calls: 484586, From last output:     0.00402[s] n_calls:  6134
                  Output - Cumulative:     0.04953[s] n_calls:    79, From last output:     0.09720[s] n_calls:     1
               Iteration - Cumulative:     0.00569[s] n_calls: 484586, From last output:     0.01743[s] n_calls:  6134

Total Execution Times: 2756.72[s], From last output: 106.924[s]
 
                  Search - Total:      152.22[s] =   5.52 %, From last output:        4.07[s] =   3.80 %
             - Search PP - Total:       96.52[s] =  63.41 %, From last output:        2.99[s] =  73.46 %
             -- Sorting, - Total:        0.76[s] =   0.79 %, From last output:        0.01[s] =   0.46 %
        -- BuildBVHTree, - Total:       34.21[s] =  35.44 %, From last output:        0.86[s] =  28.89 %
           -- Neighbors, - Total:       41.77[s] =  43.28 %, From last output:        1.54[s] =  51.59 %
             - Search PT - Total:       55.67[s] =  36.57 %, From last output:        1.08[s] =  26.52 %
         -- CheckActives - Total:        0.56[s] =   1.01 %, From last output:        0.01[s] =   0.75 %
          -- MarkActives - Total:        0.02[s] =   0.03 %, From last output:        0.00[s] =   0.04 %
          -- PushActives - Total:        0.71[s] =   1.28 %, From last output:        0.01[s] =   1.02 %
            -- UpdateBVH - Total:        1.59[s] =   2.86 %, From last output:        0.02[s] =   2.22 %
            -- Neighbors - Total:       19.39[s] =  34.83 %, From last output:        0.34[s] =  31.39 %
 
                 Overlap - Total:     1409.01[s] =  51.11 %, From last output:       70.86[s] =  66.27 %
                   Force - Total:      179.86[s] =   6.52 %, From last output:        7.18[s] =   6.71 %
                    Move - Total:     1009.78[s] =  36.63 %, From last output:       24.69[s] =  23.09 %
                  Output - Total:        3.91[s] =   0.14 %, From last output:        0.10[s] =   0.09 %

Module Execution Times:

Total Module Execution Times: 0[s], From last output: 0[s]

Total Execution Times (All listed above):      2754.79[s] =  99.93 %
Total Execution Times (Unlisted):                 1.94[s] =   0.07 %

</message>
<info date="2025-10-27 00:19:14" up_time="0:48:8.838">
Issues found since last output!
 - Contacts overlap, an average of:
    0.0442% of contacts reached more than 2.5% overlap.
      collected in 180 timesteps totaling 416289 contact overlaps

</info>
<message date="2025-10-27 00:19:14" up_time="0:48:8.918">
	File: 80
	Simulation time: 4

	N. Total Particles: 25671
	N. Enabled Particles: 12647
	N. Released Particles: 12836

	N. Enabled Elements: 0
	N. Released Elements: 0
	N. Particle Fragments: 0

	N. Triangles: 1438
	N. Triangle Nodes: 726

	N. Neighbors: 36533
		N. Particle Neighbors: 30322, RR: 0, RN: 0, NN: 30322
		N. Triangle Neighbors: 6211, TR: 0, TN: 6211
	N. Surface Contacts: 2534, particles: 1850, triangles: 684
	N. Adhesion Contacts: 2539, particles: 1852, triangles: 687
	Neighbor Contact Ratio: 7.201459

	Estimated Limits of Surface Velocity:
		                 Total - min:      6e+01 max:      7e+01 average:      6e+01
		            Boundaries - min:          3 max:          3 average:          3
		             Particles - min:      6e+01 max:      7e+01 average:      6e+01

	CPU:
		Memory Usage: 150 MB of 16055 MB
		Free Memory: 2827 MB

</message>
<message date="2025-10-27 00:19:14" up_time="0:48:8.919">
Execution Times:
Execution Times per Call:
 
                  Search - Cumulative:     0.00966[s] n_calls: 16177, From last output:     0.01906[s] n_calls:   211
               Search PP - Cumulative:     0.01023[s] n_calls:  9716, From last output:     0.02245[s] n_calls:   130
              -- Sorting - Cumulative:     0.00484[s] n_calls:   160, From last output:     0.00739[s] n_calls:     2
        -- BuildBVHTree, - Cumulative:     0.00361[s] n_calls:  9716, From last output:     0.00633[s] n_calls:   130
            -- Neighbors - Cumulative:     0.00446[s] n_calls:  9716, From last output:     0.01170[s] n_calls:   130
               Search PT - Cumulative:     0.00841[s] n_calls:  6752, From last output:     0.01329[s] n_calls:    83
         -- CheckActives - Cumulative:     0.00008[s] n_calls:  6752, From last output:     0.00011[s] n_calls:    83
          -- MarkActives - Cumulative:     0.00012[s] n_calls:   160, From last output:     0.00018[s] n_calls:     2
          -- PushActives - Cumulative:     0.00011[s] n_calls:  6752, From last output:     0.00015[s] n_calls:    83
            -- UpdateBVH - Cumulative:     0.00024[s] n_calls:  6752, From last output:     0.00035[s] n_calls:    83
            -- Neighbors - Cumulative:     0.00292[s] n_calls:  6752, From last output:     0.00410[s] n_calls:    83
 
                 Overlap - Cumulative:     0.00303[s] n_calls: 490720, From last output:     0.01277[s] n_calls:  6134
                   Force - Cumulative:     0.00038[s] n_calls: 490720, From last output:     0.00125[s] n_calls:  6134
                    Move - Cumulative:     0.00211[s] n_calls: 490720, From last output:     0.00416[s] n_calls:  6134
                  Output - Cumulative:     0.04992[s] n_calls:    80, From last output:     0.08088[s] n_calls:     1
               Iteration - Cumulative:     0.00585[s] n_calls: 490720, From last output:     0.01886[s] n_calls:  6134

Total Execution Times: 2872.43[s], From last output: 115.703[s]
 
                  Search - Total:      156.24[s] =   5.44 %, From last output:        4.02[s] =   3.48 %
             - Search PP - Total:       99.44[s] =  63.65 %, From last output:        2.92[s] =  72.56 %
             -- Sorting, - Total:        0.77[s] =   0.78 %, From last output:        0.01[s] =   0.51 %
        -- BuildBVHTree, - Total:       35.03[s] =  35.23 %, From last output:        0.82[s] =  28.18 %
           -- Neighbors, - Total:       43.29[s] =  43.54 %, From last output:        1.52[s] =  52.11 %
             - Search PT - Total:       56.77[s] =  36.34 %, From last output:        1.10[s] =  27.43 %
         -- CheckActives - Total:        0.57[s] =   1.01 %, From last output:        0.01[s] =   0.84 %
          -- MarkActives - Total:        0.02[s] =   0.03 %, From last output:        0.00[s] =   0.03 %
          -- PushActives - Total:        0.72[s] =   1.27 %, From last output:        0.01[s] =   1.11 %
            -- UpdateBVH - Total:        1.62[s] =   2.85 %, From last output:        0.03[s] =   2.60 %
            -- Neighbors - Total:       19.73[s] =  34.75 %, From last output:        0.34[s] =  30.85 %
 
                 Overlap - Total:     1487.35[s] =  51.78 %, From last output:       78.34[s] =  67.71 %
                   Force - Total:      187.55[s] =   6.53 %, From last output:        7.69[s] =   6.64 %
                    Move - Total:     1035.32[s] =  36.04 %, From last output:       25.54[s] =  22.08 %
                  Output - Total:        3.99[s] =   0.14 %, From last output:        0.08[s] =   0.07 %

Module Execution Times:

Total Module Execution Times: 0[s], From last output: 0[s]

Total Execution Times (All listed above):      2870.45[s] =  99.93 %
Total Execution Times (Unlisted):                 1.97[s] =   0.07 %

</message>
<info date="2025-10-27 00:21:14" up_time="0:50:8.642">
Issues found since last output!
 - Contacts overlap, an average of:
    0.0412% of contacts reached more than 2.5% overlap.
      collected in 147 timesteps totaling 356635 contact overlaps

</info>
<message date="2025-10-27 00:21:14" up_time="0:50:8.733">
	File: 81
	Simulation time: 4.05

	N. Total Particles: 25671
	N. Enabled Particles: 12804
	N. Released Particles: 12997

	N. Enabled Elements: 0
	N. Released Elements: 0
	N. Particle Fragments: 0

	N. Triangles: 1438
	N. Triangle Nodes: 726

	N. Neighbors: 37762
		N. Particle Neighbors: 31414, RR: 0, RN: 0, NN: 31414
		N. Triangle Neighbors: 6348, TR: 0, TN: 6348
	N. Surface Contacts: 2412, particles: 1745, triangles: 667
	N. Adhesion Contacts: 2416, particles: 1747, triangles: 669
	Neighbor Contact Ratio: 7.821458

	Estimated Limits of Surface Velocity:
		                 Total - min:      6e+01 max:      7e+01 average:      6e+01
		            Boundaries - min:          3 max:          3 average:          3
		             Particles - min:      6e+01 max:      7e+01 average:      6e+01

	CPU:
		Memory Usage: 149 MB of 16055 MB
		Free Memory: 2963 MB

</message>
<message date="2025-10-27 00:21:14" up_time="0:50:8.734">
Execution Times:
Execution Times per Call:
 
                  Search - Cumulative:     0.00979[s] n_calls: 16394, From last output:     0.01948[s] n_calls:   217
               Search PP - Cumulative:     0.01041[s] n_calls:  9851, From last output:     0.02324[s] n_calls:   135
              -- Sorting - Cumulative:     0.00486[s] n_calls:   162, From last output:     0.00655[s] n_calls:     2
        -- BuildBVHTree, - Cumulative:     0.00365[s] n_calls:  9851, From last output:     0.00654[s] n_calls:   135
            -- Neighbors - Cumulative:     0.00456[s] n_calls:  9851, From last output:     0.01221[s] n_calls:   135
               Search PT - Cumulative:     0.00846[s] n_calls:  6839, From last output:     0.01253[s] n_calls:    87
         -- CheckActives - Cumulative:     0.00008[s] n_calls:  6839, From last output:     0.00010[s] n_calls:    87
          -- MarkActives - Cumulative:     0.00012[s] n_calls:   162, From last output:     0.00010[s] n_calls:     2
          -- PushActives - Cumulative:     0.00011[s] n_calls:  6839, From last output:     0.00012[s] n_calls:    87
            -- UpdateBVH - Cumulative:     0.00024[s] n_calls:  6839, From last output:     0.00029[s] n_calls:    87
            -- Neighbors - Cumulative:     0.00293[s] n_calls:  6839, From last output:     0.00390[s] n_calls:    87
 
                 Overlap - Cumulative:     0.00316[s] n_calls: 496854, From last output:     0.01334[s] n_calls:  6134
                   Force - Cumulative:     0.00039[s] n_calls: 496854, From last output:     0.00131[s] n_calls:  6134
                    Move - Cumulative:     0.00214[s] n_calls: 496854, From last output:     0.00417[s] n_calls:  6134
                  Output - Cumulative:     0.05044[s] n_calls:    81, From last output:     0.09177[s] n_calls:     1
               Iteration - Cumulative:     0.00602[s] n_calls: 496854, From last output:     0.01953[s] n_calls:  6134

Total Execution Times: 2992.22[s], From last output: 119.798[s]
 
                  Search - Total:      160.47[s] =   5.36 %, From last output:        4.23[s] =   3.53 %
             - Search PP - Total:      102.58[s] =  63.92 %, From last output:        3.14[s] =  74.20 %
             -- Sorting, - Total:        0.79[s] =   0.77 %, From last output:        0.01[s] =   0.42 %
        -- BuildBVHTree, - Total:       35.92[s] =  35.01 %, From last output:        0.88[s] =  28.13 %
           -- Neighbors, - Total:       44.94[s] =  43.81 %, From last output:        1.65[s] =  52.56 %
             - Search PT - Total:       57.86[s] =  36.06 %, From last output:        1.09[s] =  25.79 %
         -- CheckActives - Total:        0.58[s] =   1.00 %, From last output:        0.01[s] =   0.81 %
          -- MarkActives - Total:        0.02[s] =   0.03 %, From last output:        0.00[s] =   0.02 %
          -- PushActives - Total:        0.73[s] =   1.27 %, From last output:        0.01[s] =   0.97 %
            -- UpdateBVH - Total:        1.64[s] =   2.84 %, From last output:        0.03[s] =   2.31 %
            -- Neighbors - Total:       20.07[s] =  34.68 %, From last output:        0.34[s] =  31.15 %
 
                 Overlap - Total:     1569.20[s] =  52.44 %, From last output:       81.85[s] =  68.32 %
                   Force - Total:      195.59[s] =   6.54 %, From last output:        8.04[s] =   6.71 %
                    Move - Total:     1060.88[s] =  35.45 %, From last output:       25.56[s] =  21.34 %
                  Output - Total:        4.09[s] =   0.14 %, From last output:        0.09[s] =   0.08 %

Module Execution Times:

Total Module Execution Times: 0[s], From last output: 0[s]

Total Execution Times (All listed above):      2990.22[s] =  99.93 %
Total Execution Times (Unlisted):                 2.00[s] =   0.07 %

</message>
<info date="2025-10-27 00:23:20" up_time="0:52:14.159">
Issues found since last output!
 - Contacts overlap, an average of:
    0.0387% of contacts reached more than 2.5% overlap.
      collected in 126 timesteps totaling 325855 contact overlaps

</info>
<message date="2025-10-27 00:23:20" up_time="0:52:14.258">
	File: 82
	Simulation time: 4.1

	N. Total Particles: 25671
	N. Enabled Particles: 12964
	N. Released Particles: 13158

	N. Enabled Elements: 0
	N. Released Elements: 0
	N. Particle Fragments: 0

	N. Triangles: 1438
	N. Triangle Nodes: 726

	N. Neighbors: 38990
		N. Particle Neighbors: 32571, RR: 0, RN: 0, NN: 32571
		N. Triangle Neighbors: 6419, TR: 0, TN: 6419
	N. Surface Contacts: 2580, particles: 1900, triangles: 680
	N. Adhesion Contacts: 2581, particles: 1901, triangles: 680
	Neighbor Contact Ratio: 7.554737

	Estimated Limits of Surface Velocity:
		                 Total - min:      6e+01 max:      7e+01 average:      6e+01
		            Boundaries - min:          3 max:          3 average:          3
		             Particles - min:      6e+01 max:      7e+01 average:      6e+01

	CPU:
		Memory Usage: 150 MB of 16055 MB
		Free Memory: 2931 MB

</message>
<message date="2025-10-27 00:23:20" up_time="0:52:14.260">
Execution Times:
Execution Times per Call:
 
                  Search - Cumulative:     0.00991[s] n_calls: 16605, From last output:     0.01960[s] n_calls:   211
               Search PP - Cumulative:     0.01058[s] n_calls:  9982, From last output:     0.02320[s] n_calls:   131
              -- Sorting - Cumulative:     0.00488[s] n_calls:   164, From last output:     0.00633[s] n_calls:     2
        -- BuildBVHTree, - Cumulative:     0.00368[s] n_calls:  9982, From last output:     0.00650[s] n_calls:   131
            -- Neighbors - Cumulative:     0.00466[s] n_calls:  9982, From last output:     0.01212[s] n_calls:   131
               Search PT - Cumulative:     0.00852[s] n_calls:  6921, From last output:     0.01337[s] n_calls:    82
         -- CheckActives - Cumulative:     0.00009[s] n_calls:  6921, From last output:     0.00012[s] n_calls:    82
          -- MarkActives - Cumulative:     0.00012[s] n_calls:   164, From last output:     0.00010[s] n_calls:     2
          -- PushActives - Cumulative:     0.00011[s] n_calls:  6921, From last output:     0.00013[s] n_calls:    82
            -- UpdateBVH - Cumulative:     0.00024[s] n_calls:  6921, From last output:     0.00033[s] n_calls:    82
            -- Neighbors - Cumulative:     0.00295[s] n_calls:  6921, From last output:     0.00420[s] n_calls:    82
 
                 Overlap - Cumulative:     0.00329[s] n_calls: 502988, From last output:     0.01417[s] n_calls:  6134
                   Force - Cumulative:     0.00041[s] n_calls: 502988, From last output:     0.00137[s] n_calls:  6134
                    Move - Cumulative:     0.00216[s] n_calls: 502988, From last output:     0.00423[s] n_calls:  6134
                  Output - Cumulative:     0.05104[s] n_calls:    82, From last output:     0.09977[s] n_calls:     1
               Iteration - Cumulative:     0.00620[s] n_calls: 502988, From last output:     0.02046[s] n_calls:  6134

Total Execution Times: 3117.73[s], From last output: 125.509[s]
 
                  Search - Total:      164.61[s] =   5.28 %, From last output:        4.14[s] =   3.30 %
             - Search PP - Total:      105.62[s] =  64.16 %, From last output:        3.04[s] =  73.49 %
             -- Sorting, - Total:        0.80[s] =   0.76 %, From last output:        0.01[s] =   0.42 %
        -- BuildBVHTree, - Total:       36.77[s] =  34.81 %, From last output:        0.85[s] =  28.03 %
           -- Neighbors, - Total:       46.53[s] =  44.05 %, From last output:        1.59[s] =  52.23 %
             - Search PT - Total:       58.96[s] =  35.82 %, From last output:        1.10[s] =  26.50 %
         -- CheckActives - Total:        0.59[s] =   1.00 %, From last output:        0.01[s] =   0.88 %
          -- MarkActives - Total:        0.02[s] =   0.03 %, From last output:        0.00[s] =   0.02 %
          -- PushActives - Total:        0.74[s] =   1.26 %, From last output:        0.01[s] =   1.00 %
            -- UpdateBVH - Total:        1.67[s] =   2.83 %, From last output:        0.03[s] =   2.50 %
            -- Neighbors - Total:       20.41[s] =  34.62 %, From last output:        0.34[s] =  31.38 %
 
                 Overlap - Total:     1656.09[s] =  53.12 %, From last output:       86.89[s] =  69.23 %
                   Force - Total:      203.99[s] =   6.54 %, From last output:        8.41[s] =   6.70 %
                    Move - Total:     1086.82[s] =  34.86 %, From last output:       25.94[s] =  20.67 %
                  Output - Total:        4.19[s] =   0.13 %, From last output:        0.10[s] =   0.08 %

Module Execution Times:

Total Module Execution Times: 0[s], From last output: 0[s]

Total Execution Times (All listed above):      3115.69[s] =  99.93 %
Total Execution Times (Unlisted):                 2.04[s] =   0.07 %

</message>
<info date="2025-10-27 00:25:28" up_time="0:54:22.631">
Issues found since last output!
 - Contacts overlap, an average of:
    0.0379% of contacts reached more than 2.5% overlap.
      collected in 120 timesteps totaling 316808 contact overlaps

</info>
<message date="2025-10-27 00:25:28" up_time="0:54:22.712">
	File: 83
	Simulation time: 4.15

	N. Total Particles: 25671
	N. Enabled Particles: 13123
	N. Released Particles: 13318

	N. Enabled Elements: 0
	N. Released Elements: 0
	N. Particle Fragments: 0

	N. Triangles: 1438
	N. Triangle Nodes: 726

	N. Neighbors: 39941
		N. Particle Neighbors: 33358, RR: 0, RN: 0, NN: 33358
		N. Triangle Neighbors: 6583, TR: 0, TN: 6583
	N. Surface Contacts: 2747, particles: 2034, triangles: 713
	N. Adhesion Contacts: 2754, particles: 2041, triangles: 713
	Neighbor Contact Ratio: 7.260680

	Estimated Limits of Surface Velocity:
		                 Total - min:      6e+01 max:      7e+01 average:      6e+01
		            Boundaries - min:          3 max:          3 average:          3
		             Particles - min:      6e+01 max:      7e+01 average:      6e+01

	CPU:
		Memory Usage: 150 MB of 16055 MB
		Free Memory: 2914 MB

</message>
<message date="2025-10-27 00:25:28" up_time="0:54:22.713">
Execution Times:
Execution Times per Call:
 
                  Search - Cumulative:     0.01004[s] n_calls: 16814, From last output:     0.02051[s] n_calls:   209
               Search PP - Cumulative:     0.01076[s] n_calls: 10112, From last output:     0.02454[s] n_calls:   130
              -- Sorting - Cumulative:     0.00490[s] n_calls:   166, From last output:     0.00677[s] n_calls:     2
        -- BuildBVHTree, - Cumulative:     0.00372[s] n_calls: 10112, From last output:     0.00672[s] n_calls:   130
            -- Neighbors - Cumulative:     0.00477[s] n_calls: 10112, From last output:     0.01299[s] n_calls:   130
               Search PT - Cumulative:     0.00858[s] n_calls:  7003, From last output:     0.01338[s] n_calls:    82
         -- CheckActives - Cumulative:     0.00009[s] n_calls:  7003, From last output:     0.00010[s] n_calls:    82
          -- MarkActives - Cumulative:     0.00012[s] n_calls:   166, From last output:     0.00020[s] n_calls:     2
          -- PushActives - Cumulative:     0.00011[s] n_calls:  7003, From last output:     0.00012[s] n_calls:    82
            -- UpdateBVH - Cumulative:     0.00024[s] n_calls:  7003, From last output:     0.00030[s] n_calls:    82
            -- Neighbors - Cumulative:     0.00296[s] n_calls:  7003, From last output:     0.00414[s] n_calls:    82
 
                 Overlap - Cumulative:     0.00343[s] n_calls: 509122, From last output:     0.01455[s] n_calls:  6134
                   Force - Cumulative:     0.00042[s] n_calls: 509122, From last output:     0.00143[s] n_calls:  6134
                    Move - Cumulative:     0.00219[s] n_calls: 509122, From last output:     0.00425[s] n_calls:  6134
                  Output - Cumulative:     0.05140[s] n_calls:    83, From last output:     0.08136[s] n_calls:     1
               Iteration - Cumulative:     0.00638[s] n_calls: 509122, From last output:     0.02094[s] n_calls:  6134

Total Execution Times: 3246.17[s], From last output: 128.437[s]
 
                  Search - Total:      168.89[s] =   5.20 %, From last output:        4.29[s] =   3.34 %
             - Search PP - Total:      108.81[s] =  64.42 %, From last output:        3.19[s] =  74.39 %
             -- Sorting, - Total:        0.81[s] =   0.75 %, From last output:        0.01[s] =   0.42 %
        -- BuildBVHTree, - Total:       37.64[s] =  34.60 %, From last output:        0.87[s] =  27.40 %
           -- Neighbors, - Total:       48.22[s] =  44.31 %, From last output:        1.69[s] =  52.96 %
             - Search PT - Total:       60.06[s] =  35.56 %, From last output:        1.10[s] =  25.59 %
         -- CheckActives - Total:        0.60[s] =   1.00 %, From last output:        0.01[s] =   0.75 %
          -- MarkActives - Total:        0.02[s] =   0.03 %, From last output:        0.00[s] =   0.04 %
          -- PushActives - Total:        0.75[s] =   1.26 %, From last output:        0.01[s] =   0.90 %
            -- UpdateBVH - Total:        1.70[s] =   2.82 %, From last output:        0.02[s] =   2.25 %
            -- Neighbors - Total:       20.75[s] =  34.55 %, From last output:        0.34[s] =  30.95 %
 
                 Overlap - Total:     1745.32[s] =  53.77 %, From last output:       89.23[s] =  69.47 %
                   Force - Total:      212.75[s] =   6.55 %, From last output:        8.75[s] =   6.81 %
                    Move - Total:     1112.87[s] =  34.28 %, From last output:       26.05[s] =  20.29 %
                  Output - Total:        4.27[s] =   0.13 %, From last output:        0.08[s] =   0.06 %

Module Execution Times:

Total Module Execution Times: 0[s], From last output: 0[s]

Total Execution Times (All listed above):      3244.09[s] =  99.94 %
Total Execution Times (Unlisted):                 2.07[s] =   0.06 %

</message>
<info date="2025-10-27 00:27:47" up_time="0:56:41.646">
Issues found since last output!
 - Contacts overlap, an average of:
    0.0322% of contacts reached more than 2.5% overlap.
      collected in 108 timesteps totaling 335637 contact overlaps

</info>
<message date="2025-10-27 00:27:47" up_time="0:56:41.772">
	File: 84
	Simulation time: 4.2

	N. Total Particles: 25671
	N. Enabled Particles: 13280
	N. Released Particles: 13478

	N. Enabled Elements: 0
	N. Released Elements: 0
	N. Particle Fragments: 0

	N. Triangles: 1438
	N. Triangle Nodes: 726

	N. Neighbors: 40965
		N. Particle Neighbors: 34614, RR: 0, RN: 0, NN: 34614
		N. Triangle Neighbors: 6351, TR: 0, TN: 6351
	N. Surface Contacts: 3022, particles: 2303, triangles: 719
	N. Adhesion Contacts: 3028, particles: 2306, triangles: 722
	Neighbor Contact Ratio: 6.771074

	Estimated Limits of Surface Velocity:
		                 Total - min:      6e+01 max:      7e+01 average:      6e+01
		            Boundaries - min:          3 max:          3 average:          3
		             Particles - min:      6e+01 max:      7e+01 average:      6e+01

	CPU:
		Memory Usage: 150 MB of 16055 MB
		Free Memory: 3000 MB

</message>
<message date="2025-10-27 00:27:47" up_time="0:56:41.774">
Execution Times:
Execution Times per Call:
 
                  Search - Cumulative:     0.01017[s] n_calls: 17026, From last output:     0.01993[s] n_calls:   212
               Search PP - Cumulative:     0.01093[s] n_calls: 10244, From last output:     0.02374[s] n_calls:   132
              -- Sorting - Cumulative:     0.00490[s] n_calls:   168, From last output:     0.00465[s] n_calls:     2
        -- BuildBVHTree, - Cumulative:     0.00376[s] n_calls: 10244, From last output:     0.00655[s] n_calls:   132
            -- Neighbors - Cumulative:     0.00487[s] n_calls: 10244, From last output:     0.01254[s] n_calls:   132
               Search PT - Cumulative:     0.00863[s] n_calls:  7087, From last output:     0.01299[s] n_calls:    84
         -- CheckActives - Cumulative:     0.00009[s] n_calls:  7087, From last output:     0.00011[s] n_calls:    84
          -- MarkActives - Cumulative:     0.00012[s] n_calls:   168, From last output:     0.00013[s] n_calls:     2
          -- PushActives - Cumulative:     0.00011[s] n_calls:  7087, From last output:     0.00014[s] n_calls:    84
            -- UpdateBVH - Cumulative:     0.00024[s] n_calls:  7087, From last output:     0.00032[s] n_calls:    84
            -- Neighbors - Cumulative:     0.00298[s] n_calls:  7087, From last output:     0.00397[s] n_calls:    84
 
                 Overlap - Cumulative:     0.00358[s] n_calls: 515256, From last output:     0.01610[s] n_calls:  6134
                   Force - Cumulative:     0.00043[s] n_calls: 515256, From last output:     0.00154[s] n_calls:  6134
                    Move - Cumulative:     0.00221[s] n_calls: 515256, From last output:     0.00431[s] n_calls:  6134
                  Output - Cumulative:     0.05230[s] n_calls:    84, From last output:     0.12631[s] n_calls:     1
               Iteration - Cumulative:     0.00657[s] n_calls: 515256, From last output:     0.02267[s] n_calls:  6134

Total Execution Times: 3385.21[s], From last output: 139.044[s]
 
                  Search - Total:      173.12[s] =   5.11 %, From last output:        4.23[s] =   3.04 %
             - Search PP - Total:      111.94[s] =  64.66 %, From last output:        3.13[s] =  74.17 %
             -- Sorting, - Total:        0.82[s] =   0.73 %, From last output:        0.01[s] =   0.30 %
        -- BuildBVHTree, - Total:       38.51[s] =  34.40 %, From last output:        0.86[s] =  27.58 %
           -- Neighbors, - Total:       49.87[s] =  44.55 %, From last output:        1.66[s] =  52.81 %
             - Search PT - Total:       61.15[s] =  35.32 %, From last output:        1.09[s] =  25.82 %
         -- CheckActives - Total:        0.61[s] =   0.99 %, From last output:        0.01[s] =   0.84 %
          -- MarkActives - Total:        0.02[s] =   0.03 %, From last output:        0.00[s] =   0.02 %
          -- PushActives - Total:        0.77[s] =   1.25 %, From last output:        0.01[s] =   1.05 %
            -- UpdateBVH - Total:        1.72[s] =   2.82 %, From last output:        0.03[s] =   2.43 %
            -- Neighbors - Total:       21.08[s] =  34.48 %, From last output:        0.33[s] =  30.55 %
 
                 Overlap - Total:     1844.10[s] =  54.48 %, From last output:       98.79[s] =  71.05 %
                   Force - Total:      222.18[s] =   6.56 %, From last output:        9.43[s] =   6.78 %
                    Move - Total:     1139.31[s] =  33.66 %, From last output:       26.44[s] =  19.02 %
                  Output - Total:        4.39[s] =   0.13 %, From last output:        0.13[s] =   0.09 %

Module Execution Times:

Total Module Execution Times: 0[s], From last output: 0[s]

Total Execution Times (All listed above):      3383.10[s] =  99.94 %
Total Execution Times (Unlisted):                 2.10[s] =   0.06 %

</message>
<info date="2025-10-27 00:30:02" up_time="0:58:57.64">
Issues found since last output!
 - Contacts overlap, an average of:
    0.0318% of contacts reached more than 2.5% overlap.
      collected in 103 timesteps totaling 323677 contact overlaps

</info>
<message date="2025-10-27 00:30:03" up_time="0:58:57.149">
	File: 85
	Simulation time: 4.25

	N. Total Particles: 25671
	N. Enabled Particles: 13437
	N. Released Particles: 13637

	N. Enabled Elements: 0
	N. Released Elements: 0
	N. Particle Fragments: 0

	N. Triangles: 1438
	N. Triangle Nodes: 726

	N. Neighbors: 42669
		N. Particle Neighbors: 36192, RR: 0, RN: 0, NN: 36192
		N. Triangle Neighbors: 6477, TR: 0, TN: 6477
	N. Surface Contacts: 3382, particles: 2610, triangles: 772
	N. Adhesion Contacts: 3389, particles: 2614, triangles: 775
	Neighbor Contact Ratio: 6.301728

	Estimated Limits of Surface Velocity:
		                 Total - min:      6e+01 max:      7e+01 average:      6e+01
		            Boundaries - min:          3 max:          3 average:          3
		             Particles - min:      6e+01 max:      7e+01 average:      6e+01

	CPU:
		Memory Usage: 150 MB of 16055 MB
		Free Memory: 2994 MB

</message>
<message date="2025-10-27 00:30:03" up_time="0:58:57.151">
Execution Times:
Execution Times per Call:
 
                  Search - Cumulative:     0.01029[s] n_calls: 17237, From last output:     0.02033[s] n_calls:   211
               Search PP - Cumulative:     0.01110[s] n_calls: 10376, From last output:     0.02437[s] n_calls:   132
              -- Sorting - Cumulative:     0.00492[s] n_calls:   170, From last output:     0.00717[s] n_calls:     2
        -- BuildBVHTree, - Cumulative:     0.00379[s] n_calls: 10376, From last output:     0.00648[s] n_calls:   132
            -- Neighbors - Cumulative:     0.00497[s] n_calls: 10376, From last output:     0.01293[s] n_calls:   132
               Search PT - Cumulative:     0.00868[s] n_calls:  7170, From last output:     0.01291[s] n_calls:    83
         -- CheckActives - Cumulative:     0.00009[s] n_calls:  7170, From last output:     0.00010[s] n_calls:    83
          -- MarkActives - Cumulative:     0.00012[s] n_calls:   170, From last output:     0.00013[s] n_calls:     2
          -- PushActives - Cumulative:     0.00011[s] n_calls:  7170, From last output:     0.00012[s] n_calls:    83
            -- UpdateBVH - Cumulative:     0.00024[s] n_calls:  7170, From last output:     0.00032[s] n_calls:    83
            -- Neighbors - Cumulative:     0.00299[s] n_calls:  7170, From last output:     0.00405[s] n_calls:    83
 
                 Overlap - Cumulative:     0.00372[s] n_calls: 521390, From last output:     0.01579[s] n_calls:  6134
                   Force - Cumulative:     0.00044[s] n_calls: 521390, From last output:     0.00152[s] n_calls:  6134
                    Move - Cumulative:     0.00223[s] n_calls: 521390, From last output:     0.00403[s] n_calls:  6134
                  Output - Cumulative:     0.05268[s] n_calls:    85, From last output:     0.08470[s] n_calls:     1
               Iteration - Cumulative:     0.00675[s] n_calls: 521390, From last output:     0.02207[s] n_calls:  6134

Total Execution Times: 3520.57[s], From last output: 135.359[s]
 
                  Search - Total:      177.41[s] =   5.04 %, From last output:        4.29[s] =   3.17 %
             - Search PP - Total:      115.16[s] =  64.91 %, From last output:        3.22[s] =  75.00 %
             -- Sorting, - Total:        0.84[s] =   0.73 %, From last output:        0.01[s] =   0.45 %
        -- BuildBVHTree, - Total:       39.36[s] =  34.18 %, From last output:        0.86[s] =  26.61 %
           -- Neighbors, - Total:       51.58[s] =  44.79 %, From last output:        1.71[s] =  53.04 %
             - Search PT - Total:       62.22[s] =  35.07 %, From last output:        1.07[s] =  24.99 %
         -- CheckActives - Total:        0.62[s] =   0.99 %, From last output:        0.01[s] =   0.78 %
          -- MarkActives - Total:        0.02[s] =   0.03 %, From last output:        0.00[s] =   0.02 %
          -- PushActives - Total:        0.78[s] =   1.25 %, From last output:        0.01[s] =   0.90 %
            -- UpdateBVH - Total:        1.75[s] =   2.81 %, From last output:        0.03[s] =   2.50 %
            -- Neighbors - Total:       21.42[s] =  34.43 %, From last output:        0.34[s] =  31.34 %
 
                 Overlap - Total:     1940.97[s] =  55.13 %, From last output:       96.87[s] =  71.56 %
                   Force - Total:      231.53[s] =   6.58 %, From last output:        9.35[s] =   6.91 %
                    Move - Total:     1164.05[s] =  33.06 %, From last output:       24.74[s] =  18.28 %
                  Output - Total:        4.48[s] =   0.13 %, From last output:        0.08[s] =   0.06 %

Module Execution Times:

Total Module Execution Times: 0[s], From last output: 0[s]

Total Execution Times (All listed above):      3518.43[s] =  99.94 %
Total Execution Times (Unlisted):                 2.14[s] =   0.06 %

</message>
<info date="2025-10-27 00:32:43" up_time="1:1:37.907">
Issues found since last output!
 - Contacts overlap, an average of:
    0.031% of contacts reached more than 2.5% overlap.
      collected in 102 timesteps totaling 357798 contact overlaps

</info>
<message date="2025-10-27 00:32:43" up_time="1:1:37.999">
	File: 86
	Simulation time: 4.3

	N. Total Particles: 25671
	N. Enabled Particles: 13599
	N. Released Particles: 13799

	N. Enabled Elements: 0
	N. Released Elements: 0
	N. Particle Fragments: 0

	N. Triangles: 1438
	N. Triangle Nodes: 726

	N. Neighbors: 44301
		N. Particle Neighbors: 37673, RR: 0, RN: 0, NN: 37673
		N. Triangle Neighbors: 6628, TR: 0, TN: 6628
	N. Surface Contacts: 3810, particles: 2978, triangles: 832
	N. Adhesion Contacts: 3819, particles: 2982, triangles: 837
	Neighbor Contact Ratio: 5.806921

	Estimated Limits of Surface Velocity:
		                 Total - min:      6e+01 max:      7e+01 average:      6e+01
		            Boundaries - min:          3 max:          3 average:          3
		             Particles - min:      6e+01 max:      7e+01 average:      6e+01

	CPU:
		Memory Usage: 150 MB of 16055 MB
		Free Memory: 2970 MB

</message>
<message date="2025-10-27 00:32:43" up_time="1:1:37.999">
Execution Times:
Execution Times per Call:
 
                  Search - Cumulative:     0.01044[s] n_calls: 17452, From last output:     0.02198[s] n_calls:   215
               Search PP - Cumulative:     0.01130[s] n_calls: 10510, From last output:     0.02680[s] n_calls:   134
              -- Sorting - Cumulative:     0.00495[s] n_calls:   172, From last output:     0.00756[s] n_calls:     2
        -- BuildBVHTree, - Cumulative:     0.00384[s] n_calls: 10510, From last output:     0.00712[s] n_calls:   134
            -- Neighbors - Cumulative:     0.00509[s] n_calls: 10510, From last output:     0.01435[s] n_calls:   134
               Search PT - Cumulative:     0.00873[s] n_calls:  7256, From last output:     0.01320[s] n_calls:    86
         -- CheckActives - Cumulative:     0.00009[s] n_calls:  7256, From last output:     0.00010[s] n_calls:    86
          -- MarkActives - Cumulative:     0.00012[s] n_calls:   172, From last output:     0.00019[s] n_calls:     2
          -- PushActives - Cumulative:     0.00011[s] n_calls:  7256, From last output:     0.00013[s] n_calls:    86
            -- UpdateBVH - Cumulative:     0.00024[s] n_calls:  7256, From last output:     0.00031[s] n_calls:    86
            -- Neighbors - Cumulative:     0.00300[s] n_calls:  7256, From last output:     0.00407[s] n_calls:    86
 
                 Overlap - Cumulative:     0.00390[s] n_calls: 527524, From last output:     0.01909[s] n_calls:  6134
                   Force - Cumulative:     0.00046[s] n_calls: 527524, From last output:     0.00179[s] n_calls:  6134
                    Move - Cumulative:     0.00226[s] n_calls: 527524, From last output:     0.00455[s] n_calls:  6134
                  Output - Cumulative:     0.05313[s] n_calls:    86, From last output:     0.09210[s] n_calls:     1
               Iteration - Cumulative:     0.00698[s] n_calls: 527524, From last output:     0.02622[s] n_calls:  6134

Total Execution Times: 3681.4[s], From last output: 160.832[s]
 
                  Search - Total:      182.13[s] =   4.95 %, From last output:        4.73[s] =   2.94 %
             - Search PP - Total:      118.75[s] =  65.20 %, From last output:        3.59[s] =  75.98 %
             -- Sorting, - Total:        0.85[s] =   0.72 %, From last output:        0.02[s] =   0.42 %
        -- BuildBVHTree, - Total:       40.32[s] =  33.95 %, From last output:        0.95[s] =  26.55 %
           -- Neighbors, - Total:       53.50[s] =  45.05 %, From last output:        1.92[s] =  53.55 %
             - Search PT - Total:       63.35[s] =  34.78 %, From last output:        1.13[s] =  24.01 %
         -- CheckActives - Total:        0.63[s] =   0.99 %, From last output:        0.01[s] =   0.79 %
          -- MarkActives - Total:        0.02[s] =   0.03 %, From last output:        0.00[s] =   0.03 %
          -- PushActives - Total:        0.79[s] =   1.24 %, From last output:        0.01[s] =   0.96 %
            -- UpdateBVH - Total:        1.78[s] =   2.80 %, From last output:        0.03[s] =   2.34 %
            -- Neighbors - Total:       21.77[s] =  34.36 %, From last output:        0.35[s] =  30.82 %
 
                 Overlap - Total:     2058.04[s] =  55.90 %, From last output:      117.07[s] =  72.79 %
                   Force - Total:      242.51[s] =   6.59 %, From last output:       10.99[s] =   6.83 %
                    Move - Total:     1191.97[s] =  32.38 %, From last output:       27.92[s] =  17.36 %
                  Output - Total:        4.57[s] =   0.12 %, From last output:        0.09[s] =   0.06 %

Module Execution Times:

Total Module Execution Times: 0[s], From last output: 0[s]

Total Execution Times (All listed above):      3679.23[s] =  99.94 %
Total Execution Times (Unlisted):                 2.17[s] =   0.06 %

</message>
<info date="2025-10-27 00:35:36" up_time="1:4:31.73">
Issues found since last output!
 - Contacts overlap, an average of:
    0.0276% of contacts reached more than 2.5% overlap.
      collected in 58 timesteps totaling 210445 contact overlaps

</info>
<message date="2025-10-27 00:35:37" up_time="1:4:31.212">
	File: 87
	Simulation time: 4.35

	N. Total Particles: 25671
	N. Enabled Particles: 13753
	N. Released Particles: 13959

	N. Enabled Elements: 0
	N. Released Elements: 0
	N. Particle Fragments: 0

	N. Triangles: 1438
	N. Triangle Nodes: 726

	N. Neighbors: 46049
		N. Particle Neighbors: 39304, RR: 0, RN: 0, NN: 39304
		N. Triangle Neighbors: 6745, TR: 0, TN: 6745
	N. Surface Contacts: 3757, particles: 2958, triangles: 799
	N. Adhesion Contacts: 3766, particles: 2963, triangles: 803
	Neighbor Contact Ratio: 6.121095

	Estimated Limits of Surface Velocity:
		                 Total - min:      6e+01 max:      7e+01 average:      6e+01
		            Boundaries - min:          3 max:          3 average:          3
		             Particles - min:      6e+01 max:      7e+01 average:      6e+01

	CPU:
		Memory Usage: 151 MB of 16055 MB
		Free Memory: 2400 MB

</message>
<message date="2025-10-27 00:35:37" up_time="1:4:31.214">
Execution Times:
Execution Times per Call:
 
                  Search - Cumulative:     0.01060[s] n_calls: 17667, From last output:     0.02353[s] n_calls:   215
               Search PP - Cumulative:     0.01151[s] n_calls: 10644, From last output:     0.02830[s] n_calls:   134
              -- Sorting - Cumulative:     0.00495[s] n_calls:   174, From last output:     0.00486[s] n_calls:     2
        -- BuildBVHTree, - Cumulative:     0.00388[s] n_calls: 10644, From last output:     0.00747[s] n_calls:   134
            -- Neighbors - Cumulative:     0.00522[s] n_calls: 10644, From last output:     0.01514[s] n_calls:   134
               Search PT - Cumulative:     0.00880[s] n_calls:  7344, From last output:     0.01440[s] n_calls:    88
         -- CheckActives - Cumulative:     0.00009[s] n_calls:  7344, From last output:     0.00013[s] n_calls:    88
          -- MarkActives - Cumulative:     0.00012[s] n_calls:   174, From last output:     0.00013[s] n_calls:     2
          -- PushActives - Cumulative:     0.00011[s] n_calls:  7344, From last output:     0.00013[s] n_calls:    88
            -- UpdateBVH - Cumulative:     0.00025[s] n_calls:  7344, From last output:     0.00035[s] n_calls:    88
            -- Neighbors - Cumulative:     0.00302[s] n_calls:  7344, From last output:     0.00436[s] n_calls:    88
 
                 Overlap - Cumulative:     0.00409[s] n_calls: 533658, From last output:     0.02066[s] n_calls:  6134
                   Force - Cumulative:     0.00048[s] n_calls: 533658, From last output:     0.00194[s] n_calls:  6134
                    Move - Cumulative:     0.00229[s] n_calls: 533658, From last output:     0.00478[s] n_calls:  6134
                  Output - Cumulative:     0.05412[s] n_calls:    87, From last output:     0.13899[s] n_calls:     1
               Iteration - Cumulative:     0.00722[s] n_calls: 533658, From last output:     0.02824[s] n_calls:  6134

Total Execution Times: 3854.59[s], From last output: 173.197[s]
 
                  Search - Total:      187.19[s] =   4.86 %, From last output:        5.06[s] =   2.92 %
             - Search PP - Total:      122.54[s] =  65.46 %, From last output:        3.79[s] =  74.95 %
             -- Sorting, - Total:        0.86[s] =   0.70 %, From last output:        0.01[s] =   0.26 %
        -- BuildBVHTree, - Total:       41.32[s] =  33.72 %, From last output:        1.00[s] =  26.41 %
           -- Neighbors, - Total:       55.53[s] =  45.32 %, From last output:        2.03[s] =  53.50 %
             - Search PT - Total:       64.62[s] =  34.52 %, From last output:        1.27[s] =  25.04 %
         -- CheckActives - Total:        0.64[s] =   0.98 %, From last output:        0.01[s] =   0.88 %
          -- MarkActives - Total:        0.02[s] =   0.03 %, From last output:        0.00[s] =   0.02 %
          -- PushActives - Total:        0.80[s] =   1.23 %, From last output:        0.01[s] =   0.94 %
            -- UpdateBVH - Total:        1.81[s] =   2.80 %, From last output:        0.03[s] =   2.44 %
            -- Neighbors - Total:       22.15[s] =  34.28 %, From last output:        0.38[s] =  30.29 %
 
                 Overlap - Total:     2184.77[s] =  56.68 %, From last output:      126.73[s] =  73.17 %
                   Force - Total:      254.40[s] =   6.60 %, From last output:       11.89[s] =   6.87 %
                    Move - Total:     1221.31[s] =  31.68 %, From last output:       29.35[s] =  16.94 %
                  Output - Total:        4.71[s] =   0.12 %, From last output:        0.14[s] =   0.08 %

Module Execution Times:

Total Module Execution Times: 0[s], From last output: 0[s]

Total Execution Times (All listed above):      3852.39[s] =  99.94 %
Total Execution Times (Unlisted):                 2.21[s] =   0.06 %

</message>
<info date="2025-10-27 00:38:18" up_time="1:7:12.240">
Issues found since last output!
 - Contacts overlap, an average of:
    0.0249% of contacts reached more than 2.5% overlap.
      collected in 76 timesteps totaling 305377 contact overlaps

</info>
<message date="2025-10-27 00:38:18" up_time="1:7:12.358">
	File: 88
	Simulation time: 4.4

	N. Total Particles: 25671
	N. Enabled Particles: 13913
	N. Released Particles: 14120

	N. Enabled Elements: 0
	N. Released Elements: 0
	N. Particle Fragments: 0

	N. Triangles: 1438
	N. Triangle Nodes: 726

	N. Neighbors: 47382
		N. Particle Neighbors: 40752, RR: 0, RN: 0, NN: 40752
		N. Triangle Neighbors: 6630, TR: 0, TN: 6630
	N. Surface Contacts: 4131, particles: 3279, triangles: 852
	N. Adhesion Contacts: 4136, particles: 3282, triangles: 854
	Neighbor Contact Ratio: 5.731462

	Estimated Limits of Surface Velocity:
		                 Total - min:      6e+01 max:      7e+01 average:      6e+01
		            Boundaries - min:          3 max:          3 average:          3
		             Particles - min:      6e+01 max:      7e+01 average:      6e+01

	CPU:
		Memory Usage: 151 MB of 16055 MB
		Free Memory: 2794 MB

</message>
<message date="2025-10-27 00:38:18" up_time="1:7:12.359">
Execution Times:
Execution Times per Call:
 
                  Search - Cumulative:     0.01071[s] n_calls: 17872, From last output:     0.02094[s] n_calls:   205
               Search PP - Cumulative:     0.01168[s] n_calls: 10771, From last output:     0.02548[s] n_calls:   127
              -- Sorting - Cumulative:     0.00501[s] n_calls:   176, From last output:     0.01029[s] n_calls:     2
        -- BuildBVHTree, - Cumulative:     0.00391[s] n_calls: 10771, From last output:     0.00635[s] n_calls:   127
            -- Neighbors - Cumulative:     0.00532[s] n_calls: 10771, From last output:     0.01384[s] n_calls:   127
               Search PT - Cumulative:     0.00884[s] n_calls:  7426, From last output:     0.01287[s] n_calls:    82
         -- CheckActives - Cumulative:     0.00009[s] n_calls:  7426, From last output:     0.00011[s] n_calls:    82
          -- MarkActives - Cumulative:     0.00012[s] n_calls:   176, From last output:     0.00019[s] n_calls:     2
          -- PushActives - Cumulative:     0.00011[s] n_calls:  7426, From last output:     0.00014[s] n_calls:    82
            -- UpdateBVH - Cumulative:     0.00025[s] n_calls:  7426, From last output:     0.00032[s] n_calls:    82
            -- Neighbors - Cumulative:     0.00303[s] n_calls:  7426, From last output:     0.00395[s] n_calls:    82
 
                 Overlap - Cumulative:     0.00427[s] n_calls: 539792, From last output:     0.01952[s] n_calls:  6134
                   Force - Cumulative:     0.00049[s] n_calls: 539792, From last output:     0.00185[s] n_calls:  6134
                    Move - Cumulative:     0.00231[s] n_calls: 539792, From last output:     0.00418[s] n_calls:  6134
                  Output - Cumulative:     0.05484[s] n_calls:    88, From last output:     0.11715[s] n_calls:     1
               Iteration - Cumulative:     0.00744[s] n_calls: 539792, From last output:     0.02627[s] n_calls:  6134

Total Execution Times: 4015.72[s], From last output: 161.128[s]
 
                  Search - Total:      191.49[s] =   4.77 %, From last output:        4.29[s] =   2.66 %
             - Search PP - Total:      125.78[s] =  65.69 %, From last output:        3.24[s] =  75.41 %
             -- Sorting, - Total:        0.88[s] =   0.70 %, From last output:        0.02[s] =   0.64 %
        -- BuildBVHTree, - Total:       42.13[s] =  33.49 %, From last output:        0.81[s] =  24.93 %
           -- Neighbors, - Total:       57.29[s] =  45.55 %, From last output:        1.76[s] =  54.31 %
             - Search PT - Total:       65.68[s] =  34.30 %, From last output:        1.05[s] =  24.58 %
         -- CheckActives - Total:        0.65[s] =   0.98 %, From last output:        0.01[s] =   0.89 %
          -- MarkActives - Total:        0.02[s] =   0.03 %, From last output:        0.00[s] =   0.04 %
          -- PushActives - Total:        0.81[s] =   1.23 %, From last output:        0.01[s] =   1.08 %
            -- UpdateBVH - Total:        1.83[s] =   2.79 %, From last output:        0.03[s] =   2.52 %
            -- Neighbors - Total:       22.48[s] =  34.23 %, From last output:        0.32[s] =  30.70 %
 
                 Overlap - Total:     2304.47[s] =  57.39 %, From last output:      119.71[s] =  74.29 %
                   Force - Total:      265.72[s] =   6.62 %, From last output:       11.32[s] =   7.03 %
                    Move - Total:     1246.97[s] =  31.05 %, From last output:       25.66[s] =  15.93 %
                  Output - Total:        4.83[s] =   0.12 %, From last output:        0.12[s] =   0.07 %

Module Execution Times:

Total Module Execution Times: 0[s], From last output: 0[s]

Total Execution Times (All listed above):      4013.48[s] =  99.94 %
Total Execution Times (Unlisted):                 2.24[s] =   0.06 %

</message>
<info date="2025-10-27 00:41:22" up_time="1:10:16.746">
Issues found since last output!
 - Contacts overlap, an average of:
    0.0231% of contacts reached more than 2.5% overlap.
      collected in 81 timesteps totaling 351258 contact overlaps

</info>
<message date="2025-10-27 00:41:22" up_time="1:10:16.850">
	File: 89
	Simulation time: 4.45

	N. Total Particles: 25671
	N. Enabled Particles: 14068
	N. Released Particles: 14280

	N. Enabled Elements: 0
	N. Released Elements: 0
	N. Particle Fragments: 0

	N. Triangles: 1438
	N. Triangle Nodes: 726

	N. Neighbors: 49104
		N. Particle Neighbors: 42563, RR: 0, RN: 0, NN: 42563
		N. Triangle Neighbors: 6541, TR: 0, TN: 6541
	N. Surface Contacts: 4434, particles: 3565, triangles: 869
	N. Adhesion Contacts: 4447, particles: 3570, triangles: 877
	Neighbor Contact Ratio: 5.529107

	Estimated Limits of Surface Velocity:
		                 Total - min:      6e+01 max:      7e+01 average:      6e+01
		            Boundaries - min:          3 max:          3 average:          3
		             Particles - min:      6e+01 max:      7e+01 average:      6e+01

	CPU:
		Memory Usage: 151 MB of 16055 MB
		Free Memory: 2852 MB

</message>
<message date="2025-10-27 00:41:22" up_time="1:10:16.851">
Execution Times:
Execution Times per Call:
 
                  Search - Cumulative:     0.01086[s] n_calls: 18084, From last output:     0.02311[s] n_calls:   212
               Search PP - Cumulative:     0.01188[s] n_calls: 10904, From last output:     0.02865[s] n_calls:   133
              -- Sorting - Cumulative:     0.00504[s] n_calls:   178, From last output:     0.00716[s] n_calls:     2
        -- BuildBVHTree, - Cumulative:     0.00395[s] n_calls: 10904, From last output:     0.00727[s] n_calls:   133
            -- Neighbors - Cumulative:     0.00544[s] n_calls: 10904, From last output:     0.01555[s] n_calls:   133
               Search PT - Cumulative:     0.00889[s] n_calls:  7510, From last output:     0.01296[s] n_calls:    84
         -- CheckActives - Cumulative:     0.00009[s] n_calls:  7510, From last output:     0.00010[s] n_calls:    84
          -- MarkActives - Cumulative:     0.00012[s] n_calls:   178, From last output:     0.00010[s] n_calls:     2
          -- PushActives - Cumulative:     0.00011[s] n_calls:  7510, From last output:     0.00012[s] n_calls:    84
            -- UpdateBVH - Cumulative:     0.00025[s] n_calls:  7510, From last output:     0.00030[s] n_calls:    84
            -- Neighbors - Cumulative:     0.00304[s] n_calls:  7510, From last output:     0.00390[s] n_calls:    84
 
                 Overlap - Cumulative:     0.00447[s] n_calls: 545926, From last output:     0.02257[s] n_calls:  6134
                   Force - Cumulative:     0.00051[s] n_calls: 545926, From last output:     0.00210[s] n_calls:  6134
                    Move - Cumulative:     0.00234[s] n_calls: 545926, From last output:     0.00458[s] n_calls:  6134
                  Output - Cumulative:     0.05539[s] n_calls:    89, From last output:     0.10407[s] n_calls:     1
               Iteration - Cumulative:     0.00769[s] n_calls: 545926, From last output:     0.03007[s] n_calls:  6134

Total Execution Times: 4200.2[s], From last output: 184.476[s]
 
                  Search - Total:      196.39[s] =   4.68 %, From last output:        4.90[s] =   2.66 %
             - Search PP - Total:      129.59[s] =  65.99 %, From last output:        3.81[s] =  77.78 %
             -- Sorting, - Total:        0.90[s] =   0.69 %, From last output:        0.01[s] =   0.38 %
        -- BuildBVHTree, - Total:       43.09[s] =  33.25 %, From last output:        0.97[s] =  25.38 %
           -- Neighbors, - Total:       59.36[s] =  45.80 %, From last output:        2.07[s] =  54.26 %
             - Search PT - Total:       66.76[s] =  34.00 %, From last output:        1.09[s] =  22.22 %
         -- CheckActives - Total:        0.65[s] =   0.98 %, From last output:        0.01[s] =   0.77 %
          -- MarkActives - Total:        0.02[s] =   0.03 %, From last output:        0.00[s] =   0.02 %
          -- PushActives - Total:        0.82[s] =   1.23 %, From last output:        0.01[s] =   0.94 %
            -- UpdateBVH - Total:        1.86[s] =   2.78 %, From last output:        0.03[s] =   2.32 %
            -- Neighbors - Total:       22.81[s] =  34.16 %, From last output:        0.33[s] =  30.09 %
 
                 Overlap - Total:     2442.93[s] =  58.16 %, From last output:      138.46[s] =  75.05 %
                   Force - Total:      278.60[s] =   6.63 %, From last output:       12.88[s] =   6.98 %
                    Move - Total:     1275.07[s] =  30.36 %, From last output:       28.10[s] =  15.23 %
                  Output - Total:        4.93[s] =   0.12 %, From last output:        0.10[s] =   0.06 %

Module Execution Times:

Total Module Execution Times: 0[s], From last output: 0[s]

Total Execution Times (All listed above):      4197.92[s] =  99.95 %
Total Execution Times (Unlisted):                 2.27[s] =   0.05 %

</message>
<info date="2025-10-27 00:44:40" up_time="1:13:34.440">
Issues found since last output!
 - Contacts overlap, an average of:
    0.0226% of contacts reached more than 2.5% overlap.
      collected in 130 timesteps totaling 576066 contact overlaps

</info>
<message date="2025-10-27 00:44:40" up_time="1:13:34.557">
	File: 90
	Simulation time: 4.5

	N. Total Particles: 25671
	N. Enabled Particles: 14226
	N. Released Particles: 14441

	N. Enabled Elements: 0
	N. Released Elements: 0
	N. Particle Fragments: 0

	N. Triangles: 1438
	N. Triangle Nodes: 726

	N. Neighbors: 50862
		N. Particle Neighbors: 44071, RR: 0, RN: 0, NN: 44071
		N. Triangle Neighbors: 6791, TR: 0, TN: 6791
	N. Surface Contacts: 4467, particles: 3591, triangles: 876
	N. Adhesion Contacts: 4473, particles: 3593, triangles: 880
	Neighbor Contact Ratio: 5.689262

	Estimated Limits of Surface Velocity:
		                 Total - min:      6e+01 max:      7e+01 average:      6e+01
		            Boundaries - min:          3 max:          3 average:          3
		             Particles - min:      6e+01 max:      7e+01 average:      6e+01

	CPU:
		Memory Usage: 151 MB of 16055 MB
		Free Memory: 2499 MB

</message>
<message date="2025-10-27 00:44:40" up_time="1:13:34.558">
Execution Times:
Execution Times per Call:
 
                  Search - Cumulative:     0.01102[s] n_calls: 18291, From last output:     0.02497[s] n_calls:   207
               Search PP - Cumulative:     0.01210[s] n_calls: 11035, From last output:     0.03041[s] n_calls:   131
              -- Sorting - Cumulative:     0.00505[s] n_calls:   180, From last output:     0.00635[s] n_calls:     2
        -- BuildBVHTree, - Cumulative:     0.00400[s] n_calls: 11035, From last output:     0.00759[s] n_calls:   131
            -- Neighbors - Cumulative:     0.00558[s] n_calls: 11035, From last output:     0.01660[s] n_calls:   131
               Search PT - Cumulative:     0.00895[s] n_calls:  7591, From last output:     0.01463[s] n_calls:    81
         -- CheckActives - Cumulative:     0.00009[s] n_calls:  7591, From last output:     0.00012[s] n_calls:    81
          -- MarkActives - Cumulative:     0.00012[s] n_calls:   180, From last output:     0.00007[s] n_calls:     2
          -- PushActives - Cumulative:     0.00011[s] n_calls:  7591, From last output:     0.00013[s] n_calls:    81
            -- UpdateBVH - Cumulative:     0.00025[s] n_calls:  7591, From last output:     0.00033[s] n_calls:    81
            -- Neighbors - Cumulative:     0.00305[s] n_calls:  7591, From last output:     0.00441[s] n_calls:    81
 
                 Overlap - Cumulative:     0.00470[s] n_calls: 552060, From last output:     0.02430[s] n_calls:  6134
                   Force - Cumulative:     0.00053[s] n_calls: 552060, From last output:     0.00226[s] n_calls:  6134
                    Move - Cumulative:     0.00236[s] n_calls: 552060, From last output:     0.00479[s] n_calls:  6134
                  Output - Cumulative:     0.05607[s] n_calls:    90, From last output:     0.11675[s] n_calls:     1
               Iteration - Cumulative:     0.00797[s] n_calls: 552060, From last output:     0.03223[s] n_calls:  6134

Total Execution Times: 4397.88[s], From last output: 197.69[s]
 
                  Search - Total:      201.55[s] =   4.58 %, From last output:        5.17[s] =   2.61 %
             - Search PP - Total:      133.57[s] =  66.27 %, From last output:        3.98[s] =  77.06 %
             -- Sorting, - Total:        0.91[s] =   0.68 %, From last output:        0.01[s] =   0.32 %
        -- BuildBVHTree, - Total:       44.09[s] =  33.01 %, From last output:        0.99[s] =  24.95 %
           -- Neighbors, - Total:       61.53[s] =  46.07 %, From last output:        2.17[s] =  54.58 %
             - Search PT - Total:       67.95[s] =  33.71 %, From last output:        1.19[s] =  22.93 %
         -- CheckActives - Total:        0.66[s] =   0.98 %, From last output:        0.01[s] =   0.80 %
          -- MarkActives - Total:        0.02[s] =   0.03 %, From last output:        0.00[s] =   0.01 %
          -- PushActives - Total:        0.83[s] =   1.22 %, From last output:        0.01[s] =   0.91 %
            -- UpdateBVH - Total:        1.89[s] =   2.77 %, From last output:        0.03[s] =   2.27 %
            -- Neighbors - Total:       23.16[s] =  34.09 %, From last output:        0.36[s] =  30.11 %
 
                 Overlap - Total:     2592.01[s] =  58.94 %, From last output:      149.09[s] =  75.41 %
                   Force - Total:      292.49[s] =   6.65 %, From last output:       13.89[s] =   7.03 %
                    Move - Total:     1304.47[s] =  29.66 %, From last output:       29.40[s] =  14.87 %
                  Output - Total:        5.05[s] =   0.11 %, From last output:        0.12[s] =   0.06 %

Module Execution Times:

Total Module Execution Times: 0[s], From last output: 0[s]

Total Execution Times (All listed above):      4395.58[s] =  99.95 %
Total Execution Times (Unlisted):                 2.31[s] =   0.05 %

</message>
<info date="2025-10-27 00:48:05" up_time="1:16:59.269">
Issues found since last output!
 - Contacts overlap, an average of:
    0.0213% of contacts reached more than 2.5% overlap.
      collected in 112 timesteps totaling 549363 contact overlaps

</info>
<message date="2025-10-27 00:48:05" up_time="1:16:59.352">
	File: 91
	Simulation time: 4.55

	N. Total Particles: 25671
	N. Enabled Particles: 14381
	N. Released Particles: 14600

	N. Enabled Elements: 0
	N. Released Elements: 0
	N. Particle Fragments: 0

	N. Triangles: 1438
	N. Triangle Nodes: 726

	N. Neighbors: 52650
		N. Particle Neighbors: 45900, RR: 0, RN: 0, NN: 45900
		N. Triangle Neighbors: 6750, TR: 0, TN: 6750
	N. Surface Contacts: 5183, particles: 4212, triangles: 971
	N. Adhesion Contacts: 5192, particles: 4215, triangles: 977
	Neighbor Contact Ratio: 5.074699

	Estimated Limits of Surface Velocity:
		                 Total - min:      6e+01 max:      7e+01 average:      7e+01
		            Boundaries - min:          3 max:          3 average:          3
		             Particles - min:      6e+01 max:      7e+01 average:      7e+01

	CPU:
		Memory Usage: 152 MB of 16055 MB
		Free Memory: 2499 MB

</message>
<message date="2025-10-27 00:48:05" up_time="1:16:59.353">
Execution Times:
Execution Times per Call:
 
                  Search - Cumulative:     0.01119[s] n_calls: 18514, From last output:     0.02486[s] n_calls:   223
               Search PP - Cumulative:     0.01234[s] n_calls: 11174, From last output:     0.03103[s] n_calls:   139
              -- Sorting - Cumulative:     0.00505[s] n_calls:   182, From last output:     0.00530[s] n_calls:     2
        -- BuildBVHTree, - Cumulative:     0.00404[s] n_calls: 11174, From last output:     0.00772[s] n_calls:   139
            -- Neighbors - Cumulative:     0.00572[s] n_calls: 11174, From last output:     0.01701[s] n_calls:   139
               Search PT - Cumulative:     0.00901[s] n_calls:  7679, From last output:     0.01399[s] n_calls:    88
         -- CheckActives - Cumulative:     0.00009[s] n_calls:  7679, From last output:     0.00011[s] n_calls:    88
          -- MarkActives - Cumulative:     0.00012[s] n_calls:   182, From last output:     0.00012[s] n_calls:     2
          -- PushActives - Cumulative:     0.00011[s] n_calls:  7679, From last output:     0.00015[s] n_calls:    88
            -- UpdateBVH - Cumulative:     0.00025[s] n_calls:  7679, From last output:     0.00037[s] n_calls:    88
            -- Neighbors - Cumulative:     0.00306[s] n_calls:  7679, From last output:     0.00423[s] n_calls:    88
 
                 Overlap - Cumulative:     0.00492[s] n_calls: 558194, From last output:     0.02536[s] n_calls:  6134
                   Force - Cumulative:     0.00055[s] n_calls: 558194, From last output:     0.00235[s] n_calls:  6134
                    Move - Cumulative:     0.00239[s] n_calls: 558194, From last output:     0.00475[s] n_calls:  6134
                  Output - Cumulative:     0.05637[s] n_calls:    91, From last output:     0.08297[s] n_calls:     1
               Iteration - Cumulative:     0.00825[s] n_calls: 558194, From last output:     0.03338[s] n_calls:  6134

Total Execution Times: 4602.66[s], From last output: 204.777[s]
 
                  Search - Total:      207.10[s] =   4.50 %, From last output:        5.54[s] =   2.71 %
             - Search PP - Total:      137.89[s] =  66.58 %, From last output:        4.31[s] =  77.79 %
             -- Sorting, - Total:        0.92[s] =   0.67 %, From last output:        0.01[s] =   0.25 %
        -- BuildBVHTree, - Total:       45.16[s] =  32.75 %, From last output:        1.07[s] =  24.89 %
           -- Neighbors, - Total:       63.90[s] =  46.34 %, From last output:        2.36[s] =  54.82 %
             - Search PT - Total:       69.18[s] =  33.40 %, From last output:        1.23[s] =  22.20 %
         -- CheckActives - Total:        0.67[s] =   0.97 %, From last output:        0.01[s] =   0.82 %
          -- MarkActives - Total:        0.02[s] =   0.03 %, From last output:        0.00[s] =   0.02 %
          -- PushActives - Total:        0.84[s] =   1.22 %, From last output:        0.01[s] =   1.07 %
            -- UpdateBVH - Total:        1.92[s] =   2.77 %, From last output:        0.03[s] =   2.62 %
            -- Neighbors - Total:       23.53[s] =  34.02 %, From last output:        0.37[s] =  30.21 %
 
                 Overlap - Total:     2747.58[s] =  59.70 %, From last output:      155.57[s] =  75.97 %
                   Force - Total:      306.92[s] =   6.67 %, From last output:       14.42[s] =   7.04 %
                    Move - Total:     1333.59[s] =  28.97 %, From last output:       29.13[s] =  14.22 %
                  Output - Total:        5.13[s] =   0.11 %, From last output:        0.08[s] =   0.04 %

Module Execution Times:

Total Module Execution Times: 0[s], From last output: 0[s]

Total Execution Times (All listed above):      4600.32[s] =  99.95 %
Total Execution Times (Unlisted):                 2.34[s] =   0.05 %

</message>
<info date="2025-10-27 00:51:38" up_time="1:20:32.701">
Issues found since last output!
 - Contacts overlap, an average of:
    0.0195% of contacts reached more than 2.5% overlap.
      collected in 110 timesteps totaling 565508 contact overlaps

</info>
<message date="2025-10-27 00:51:38" up_time="1:20:32.785">
	File: 92
	Simulation time: 4.6

	N. Total Particles: 25671
	N. Enabled Particles: 14540
	N. Released Particles: 14761

	N. Enabled Elements: 0
	N. Released Elements: 0
	N. Particle Fragments: 0

	N. Triangles: 1438
	N. Triangle Nodes: 726

	N. Neighbors: 53778
		N. Particle Neighbors: 47083, RR: 0, RN: 0, NN: 47083
		N. Triangle Neighbors: 6695, TR: 0, TN: 6695
	N. Surface Contacts: 5118, particles: 4171, triangles: 947
	N. Adhesion Contacts: 5123, particles: 4173, triangles: 950
	Neighbor Contact Ratio: 5.251245

	Estimated Limits of Surface Velocity:
		                 Total - min:      6e+01 max:      7e+01 average:      6e+01
		            Boundaries - min:          3 max:          3 average:          3
		             Particles - min:      6e+01 max:      7e+01 average:      6e+01

	CPU:
		Memory Usage: 152 MB of 16055 MB
		Free Memory: 2474 MB

</message>
<message date="2025-10-27 00:51:38" up_time="1:20:32.787">
Execution Times:
Execution Times per Call:
 
                  Search - Cumulative:     0.01134[s] n_calls: 18725, From last output:     0.02498[s] n_calls:   211
               Search PP - Cumulative:     0.01256[s] n_calls: 11305, From last output:     0.03114[s] n_calls:   131
              -- Sorting - Cumulative:     0.00508[s] n_calls:   184, From last output:     0.00712[s] n_calls:     2
        -- BuildBVHTree, - Cumulative:     0.00408[s] n_calls: 11305, From last output:     0.00752[s] n_calls:   131
            -- Neighbors - Cumulative:     0.00585[s] n_calls: 11305, From last output:     0.01721[s] n_calls:   131
               Search PT - Cumulative:     0.00907[s] n_calls:  7762, From last output:     0.01435[s] n_calls:    83
         -- CheckActives - Cumulative:     0.00009[s] n_calls:  7762, From last output:     0.00011[s] n_calls:    83
          -- MarkActives - Cumulative:     0.00012[s] n_calls:   184, From last output:     0.00019[s] n_calls:     2
          -- PushActives - Cumulative:     0.00011[s] n_calls:  7762, From last output:     0.00015[s] n_calls:    83
            -- UpdateBVH - Cumulative:     0.00025[s] n_calls:  7762, From last output:     0.00035[s] n_calls:    83
            -- Neighbors - Cumulative:     0.00308[s] n_calls:  7762, From last output:     0.00430[s] n_calls:    83
 
                 Overlap - Cumulative:     0.00516[s] n_calls: 564328, From last output:     0.02668[s] n_calls:  6134
                   Force - Cumulative:     0.00057[s] n_calls: 564328, From last output:     0.00245[s] n_calls:  6134
                    Move - Cumulative:     0.00242[s] n_calls: 564328, From last output:     0.00478[s] n_calls:  6134
                  Output - Cumulative:     0.05667[s] n_calls:    92, From last output:     0.08424[s] n_calls:     1
               Iteration - Cumulative:     0.00853[s] n_calls: 564328, From last output:     0.03479[s] n_calls:  6134

Total Execution Times: 4816.08[s], From last output: 213.416[s]
 
                  Search - Total:      212.37[s] =   4.41 %, From last output:        5.27[s] =   2.47 %
             - Search PP - Total:      141.96[s] =  66.85 %, From last output:        4.08[s] =  77.39 %
             -- Sorting, - Total:        0.93[s] =   0.66 %, From last output:        0.01[s] =   0.35 %
        -- BuildBVHTree, - Total:       46.14[s] =  32.50 %, From last output:        0.98[s] =  24.14 %
           -- Neighbors, - Total:       66.15[s] =  46.60 %, From last output:        2.25[s] =  55.27 %
             - Search PT - Total:       70.37[s] =  33.14 %, From last output:        1.19[s] =  22.60 %
         -- CheckActives - Total:        0.68[s] =   0.97 %, From last output:        0.01[s] =   0.74 %
          -- MarkActives - Total:        0.02[s] =   0.03 %, From last output:        0.00[s] =   0.03 %
          -- PushActives - Total:        0.86[s] =   1.22 %, From last output:        0.01[s] =   1.03 %
            -- UpdateBVH - Total:        1.95[s] =   2.77 %, From last output:        0.03[s] =   2.46 %
            -- Neighbors - Total:       23.89[s] =  33.95 %, From last output:        0.36[s] =  29.96 %
 
                 Overlap - Total:     2911.25[s] =  60.45 %, From last output:      163.67[s] =  76.69 %
                   Force - Total:      321.93[s] =   6.68 %, From last output:       15.02[s] =   7.04 %
                    Move - Total:     1362.93[s] =  28.30 %, From last output:       29.34[s] =  13.75 %
                  Output - Total:        5.21[s] =   0.11 %, From last output:        0.08[s] =   0.04 %

Module Execution Times:

Total Module Execution Times: 0[s], From last output: 0[s]

Total Execution Times (All listed above):      4813.70[s] =  99.95 %
Total Execution Times (Unlisted):                 2.38[s] =   0.05 %

</message>
<info date="2025-10-27 00:55:16" up_time="1:24:10.363">
Issues found since last output!
 - Contacts overlap, an average of:
    0.0188% of contacts reached more than 2.5% overlap.
      collected in 100 timesteps totaling 531672 contact overlaps

</info>
<message date="2025-10-27 00:55:16" up_time="1:24:10.454">
	File: 93
	Simulation time: 4.65

	N. Total Particles: 25671
	N. Enabled Particles: 14700
	N. Released Particles: 14921

	N. Enabled Elements: 0
	N. Released Elements: 0
	N. Particle Fragments: 0

	N. Triangles: 1438
	N. Triangle Nodes: 726

	N. Neighbors: 54951
		N. Particle Neighbors: 48425, RR: 0, RN: 0, NN: 48425
		N. Triangle Neighbors: 6526, TR: 0, TN: 6526
	N. Surface Contacts: 5365, particles: 4409, triangles: 956
	N. Adhesion Contacts: 5369, particles: 4411, triangles: 958
	Neighbor Contact Ratio: 5.119340

	Estimated Limits of Surface Velocity:
		                 Total - min:      6e+01 max:      7e+01 average:      6e+01
		            Boundaries - min:          3 max:          3 average:          3
		             Particles - min:      6e+01 max:      7e+01 average:      6e+01

	CPU:
		Memory Usage: 153 MB of 16055 MB
		Free Memory: 2136 MB

</message>
<message date="2025-10-27 00:55:16" up_time="1:24:10.455">
Execution Times:
Execution Times per Call:
 
                  Search - Cumulative:     0.01150[s] n_calls: 18937, From last output:     0.02550[s] n_calls:   212
               Search PP - Cumulative:     0.01278[s] n_calls: 11437, From last output:     0.03201[s] n_calls:   132
              -- Sorting - Cumulative:     0.00509[s] n_calls:   186, From last output:     0.00603[s] n_calls:     2
        -- BuildBVHTree, - Cumulative:     0.00412[s] n_calls: 11437, From last output:     0.00771[s] n_calls:   132
            -- Neighbors - Cumulative:     0.00599[s] n_calls: 11437, From last output:     0.01784[s] n_calls:   132
               Search PT - Cumulative:     0.00912[s] n_calls:  7845, From last output:     0.01421[s] n_calls:    83
         -- CheckActives - Cumulative:     0.00009[s] n_calls:  7845, From last output:     0.00011[s] n_calls:    83
          -- MarkActives - Cumulative:     0.00012[s] n_calls:   186, From last output:     0.00016[s] n_calls:     2
          -- PushActives - Cumulative:     0.00011[s] n_calls:  7845, From last output:     0.00014[s] n_calls:    83
            -- UpdateBVH - Cumulative:     0.00025[s] n_calls:  7845, From last output:     0.00036[s] n_calls:    83
            -- Neighbors - Cumulative:     0.00309[s] n_calls:  7845, From last output:     0.00438[s] n_calls:    83
 
                 Overlap - Cumulative:     0.00540[s] n_calls: 570462, From last output:     0.02732[s] n_calls:  6134
                   Force - Cumulative:     0.00059[s] n_calls: 570462, From last output:     0.00250[s] n_calls:  6134
                    Move - Cumulative:     0.00244[s] n_calls: 570462, From last output:     0.00476[s] n_calls:  6134
                  Output - Cumulative:     0.05705[s] n_calls:    93, From last output:     0.09169[s] n_calls:     1
               Iteration - Cumulative:     0.00882[s] n_calls: 570462, From last output:     0.03548[s] n_calls:  6134

Total Execution Times: 5033.73[s], From last output: 217.651[s]
 
                  Search - Total:      217.78[s] =   4.33 %, From last output:        5.41[s] =   2.48 %
             - Search PP - Total:      146.19[s] =  67.13 %, From last output:        4.23[s] =  78.17 %
             -- Sorting, - Total:        0.95[s] =   0.65 %, From last output:        0.01[s] =   0.29 %
        -- BuildBVHTree, - Total:       47.16[s] =  32.26 %, From last output:        1.02[s] =  24.09 %
           -- Neighbors, - Total:       68.50[s] =  46.86 %, From last output:        2.35[s] =  55.72 %
             - Search PT - Total:       71.55[s] =  32.86 %, From last output:        1.18[s] =  21.82 %
         -- CheckActives - Total:        0.69[s] =   0.97 %, From last output:        0.01[s] =   0.81 %
          -- MarkActives - Total:        0.02[s] =   0.03 %, From last output:        0.00[s] =   0.03 %
          -- PushActives - Total:        0.87[s] =   1.21 %, From last output:        0.01[s] =   1.00 %
            -- UpdateBVH - Total:        1.98[s] =   2.76 %, From last output:        0.03[s] =   2.55 %
            -- Neighbors - Total:       24.25[s] =  33.90 %, From last output:        0.36[s] =  30.80 %
 
                 Overlap - Total:     3078.82[s] =  61.16 %, From last output:      167.58[s] =  76.99 %
                   Force - Total:      337.27[s] =   6.70 %, From last output:       15.33[s] =   7.04 %
                    Move - Total:     1392.14[s] =  27.66 %, From last output:       29.21[s] =  13.42 %
                  Output - Total:        5.31[s] =   0.11 %, From last output:        0.09[s] =   0.04 %

Module Execution Times:

Total Module Execution Times: 0[s], From last output: 0[s]

Total Execution Times (All listed above):      5031.31[s] =  99.95 %
Total Execution Times (Unlisted):                 2.41[s] =   0.05 %

</message>
<info date="2025-10-27 00:58:50" up_time="1:27:44.813">
Issues found since last output!
 - Contacts overlap, an average of:
    0.0181% of contacts reached more than 2.5% overlap.
      collected in 208 timesteps totaling 1148102 contact overlaps

</info>
<message date="2025-10-27 00:58:50" up_time="1:27:44.916">
	File: 94
	Simulation time: 4.7

	N. Total Particles: 25671
	N. Enabled Particles: 14860
	N. Released Particles: 15082

	N. Enabled Elements: 0
	N. Released Elements: 0
	N. Particle Fragments: 0

	N. Triangles: 1438
	N. Triangle Nodes: 726

	N. Neighbors: 55984
		N. Particle Neighbors: 49335, RR: 0, RN: 0, NN: 49335
		N. Triangle Neighbors: 6649, TR: 0, TN: 6649
	N. Surface Contacts: 5771, particles: 4784, triangles: 987
	N. Adhesion Contacts: 5776, particles: 4787, triangles: 989
	Neighbor Contact Ratio: 4.848359

	Estimated Limits of Surface Velocity:
		                 Total - min:      6e+01 max:      7e+01 average:      6e+01
		            Boundaries - min:          3 max:          3 average:          3
		             Particles - min:      6e+01 max:      7e+01 average:      6e+01

	CPU:
		Memory Usage: 153 MB of 16055 MB
		Free Memory: 2196 MB

</message>
<message date="2025-10-27 00:58:50" up_time="1:27:44.918">
Execution Times:
Execution Times per Call:
 
                  Search - Cumulative:     0.01164[s] n_calls: 19152, From last output:     0.02396[s] n_calls:   215
               Search PP - Cumulative:     0.01298[s] n_calls: 11571, From last output:     0.02998[s] n_calls:   134
              -- Sorting - Cumulative:     0.00509[s] n_calls:   188, From last output:     0.00540[s] n_calls:     2
        -- BuildBVHTree, - Cumulative:     0.00416[s] n_calls: 11571, From last output:     0.00714[s] n_calls:   134
            -- Neighbors - Cumulative:     0.00611[s] n_calls: 11571, From last output:     0.01654[s] n_calls:   134
               Search PT - Cumulative:     0.00917[s] n_calls:  7930, From last output:     0.01334[s] n_calls:    85
         -- CheckActives - Cumulative:     0.00009[s] n_calls:  7930, From last output:     0.00011[s] n_calls:    85
          -- MarkActives - Cumulative:     0.00012[s] n_calls:   188, From last output:     0.00009[s] n_calls:     2
          -- PushActives - Cumulative:     0.00011[s] n_calls:  7930, From last output:     0.00013[s] n_calls:    85
            -- UpdateBVH - Cumulative:     0.00025[s] n_calls:  7930, From last output:     0.00034[s] n_calls:    85
            -- Neighbors - Cumulative:     0.00310[s] n_calls:  7930, From last output:     0.00404[s] n_calls:    85
 
                 Overlap - Cumulative:     0.00563[s] n_calls: 576596, From last output:     0.02705[s] n_calls:  6134
                   Force - Cumulative:     0.00061[s] n_calls: 576596, From last output:     0.00246[s] n_calls:  6134
                    Move - Cumulative:     0.00246[s] n_calls: 576596, From last output:     0.00458[s] n_calls:  6134
                  Output - Cumulative:     0.05754[s] n_calls:    94, From last output:     0.10341[s] n_calls:     1
               Iteration - Cumulative:     0.00910[s] n_calls: 576596, From last output:     0.03496[s] n_calls:  6134

Total Execution Times: 5248.17[s], From last output: 214.446[s]
 
                  Search - Total:      222.93[s] =   4.25 %, From last output:        5.15[s] =   2.40 %
             - Search PP - Total:      150.21[s] =  67.38 %, From last output:        4.02[s] =  77.98 %
             -- Sorting, - Total:        0.96[s] =   0.64 %, From last output:        0.01[s] =   0.27 %
        -- BuildBVHTree, - Total:       48.12[s] =  32.04 %, From last output:        0.96[s] =  23.83 %
           -- Neighbors, - Total:       70.72[s] =  47.08 %, From last output:        2.22[s] =  55.17 %
             - Search PT - Total:       72.68[s] =  32.60 %, From last output:        1.13[s] =  22.01 %
         -- CheckActives - Total:        0.70[s] =   0.97 %, From last output:        0.01[s] =   0.86 %
          -- MarkActives - Total:        0.02[s] =   0.03 %, From last output:        0.00[s] =   0.02 %
          -- PushActives - Total:        0.88[s] =   1.21 %, From last output:        0.01[s] =   1.01 %
            -- UpdateBVH - Total:        2.01[s] =   2.76 %, From last output:        0.03[s] =   2.51 %
            -- Neighbors - Total:       24.60[s] =  33.84 %, From last output:        0.34[s] =  30.31 %
 
                 Overlap - Total:     3244.75[s] =  61.83 %, From last output:      165.93[s] =  77.38 %
                   Force - Total:      352.37[s] =   6.71 %, From last output:       15.11[s] =   7.05 %
                    Move - Total:     1420.26[s] =  27.06 %, From last output:       28.12[s] =  13.11 %
                  Output - Total:        5.41[s] =   0.10 %, From last output:        0.10[s] =   0.05 %

Module Execution Times:

Total Module Execution Times: 0[s], From last output: 0[s]

Total Execution Times (All listed above):      5245.72[s] =  99.95 %
Total Execution Times (Unlisted):                 2.45[s] =   0.05 %

</message>
<info date="2025-10-27 01:02:44" up_time="1:31:38.583">
Issues found since last output!
 - Contacts overlap, an average of:
    0.0177% of contacts reached more than 2.5% overlap.
      collected in 161 timesteps totaling 907162 contact overlaps

</info>
<message date="2025-10-27 01:02:44" up_time="1:31:38.685">
	File: 95
	Simulation time: 4.75

	N. Total Particles: 25671
	N. Enabled Particles: 15019
	N. Released Particles: 15243

	N. Enabled Elements: 0
	N. Released Elements: 0
	N. Particle Fragments: 0

	N. Triangles: 1438
	N. Triangle Nodes: 726

	N. Neighbors: 57604
		N. Particle Neighbors: 50913, RR: 0, RN: 0, NN: 50913
		N. Triangle Neighbors: 6691, TR: 0, TN: 6691
	N. Surface Contacts: 5997, particles: 4929, triangles: 1068
	N. Adhesion Contacts: 6010, particles: 4931, triangles: 1079
	Neighbor Contact Ratio: 4.797535

	Estimated Limits of Surface Velocity:
		                 Total - min:      6e+01 max:      7e+01 average:      6e+01
		            Boundaries - min:          3 max:          3 average:          3
		             Particles - min:      6e+01 max:      7e+01 average:      6e+01

	CPU:
		Memory Usage: 153 MB of 16055 MB
		Free Memory: 2924 MB

</message>
<message date="2025-10-27 01:02:44" up_time="1:31:38.686">
Execution Times:
Execution Times per Call:
 
                  Search - Cumulative:     0.01180[s] n_calls: 19361, From last output:     0.02626[s] n_calls:   209
               Search PP - Cumulative:     0.01320[s] n_calls: 11702, From last output:     0.03291[s] n_calls:   131
              -- Sorting - Cumulative:     0.00511[s] n_calls:   190, From last output:     0.00711[s] n_calls:     2
        -- BuildBVHTree, - Cumulative:     0.00420[s] n_calls: 11702, From last output:     0.00787[s] n_calls:   131
            -- Neighbors - Cumulative:     0.00625[s] n_calls: 11702, From last output:     0.01812[s] n_calls:   131
               Search PT - Cumulative:     0.00922[s] n_calls:  8012, From last output:     0.01435[s] n_calls:    82
         -- CheckActives - Cumulative:     0.00009[s] n_calls:  8012, From last output:     0.00011[s] n_calls:    82
          -- MarkActives - Cumulative:     0.00012[s] n_calls:   190, From last output:     0.00018[s] n_calls:     2
          -- PushActives - Cumulative:     0.00011[s] n_calls:  8012, From last output:     0.00016[s] n_calls:    82
            -- UpdateBVH - Cumulative:     0.00025[s] n_calls:  8012, From last output:     0.00038[s] n_calls:    82
            -- Neighbors - Cumulative:     0.00311[s] n_calls:  8012, From last output:     0.00427[s] n_calls:    82
 
                 Overlap - Cumulative:     0.00588[s] n_calls: 582730, From last output:     0.02955[s] n_calls:  6134
                   Force - Cumulative:     0.00063[s] n_calls: 582730, From last output:     0.00269[s] n_calls:  6134
                    Move - Cumulative:     0.00249[s] n_calls: 582730, From last output:     0.00494[s] n_calls:  6134
                  Output - Cumulative:     0.05801[s] n_calls:    95, From last output:     0.10203[s] n_calls:     1
               Iteration - Cumulative:     0.00941[s] n_calls: 582730, From last output:     0.03811[s] n_calls:  6134

Total Execution Times: 5481.92[s], From last output: 233.751[s]
 
                  Search - Total:      228.42[s] =   4.17 %, From last output:        5.49[s] =   2.35 %
             - Search PP - Total:      154.52[s] =  67.65 %, From last output:        4.31[s] =  78.56 %
             -- Sorting, - Total:        0.97[s] =   0.63 %, From last output:        0.01[s] =   0.33 %
        -- BuildBVHTree, - Total:       49.15[s] =  31.81 %, From last output:        1.03[s] =  23.93 %
           -- Neighbors, - Total:       73.09[s] =  47.30 %, From last output:        2.37[s] =  55.08 %
             - Search PT - Total:       73.86[s] =  32.34 %, From last output:        1.18[s] =  21.44 %
         -- CheckActives - Total:        0.71[s] =   0.96 %, From last output:        0.01[s] =   0.79 %
          -- MarkActives - Total:        0.02[s] =   0.03 %, From last output:        0.00[s] =   0.03 %
          -- PushActives - Total:        0.89[s] =   1.21 %, From last output:        0.01[s] =   1.09 %
            -- UpdateBVH - Total:        2.04[s] =   2.76 %, From last output:        0.03[s] =   2.65 %
            -- Neighbors - Total:       24.95[s] =  33.78 %, From last output:        0.35[s] =  29.78 %
 
                 Overlap - Total:     3426.03[s] =  62.50 %, From last output:      181.28[s] =  77.55 %
                   Force - Total:      368.89[s] =   6.73 %, From last output:       16.52[s] =   7.07 %
                    Move - Total:     1450.59[s] =  26.46 %, From last output:       30.33[s] =  12.97 %
                  Output - Total:        5.51[s] =   0.10 %, From last output:        0.10[s] =   0.04 %

Module Execution Times:

Total Module Execution Times: 0[s], From last output: 0[s]

Total Execution Times (All listed above):      5479.44[s] =  99.95 %
Total Execution Times (Unlisted):                 2.48[s] =   0.05 %

</message>
<info date="2025-10-27 01:06:36" up_time="1:35:30.570">
Issues found since last output!
 - Contacts overlap, an average of:
    0.0164% of contacts reached more than 2.5% overlap.
      collected in 86 timesteps totaling 524237 contact overlaps

</info>
<message date="2025-10-27 01:06:36" up_time="1:35:30.712">
	File: 96
	Simulation time: 4.8

	N. Total Particles: 25671
	N. Enabled Particles: 15176
	N. Released Particles: 15403

	N. Enabled Elements: 0
	N. Released Elements: 0
	N. Particle Fragments: 0

	N. Triangles: 1438
	N. Triangle Nodes: 726

	N. Neighbors: 58704
		N. Particle Neighbors: 51984, RR: 0, RN: 0, NN: 51984
		N. Triangle Neighbors: 6720, TR: 0, TN: 6720
	N. Surface Contacts: 6064, particles: 5045, triangles: 1019
	N. Adhesion Contacts: 6080, particles: 5057, triangles: 1023
	Neighbor Contact Ratio: 4.833992

	Estimated Limits of Surface Velocity:
		                 Total - min:      6e+01 max:      7e+01 average:      6e+01
		            Boundaries - min:          3 max:          3 average:          3
		             Particles - min:      6e+01 max:      7e+01 average:      6e+01

	CPU:
		Memory Usage: 153 MB of 16055 MB
		Free Memory: 3066 MB

</message>
<message date="2025-10-27 01:06:36" up_time="1:35:30.714">
Execution Times:
Execution Times per Call:
 
                  Search - Cumulative:     0.01193[s] n_calls: 19570, From last output:     0.02454[s] n_calls:   209
               Search PP - Cumulative:     0.01340[s] n_calls: 11832, From last output:     0.03093[s] n_calls:   130
              -- Sorting - Cumulative:     0.00512[s] n_calls:   192, From last output:     0.00583[s] n_calls:     2
        -- BuildBVHTree, - Cumulative:     0.00423[s] n_calls: 11832, From last output:     0.00724[s] n_calls:   130
            -- Neighbors - Cumulative:     0.00637[s] n_calls: 11832, From last output:     0.01714[s] n_calls:   130
               Search PT - Cumulative:     0.00926[s] n_calls:  8094, From last output:     0.01351[s] n_calls:    82
         -- CheckActives - Cumulative:     0.00009[s] n_calls:  8094, From last output:     0.00012[s] n_calls:    82
          -- MarkActives - Cumulative:     0.00012[s] n_calls:   192, From last output:     0.00009[s] n_calls:     2
          -- PushActives - Cumulative:     0.00011[s] n_calls:  8094, From last output:     0.00014[s] n_calls:    82
            -- UpdateBVH - Cumulative:     0.00026[s] n_calls:  8094, From last output:     0.00035[s] n_calls:    82
            -- Neighbors - Cumulative:     0.00312[s] n_calls:  8094, From last output:     0.00408[s] n_calls:    82
 
                 Overlap - Cumulative:     0.00613[s] n_calls: 588864, From last output:     0.02953[s] n_calls:  6134
                   Force - Cumulative:     0.00065[s] n_calls: 588864, From last output:     0.00268[s] n_calls:  6134
                    Move - Cumulative:     0.00251[s] n_calls: 588864, From last output:     0.00474[s] n_calls:  6134
                  Output - Cumulative:     0.05888[s] n_calls:    96, From last output:     0.14160[s] n_calls:     1
               Iteration - Cumulative:     0.00970[s] n_calls: 588864, From last output:     0.03782[s] n_calls:  6134

Total Execution Times: 5713.93[s], From last output: 232.01[s]
 
                  Search - Total:      233.54[s] =   4.09 %, From last output:        5.13[s] =   2.21 %
             - Search PP - Total:      158.54[s] =  67.88 %, From last output:        4.02[s] =  78.40 %
             -- Sorting, - Total:        0.98[s] =   0.62 %, From last output:        0.01[s] =   0.29 %
        -- BuildBVHTree, - Total:       50.09[s] =  31.60 %, From last output:        0.94[s] =  23.42 %
           -- Neighbors, - Total:       75.32[s] =  47.51 %, From last output:        2.23[s] =  55.40 %
             - Search PT - Total:       74.97[s] =  32.10 %, From last output:        1.11[s] =  21.60 %
         -- CheckActives - Total:        0.72[s] =   0.96 %, From last output:        0.01[s] =   0.87 %
          -- MarkActives - Total:        0.02[s] =   0.03 %, From last output:        0.00[s] =   0.02 %
          -- PushActives - Total:        0.90[s] =   1.20 %, From last output:        0.01[s] =   1.01 %
            -- UpdateBVH - Total:        2.07[s] =   2.75 %, From last output:        0.03[s] =   2.61 %
            -- Neighbors - Total:       25.28[s] =  33.72 %, From last output:        0.33[s] =  30.20 %
 
                 Overlap - Total:     3607.20[s] =  63.13 %, From last output:      181.17[s] =  78.09 %
                   Force - Total:      385.34[s] =   6.74 %, From last output:       16.45[s] =   7.09 %
                    Move - Total:     1479.68[s] =  25.90 %, From last output:       29.09[s] =  12.54 %
                  Output - Total:        5.65[s] =   0.10 %, From last output:        0.14[s] =   0.06 %

Module Execution Times:

Total Module Execution Times: 0[s], From last output: 0[s]

Total Execution Times (All listed above):      5711.41[s] =  99.96 %
Total Execution Times (Unlisted):                 2.52[s] =   0.04 %

</message>
<info date="2025-10-27 01:10:45" up_time="1:39:39.727">
Issues found since last output!
 - Contacts overlap, an average of:
    0.016% of contacts reached more than 2.5% overlap.
      collected in 167 timesteps totaling 1043989 contact overlaps

</info>
<message date="2025-10-27 01:10:45" up_time="1:39:39.824">
	File: 97
	Simulation time: 4.85

	N. Total Particles: 25671
	N. Enabled Particles: 15331
	N. Released Particles: 15564

	N. Enabled Elements: 0
	N. Released Elements: 0
	N. Particle Fragments: 0

	N. Triangles: 1438
	N. Triangle Nodes: 726

	N. Neighbors: 60043
		N. Particle Neighbors: 53194, RR: 0, RN: 0, NN: 53194
		N. Triangle Neighbors: 6849, TR: 0, TN: 6849
	N. Surface Contacts: 6661, particles: 5562, triangles: 1099
	N. Adhesion Contacts: 6673, particles: 5569, triangles: 1104
	Neighbor Contact Ratio: 4.503000

	Estimated Limits of Surface Velocity:
		                 Total - min:      6e+01 max:      7e+01 average:      6e+01
		            Boundaries - min:          3 max:          3 average:          3
		             Particles - min:      6e+01 max:      7e+01 average:      6e+01

	CPU:
		Memory Usage: 154 MB of 16055 MB
		Free Memory: 2978 MB

</message>
<message date="2025-10-27 01:10:45" up_time="1:39:39.825">
Execution Times:
Execution Times per Call:
 
                  Search - Cumulative:     0.01209[s] n_calls: 19781, From last output:     0.02673[s] n_calls:   211
               Search PP - Cumulative:     0.01362[s] n_calls: 11965, From last output:     0.03348[s] n_calls:   133
              -- Sorting - Cumulative:     0.00515[s] n_calls:   194, From last output:     0.00846[s] n_calls:     2
        -- BuildBVHTree, - Cumulative:     0.00428[s] n_calls: 11965, From last output:     0.00795[s] n_calls:   133
            -- Neighbors - Cumulative:     0.00650[s] n_calls: 11965, From last output:     0.01848[s] n_calls:   133
               Search PT - Cumulative:     0.00931[s] n_calls:  8176, From last output:     0.01447[s] n_calls:    82
         -- CheckActives - Cumulative:     0.00009[s] n_calls:  8176, From last output:     0.00013[s] n_calls:    82
          -- MarkActives - Cumulative:     0.00012[s] n_calls:   194, From last output:     0.00015[s] n_calls:     2
          -- PushActives - Cumulative:     0.00011[s] n_calls:  8176, From last output:     0.00015[s] n_calls:    82
            -- UpdateBVH - Cumulative:     0.00026[s] n_calls:  8176, From last output:     0.00037[s] n_calls:    82
            -- Neighbors - Cumulative:     0.00313[s] n_calls:  8176, From last output:     0.00420[s] n_calls:    82
 
                 Overlap - Cumulative:     0.00639[s] n_calls: 594998, From last output:     0.03177[s] n_calls:  6134
                   Force - Cumulative:     0.00068[s] n_calls: 594998, From last output:     0.00289[s] n_calls:  6134
                    Move - Cumulative:     0.00254[s] n_calls: 594998, From last output:     0.00500[s] n_calls:  6134
                  Output - Cumulative:     0.05927[s] n_calls:    97, From last output:     0.09711[s] n_calls:     1
               Iteration - Cumulative:     0.01002[s] n_calls: 594998, From last output:     0.04061[s] n_calls:  6134

Total Execution Times: 5963.02[s], From last output: 249.093[s]
 
                  Search - Total:      239.18[s] =   4.01 %, From last output:        5.64[s] =   2.26 %
             - Search PP - Total:      162.99[s] =  68.15 %, From last output:        4.45[s] =  78.96 %
             -- Sorting, - Total:        1.00[s] =   0.61 %, From last output:        0.02[s] =   0.38 %
        -- BuildBVHTree, - Total:       51.15[s] =  31.38 %, From last output:        1.06[s] =  23.76 %
           -- Neighbors, - Total:       77.78[s] =  47.72 %, From last output:        2.46[s] =  55.18 %
             - Search PT - Total:       76.15[s] =  31.84 %, From last output:        1.19[s] =  21.03 %
         -- CheckActives - Total:        0.73[s] =   0.96 %, From last output:        0.01[s] =   0.88 %
          -- MarkActives - Total:        0.02[s] =   0.03 %, From last output:        0.00[s] =   0.02 %
          -- PushActives - Total:        0.92[s] =   1.20 %, From last output:        0.01[s] =   1.02 %
            -- UpdateBVH - Total:        2.10[s] =   2.75 %, From last output:        0.03[s] =   2.53 %
            -- Neighbors - Total:       25.63[s] =  33.65 %, From last output:        0.34[s] =  29.05 %
 
                 Overlap - Total:     3802.08[s] =  63.76 %, From last output:      194.88[s] =  78.24 %
                   Force - Total:      403.09[s] =   6.76 %, From last output:       17.75[s] =   7.13 %
                    Move - Total:     1510.36[s] =  25.33 %, From last output:       30.69[s] =  12.32 %
                  Output - Total:        5.75[s] =   0.10 %, From last output:        0.10[s] =   0.04 %

Module Execution Times:

Total Module Execution Times: 0[s], From last output: 0[s]

Total Execution Times (All listed above):      5960.47[s] =  99.96 %
Total Execution Times (Unlisted):                 2.55[s] =   0.04 %

</message>
<info date="2025-10-27 01:15:01" up_time="1:43:55.925">
Issues found since last output!
 - Contacts overlap, an average of:
    0.0153% of contacts reached more than 2.5% overlap.
      collected in 184 timesteps totaling 1203708 contact overlaps

</info>
<message date="2025-10-27 01:15:01" up_time="1:43:56.10">
	File: 98
	Simulation time: 4.9

	N. Total Particles: 25671
	N. Enabled Particles: 15488
	N. Released Particles: 15723

	N. Enabled Elements: 0
	N. Released Elements: 0
	N. Particle Fragments: 0

	N. Triangles: 1438
	N. Triangle Nodes: 726

	N. Neighbors: 61654
		N. Particle Neighbors: 54691, RR: 0, RN: 0, NN: 54691
		N. Triangle Neighbors: 6963, TR: 0, TN: 6963
	N. Surface Contacts: 6759, particles: 5656, triangles: 1103
	N. Adhesion Contacts: 6771, particles: 5665, triangles: 1106
	Neighbor Contact Ratio: 4.556837

	Estimated Limits of Surface Velocity:
		                 Total - min:      6e+01 max:      7e+01 average:      6e+01
		            Boundaries - min:          3 max:          3 average:          3
		             Particles - min:      6e+01 max:      7e+01 average:      6e+01

	CPU:
		Memory Usage: 154 MB of 16055 MB
		Free Memory: 3021 MB

</message>
<message date="2025-10-27 01:15:01" up_time="1:43:56.12">
Execution Times:
Execution Times per Call:
 
                  Search - Cumulative:     0.01225[s] n_calls: 19990, From last output:     0.02704[s] n_calls:   209
               Search PP - Cumulative:     0.01384[s] n_calls: 12098, From last output:     0.03361[s] n_calls:   133
              -- Sorting - Cumulative:     0.00517[s] n_calls:   196, From last output:     0.00729[s] n_calls:     2
        -- BuildBVHTree, - Cumulative:     0.00431[s] n_calls: 12098, From last output:     0.00788[s] n_calls:   133
            -- Neighbors - Cumulative:     0.00663[s] n_calls: 12098, From last output:     0.01847[s] n_calls:   133
               Search PT - Cumulative:     0.00937[s] n_calls:  8258, From last output:     0.01441[s] n_calls:    82
         -- CheckActives - Cumulative:     0.00009[s] n_calls:  8258, From last output:     0.00013[s] n_calls:    82
          -- MarkActives - Cumulative:     0.00012[s] n_calls:   196, From last output:     0.00014[s] n_calls:     2
          -- PushActives - Cumulative:     0.00011[s] n_calls:  8258, From last output:     0.00014[s] n_calls:    82
            -- UpdateBVH - Cumulative:     0.00026[s] n_calls:  8258, From last output:     0.00036[s] n_calls:    82
            -- Neighbors - Cumulative:     0.00315[s] n_calls:  8258, From last output:     0.00429[s] n_calls:    82
 
                 Overlap - Cumulative:     0.00666[s] n_calls: 601132, From last output:     0.03285[s] n_calls:  6134
                   Force - Cumulative:     0.00070[s] n_calls: 601132, From last output:     0.00297[s] n_calls:  6134
                    Move - Cumulative:     0.00256[s] n_calls: 601132, From last output:     0.00499[s] n_calls:  6134
                  Output - Cumulative:     0.05954[s] n_calls:    98, From last output:     0.08531[s] n_calls:     1
               Iteration - Cumulative:     0.01035[s] n_calls: 601132, From last output:     0.04176[s] n_calls:  6134

Total Execution Times: 6219.19[s], From last output: 256.169[s]
 
                  Search - Total:      244.84[s] =   3.94 %, From last output:        5.65[s] =   2.21 %
             - Search PP - Total:      167.46[s] =  68.40 %, From last output:        4.47[s] =  79.08 %
             -- Sorting, - Total:        1.01[s] =   0.61 %, From last output:        0.01[s] =   0.33 %
        -- BuildBVHTree, - Total:       52.20[s] =  31.17 %, From last output:        1.05[s] =  23.44 %
           -- Neighbors, - Total:       80.24[s] =  47.91 %, From last output:        2.46[s] =  54.96 %
             - Search PT - Total:       77.34[s] =  31.59 %, From last output:        1.18[s] =  20.91 %
         -- CheckActives - Total:        0.74[s] =   0.96 %, From last output:        0.01[s] =   0.88 %
          -- MarkActives - Total:        0.02[s] =   0.03 %, From last output:        0.00[s] =   0.02 %
          -- PushActives - Total:        0.93[s] =   1.20 %, From last output:        0.01[s] =   0.99 %
            -- UpdateBVH - Total:        2.13[s] =   2.75 %, From last output:        0.03[s] =   2.51 %
            -- Neighbors - Total:       25.98[s] =  33.59 %, From last output:        0.35[s] =  29.74 %
 
                 Overlap - Total:     4003.61[s] =  64.38 %, From last output:      201.53[s] =  78.67 %
                   Force - Total:      421.33[s] =   6.77 %, From last output:       18.24[s] =   7.12 %
                    Move - Total:     1540.99[s] =  24.78 %, From last output:       30.63[s] =  11.96 %
                  Output - Total:        5.83[s] =   0.09 %, From last output:        0.09[s] =   0.03 %

Module Execution Times:

Total Module Execution Times: 0[s], From last output: 0[s]

Total Execution Times (All listed above):      6216.60[s] =  99.96 %
Total Execution Times (Unlisted):                 2.59[s] =   0.04 %

</message>
<info date="2025-10-27 01:19:31" up_time="1:48:25.131">
Issues found since last output!
 - Contacts overlap, an average of:
    0.0148% of contacts reached more than 2.5% overlap.
      collected in 135 timesteps totaling 911154 contact overlaps

</info>
<message date="2025-10-27 01:19:31" up_time="1:48:25.238">
	File: 99
	Simulation time: 4.95

	N. Total Particles: 25671
	N. Enabled Particles: 15645
	N. Released Particles: 15884

	N. Enabled Elements: 0
	N. Released Elements: 0
	N. Particle Fragments: 0

	N. Triangles: 1438
	N. Triangle Nodes: 726

	N. Neighbors: 62606
		N. Particle Neighbors: 55822, RR: 0, RN: 0, NN: 55822
		N. Triangle Neighbors: 6784, TR: 0, TN: 6784
	N. Surface Contacts: 6917, particles: 5779, triangles: 1138
	N. Adhesion Contacts: 6925, particles: 5782, triangles: 1143
	Neighbor Contact Ratio: 4.522901

	Estimated Limits of Surface Velocity:
		                 Total - min:      6e+01 max:      7e+01 average:      7e+01
		            Boundaries - min:          3 max:          3 average:          3
		             Particles - min:      6e+01 max:      7e+01 average:      7e+01

	CPU:
		Memory Usage: 153 MB of 16055 MB
		Free Memory: 3078 MB

</message>
<message date="2025-10-27 01:19:31" up_time="1:48:25.240">
Execution Times:
Execution Times per Call:
 
                  Search - Cumulative:     0.01242[s] n_calls: 20212, From last output:     0.02795[s] n_calls:   222
               Search PP - Cumulative:     0.01408[s] n_calls: 12237, From last output:     0.03498[s] n_calls:   139
              -- Sorting - Cumulative:     0.00520[s] n_calls:   198, From last output:     0.00786[s] n_calls:     2
        -- BuildBVHTree, - Cumulative:     0.00436[s] n_calls: 12237, From last output:     0.00809[s] n_calls:   139
            -- Neighbors - Cumulative:     0.00678[s] n_calls: 12237, From last output:     0.01929[s] n_calls:   139
               Search PT - Cumulative:     0.00943[s] n_calls:  8347, From last output:     0.01509[s] n_calls:    89
         -- CheckActives - Cumulative:     0.00009[s] n_calls:  8347, From last output:     0.00013[s] n_calls:    89
          -- MarkActives - Cumulative:     0.00012[s] n_calls:   198, From last output:     0.00018[s] n_calls:     2
          -- PushActives - Cumulative:     0.00011[s] n_calls:  8347, From last output:     0.00015[s] n_calls:    89
            -- UpdateBVH - Cumulative:     0.00026[s] n_calls:  8347, From last output:     0.00039[s] n_calls:    89
            -- Neighbors - Cumulative:     0.00316[s] n_calls:  8347, From last output:     0.00444[s] n_calls:    89
 
                 Overlap - Cumulative:     0.00694[s] n_calls: 607266, From last output:     0.03456[s] n_calls:  6134
                   Force - Cumulative:     0.00073[s] n_calls: 607266, From last output:     0.00311[s] n_calls:  6134
                    Move - Cumulative:     0.00259[s] n_calls: 607266, From last output:     0.00517[s] n_calls:  6134
                  Output - Cumulative:     0.06002[s] n_calls:    99, From last output:     0.10733[s] n_calls:     1
               Iteration - Cumulative:     0.01068[s] n_calls: 607266, From last output:     0.04389[s] n_calls:  6134

Total Execution Times: 6488.4[s], From last output: 269.21[s]
 
                  Search - Total:      251.04[s] =   3.87 %, From last output:        6.20[s] =   2.30 %
             - Search PP - Total:      172.32[s] =  68.64 %, From last output:        4.86[s] =  78.35 %
             -- Sorting, - Total:        1.03[s] =   0.60 %, From last output:        0.02[s] =   0.32 %
        -- BuildBVHTree, - Total:       53.32[s] =  30.94 %, From last output:        1.13[s] =  23.14 %
           -- Neighbors, - Total:       82.92[s] =  48.12 %, From last output:        2.68[s] =  55.15 %
             - Search PT - Total:       78.68[s] =  31.34 %, From last output:        1.34[s] =  21.64 %
         -- CheckActives - Total:        0.75[s] =   0.96 %, From last output:        0.01[s] =   0.84 %
          -- MarkActives - Total:        0.02[s] =   0.03 %, From last output:        0.00[s] =   0.03 %
          -- PushActives - Total:        0.94[s] =   1.20 %, From last output:        0.01[s] =   1.02 %
            -- UpdateBVH - Total:        2.16[s] =   2.75 %, From last output:        0.03[s] =   2.59 %
            -- Neighbors - Total:       26.37[s] =  33.52 %, From last output:        0.39[s] =  29.41 %
 
                 Overlap - Total:     4215.63[s] =  64.97 %, From last output:      212.02[s] =  78.76 %
                   Force - Total:      440.44[s] =   6.79 %, From last output:       19.11[s] =   7.10 %
                    Move - Total:     1572.72[s] =  24.24 %, From last output:       31.74[s] =  11.79 %
                  Output - Total:        5.94[s] =   0.09 %, From last output:        0.11[s] =   0.04 %

Module Execution Times:

Total Module Execution Times: 0[s], From last output: 0[s]

Total Execution Times (All listed above):      6485.77[s] =  99.96 %
Total Execution Times (Unlisted):                 2.63[s] =   0.04 %

</message>
<info date="2025-10-27 01:24:02" up_time="1:52:56.740">
Issues found since last output!
 - Contacts overlap, an average of:
    0.0147% of contacts reached more than 2.5% overlap.
      collected in 105 timesteps totaling 715893 contact overlaps

</info>
<message date="2025-10-27 01:24:02" up_time="1:52:56.866">
	File: 100
	Simulation time: 5

	N. Total Particles: 25671
	N. Enabled Particles: 15800
	N. Released Particles: 16045

	N. Enabled Elements: 0
	N. Released Elements: 0
	N. Particle Fragments: 0

	N. Triangles: 1438
	N. Triangle Nodes: 726

	N. Neighbors: 63779
		N. Particle Neighbors: 56933, RR: 0, RN: 0, NN: 56933
		N. Triangle Neighbors: 6846, TR: 0, TN: 6846
	N. Surface Contacts: 7184, particles: 6034, triangles: 1150
	N. Adhesion Contacts: 7208, particles: 6045, triangles: 1163
	Neighbor Contact Ratio: 4.431559

	Estimated Limits of Surface Velocity:
		                 Total - min:      6e+01 max:      7e+01 average:      7e+01
		            Boundaries - min:          3 max:          3 average:          3
		             Particles - min:      6e+01 max:      7e+01 average:      7e+01

	CPU:
		Memory Usage: 154 MB of 16055 MB
		Free Memory: 3155 MB

</message>
<message date="2025-10-27 01:24:02" up_time="1:52:56.866">
Execution Times:
Execution Times per Call:
 
                  Search - Cumulative:     0.01259[s] n_calls: 20439, From last output:     0.02738[s] n_calls:   227
               Search PP - Cumulative:     0.01432[s] n_calls: 12379, From last output:     0.03489[s] n_calls:   142
              -- Sorting - Cumulative:     0.00523[s] n_calls:   200, From last output:     0.00834[s] n_calls:     2
        -- BuildBVHTree, - Cumulative:     0.00440[s] n_calls: 12379, From last output:     0.00814[s] n_calls:   142
            -- Neighbors - Cumulative:     0.00692[s] n_calls: 12379, From last output:     0.01922[s] n_calls:   142
               Search PT - Cumulative:     0.00948[s] n_calls:  8435, From last output:     0.01433[s] n_calls:    88
         -- CheckActives - Cumulative:     0.00009[s] n_calls:  8435, From last output:     0.00013[s] n_calls:    88
          -- MarkActives - Cumulative:     0.00012[s] n_calls:   200, From last output:     0.00023[s] n_calls:     2
          -- PushActives - Cumulative:     0.00011[s] n_calls:  8435, From last output:     0.00015[s] n_calls:    88
            -- UpdateBVH - Cumulative:     0.00026[s] n_calls:  8435, From last output:     0.00039[s] n_calls:    88
            -- Neighbors - Cumulative:     0.00317[s] n_calls:  8435, From last output:     0.00429[s] n_calls:    88
 
                 Overlap - Cumulative:     0.00722[s] n_calls: 613400, From last output:     0.03494[s] n_calls:  6134
                   Force - Cumulative:     0.00075[s] n_calls: 613400, From last output:     0.00314[s] n_calls:  6134
                    Move - Cumulative:     0.00262[s] n_calls: 613400, From last output:     0.00516[s] n_calls:  6134
                  Output - Cumulative:     0.06068[s] n_calls:   100, From last output:     0.12602[s] n_calls:     1
               Iteration - Cumulative:     0.01102[s] n_calls: 613400, From last output:     0.04428[s] n_calls:  6134

Total Execution Times: 6760.01[s], From last output: 271.61[s]
 
                  Search - Total:      257.26[s] =   3.81 %, From last output:        6.22[s] =   2.29 %
             - Search PP - Total:      177.28[s] =  68.91 %, From last output:        4.95[s] =  79.70 %
             -- Sorting, - Total:        1.05[s] =   0.59 %, From last output:        0.02[s] =   0.34 %
        -- BuildBVHTree, - Total:       54.48[s] =  30.73 %, From last output:        1.16[s] =  23.34 %
           -- Neighbors, - Total:       85.65[s] =  48.31 %, From last output:        2.73[s] =  55.08 %
             - Search PT - Total:       79.94[s] =  31.07 %, From last output:        1.26[s] =  20.29 %
         -- CheckActives - Total:        0.76[s] =   0.96 %, From last output:        0.01[s] =   0.88 %
          -- MarkActives - Total:        0.02[s] =   0.03 %, From last output:        0.00[s] =   0.04 %
          -- PushActives - Total:        0.95[s] =   1.19 %, From last output:        0.01[s] =   1.04 %
            -- UpdateBVH - Total:        2.19[s] =   2.74 %, From last output:        0.03[s] =   2.72 %
            -- Neighbors - Total:       26.75[s] =  33.46 %, From last output:        0.38[s] =  29.94 %
 
                 Overlap - Total:     4429.96[s] =  65.53 %, From last output:      214.33[s] =  78.91 %
                   Force - Total:      459.70[s] =   6.80 %, From last output:       19.26[s] =   7.09 %
                    Move - Total:     1604.36[s] =  23.73 %, From last output:       31.64[s] =  11.65 %
                  Output - Total:        6.07[s] =   0.09 %, From last output:        0.13[s] =   0.05 %

Module Execution Times:

Total Module Execution Times: 0[s], From last output: 0[s]

Total Execution Times (All listed above):      6757.35[s] =  99.96 %
Total Execution Times (Unlisted):                 2.66[s] =   0.04 %

</message>
<info date="2025-10-27 01:28:34" up_time="1:57:28.947">
Issues found since last output!
 - Contacts overlap, an average of:
    0.0141% of contacts reached more than 2.5% overlap.
      collected in 151 timesteps totaling 1070848 contact overlaps

</info>
<message date="2025-10-27 01:28:34" up_time="1:57:29.70">
	File: 101
	Simulation time: 5.05

	N. Total Particles: 25671
	N. Enabled Particles: 15962
	N. Released Particles: 16207

	N. Enabled Elements: 0
	N. Released Elements: 0
	N. Particle Fragments: 0

	N. Triangles: 1438
	N. Triangle Nodes: 726

	N. Neighbors: 65222
		N. Particle Neighbors: 58340, RR: 0, RN: 0, NN: 58340
		N. Triangle Neighbors: 6882, TR: 0, TN: 6882
	N. Surface Contacts: 7048, particles: 5941, triangles: 1107
	N. Adhesion Contacts: 7065, particles: 5952, triangles: 1113
	Neighbor Contact Ratio: 4.621413

	Estimated Limits of Surface Velocity:
		                 Total - min:      6e+01 max:      7e+01 average:      7e+01
		            Boundaries - min:          3 max:          3 average:          3
		             Particles - min:      6e+01 max:      7e+01 average:      7e+01

	CPU:
		Memory Usage: 154 MB of 16055 MB
		Free Memory: 3096 MB

</message>
<message date="2025-10-27 01:28:34" up_time="1:57:29.71">
Execution Times:
Execution Times per Call:
 
                  Search - Cumulative:     0.01274[s] n_calls: 20663, From last output:     0.02694[s] n_calls:   224
               Search PP - Cumulative:     0.01454[s] n_calls: 12518, From last output:     0.03400[s] n_calls:   139
              -- Sorting - Cumulative:     0.00524[s] n_calls:   202, From last output:     0.00571[s] n_calls:     2
        -- BuildBVHTree, - Cumulative:     0.00444[s] n_calls: 12518, From last output:     0.00803[s] n_calls:   139
            -- Neighbors - Cumulative:     0.00705[s] n_calls: 12518, From last output:     0.01857[s] n_calls:   139
               Search PT - Cumulative:     0.00953[s] n_calls:  8523, From last output:     0.01485[s] n_calls:    88
         -- CheckActives - Cumulative:     0.00009[s] n_calls:  8523, From last output:     0.00011[s] n_calls:    88
          -- MarkActives - Cumulative:     0.00012[s] n_calls:   202, From last output:     0.00011[s] n_calls:     2
          -- PushActives - Cumulative:     0.00011[s] n_calls:  8523, From last output:     0.00013[s] n_calls:    88
            -- UpdateBVH - Cumulative:     0.00026[s] n_calls:  8523, From last output:     0.00034[s] n_calls:    88
            -- Neighbors - Cumulative:     0.00318[s] n_calls:  8523, From last output:     0.00440[s] n_calls:    88
 
                 Overlap - Cumulative:     0.00750[s] n_calls: 619534, From last output:     0.03514[s] n_calls:  6134
                   Force - Cumulative:     0.00077[s] n_calls: 619534, From last output:     0.00317[s] n_calls:  6134
                    Move - Cumulative:     0.00264[s] n_calls: 619534, From last output:     0.00506[s] n_calls:  6134
                  Output - Cumulative:     0.06130[s] n_calls:   101, From last output:     0.12350[s] n_calls:     1
               Iteration - Cumulative:     0.01135[s] n_calls: 619534, From last output:     0.04437[s] n_calls:  6134

Total Execution Times: 7032.2[s], From last output: 272.188[s]
 
                  Search - Total:      263.29[s] =   3.74 %, From last output:        6.03[s] =   2.22 %
             - Search PP - Total:      182.00[s] =  69.13 %, From last output:        4.73[s] =  78.33 %
             -- Sorting, - Total:        1.06[s] =   0.58 %, From last output:        0.01[s] =   0.24 %
        -- BuildBVHTree, - Total:       55.60[s] =  30.55 %, From last output:        1.12[s] =  23.60 %
           -- Neighbors, - Total:       88.23[s] =  48.48 %, From last output:        2.58[s] =  54.61 %
             - Search PT - Total:       81.25[s] =  30.86 %, From last output:        1.31[s] =  21.66 %
         -- CheckActives - Total:        0.77[s] =   0.95 %, From last output:        0.01[s] =   0.73 %
          -- MarkActives - Total:        0.02[s] =   0.03 %, From last output:        0.00[s] =   0.02 %
          -- PushActives - Total:        0.97[s] =   1.19 %, From last output:        0.01[s] =   0.87 %
            -- UpdateBVH - Total:        2.22[s] =   2.74 %, From last output:        0.03[s] =   2.32 %
            -- Neighbors - Total:       27.14[s] =  33.40 %, From last output:        0.39[s] =  29.65 %
 
                 Overlap - Total:     4645.53[s] =  66.06 %, From last output:      215.57[s] =  79.20 %
                   Force - Total:      479.12[s] =   6.81 %, From last output:       19.42[s] =   7.13 %
                    Move - Total:     1635.37[s] =  23.26 %, From last output:       31.01[s] =  11.39 %
                  Output - Total:        6.19[s] =   0.09 %, From last output:        0.12[s] =   0.05 %

Module Execution Times:

Total Module Execution Times: 0[s], From last output: 0[s]

Total Execution Times (All listed above):      7029.50[s] =  99.96 %
Total Execution Times (Unlisted):                 2.70[s] =   0.04 %

</message>
<info date="2025-10-27 01:33:10" up_time="2:2:4.715">
Issues found since last output!
 - Contacts overlap, an average of:
    0.0147% of contacts reached more than 2.5% overlap.
      collected in 179 timesteps totaling 1300135 contact overlaps

</info>
<message date="2025-10-27 01:33:10" up_time="2:2:4.849">
	File: 102
	Simulation time: 5.1

	N. Total Particles: 25671
	N. Enabled Particles: 16115
	N. Released Particles: 16365

	N. Enabled Elements: 0
	N. Released Elements: 0
	N. Particle Fragments: 0

	N. Triangles: 1438
	N. Triangle Nodes: 726

	N. Neighbors: 66897
		N. Particle Neighbors: 59828, RR: 0, RN: 0, NN: 59828
		N. Triangle Neighbors: 7069, TR: 0, TN: 7069
	N. Surface Contacts: 7451, particles: 6272, triangles: 1179
	N. Adhesion Contacts: 7465, particles: 6279, triangles: 1186
	Neighbor Contact Ratio: 4.484916

	Estimated Limits of Surface Velocity:
		                 Total - min:      6e+01 max:      7e+01 average:      6e+01
		            Boundaries - min:          3 max:          3 average:          3
		             Particles - min:      6e+01 max:      7e+01 average:      6e+01

	CPU:
		Memory Usage: 154 MB of 16055 MB
		Free Memory: 3062 MB

</message>
<message date="2025-10-27 01:33:10" up_time="2:2:4.851">
Execution Times:
Execution Times per Call:
 
                  Search - Cumulative:     0.01290[s] n_calls: 20880, From last output:     0.02752[s] n_calls:   217
               Search PP - Cumulative:     0.01476[s] n_calls: 12652, From last output:     0.03543[s] n_calls:   134
              -- Sorting - Cumulative:     0.00527[s] n_calls:   204, From last output:     0.00807[s] n_calls:     2
        -- BuildBVHTree, - Cumulative:     0.00448[s] n_calls: 12652, From last output:     0.00809[s] n_calls:   134
            -- Neighbors - Cumulative:     0.00718[s] n_calls: 12652, From last output:     0.01953[s] n_calls:   134
               Search PT - Cumulative:     0.00958[s] n_calls:  8608, From last output:     0.01439[s] n_calls:    85
         -- CheckActives - Cumulative:     0.00009[s] n_calls:  8608, From last output:     0.00011[s] n_calls:    85
          -- MarkActives - Cumulative:     0.00012[s] n_calls:   204, From last output:     0.00013[s] n_calls:     2
          -- PushActives - Cumulative:     0.00011[s] n_calls:  8608, From last output:     0.00013[s] n_calls:    85
            -- UpdateBVH - Cumulative:     0.00026[s] n_calls:  8608, From last output:     0.00033[s] n_calls:    85
            -- Neighbors - Cumulative:     0.00319[s] n_calls:  8608, From last output:     0.00421[s] n_calls:    85
 
                 Overlap - Cumulative:     0.00777[s] n_calls: 625668, From last output:     0.03563[s] n_calls:  6134
                   Force - Cumulative:     0.00080[s] n_calls: 625668, From last output:     0.00320[s] n_calls:  6134
                    Move - Cumulative:     0.00266[s] n_calls: 625668, From last output:     0.00513[s] n_calls:  6134
                  Output - Cumulative:     0.06201[s] n_calls:   102, From last output:     0.13319[s] n_calls:     1
               Iteration - Cumulative:     0.01168[s] n_calls: 625668, From last output:     0.04496[s] n_calls:  6134

Total Execution Times: 7307.96[s], From last output: 275.761[s]
 
                  Search - Total:      269.26[s] =   3.68 %, From last output:        5.97[s] =   2.17 %
             - Search PP - Total:      186.75[s] =  69.36 %, From last output:        4.75[s] =  79.51 %
             -- Sorting, - Total:        1.07[s] =   0.58 %, From last output:        0.02[s] =   0.34 %
        -- BuildBVHTree, - Total:       56.68[s] =  30.35 %, From last output:        1.08[s] =  22.84 %
           -- Neighbors, - Total:       90.84[s] =  48.64 %, From last output:        2.62[s] =  55.13 %
             - Search PT - Total:       82.47[s] =  30.63 %, From last output:        1.22[s] =  20.49 %
         -- CheckActives - Total:        0.78[s] =   0.95 %, From last output:        0.01[s] =   0.78 %
          -- MarkActives - Total:        0.03[s] =   0.03 %, From last output:        0.00[s] =   0.02 %
          -- PushActives - Total:        0.98[s] =   1.18 %, From last output:        0.01[s] =   0.90 %
            -- UpdateBVH - Total:        2.25[s] =   2.73 %, From last output:        0.03[s] =   2.31 %
            -- Neighbors - Total:       27.50[s] =  33.34 %, From last output:        0.36[s] =  29.23 %
 
                 Overlap - Total:     4864.06[s] =  66.56 %, From last output:      218.53[s] =  79.25 %
                   Force - Total:      498.77[s] =   6.83 %, From last output:       19.65[s] =   7.13 %
                    Move - Total:     1666.81[s] =  22.81 %, From last output:       31.44[s] =  11.40 %
                  Output - Total:        6.32[s] =   0.09 %, From last output:        0.13[s] =   0.05 %

Module Execution Times:

Total Module Execution Times: 0[s], From last output: 0[s]

Total Execution Times (All listed above):      7305.22[s] =  99.96 %
Total Execution Times (Unlisted):                 2.73[s] =   0.04 %

</message>
<info date="2025-10-27 01:38:10" up_time="2:7:4.401">
Issues found since last output!
 - Contacts overlap, an average of:
    0.0147% of contacts reached more than 2.5% overlap.
      collected in 133 timesteps totaling 1009932 contact overlaps

</info>
<message date="2025-10-27 01:38:10" up_time="2:7:4.505">
	File: 103
	Simulation time: 5.15

	N. Total Particles: 25671
	N. Enabled Particles: 16271
	N. Released Particles: 16525

	N. Enabled Elements: 0
	N. Released Elements: 0
	N. Particle Fragments: 0

	N. Triangles: 1438
	N. Triangle Nodes: 726

	N. Neighbors: 68474
		N. Particle Neighbors: 61370, RR: 0, RN: 0, NN: 61370
		N. Triangle Neighbors: 7104, TR: 0, TN: 7104
	N. Surface Contacts: 8163, particles: 6981, triangles: 1182
	N. Adhesion Contacts: 8172, particles: 6988, triangles: 1184
	Neighbor Contact Ratio: 4.191858

	Estimated Limits of Surface Velocity:
		                 Total - min:      6e+01 max:      7e+01 average:      6e+01
		            Boundaries - min:          3 max:          3 average:          3
		             Particles - min:      6e+01 max:      7e+01 average:      6e+01

	CPU:
		Memory Usage: 155 MB of 16055 MB
		Free Memory: 3099 MB

</message>
<message date="2025-10-27 01:38:10" up_time="2:7:4.507">
Execution Times:
Execution Times per Call:
 
                  Search - Cumulative:     0.01305[s] n_calls: 21092, From last output:     0.02852[s] n_calls:   212
               Search PP - Cumulative:     0.01498[s] n_calls: 12783, From last output:     0.03656[s] n_calls:   131
              -- Sorting - Cumulative:     0.00529[s] n_calls:   206, From last output:     0.00790[s] n_calls:     2
        -- BuildBVHTree, - Cumulative:     0.00452[s] n_calls: 12783, From last output:     0.00848[s] n_calls:   131
            -- Neighbors - Cumulative:     0.00731[s] n_calls: 12783, From last output:     0.02021[s] n_calls:   131
               Search PT - Cumulative:     0.00963[s] n_calls:  8692, From last output:     0.01495[s] n_calls:    84
         -- CheckActives - Cumulative:     0.00009[s] n_calls:  8692, From last output:     0.00012[s] n_calls:    84
          -- MarkActives - Cumulative:     0.00012[s] n_calls:   206, From last output:     0.00008[s] n_calls:     2
          -- PushActives - Cumulative:     0.00011[s] n_calls:  8692, From last output:     0.00014[s] n_calls:    84
            -- UpdateBVH - Cumulative:     0.00026[s] n_calls:  8692, From last output:     0.00035[s] n_calls:    84
            -- Neighbors - Cumulative:     0.00321[s] n_calls:  8692, From last output:     0.00445[s] n_calls:    84
 
                 Overlap - Cumulative:     0.00808[s] n_calls: 631802, From last output:     0.03903[s] n_calls:  6134
                   Force - Cumulative:     0.00082[s] n_calls: 631802, From last output:     0.00350[s] n_calls:  6134
                    Move - Cumulative:     0.00269[s] n_calls: 631802, From last output:     0.00532[s] n_calls:  6134
                  Output - Cumulative:     0.06242[s] n_calls:   103, From last output:     0.10428[s] n_calls:     1
               Iteration - Cumulative:     0.01204[s] n_calls: 631802, From last output:     0.04885[s] n_calls:  6134

Total Execution Times: 7607.59[s], From last output: 299.638[s]
 
                  Search - Total:      275.31[s] =   3.62 %, From last output:        6.05[s] =   2.02 %
             - Search PP - Total:      191.54[s] =  69.57 %, From last output:        4.79[s] =  79.23 %
             -- Sorting, - Total:        1.09[s] =   0.57 %, From last output:        0.02[s] =   0.33 %
        -- BuildBVHTree, - Total:       57.79[s] =  30.17 %, From last output:        1.11[s] =  23.18 %
           -- Neighbors, - Total:       93.49[s] =  48.81 %, From last output:        2.65[s] =  55.26 %
             - Search PT - Total:       83.73[s] =  30.41 %, From last output:        1.26[s] =  20.77 %
         -- CheckActives - Total:        0.79[s] =   0.95 %, From last output:        0.01[s] =   0.80 %
          -- MarkActives - Total:        0.03[s] =   0.03 %, From last output:        0.00[s] =   0.01 %
          -- PushActives - Total:        0.99[s] =   1.18 %, From last output:        0.01[s] =   0.91 %
            -- UpdateBVH - Total:        2.28[s] =   2.73 %, From last output:        0.03[s] =   2.37 %
            -- Neighbors - Total:       27.87[s] =  33.29 %, From last output:        0.37[s] =  29.75 %
 
                 Overlap - Total:     5103.45[s] =  67.08 %, From last output:      239.39[s] =  79.89 %
                   Force - Total:      520.22[s] =   6.84 %, From last output:       21.45[s] =   7.16 %
                    Move - Total:     1699.42[s] =  22.34 %, From last output:       32.61[s] =  10.88 %
                  Output - Total:        6.43[s] =   0.08 %, From last output:        0.10[s] =   0.03 %

Module Execution Times:

Total Module Execution Times: 0[s], From last output: 0[s]

Total Execution Times (All listed above):      7604.82[s] =  99.96 %
Total Execution Times (Unlisted):                 2.77[s] =   0.04 %

</message>
<info date="2025-10-27 01:43:21" up_time="2:12:15.855">
Issues found since last output!
 - Contacts overlap, an average of:
    0.012% of contacts reached more than 2.5% overlap.
      collected in 98 timesteps totaling 817049 contact overlaps

</info>
<message date="2025-10-27 01:43:21" up_time="2:12:15.975">
	File: 104
	Simulation time: 5.2

	N. Total Particles: 25671
	N. Enabled Particles: 16431
	N. Released Particles: 16686

	N. Enabled Elements: 0
	N. Released Elements: 0
	N. Particle Fragments: 0

	N. Triangles: 1438
	N. Triangle Nodes: 726

	N. Neighbors: 70089
		N. Particle Neighbors: 63066, RR: 0, RN: 0, NN: 63066
		N. Triangle Neighbors: 7023, TR: 0, TN: 7023
	N. Surface Contacts: 8213, particles: 6994, triangles: 1219
	N. Adhesion Contacts: 8234, particles: 7007, triangles: 1227
	Neighbor Contact Ratio: 4.261507

	Estimated Limits of Surface Velocity:
		                 Total - min:      6e+01 max:      7e+01 average:      6e+01
		            Boundaries - min:          3 max:          3 average:          3
		             Particles - min:      6e+01 max:      7e+01 average:      6e+01

	CPU:
		Memory Usage: 155 MB of 16055 MB
		Free Memory: 3130 MB

</message>
<message date="2025-10-27 01:43:21" up_time="2:12:15.977">
Execution Times:
Execution Times per Call:
 
                  Search - Cumulative:     0.01321[s] n_calls: 21308, From last output:     0.02866[s] n_calls:   216
               Search PP - Cumulative:     0.01521[s] n_calls: 12916, From last output:     0.03676[s] n_calls:   133
              -- Sorting - Cumulative:     0.00532[s] n_calls:   208, From last output:     0.00857[s] n_calls:     2
        -- BuildBVHTree, - Cumulative:     0.00456[s] n_calls: 12916, From last output:     0.00868[s] n_calls:   133
            -- Neighbors - Cumulative:     0.00744[s] n_calls: 12916, From last output:     0.01984[s] n_calls:   133
               Search PT - Cumulative:     0.00968[s] n_calls:  8780, From last output:     0.01478[s] n_calls:    88
         -- CheckActives - Cumulative:     0.00009[s] n_calls:  8780, From last output:     0.00012[s] n_calls:    88
          -- MarkActives - Cumulative:     0.00012[s] n_calls:   208, From last output:     0.00026[s] n_calls:     2
          -- PushActives - Cumulative:     0.00011[s] n_calls:  8780, From last output:     0.00015[s] n_calls:    88
            -- UpdateBVH - Cumulative:     0.00026[s] n_calls:  8780, From last output:     0.00039[s] n_calls:    88
            -- Neighbors - Cumulative:     0.00322[s] n_calls:  8780, From last output:     0.00444[s] n_calls:    88
 
                 Overlap - Cumulative:     0.00839[s] n_calls: 637936, From last output:     0.04086[s] n_calls:  6134
                   Force - Cumulative:     0.00085[s] n_calls: 637936, From last output:     0.00362[s] n_calls:  6134
                    Move - Cumulative:     0.00271[s] n_calls: 637936, From last output:     0.00526[s] n_calls:  6134
                  Output - Cumulative:     0.06298[s] n_calls:   104, From last output:     0.12072[s] n_calls:     1
               Iteration - Cumulative:     0.01241[s] n_calls: 637936, From last output:     0.05077[s] n_calls:  6134

Total Execution Times: 7919.04[s], From last output: 311.453[s]
 
                  Search - Total:      281.50[s] =   3.55 %, From last output:        6.19[s] =   1.99 %
             - Search PP - Total:      196.43[s] =  69.78 %, From last output:        4.89[s] =  78.98 %
             -- Sorting, - Total:        1.11[s] =   0.56 %, From last output:        0.02[s] =   0.35 %
        -- BuildBVHTree, - Total:       58.94[s] =  30.01 %, From last output:        1.15[s] =  23.61 %
           -- Neighbors, - Total:       96.13[s] =  48.94 %, From last output:        2.64[s] =  53.98 %
             - Search PT - Total:       85.03[s] =  30.21 %, From last output:        1.30[s] =  21.01 %
         -- CheckActives - Total:        0.80[s] =   0.95 %, From last output:        0.01[s] =   0.84 %
          -- MarkActives - Total:        0.03[s] =   0.03 %, From last output:        0.00[s] =   0.04 %
          -- PushActives - Total:        1.00[s] =   1.18 %, From last output:        0.01[s] =   1.03 %
            -- UpdateBVH - Total:        2.32[s] =   2.72 %, From last output:        0.03[s] =   2.63 %
            -- Neighbors - Total:       28.26[s] =  33.24 %, From last output:        0.39[s] =  30.06 %
 
                 Overlap - Total:     5354.10[s] =  67.61 %, From last output:      250.65[s] =  80.48 %
                   Force - Total:      542.41[s] =   6.85 %, From last output:       22.19[s] =   7.12 %
                    Move - Total:     1731.69[s] =  21.87 %, From last output:       32.27[s] =  10.36 %
                  Output - Total:        6.55[s] =   0.08 %, From last output:        0.12[s] =   0.04 %

Module Execution Times:

Total Module Execution Times: 0[s], From last output: 0[s]

Total Execution Times (All listed above):      7916.24[s] =  99.96 %
Total Execution Times (Unlisted):                 2.81[s] =   0.04 %

</message>
<info date="2025-10-27 01:48:44" up_time="2:17:38.219">
Issues found since last output!
 - Contacts overlap, an average of:
    0.0118% of contacts reached more than 2.5% overlap.
      collected in 104 timesteps totaling 883624 contact overlaps

</info>
<message date="2025-10-27 01:48:44" up_time="2:17:38.356">
	File: 105
	Simulation time: 5.25

	N. Total Particles: 25671
	N. Enabled Particles: 16585
	N. Released Particles: 16846

	N. Enabled Elements: 0
	N. Released Elements: 0
	N. Particle Fragments: 0

	N. Triangles: 1438
	N. Triangle Nodes: 726

	N. Neighbors: 71640
		N. Particle Neighbors: 64504, RR: 0, RN: 0, NN: 64504
		N. Triangle Neighbors: 7136, TR: 0, TN: 7136
	N. Surface Contacts: 8856, particles: 7603, triangles: 1253
	N. Adhesion Contacts: 8875, particles: 7615, triangles: 1260
	Neighbor Contact Ratio: 4.040381

	Estimated Limits of Surface Velocity:
		                 Total - min:      6e+01 max:      7e+01 average:      6e+01
		            Boundaries - min:          3 max:          3 average:          3
		             Particles - min:      6e+01 max:      7e+01 average:      6e+01

	CPU:
		Memory Usage: 156 MB of 16055 MB
		Free Memory: 2696 MB

</message>
<message date="2025-10-27 01:48:44" up_time="2:17:38.359">
Execution Times:
Execution Times per Call:
 
                  Search - Cumulative:     0.01337[s] n_calls: 21522, From last output:     0.02948[s] n_calls:   214
               Search PP - Cumulative:     0.01544[s] n_calls: 13049, From last output:     0.03751[s] n_calls:   133
              -- Sorting - Cumulative:     0.00532[s] n_calls:   210, From last output:     0.00553[s] n_calls:     2
        -- BuildBVHTree, - Cumulative:     0.00460[s] n_calls: 13049, From last output:     0.00838[s] n_calls:   133
            -- Neighbors - Cumulative:     0.00758[s] n_calls: 13049, From last output:     0.02094[s] n_calls:   133
               Search PT - Cumulative:     0.00974[s] n_calls:  8864, From last output:     0.01570[s] n_calls:    84
         -- CheckActives - Cumulative:     0.00009[s] n_calls:  8864, From last output:     0.00012[s] n_calls:    84
          -- MarkActives - Cumulative:     0.00012[s] n_calls:   210, From last output:     0.00014[s] n_calls:     2
          -- PushActives - Cumulative:     0.00011[s] n_calls:  8864, From last output:     0.00014[s] n_calls:    84
            -- UpdateBVH - Cumulative:     0.00026[s] n_calls:  8864, From last output:     0.00038[s] n_calls:    84
            -- Neighbors - Cumulative:     0.00323[s] n_calls:  8864, From last output:     0.00458[s] n_calls:    84
 
                 Overlap - Cumulative:     0.00872[s] n_calls: 644070, From last output:     0.04233[s] n_calls:  6134
                   Force - Cumulative:     0.00088[s] n_calls: 644070, From last output:     0.00377[s] n_calls:  6134
                    Move - Cumulative:     0.00274[s] n_calls: 644070, From last output:     0.00540[s] n_calls:  6134
                  Output - Cumulative:     0.06368[s] n_calls:   105, From last output:     0.13673[s] n_calls:     1
               Iteration - Cumulative:     0.01280[s] n_calls: 644070, From last output:     0.05255[s] n_calls:  6134

Total Execution Times: 8241.4[s], From last output: 322.362[s]
 
                  Search - Total:      287.80[s] =   3.49 %, From last output:        6.31[s] =   1.96 %
             - Search PP - Total:      201.42[s] =  69.98 %, From last output:        4.99[s] =  79.09 %
             -- Sorting, - Total:        1.12[s] =   0.56 %, From last output:        0.01[s] =   0.22 %
        -- BuildBVHTree, - Total:       60.06[s] =  29.82 %, From last output:        1.11[s] =  22.33 %
           -- Neighbors, - Total:       98.91[s] =  49.11 %, From last output:        2.78[s] =  55.81 %
             - Search PT - Total:       86.34[s] =  30.00 %, From last output:        1.32[s] =  20.90 %
         -- CheckActives - Total:        0.81[s] =   0.94 %, From last output:        0.01[s] =   0.74 %
          -- MarkActives - Total:        0.03[s] =   0.03 %, From last output:        0.00[s] =   0.02 %
          -- PushActives - Total:        1.01[s] =   1.17 %, From last output:        0.01[s] =   0.87 %
            -- UpdateBVH - Total:        2.35[s] =   2.72 %, From last output:        0.03[s] =   2.40 %
            -- Neighbors - Total:       28.65[s] =  33.18 %, From last output:        0.38[s] =  29.18 %
 
                 Overlap - Total:     5613.72[s] =  68.12 %, From last output:      259.62[s] =  80.54 %
                   Force - Total:      565.53[s] =   6.86 %, From last output:       23.13[s] =   7.17 %
                    Move - Total:     1764.82[s] =  21.41 %, From last output:       33.13[s] =  10.28 %
                  Output - Total:        6.69[s] =   0.08 %, From last output:        0.14[s] =   0.04 %

Module Execution Times:

Total Module Execution Times: 0[s], From last output: 0[s]

Total Execution Times (All listed above):      8238.56[s] =  99.97 %
Total Execution Times (Unlisted):                 2.84[s] =   0.03 %

</message>
<info date="2025-10-27 01:53:34" up_time="2:22:28.798">
Issues found since last output!
 - Contacts overlap, an average of:
    0.0113% of contacts reached more than 2.5% overlap.
      collected in 204 timesteps totaling 1812329 contact overlaps

</info>
<message date="2025-10-27 01:53:34" up_time="2:22:28.870">
	File: 106
	Simulation time: 5.3

	N. Total Particles: 25671
	N. Enabled Particles: 16743
	N. Released Particles: 17008

	N. Enabled Elements: 0
	N. Released Elements: 0
	N. Particle Fragments: 0

	N. Triangles: 1438
	N. Triangle Nodes: 726

	N. Neighbors: 73188
		N. Particle Neighbors: 66055, RR: 0, RN: 0, NN: 66055
		N. Triangle Neighbors: 7133, TR: 0, TN: 7133
	N. Surface Contacts: 9361, particles: 8086, triangles: 1275
	N. Adhesion Contacts: 9368, particles: 8090, triangles: 1278
	Neighbor Contact Ratio: 3.907737

	Estimated Limits of Surface Velocity:
		                 Total - min:      6e+01 max:      7e+01 average:      6e+01
		            Boundaries - min:          3 max:          3 average:          3
		             Particles - min:      6e+01 max:      7e+01 average:      6e+01

	CPU:
		Memory Usage: 156 MB of 16055 MB
		Free Memory: 4090 MB

</message>
<message date="2025-10-27 01:53:34" up_time="2:22:28.870">
Execution Times:
Execution Times per Call:
 
                  Search - Cumulative:     0.01350[s] n_calls: 21731, From last output:     0.02611[s] n_calls:   209
               Search PP - Cumulative:     0.01561[s] n_calls: 13178, From last output:     0.03373[s] n_calls:   129
              -- Sorting - Cumulative:     0.00537[s] n_calls:   212, From last output:     0.01033[s] n_calls:     2
        -- BuildBVHTree, - Cumulative:     0.00463[s] n_calls: 13178, From last output:     0.00784[s] n_calls:   129
            -- Neighbors - Cumulative:     0.00769[s] n_calls: 13178, From last output:     0.01838[s] n_calls:   129
               Search PT - Cumulative:     0.00977[s] n_calls:  8947, From last output:     0.01331[s] n_calls:    83
         -- CheckActives - Cumulative:     0.00009[s] n_calls:  8947, From last output:     0.00012[s] n_calls:    83
          -- MarkActives - Cumulative:     0.00012[s] n_calls:   212, From last output:     0.00017[s] n_calls:     2
          -- PushActives - Cumulative:     0.00011[s] n_calls:  8947, From last output:     0.00015[s] n_calls:    83
            -- UpdateBVH - Cumulative:     0.00027[s] n_calls:  8947, From last output:     0.00034[s] n_calls:    83
            -- Neighbors - Cumulative:     0.00324[s] n_calls:  8947, From last output:     0.00370[s] n_calls:    83
 
                 Overlap - Cumulative:     0.00900[s] n_calls: 650204, From last output:     0.03860[s] n_calls:  6134
                   Force - Cumulative:     0.00090[s] n_calls: 650204, From last output:     0.00344[s] n_calls:  6134
                    Move - Cumulative:     0.00276[s] n_calls: 650204, From last output:     0.00441[s] n_calls:  6134
                  Output - Cumulative:     0.06376[s] n_calls:   106, From last output:     0.07202[s] n_calls:     1
               Iteration - Cumulative:     0.01312[s] n_calls: 650204, From last output:     0.04736[s] n_calls:  6134

Total Execution Times: 8531.9[s], From last output: 290.497[s]
 
                  Search - Total:      293.26[s] =   3.44 %, From last output:        5.46[s] =   1.88 %
             - Search PP - Total:      205.77[s] =  70.17 %, From last output:        4.35[s] =  79.75 %
             -- Sorting, - Total:        1.14[s] =   0.55 %, From last output:        0.02[s] =   0.47 %
        -- BuildBVHTree, - Total:       61.07[s] =  29.68 %, From last output:        1.01[s] =  23.25 %
           -- Neighbors, - Total:      101.28[s] =  49.22 %, From last output:        2.37[s] =  54.47 %
             - Search PT - Total:       87.45[s] =  29.82 %, From last output:        1.10[s] =  20.25 %
         -- CheckActives - Total:        0.82[s] =   0.94 %, From last output:        0.01[s] =   0.91 %
          -- MarkActives - Total:        0.03[s] =   0.03 %, From last output:        0.00[s] =   0.03 %
          -- PushActives - Total:        1.03[s] =   1.17 %, From last output:        0.01[s] =   1.15 %
            -- UpdateBVH - Total:        2.38[s] =   2.72 %, From last output:        0.03[s] =   2.54 %
            -- Neighbors - Total:       28.95[s] =  33.11 %, From last output:        0.31[s] =  27.80 %
 
                 Overlap - Total:     5850.49[s] =  68.57 %, From last output:      236.78[s] =  81.51 %
                   Force - Total:      586.62[s] =   6.88 %, From last output:       21.09[s] =   7.26 %
                    Move - Total:     1791.89[s] =  21.00 %, From last output:       27.08[s] =   9.32 %
                  Output - Total:        6.76[s] =   0.08 %, From last output:        0.07[s] =   0.02 %

Module Execution Times:

Total Module Execution Times: 0[s], From last output: 0[s]

Total Execution Times (All listed above):      8529.03[s] =  99.97 %
Total Execution Times (Unlisted):                 2.87[s] =   0.03 %

</message>
<info date="2025-10-27 09:26:20" up_time="9:55:14.928">
Issues found since last output!
 - Contacts overlap, an average of:
    0.0108% of contacts reached more than 2.5% overlap.
      collected in 60 timesteps totaling 555277 contact overlaps

</info>
<message date="2025-10-27 09:26:21" up_time="9:55:15.91">
	File: 107
	Simulation time: 5.35

	N. Total Particles: 25671
	N. Enabled Particles: 16900
	N. Released Particles: 17168

	N. Enabled Elements: 0
	N. Released Elements: 0
	N. Particle Fragments: 0

	N. Triangles: 1438
	N. Triangle Nodes: 726

	N. Neighbors: 74395
		N. Particle Neighbors: 67286, RR: 0, RN: 0, NN: 67286
		N. Triangle Neighbors: 7109, TR: 0, TN: 7109
	N. Surface Contacts: 9436, particles: 8095, triangles: 1341
	N. Adhesion Contacts: 9447, particles: 8101, triangles: 1346
	Neighbor Contact Ratio: 3.939787

	Estimated Limits of Surface Velocity:
		                 Total - min:      6e+01 max:      7e+01 average:      6e+01
		            Boundaries - min:          3 max:          3 average:          3
		             Particles - min:      6e+01 max:      7e+01 average:      6e+01

	CPU:
		Memory Usage: 160 MB of 16055 MB
		Free Memory: 2751 MB

</message>
<message date="2025-10-27 09:26:21" up_time="9:55:15.93">
Execution Times:
Execution Times per Call:
 
                  Search - Cumulative:     0.01363[s] n_calls: 21939, From last output:     0.02747[s] n_calls:   208
               Search PP - Cumulative:     0.01580[s] n_calls: 13308, From last output:     0.03453[s] n_calls:   130
              -- Sorting - Cumulative:     0.00537[s] n_calls:   214, From last output:     0.00482[s] n_calls:     2
        -- BuildBVHTree, - Cumulative:     0.00467[s] n_calls: 13308, From last output:     0.00790[s] n_calls:   130
            -- Neighbors - Cumulative:     0.00780[s] n_calls: 13308, From last output:     0.01896[s] n_calls:   130
               Search PT - Cumulative:     0.00982[s] n_calls:  9029, From last output:     0.01493[s] n_calls:    82
         -- CheckActives - Cumulative:     0.00009[s] n_calls:  9029, From last output:     0.00012[s] n_calls:    82
          -- MarkActives - Cumulative:     0.00012[s] n_calls:   214, From last output:     0.00012[s] n_calls:     2
          -- PushActives - Cumulative:     0.00012[s] n_calls:  9029, From last output:     0.00020[s] n_calls:    82
            -- UpdateBVH - Cumulative:     0.00027[s] n_calls:  9029, From last output:     0.00036[s] n_calls:    82
            -- Neighbors - Cumulative:     0.00325[s] n_calls:  9029, From last output:     0.00431[s] n_calls:    82
 
                 Overlap - Cumulative:     0.05022[s] n_calls: 656338, From last output:     4.41951[s] n_calls:  6134
                   Force - Cumulative:     0.00093[s] n_calls: 656338, From last output:     0.00380[s] n_calls:  6134
                    Move - Cumulative:     0.00277[s] n_calls: 656338, From last output:     0.00453[s] n_calls:  6134
                  Output - Cumulative:     0.06469[s] n_calls:   107, From last output:     0.16298[s] n_calls:     1
               Iteration - Cumulative:     0.05439[s] n_calls: 656338, From last output:     4.42879[s] n_calls:  6134

Total Execution Times: 35698.1[s], From last output: 27166.2[s]
 
                  Search - Total:      298.97[s] =   0.84 %, From last output:        5.71[s] =   0.02 %
             - Search PP - Total:      210.26[s] =  70.33 %, From last output:        4.49[s] =  78.57 %
             -- Sorting, - Total:        1.15[s] =   0.55 %, From last output:        0.01[s] =   0.21 %
        -- BuildBVHTree, - Total:       62.10[s] =  29.53 %, From last output:        1.03[s] =  22.87 %
           -- Neighbors, - Total:      103.75[s] =  49.34 %, From last output:        2.46[s] =  54.90 %
             - Search PT - Total:       88.67[s] =  29.66 %, From last output:        1.22[s] =  21.43 %
         -- CheckActives - Total:        0.83[s] =   0.94 %, From last output:        0.01[s] =   0.83 %
          -- MarkActives - Total:        0.03[s] =   0.03 %, From last output:        0.00[s] =   0.02 %
          -- PushActives - Total:        1.04[s] =   1.17 %, From last output:        0.02[s] =   1.33 %
            -- UpdateBVH - Total:        2.41[s] =   2.71 %, From last output:        0.03[s] =   2.42 %
            -- Neighbors - Total:       29.31[s] =  33.05 %, From last output:        0.35[s] =  28.90 %
 
                 Overlap - Total:    32959.75[s] =  92.33 %, From last output:    27109.25[s] =  99.79 %
                   Force - Total:      609.90[s] =   1.71 %, From last output:       23.28[s] =   0.09 %
                    Move - Total:     1819.66[s] =   5.10 %, From last output:       27.76[s] =   0.10 %
                  Output - Total:        6.92[s] =   0.02 %, From last output:        0.16[s] =   0.00 %

Module Execution Times:

Total Module Execution Times: 0[s], From last output: 0[s]

Total Execution Times (All listed above):     35695.20[s] =  99.99 %
Total Execution Times (Unlisted):                 2.91[s] =   0.01 %

</message>
<info date="2025-10-27 09:38:39" up_time="10:7:33.153">
Issues found since last output!
 - Contacts overlap, an average of:
    0.0108% of contacts reached more than 2.5% overlap.
      collected in 168 timesteps totaling 1583376 contact overlaps

</info>
<message date="2025-10-27 09:38:39" up_time="10:7:33.333">
	File: 108
	Simulation time: 5.4

	N. Total Particles: 25671
	N. Enabled Particles: 17054
	N. Released Particles: 17328

	N. Enabled Elements: 0
	N. Released Elements: 0
	N. Particle Fragments: 0

	N. Triangles: 1438
	N. Triangle Nodes: 726

	N. Neighbors: 76189
		N. Particle Neighbors: 69085, RR: 0, RN: 0, NN: 69085
		N. Triangle Neighbors: 7104, TR: 0, TN: 7104
	N. Surface Contacts: 9410, particles: 8112, triangles: 1298
	N. Adhesion Contacts: 9427, particles: 8124, triangles: 1303
	Neighbor Contact Ratio: 4.044646

	Estimated Limits of Surface Velocity:
		                 Total - min:      6e+01 max:      7e+01 average:      7e+01
		            Boundaries - min:          3 max:          3 average:          3
		             Particles - min:      6e+01 max:      7e+01 average:      7e+01

	CPU:
		Memory Usage: 161 MB of 16055 MB
		Free Memory: 2115 MB

</message>
<message date="2025-10-27 09:38:39" up_time="10:7:33.336">
Execution Times:
Execution Times per Call:
 
                  Search - Cumulative:     0.01397[s] n_calls: 22157, From last output:     0.04799[s] n_calls:   218
               Search PP - Cumulative:     0.01626[s] n_calls: 13443, From last output:     0.06185[s] n_calls:   135
              -- Sorting - Cumulative:     0.00543[s] n_calls:   216, From last output:     0.01170[s] n_calls:     2
        -- BuildBVHTree, - Cumulative:     0.00476[s] n_calls: 13443, From last output:     0.01393[s] n_calls:   135
            -- Neighbors - Cumulative:     0.00807[s] n_calls: 13443, From last output:     0.03482[s] n_calls:   135
               Search PT - Cumulative:     0.00996[s] n_calls:  9116, From last output:     0.02426[s] n_calls:    87
         -- CheckActives - Cumulative:     0.00009[s] n_calls:  9116, From last output:     0.00017[s] n_calls:    87
          -- MarkActives - Cumulative:     0.00012[s] n_calls:   216, From last output:     0.00015[s] n_calls:     2
          -- PushActives - Cumulative:     0.00012[s] n_calls:  9116, From last output:     0.00018[s] n_calls:    87
            -- UpdateBVH - Cumulative:     0.00027[s] n_calls:  9116, From last output:     0.00049[s] n_calls:    87
            -- Neighbors - Cumulative:     0.00329[s] n_calls:  9116, From last output:     0.00758[s] n_calls:    87
 
                 Overlap - Cumulative:     0.05071[s] n_calls: 662472, From last output:     0.10332[s] n_calls:  6134
                   Force - Cumulative:     0.00099[s] n_calls: 662472, From last output:     0.00701[s] n_calls:  6134
                    Move - Cumulative:     0.00282[s] n_calls: 662472, From last output:     0.00827[s] n_calls:  6134
                  Output - Cumulative:     0.06576[s] n_calls:   108, From last output:     0.18020[s] n_calls:     1
               Iteration - Cumulative:     0.05500[s] n_calls: 662472, From last output:     0.12035[s] n_calls:  6134

Total Execution Times: 36436.3[s], From last output: 738.219[s]
 
                  Search - Total:      309.44[s] =   0.85 %, From last output:       10.46[s] =   1.42 %
             - Search PP - Total:      218.61[s] =  70.65 %, From last output:        8.35[s] =  79.82 %
             -- Sorting, - Total:        1.17[s] =   0.54 %, From last output:        0.02[s] =   0.28 %
        -- BuildBVHTree, - Total:       63.98[s] =  29.27 %, From last output:        1.88[s] =  22.52 %
           -- Neighbors, - Total:      108.45[s] =  49.61 %, From last output:        4.70[s] =  56.30 %
             - Search PT - Total:       90.78[s] =  29.34 %, From last output:        2.11[s] =  20.18 %
         -- CheckActives - Total:        0.85[s] =   0.93 %, From last output:        0.01[s] =   0.71 %
          -- MarkActives - Total:        0.03[s] =   0.03 %, From last output:        0.00[s] =   0.01 %
          -- PushActives - Total:        1.06[s] =   1.16 %, From last output:        0.02[s] =   0.75 %
            -- UpdateBVH - Total:        2.45[s] =   2.70 %, From last output:        0.04[s] =   2.04 %
            -- Neighbors - Total:       29.97[s] =  33.01 %, From last output:        0.66[s] =  31.22 %
 
                 Overlap - Total:    33593.53[s] =  92.20 %, From last output:      633.78[s] =  85.85 %
                   Force - Total:      652.90[s] =   1.79 %, From last output:       43.00[s] =   5.82 %
                    Move - Total:     1870.40[s] =   5.13 %, From last output:       50.75[s] =   6.87 %
                  Output - Total:        7.10[s] =   0.02 %, From last output:        0.18[s] =   0.02 %

Module Execution Times:

Total Module Execution Times: 0[s], From last output: 0[s]

Total Execution Times (All listed above):     36433.37[s] =  99.99 %
Total Execution Times (Unlisted):                 2.96[s] =   0.01 %

</message>
<info date="2025-10-27 09:47:53" up_time="10:16:47.560">
Issues found since last output!
 - Contacts overlap, an average of:
    0.0104% of contacts reached more than 2.5% overlap.
      collected in 80 timesteps totaling 770103 contact overlaps

</info>
<message date="2025-10-27 09:47:53" up_time="10:16:47.749">
	File: 109
	Simulation time: 5.45

	N. Total Particles: 25671
	N. Enabled Particles: 17211
	N. Released Particles: 17488

	N. Enabled Elements: 0
	N. Released Elements: 0
	N. Particle Fragments: 0

	N. Triangles: 1438
	N. Triangle Nodes: 726

	N. Neighbors: 77777
		N. Particle Neighbors: 70793, RR: 0, RN: 0, NN: 70793
		N. Triangle Neighbors: 6984, TR: 0, TN: 6984
	N. Surface Contacts: 9435, particles: 8123, triangles: 1312
	N. Adhesion Contacts: 9450, particles: 8132, triangles: 1318
	Neighbor Contact Ratio: 4.118454

	Estimated Limits of Surface Velocity:
		                 Total - min:      6e+01 max:      7e+01 average:      6e+01
		            Boundaries - min:          3 max:          3 average:          3
		             Particles - min:      6e+01 max:      7e+01 average:      6e+01

	CPU:
		Memory Usage: 157 MB of 16055 MB
		Free Memory: 2488 MB

</message>
<message date="2025-10-27 09:47:53" up_time="10:16:47.751">
Execution Times:
Execution Times per Call:
 
                  Search - Cumulative:     0.01430[s] n_calls: 22369, From last output:     0.04918[s] n_calls:   212
               Search PP - Cumulative:     0.01672[s] n_calls: 13575, From last output:     0.06339[s] n_calls:   132
              -- Sorting - Cumulative:     0.00548[s] n_calls:   218, From last output:     0.01103[s] n_calls:     2
        -- BuildBVHTree, - Cumulative:     0.00485[s] n_calls: 13575, From last output:     0.01374[s] n_calls:   132
            -- Neighbors - Cumulative:     0.00834[s] n_calls: 13575, From last output:     0.03621[s] n_calls:   132
               Search PT - Cumulative:     0.01009[s] n_calls:  9202, From last output:     0.02394[s] n_calls:    86
         -- CheckActives - Cumulative:     0.00009[s] n_calls:  9202, From last output:     0.00016[s] n_calls:    86
          -- MarkActives - Cumulative:     0.00013[s] n_calls:   218, From last output:     0.00022[s] n_calls:     2
          -- PushActives - Cumulative:     0.00012[s] n_calls:  9202, From last output:     0.00017[s] n_calls:    86
            -- UpdateBVH - Cumulative:     0.00027[s] n_calls:  9202, From last output:     0.00049[s] n_calls:    86
            -- Neighbors - Cumulative:     0.00332[s] n_calls:  9202, From last output:     0.00726[s] n_calls:    86
 
                 Overlap - Cumulative:     0.05092[s] n_calls: 668606, From last output:     0.07314[s] n_calls:  6134
                   Force - Cumulative:     0.00104[s] n_calls: 668606, From last output:     0.00686[s] n_calls:  6134
                    Move - Cumulative:     0.00288[s] n_calls: 668606, From last output:     0.00864[s] n_calls:  6134
                  Output - Cumulative:     0.06689[s] n_calls:   109, From last output:     0.18937[s] n_calls:     1
               Iteration - Cumulative:     0.05533[s] n_calls: 668606, From last output:     0.09038[s] n_calls:  6134

Total Execution Times: 36990.7[s], From last output: 554.391[s]
 
                  Search - Total:      319.86[s] =   0.86 %, From last output:       10.43[s] =   1.88 %
             - Search PP - Total:      226.98[s] =  70.96 %, From last output:        8.37[s] =  80.25 %
             -- Sorting, - Total:        1.19[s] =   0.53 %, From last output:        0.02[s] =   0.26 %
        -- BuildBVHTree, - Total:       65.79[s] =  28.99 %, From last output:        1.81[s] =  21.67 %
           -- Neighbors, - Total:      113.23[s] =  49.89 %, From last output:        4.78[s] =  57.12 %
             - Search PT - Total:       92.84[s] =  29.03 %, From last output:        2.06[s] =  19.74 %
         -- CheckActives - Total:        0.86[s] =   0.93 %, From last output:        0.01[s] =   0.66 %
          -- MarkActives - Total:        0.03[s] =   0.03 %, From last output:        0.00[s] =   0.02 %
          -- PushActives - Total:        1.07[s] =   1.15 %, From last output:        0.02[s] =   0.73 %
            -- UpdateBVH - Total:        2.49[s] =   2.68 %, From last output:        0.04[s] =   2.05 %
            -- Neighbors - Total:       30.59[s] =  32.95 %, From last output:        0.62[s] =  30.34 %
 
                 Overlap - Total:    34042.19[s] =  92.03 %, From last output:      448.67[s] =  80.93 %
                   Force - Total:      694.99[s] =   1.88 %, From last output:       42.10[s] =   7.59 %
                    Move - Total:     1923.37[s] =   5.20 %, From last output:       52.97[s] =   9.55 %
                  Output - Total:        7.29[s] =   0.02 %, From last output:        0.19[s] =   0.03 %

Module Execution Times:

Total Module Execution Times: 0[s], From last output: 0[s]

Total Execution Times (All listed above):     36987.71[s] =  99.99 %
Total Execution Times (Unlisted):                 3.01[s] =   0.01 %

</message>
<info date="2025-10-27 09:57:08" up_time="10:26:2.559">
Issues found since last output!
 - Contacts overlap, an average of:
    0.0102% of contacts reached more than 2.5% overlap.
      collected in 122 timesteps totaling 1199550 contact overlaps

</info>
<message date="2025-10-27 09:57:08" up_time="10:26:2.728">
	File: 110
	Simulation time: 5.5

	N. Total Particles: 25671
	N. Enabled Particles: 17370
	N. Released Particles: 17650

	N. Enabled Elements: 0
	N. Released Elements: 0
	N. Particle Fragments: 0

	N. Triangles: 1438
	N. Triangle Nodes: 726

	N. Neighbors: 79144
		N. Particle Neighbors: 72019, RR: 0, RN: 0, NN: 72019
		N. Triangle Neighbors: 7125, TR: 0, TN: 7125
	N. Surface Contacts: 10035, particles: 8648, triangles: 1387
	N. Adhesion Contacts: 10055, particles: 8660, triangles: 1395
	Neighbor Contact Ratio: 3.939472

	Estimated Limits of Surface Velocity:
		                 Total - min:      6e+01 max:      7e+01 average:      6e+01
		            Boundaries - min:          3 max:          3 average:          3
		             Particles - min:      6e+01 max:      7e+01 average:      6e+01

	CPU:
		Memory Usage: 158 MB of 16055 MB
		Free Memory: 3324 MB

</message>
<message date="2025-10-27 09:57:08" up_time="10:26:2.729">
Execution Times:
Execution Times per Call:
 
                  Search - Cumulative:     0.01463[s] n_calls: 22583, From last output:     0.04915[s] n_calls:   214
               Search PP - Cumulative:     0.01718[s] n_calls: 13710, From last output:     0.06300[s] n_calls:   135
              -- Sorting - Cumulative:     0.00552[s] n_calls:   220, From last output:     0.01028[s] n_calls:     2
        -- BuildBVHTree, - Cumulative:     0.00493[s] n_calls: 13710, From last output:     0.01354[s] n_calls:   135
            -- Neighbors - Cumulative:     0.00862[s] n_calls: 13710, From last output:     0.03619[s] n_calls:   135
               Search PT - Cumulative:     0.01021[s] n_calls:  9286, From last output:     0.02394[s] n_calls:    84
         -- CheckActives - Cumulative:     0.00009[s] n_calls:  9286, From last output:     0.00017[s] n_calls:    84
          -- MarkActives - Cumulative:     0.00013[s] n_calls:   220, From last output:     0.00024[s] n_calls:     2
          -- PushActives - Cumulative:     0.00012[s] n_calls:  9286, From last output:     0.00019[s] n_calls:    84
            -- UpdateBVH - Cumulative:     0.00027[s] n_calls:  9286, From last output:     0.00049[s] n_calls:    84
            -- Neighbors - Cumulative:     0.00336[s] n_calls:  9286, From last output:     0.00727[s] n_calls:    84
 
                 Overlap - Cumulative:     0.05112[s] n_calls: 674740, From last output:     0.07319[s] n_calls:  6134
                   Force - Cumulative:     0.00109[s] n_calls: 674740, From last output:     0.00687[s] n_calls:  6134
                    Move - Cumulative:     0.00293[s] n_calls: 674740, From last output:     0.00866[s] n_calls:  6134
                  Output - Cumulative:     0.06783[s] n_calls:   110, From last output:     0.17047[s] n_calls:     1
               Iteration - Cumulative:     0.05564[s] n_calls: 674740, From last output:     0.09047[s] n_calls:  6134

Total Execution Times: 37545.7[s], From last output: 554.954[s]
 
                  Search - Total:      330.38[s] =   0.88 %, From last output:       10.52[s] =   1.90 %
             - Search PP - Total:      235.48[s] =  71.28 %, From last output:        8.51[s] =  80.87 %
             -- Sorting, - Total:        1.21[s] =   0.52 %, From last output:        0.02[s] =   0.24 %
        -- BuildBVHTree, - Total:       67.62[s] =  28.71 %, From last output:        1.83[s] =  21.49 %
           -- Neighbors, - Total:      118.11[s] =  50.16 %, From last output:        4.89[s] =  57.45 %
             - Search PT - Total:       94.85[s] =  28.71 %, From last output:        2.01[s] =  19.12 %
         -- CheckActives - Total:        0.88[s] =   0.92 %, From last output:        0.01[s] =   0.70 %
          -- MarkActives - Total:        0.03[s] =   0.03 %, From last output:        0.00[s] =   0.02 %
          -- PushActives - Total:        1.09[s] =   1.15 %, From last output:        0.02[s] =   0.81 %
            -- UpdateBVH - Total:        2.53[s] =   2.67 %, From last output:        0.04[s] =   2.03 %
            -- Neighbors - Total:       31.20[s] =  32.89 %, From last output:        0.61[s] =  30.38 %
 
                 Overlap - Total:    34491.12[s] =  91.86 %, From last output:      448.93[s] =  80.89 %
                   Force - Total:      737.16[s] =   1.96 %, From last output:       42.17[s] =   7.60 %
                    Move - Total:     1976.48[s] =   5.26 %, From last output:       53.11[s] =   9.57 %
                  Output - Total:        7.46[s] =   0.02 %, From last output:        0.17[s] =   0.03 %

Module Execution Times:

Total Module Execution Times: 0[s], From last output: 0[s]

Total Execution Times (All listed above):     37542.60[s] =  99.99 %
Total Execution Times (Unlisted):                 3.07[s] =   0.01 %

</message>
<info date="2025-10-27 10:06:54" up_time="10:35:48.723">
Issues found since last output!
 - Contacts overlap, an average of:
    0.00983% of contacts reached more than 2.5% overlap.
      collected in 116 timesteps totaling 1180408 contact overlaps

</info>
<message date="2025-10-27 10:06:54" up_time="10:35:48.892">
	File: 111
	Simulation time: 5.55

	N. Total Particles: 25671
	N. Enabled Particles: 17526
	N. Released Particles: 17811

	N. Enabled Elements: 0
	N. Released Elements: 0
	N. Particle Fragments: 0

	N. Triangles: 1438
	N. Triangle Nodes: 726

	N. Neighbors: 80692
		N. Particle Neighbors: 73273, RR: 0, RN: 0, NN: 73273
		N. Triangle Neighbors: 7419, TR: 0, TN: 7419
	N. Surface Contacts: 10374, particles: 8955, triangles: 1419
	N. Adhesion Contacts: 10403, particles: 8978, triangles: 1425
	Neighbor Contact Ratio: 3.883718

	Estimated Limits of Surface Velocity:
		                 Total - min:      6e+01 max:      7e+01 average:      7e+01
		            Boundaries - min:          3 max:          3 average:          3
		             Particles - min:      6e+01 max:      7e+01 average:      7e+01

	CPU:
		Memory Usage: 169 MB of 16055 MB
		Free Memory: 3205 MB

</message>
<message date="2025-10-27 10:06:54" up_time="10:35:48.894">
Execution Times:
Execution Times per Call:
 
                  Search - Cumulative:     0.01498[s] n_calls: 22802, From last output:     0.05133[s] n_calls:   219
               Search PP - Cumulative:     0.01767[s] n_calls: 13846, From last output:     0.06739[s] n_calls:   136
              -- Sorting - Cumulative:     0.00558[s] n_calls:   222, From last output:     0.01229[s] n_calls:     2
        -- BuildBVHTree, - Cumulative:     0.00502[s] n_calls: 13846, From last output:     0.01382[s] n_calls:   136
            -- Neighbors - Cumulative:     0.00891[s] n_calls: 13846, From last output:     0.03864[s] n_calls:   136
               Search PT - Cumulative:     0.01034[s] n_calls:  9372, From last output:     0.02413[s] n_calls:    86
         -- CheckActives - Cumulative:     0.00009[s] n_calls:  9372, From last output:     0.00016[s] n_calls:    86
          -- MarkActives - Cumulative:     0.00013[s] n_calls:   222, From last output:     0.00020[s] n_calls:     2
          -- PushActives - Cumulative:     0.00012[s] n_calls:  9372, From last output:     0.00018[s] n_calls:    86
            -- UpdateBVH - Cumulative:     0.00027[s] n_calls:  9372, From last output:     0.00046[s] n_calls:    86
            -- Neighbors - Cumulative:     0.00340[s] n_calls:  9372, From last output:     0.00718[s] n_calls:    86
 
                 Overlap - Cumulative:     0.05136[s] n_calls: 680874, From last output:     0.07755[s] n_calls:  6134
                   Force - Cumulative:     0.00115[s] n_calls: 680874, From last output:     0.00721[s] n_calls:  6134
                    Move - Cumulative:     0.00298[s] n_calls: 680874, From last output:     0.00893[s] n_calls:  6134
                  Output - Cumulative:     0.06875[s] n_calls:   111, From last output:     0.16934[s] n_calls:     1
               Iteration - Cumulative:     0.05600[s] n_calls: 680874, From last output:     0.09556[s] n_calls:  6134

Total Execution Times: 38131.8[s], From last output: 586.14[s]
 
                  Search - Total:      341.62[s] =   0.90 %, From last output:       11.24[s] =   1.92 %
             - Search PP - Total:      244.65[s] =  71.61 %, From last output:        9.16[s] =  81.53 %
             -- Sorting, - Total:        1.24[s] =   0.51 %, From last output:        0.02[s] =   0.27 %
        -- BuildBVHTree, - Total:       69.50[s] =  28.41 %, From last output:        1.88[s] =  20.50 %
           -- Neighbors, - Total:      123.37[s] =  50.43 %, From last output:        5.26[s] =  57.34 %
             - Search PT - Total:       96.93[s] =  28.37 %, From last output:        2.08[s] =  18.46 %
         -- CheckActives - Total:        0.89[s] =   0.92 %, From last output:        0.01[s] =   0.68 %
          -- MarkActives - Total:        0.03[s] =   0.03 %, From last output:        0.00[s] =   0.02 %
          -- PushActives - Total:        1.10[s] =   1.14 %, From last output:        0.02[s] =   0.73 %
            -- UpdateBVH - Total:        2.57[s] =   2.65 %, From last output:        0.04[s] =   1.92 %
            -- Neighbors - Total:       31.82[s] =  32.83 %, From last output:        0.62[s] =  29.77 %
 
                 Overlap - Total:    34966.78[s] =  91.70 %, From last output:      475.66[s] =  81.15 %
                   Force - Total:      781.41[s] =   2.05 %, From last output:       44.25[s] =   7.55 %
                    Move - Total:     2031.25[s] =   5.33 %, From last output:       54.77[s] =   9.34 %
                  Output - Total:        7.63[s] =   0.02 %, From last output:        0.17[s] =   0.03 %

Module Execution Times:

Total Module Execution Times: 0[s], From last output: 0[s]

Total Execution Times (All listed above):     38128.68[s] =  99.99 %
Total Execution Times (Unlisted):                 3.12[s] =   0.01 %

</message>
<info date="2025-10-27 10:16:49" up_time="10:45:43.875">
Issues found since last output!
 - Contacts overlap, an average of:
    0.00961% of contacts reached more than 2.5% overlap.
      collected in 59 timesteps totaling 613791 contact overlaps

</info>
<message date="2025-10-27 10:16:49" up_time="10:45:44.58">
	File: 112
	Simulation time: 5.6

	N. Total Particles: 25671
	N. Enabled Particles: 17685
	N. Released Particles: 17970

	N. Enabled Elements: 0
	N. Released Elements: 0
	N. Particle Fragments: 0

	N. Triangles: 1438
	N. Triangle Nodes: 726

	N. Neighbors: 81861
		N. Particle Neighbors: 74682, RR: 0, RN: 0, NN: 74682
		N. Triangle Neighbors: 7179, TR: 0, TN: 7179
	N. Surface Contacts: 10199, particles: 8824, triangles: 1375
	N. Adhesion Contacts: 10225, particles: 8843, triangles: 1382
	Neighbor Contact Ratio: 4.008079

	Estimated Limits of Surface Velocity:
		                 Total - min:      6e+01 max:      7e+01 average:      6e+01
		            Boundaries - min:          3 max:          3 average:          3
		             Particles - min:      6e+01 max:      7e+01 average:      6e+01

	CPU:
		Memory Usage: 170 MB of 16055 MB
		Free Memory: 3137 MB

</message>
<message date="2025-10-27 10:16:49" up_time="10:45:44.59">
Execution Times:
Execution Times per Call:
 
                  Search - Cumulative:     0.01534[s] n_calls: 23020, From last output:     0.05319[s] n_calls:   218
               Search PP - Cumulative:     0.01817[s] n_calls: 13980, From last output:     0.06998[s] n_calls:   134
              -- Sorting - Cumulative:     0.00563[s] n_calls:   224, From last output:     0.01065[s] n_calls:     2
        -- BuildBVHTree, - Cumulative:     0.00511[s] n_calls: 13980, From last output:     0.01411[s] n_calls:   134
            -- Neighbors - Cumulative:     0.00921[s] n_calls: 13980, From last output:     0.04069[s] n_calls:   134
               Search PT - Cumulative:     0.01048[s] n_calls:  9459, From last output:     0.02547[s] n_calls:    87
         -- CheckActives - Cumulative:     0.00010[s] n_calls:  9459, From last output:     0.00018[s] n_calls:    87
          -- MarkActives - Cumulative:     0.00013[s] n_calls:   224, From last output:     0.00016[s] n_calls:     2
          -- PushActives - Cumulative:     0.00012[s] n_calls:  9459, From last output:     0.00019[s] n_calls:    87
            -- UpdateBVH - Cumulative:     0.00028[s] n_calls:  9459, From last output:     0.00050[s] n_calls:    87
            -- Neighbors - Cumulative:     0.00344[s] n_calls:  9459, From last output:     0.00804[s] n_calls:    87
 
                 Overlap - Cumulative:     0.05160[s] n_calls: 687008, From last output:     0.07879[s] n_calls:  6134
                   Force - Cumulative:     0.00120[s] n_calls: 687008, From last output:     0.00746[s] n_calls:  6134
                    Move - Cumulative:     0.00304[s] n_calls: 687008, From last output:     0.00885[s] n_calls:  6134
                  Output - Cumulative:     0.06976[s] n_calls:   112, From last output:     0.18224[s] n_calls:     1
               Iteration - Cumulative:     0.05637[s] n_calls: 687008, From last output:     0.09702[s] n_calls:  6134

Total Execution Times: 38726.9[s], From last output: 595.14[s]
 
                  Search - Total:      353.21[s] =   0.91 %, From last output:       11.59[s] =   1.95 %
             - Search PP - Total:      254.02[s] =  71.92 %, From last output:        9.38[s] =  80.88 %
             -- Sorting, - Total:        1.26[s] =   0.50 %, From last output:        0.02[s] =   0.23 %
        -- BuildBVHTree, - Total:       71.39[s] =  28.10 %, From last output:        1.89[s] =  20.16 %
           -- Neighbors, - Total:      128.82[s] =  50.71 %, From last output:        5.45[s] =  58.15 %
             - Search PT - Total:       99.15[s] =  28.07 %, From last output:        2.22[s] =  19.11 %
         -- CheckActives - Total:        0.91[s] =   0.91 %, From last output:        0.02[s] =   0.71 %
          -- MarkActives - Total:        0.03[s] =   0.03 %, From last output:        0.00[s] =   0.01 %
          -- PushActives - Total:        1.12[s] =   1.13 %, From last output:        0.02[s] =   0.75 %
            -- UpdateBVH - Total:        2.62[s] =   2.64 %, From last output:        0.04[s] =   1.96 %
            -- Neighbors - Total:       32.52[s] =  32.80 %, From last output:        0.70[s] =  31.56 %
 
                 Overlap - Total:    35450.09[s] =  91.54 %, From last output:      483.31[s] =  81.21 %
                   Force - Total:      827.13[s] =   2.14 %, From last output:       45.73[s] =   7.68 %
                    Move - Total:     2085.52[s] =   5.39 %, From last output:       54.27[s] =   9.12 %
                  Output - Total:        7.81[s] =   0.02 %, From last output:        0.18[s] =   0.03 %

Module Execution Times:

Total Module Execution Times: 0[s], From last output: 0[s]

Total Execution Times (All listed above):     38723.77[s] =  99.99 %
Total Execution Times (Unlisted):                 3.17[s] =   0.01 %

</message>
<info date="2025-10-27 10:26:58" up_time="10:55:52.499">
Issues found since last output!
 - Contacts overlap, an average of:
    0.00928% of contacts reached more than 2.5% overlap.
      collected in 130 timesteps totaling 1400531 contact overlaps

</info>
<message date="2025-10-27 10:26:58" up_time="10:55:52.682">
	File: 113
	Simulation time: 5.65

	N. Total Particles: 25671
	N. Enabled Particles: 17843
	N. Released Particles: 18131

	N. Enabled Elements: 0
	N. Released Elements: 0
	N. Particle Fragments: 0

	N. Triangles: 1438
	N. Triangle Nodes: 726

	N. Neighbors: 83541
		N. Particle Neighbors: 76204, RR: 0, RN: 0, NN: 76204
		N. Triangle Neighbors: 7337, TR: 0, TN: 7337
	N. Surface Contacts: 10604, particles: 9219, triangles: 1385
	N. Adhesion Contacts: 10619, particles: 9229, triangles: 1390
	Neighbor Contact Ratio: 3.936343

	Estimated Limits of Surface Velocity:
		                 Total - min:      6e+01 max:      7e+01 average:      6e+01
		            Boundaries - min:          3 max:          3 average:          3
		             Particles - min:      6e+01 max:      7e+01 average:      6e+01

	CPU:
		Memory Usage: 170 MB of 16055 MB
		Free Memory: 3050 MB

</message>
<message date="2025-10-27 10:26:58" up_time="10:55:52.684">
Execution Times:
Execution Times per Call:
 
                  Search - Cumulative:     0.01570[s] n_calls: 23236, From last output:     0.05324[s] n_calls:   216
               Search PP - Cumulative:     0.01866[s] n_calls: 14113, From last output:     0.07046[s] n_calls:   133
              -- Sorting - Cumulative:     0.00566[s] n_calls:   226, From last output:     0.00966[s] n_calls:     2
        -- BuildBVHTree, - Cumulative:     0.00519[s] n_calls: 14113, From last output:     0.01435[s] n_calls:   133
            -- Neighbors - Cumulative:     0.00951[s] n_calls: 14113, From last output:     0.04068[s] n_calls:   133
               Search PT - Cumulative:     0.01061[s] n_calls:  9545, From last output:     0.02474[s] n_calls:    86
         -- CheckActives - Cumulative:     0.00010[s] n_calls:  9545, From last output:     0.00017[s] n_calls:    86
          -- MarkActives - Cumulative:     0.00013[s] n_calls:   226, From last output:     0.00026[s] n_calls:     2
          -- PushActives - Cumulative:     0.00012[s] n_calls:  9545, From last output:     0.00020[s] n_calls:    86
            -- UpdateBVH - Cumulative:     0.00028[s] n_calls:  9545, From last output:     0.00049[s] n_calls:    86
            -- Neighbors - Cumulative:     0.00347[s] n_calls:  9545, From last output:     0.00740[s] n_calls:    86
 
                 Overlap - Cumulative:     0.05186[s] n_calls: 693142, From last output:     0.08078[s] n_calls:  6134
                   Force - Cumulative:     0.00126[s] n_calls: 693142, From last output:     0.00761[s] n_calls:  6134
                    Move - Cumulative:     0.00309[s] n_calls: 693142, From last output:     0.00892[s] n_calls:  6134
                  Output - Cumulative:     0.07078[s] n_calls:   113, From last output:     0.18440[s] n_calls:     1
               Iteration - Cumulative:     0.05675[s] n_calls: 693142, From last output:     0.09922[s] n_calls:  6134

Total Execution Times: 39335.5[s], From last output: 608.6[s]
 
                  Search - Total:      364.71[s] =   0.93 %, From last output:       11.50[s] =   1.89 %
             - Search PP - Total:      263.39[s] =  72.22 %, From last output:        9.37[s] =  81.49 %
             -- Sorting, - Total:        1.28[s] =   0.49 %, From last output:        0.02[s] =   0.21 %
        -- BuildBVHTree, - Total:       73.30[s] =  27.83 %, From last output:        1.91[s] =  20.36 %
           -- Neighbors, - Total:      134.23[s] =  50.96 %, From last output:        5.41[s] =  57.73 %
             - Search PT - Total:      101.27[s] =  27.77 %, From last output:        2.13[s] =  18.50 %
         -- CheckActives - Total:        0.92[s] =   0.91 %, From last output:        0.01[s] =   0.68 %
          -- MarkActives - Total:        0.03[s] =   0.03 %, From last output:        0.00[s] =   0.02 %
          -- PushActives - Total:        1.14[s] =   1.12 %, From last output:        0.02[s] =   0.81 %
            -- UpdateBVH - Total:        2.66[s] =   2.62 %, From last output:        0.04[s] =   2.00 %
            -- Neighbors - Total:       33.15[s] =  32.74 %, From last output:        0.64[s] =  29.90 %
 
                 Overlap - Total:    35945.62[s] =  91.38 %, From last output:      495.53[s] =  81.42 %
                   Force - Total:      873.78[s] =   2.22 %, From last output:       46.65[s] =   7.67 %
                    Move - Total:     2140.21[s] =   5.44 %, From last output:       54.69[s] =   8.99 %
                  Output - Total:        8.00[s] =   0.02 %, From last output:        0.18[s] =   0.03 %

Module Execution Times:

Total Module Execution Times: 0[s], From last output: 0[s]

Total Execution Times (All listed above):     39332.32[s] =  99.99 %
Total Execution Times (Unlisted):                 3.22[s] =   0.01 %

</message>
<info date="2025-10-27 10:37:20" up_time="11:6:14.149">
Issues found since last output!
 - Contacts overlap, an average of:
    0.0091% of contacts reached more than 2.5% overlap.
      collected in 168 timesteps totaling 1845519 contact overlaps

</info>
<message date="2025-10-27 10:37:20" up_time="11:6:14.348">
	File: 114
	Simulation time: 5.7

	N. Total Particles: 25671
	N. Enabled Particles: 18002
	N. Released Particles: 18291

	N. Enabled Elements: 0
	N. Released Elements: 0
	N. Particle Fragments: 0

	N. Triangles: 1438
	N. Triangle Nodes: 726

	N. Neighbors: 84462
		N. Particle Neighbors: 77153, RR: 0, RN: 0, NN: 77153
		N. Triangle Neighbors: 7309, TR: 0, TN: 7309
	N. Surface Contacts: 11366, particles: 9910, triangles: 1456
	N. Adhesion Contacts: 11384, particles: 9924, triangles: 1460
	Neighbor Contact Ratio: 3.712615

	Estimated Limits of Surface Velocity:
		                 Total - min:      6e+01 max:      7e+01 average:      6e+01
		            Boundaries - min:          3 max:          3 average:          3
		             Particles - min:      6e+01 max:      7e+01 average:      6e+01

	CPU:
		Memory Usage: 165 MB of 16055 MB
		Free Memory: 2509 MB

</message>
<message date="2025-10-27 10:37:20" up_time="11:6:14.350">
Execution Times:
Execution Times per Call:
 
                  Search - Cumulative:     0.01603[s] n_calls: 23449, From last output:     0.05281[s] n_calls:   213
               Search PP - Cumulative:     0.01913[s] n_calls: 14245, From last output:     0.06955[s] n_calls:   132
              -- Sorting - Cumulative:     0.00571[s] n_calls:   228, From last output:     0.01113[s] n_calls:     2
        -- BuildBVHTree, - Cumulative:     0.00528[s] n_calls: 14245, From last output:     0.01415[s] n_calls:   132
            -- Neighbors - Cumulative:     0.00979[s] n_calls: 14245, From last output:     0.03976[s] n_calls:   132
               Search PT - Cumulative:     0.01073[s] n_calls:  9630, From last output:     0.02433[s] n_calls:    85
         -- CheckActives - Cumulative:     0.00010[s] n_calls:  9630, From last output:     0.00018[s] n_calls:    85
          -- MarkActives - Cumulative:     0.00013[s] n_calls:   228, From last output:     0.00014[s] n_calls:     2
          -- PushActives - Cumulative:     0.00012[s] n_calls:  9630, From last output:     0.00018[s] n_calls:    85
            -- UpdateBVH - Cumulative:     0.00028[s] n_calls:  9630, From last output:     0.00048[s] n_calls:    85
            -- Neighbors - Cumulative:     0.00351[s] n_calls:  9630, From last output:     0.00722[s] n_calls:    85
 
                 Overlap - Cumulative:     0.05213[s] n_calls: 699276, From last output:     0.08274[s] n_calls:  6134
                   Force - Cumulative:     0.00132[s] n_calls: 699276, From last output:     0.00760[s] n_calls:  6134
                    Move - Cumulative:     0.00314[s] n_calls: 699276, From last output:     0.00913[s] n_calls:  6134
                  Output - Cumulative:     0.07190[s] n_calls:   114, From last output:     0.19901[s] n_calls:     1
               Iteration - Cumulative:     0.05714[s] n_calls: 699276, From last output:     0.10134[s] n_calls:  6134

Total Execution Times: 39957.2[s], From last output: 621.641[s]
 
                  Search - Total:      375.96[s] =   0.94 %, From last output:       11.25[s] =   1.81 %
             - Search PP - Total:      272.57[s] =  72.50 %, From last output:        9.18[s] =  81.61 %
             -- Sorting, - Total:        1.30[s] =   0.48 %, From last output:        0.02[s] =   0.24 %
        -- BuildBVHTree, - Total:       75.16[s] =  27.58 %, From last output:        1.87[s] =  20.34 %
           -- Neighbors, - Total:      139.48[s] =  51.17 %, From last output:        5.25[s] =  57.18 %
             - Search PT - Total:      103.34[s] =  27.49 %, From last output:        2.07[s] =  18.39 %
         -- CheckActives - Total:        0.94[s] =   0.91 %, From last output:        0.01[s] =   0.72 %
          -- MarkActives - Total:        0.03[s] =   0.03 %, From last output:        0.00[s] =   0.01 %
          -- PushActives - Total:        1.15[s] =   1.12 %, From last output:        0.02[s] =   0.73 %
            -- UpdateBVH - Total:        2.70[s] =   2.61 %, From last output:        0.04[s] =   1.96 %
            -- Neighbors - Total:       33.77[s] =  32.68 %, From last output:        0.61[s] =  29.69 %
 
                 Overlap - Total:    36453.15[s] =  91.23 %, From last output:      507.53[s] =  81.64 %
                   Force - Total:      920.40[s] =   2.30 %, From last output:       46.62[s] =   7.50 %
                    Move - Total:     2196.21[s] =   5.50 %, From last output:       56.00[s] =   9.01 %
                  Output - Total:        8.20[s] =   0.02 %, From last output:        0.20[s] =   0.03 %

Module Execution Times:

Total Module Execution Times: 0[s], From last output: 0[s]

Total Execution Times (All listed above):     39953.91[s] =  99.99 %
Total Execution Times (Unlisted):                 3.27[s] =   0.01 %

</message>
<info date="2025-10-27 10:48:00" up_time="11:16:54.887">
Issues found since last output!
 - Contacts overlap, an average of:
    0.00904% of contacts reached more than 2.5% overlap.
      collected in 165 timesteps totaling 1891006 contact overlaps

</info>
<message date="2025-10-27 10:48:00" up_time="11:16:55.72">
	File: 115
	Simulation time: 5.75

	N. Total Particles: 25671
	N. Enabled Particles: 18161
	N. Released Particles: 18450

	N. Enabled Elements: 0
	N. Released Elements: 0
	N. Particle Fragments: 0

	N. Triangles: 1438
	N. Triangle Nodes: 726

	N. Neighbors: 85625
		N. Particle Neighbors: 78364, RR: 0, RN: 0, NN: 78364
		N. Triangle Neighbors: 7261, TR: 0, TN: 7261
	N. Surface Contacts: 11167, particles: 9696, triangles: 1471
	N. Adhesion Contacts: 11197, particles: 9718, triangles: 1479
	Neighbor Contact Ratio: 3.828698

	Estimated Limits of Surface Velocity:
		                 Total - min:      6e+01 max:      7e+01 average:      6e+01
		            Boundaries - min:          3 max:          3 average:          3
		             Particles - min:      6e+01 max:      7e+01 average:      6e+01

	CPU:
		Memory Usage: 165 MB of 16055 MB
		Free Memory: 3615 MB

</message>
<message date="2025-10-27 10:48:00" up_time="11:16:55.75">
Execution Times:
Execution Times per Call:
 
                  Search - Cumulative:     0.01638[s] n_calls: 23665, From last output:     0.05405[s] n_calls:   216
               Search PP - Cumulative:     0.01962[s] n_calls: 14379, From last output:     0.07132[s] n_calls:   134
              -- Sorting - Cumulative:     0.00577[s] n_calls:   230, From last output:     0.01250[s] n_calls:     2
        -- BuildBVHTree, - Cumulative:     0.00536[s] n_calls: 14379, From last output:     0.01425[s] n_calls:   134
            -- Neighbors - Cumulative:     0.01008[s] n_calls: 14379, From last output:     0.04103[s] n_calls:   134
               Search PT - Cumulative:     0.01085[s] n_calls:  9716, From last output:     0.02462[s] n_calls:    86
         -- CheckActives - Cumulative:     0.00010[s] n_calls:  9716, From last output:     0.00016[s] n_calls:    86
          -- MarkActives - Cumulative:     0.00013[s] n_calls:   230, From last output:     0.00015[s] n_calls:     2
          -- PushActives - Cumulative:     0.00012[s] n_calls:  9716, From last output:     0.00018[s] n_calls:    86
            -- UpdateBVH - Cumulative:     0.00028[s] n_calls:  9716, From last output:     0.00048[s] n_calls:    86
            -- Neighbors - Cumulative:     0.00354[s] n_calls:  9716, From last output:     0.00723[s] n_calls:    86
 
                 Overlap - Cumulative:     0.05242[s] n_calls: 705410, From last output:     0.08537[s] n_calls:  6134
                   Force - Cumulative:     0.00138[s] n_calls: 705410, From last output:     0.00811[s] n_calls:  6134
                    Move - Cumulative:     0.00319[s] n_calls: 705410, From last output:     0.00902[s] n_calls:  6134
                  Output - Cumulative:     0.07289[s] n_calls:   115, From last output:     0.18521[s] n_calls:     1
               Iteration - Cumulative:     0.05755[s] n_calls: 705410, From last output:     0.10445[s] n_calls:  6134

Total Execution Times: 40597.9[s], From last output: 640.7[s]
 
                  Search - Total:      387.64[s] =   0.95 %, From last output:       11.67[s] =   1.82 %
             - Search PP - Total:      282.13[s] =  72.78 %, From last output:        9.56[s] =  81.86 %
             -- Sorting, - Total:        1.33[s] =   0.47 %, From last output:        0.03[s] =   0.26 %
        -- BuildBVHTree, - Total:       77.07[s] =  27.32 %, From last output:        1.91[s] =  19.97 %
           -- Neighbors, - Total:      144.98[s] =  51.39 %, From last output:        5.50[s] =  57.53 %
             - Search PT - Total:      105.46[s] =  27.21 %, From last output:        2.12[s] =  18.13 %
         -- CheckActives - Total:        0.95[s] =   0.90 %, From last output:        0.01[s] =   0.65 %
          -- MarkActives - Total:        0.03[s] =   0.03 %, From last output:        0.00[s] =   0.01 %
          -- PushActives - Total:        1.17[s] =   1.11 %, From last output:        0.02[s] =   0.74 %
            -- UpdateBVH - Total:        2.74[s] =   2.60 %, From last output:        0.04[s] =   1.94 %
            -- Neighbors - Total:       34.39[s] =  32.61 %, From last output:        0.62[s] =  29.35 %
 
                 Overlap - Total:    36976.82[s] =  91.08 %, From last output:      523.68[s] =  81.74 %
                   Force - Total:      970.16[s] =   2.39 %, From last output:       49.77[s] =   7.77 %
                    Move - Total:     2251.55[s] =   5.55 %, From last output:       55.35[s] =   8.64 %
                  Output - Total:        8.38[s] =   0.02 %, From last output:        0.19[s] =   0.03 %

Module Execution Times:

Total Module Execution Times: 0[s], From last output: 0[s]

Total Execution Times (All listed above):     40594.56[s] =  99.99 %
Total Execution Times (Unlisted):                 3.32[s] =   0.01 %

</message>
<info date="2025-10-27 13:04:48" up_time="13:33:43.81">
Issues found since last output!
 - Contacts overlap, an average of:
    0.00863% of contacts reached more than 2.5% overlap.
      collected in 124 timesteps totaling 1436831 contact overlaps

</info>
<message date="2025-10-27 13:04:49" up_time="13:33:43.257">
	File: 116
	Simulation time: 5.8

	N. Total Particles: 25671
	N. Enabled Particles: 18320
	N. Released Particles: 18612

	N. Enabled Elements: 0
	N. Released Elements: 0
	N. Particle Fragments: 0

	N. Triangles: 1438
	N. Triangle Nodes: 726

	N. Neighbors: 87001
		N. Particle Neighbors: 79672, RR: 0, RN: 0, NN: 79672
		N. Triangle Neighbors: 7329, TR: 0, TN: 7329
	N. Surface Contacts: 11460, particles: 9967, triangles: 1493
	N. Adhesion Contacts: 11482, particles: 9981, triangles: 1501
	Neighbor Contact Ratio: 3.792215

	Estimated Limits of Surface Velocity:
		                 Total - min:      6e+01 max:      7e+01 average:      6e+01
		            Boundaries - min:          3 max:          3 average:          3
		             Particles - min:      6e+01 max:      7e+01 average:      6e+01

	CPU:
		Memory Usage: 119 MB of 16055 MB
		Free Memory: 2693 MB

</message>
<message date="2025-10-27 13:04:49" up_time="13:33:43.260">
Execution Times:
Execution Times per Call:
 
                  Search - Cumulative:     0.01672[s] n_calls: 23878, From last output:     0.05423[s] n_calls:   213
               Search PP - Cumulative:     0.02009[s] n_calls: 14511, From last output:     0.07133[s] n_calls:   132
              -- Sorting - Cumulative:     0.00583[s] n_calls:   232, From last output:     0.01250[s] n_calls:     2
        -- BuildBVHTree, - Cumulative:     0.00544[s] n_calls: 14511, From last output:     0.01434[s] n_calls:   132
            -- Neighbors - Cumulative:     0.01036[s] n_calls: 14511, From last output:     0.04086[s] n_calls:   132
               Search PT - Cumulative:     0.01098[s] n_calls:  9800, From last output:     0.02542[s] n_calls:    84
         -- CheckActives - Cumulative:     0.00010[s] n_calls:  9800, From last output:     0.00016[s] n_calls:    84
          -- MarkActives - Cumulative:     0.00013[s] n_calls:   232, From last output:     0.00018[s] n_calls:     2
          -- PushActives - Cumulative:     0.00012[s] n_calls:  9800, From last output:     0.00019[s] n_calls:    84
            -- UpdateBVH - Cumulative:     0.00028[s] n_calls:  9800, From last output:     0.00050[s] n_calls:    84
            -- Neighbors - Cumulative:     0.00358[s] n_calls:  9800, From last output:     0.00792[s] n_calls:    84
 
                 Overlap - Cumulative:     0.06157[s] n_calls: 711544, From last output:     1.11356[s] n_calls:  6134
                   Force - Cumulative:     0.00321[s] n_calls: 711544, From last output:     0.21402[s] n_calls:  6134
                    Move - Cumulative:     0.00324[s] n_calls: 711544, From last output:     0.00864[s] n_calls:  6134
                  Output - Cumulative:     0.07379[s] n_calls:   116, From last output:     0.17778[s] n_calls:     1
               Iteration - Cumulative:     0.06859[s] n_calls: 711544, From last output:     1.33814[s] n_calls:  6134

Total Execution Times: 48806[s], From last output: 8208.16[s]
 
                  Search - Total:      399.19[s] =   0.82 %, From last output:       11.55[s] =   0.14 %
             - Search PP - Total:      291.55[s] =  73.03 %, From last output:        9.42[s] =  81.51 %
             -- Sorting, - Total:        1.35[s] =   0.46 %, From last output:        0.03[s] =   0.27 %
        -- BuildBVHTree, - Total:       78.96[s] =  27.08 %, From last output:        1.89[s] =  20.10 %
           -- Neighbors, - Total:      150.37[s] =  51.58 %, From last output:        5.39[s] =  57.28 %
             - Search PT - Total:      107.59[s] =  26.95 %, From last output:        2.14[s] =  18.49 %
         -- CheckActives - Total:        0.96[s] =   0.89 %, From last output:        0.01[s] =   0.64 %
          -- MarkActives - Total:        0.03[s] =   0.03 %, From last output:        0.00[s] =   0.02 %
          -- PushActives - Total:        1.18[s] =   1.10 %, From last output:        0.02[s] =   0.76 %
            -- UpdateBVH - Total:        2.78[s] =   2.58 %, From last output:        0.04[s] =   1.96 %
            -- Neighbors - Total:       35.05[s] =  32.58 %, From last output:        0.67[s] =  31.15 %
 
                 Overlap - Total:    43807.39[s] =  89.76 %, From last output:     6830.57[s] =  83.22 %
                   Force - Total:     2282.99[s] =   4.68 %, From last output:     1312.83[s] =  15.99 %
                    Move - Total:     2304.54[s] =   4.72 %, From last output:       52.99[s] =   0.65 %
                  Output - Total:        8.56[s] =   0.02 %, From last output:        0.18[s] =   0.00 %

Module Execution Times:

Total Module Execution Times: 0[s], From last output: 0[s]

Total Execution Times (All listed above):     48802.67[s] =  99.99 %
Total Execution Times (Unlisted):                 3.37[s] =   0.01 %

</message>
<info date="2025-10-27 13:10:47" up_time="13:39:41.906">
Issues found since last output!
 - Contacts overlap, an average of:
    0.0085% of contacts reached more than 2.5% overlap.
      collected in 99 timesteps totaling 1164294 contact overlaps

</info>
<message date="2025-10-27 13:10:47" up_time="13:39:42.31">
	File: 117
	Simulation time: 5.85

	N. Total Particles: 25671
	N. Enabled Particles: 18477
	N. Released Particles: 18772

	N. Enabled Elements: 0
	N. Released Elements: 0
	N. Particle Fragments: 0

	N. Triangles: 1438
	N. Triangle Nodes: 726

	N. Neighbors: 88412
		N. Particle Neighbors: 81061, RR: 0, RN: 0, NN: 81061
		N. Triangle Neighbors: 7351, TR: 0, TN: 7351
	N. Surface Contacts: 11952, particles: 10432, triangles: 1520
	N. Adhesion Contacts: 11981, particles: 10453, triangles: 1528
	Neighbor Contact Ratio: 3.694146

	Estimated Limits of Surface Velocity:
		                 Total - min:      6e+01 max:      7e+01 average:      6e+01
		            Boundaries - min:          3 max:          3 average:          3
		             Particles - min:      6e+01 max:      7e+01 average:      6e+01

	CPU:
		Memory Usage: 119 MB of 16055 MB
		Free Memory: 2385 MB

</message>
<message date="2025-10-27 13:10:47" up_time="13:39:42.32">
Execution Times:
Execution Times per Call:
 
                  Search - Cumulative:     0.01683[s] n_calls: 24089, From last output:     0.02992[s] n_calls:   211
               Search PP - Cumulative:     0.02026[s] n_calls: 14641, From last output:     0.03958[s] n_calls:   130
              -- Sorting - Cumulative:     0.00585[s] n_calls:   234, From last output:     0.00817[s] n_calls:     2
        -- BuildBVHTree, - Cumulative:     0.00547[s] n_calls: 14641, From last output:     0.00843[s] n_calls:   130
            -- Neighbors - Cumulative:     0.01046[s] n_calls: 14641, From last output:     0.02162[s] n_calls:   130
               Search PT - Cumulative:     0.01100[s] n_calls:  9884, From last output:     0.01389[s] n_calls:    84
         -- CheckActives - Cumulative:     0.00010[s] n_calls:  9884, From last output:     0.00010[s] n_calls:    84
          -- MarkActives - Cumulative:     0.00013[s] n_calls:   234, From last output:     0.00016[s] n_calls:     2
          -- PushActives - Cumulative:     0.00012[s] n_calls:  9884, From last output:     0.00012[s] n_calls:    84
            -- UpdateBVH - Cumulative:     0.00028[s] n_calls:  9884, From last output:     0.00033[s] n_calls:    84
            -- Neighbors - Cumulative:     0.00358[s] n_calls:  9884, From last output:     0.00401[s] n_calls:    84
 
                 Overlap - Cumulative:     0.06145[s] n_calls: 717678, From last output:     0.04818[s] n_calls:  6134
                   Force - Cumulative:     0.00322[s] n_calls: 717678, From last output:     0.00468[s] n_calls:  6134
                    Move - Cumulative:     0.00325[s] n_calls: 717678, From last output:     0.00458[s] n_calls:  6134
                  Output - Cumulative:     0.07423[s] n_calls:   117, From last output:     0.12469[s] n_calls:     1
               Iteration - Cumulative:     0.06851[s] n_calls: 717678, From last output:     0.05849[s] n_calls:  6134

Total Execution Times: 49164.8[s], From last output: 358.756[s]
 
                  Search - Total:      405.50[s] =   0.82 %, From last output:        6.31[s] =   1.76 %
             - Search PP - Total:      296.69[s] =  73.17 %, From last output:        5.15[s] =  81.52 %
             -- Sorting, - Total:        1.37[s] =   0.46 %, From last output:        0.02[s] =   0.32 %
        -- BuildBVHTree, - Total:       80.06[s] =  26.98 %, From last output:        1.10[s] =  21.30 %
           -- Neighbors, - Total:      153.18[s] =  51.63 %, From last output:        2.81[s] =  54.62 %
             - Search PT - Total:      108.76[s] =  26.82 %, From last output:        1.17[s] =  18.48 %
         -- CheckActives - Total:        0.97[s] =   0.89 %, From last output:        0.01[s] =   0.73 %
          -- MarkActives - Total:        0.03[s] =   0.03 %, From last output:        0.00[s] =   0.03 %
          -- PushActives - Total:        1.19[s] =   1.10 %, From last output:        0.01[s] =   0.89 %
            -- UpdateBVH - Total:        2.81[s] =   2.58 %, From last output:        0.03[s] =   2.37 %
            -- Neighbors - Total:       35.39[s] =  32.54 %, From last output:        0.34[s] =  28.89 %
 
                 Overlap - Total:    44102.93[s] =  89.70 %, From last output:      295.54[s] =  82.38 %
                   Force - Total:     2311.67[s] =   4.70 %, From last output:       28.68[s] =   7.99 %
                    Move - Total:     2332.62[s] =   4.74 %, From last output:       28.07[s] =   7.83 %
                  Output - Total:        8.68[s] =   0.02 %, From last output:        0.12[s] =   0.03 %

Module Execution Times:

Total Module Execution Times: 0[s], From last output: 0[s]

Total Execution Times (All listed above):     49161.40[s] =  99.99 %
Total Execution Times (Unlisted):                 3.40[s] =   0.01 %

</message>
<info date="2025-10-27 13:17:08" up_time="13:46:2.350">
Issues found since last output!
 - Contacts overlap, an average of:
    0.00828% of contacts reached more than 2.5% overlap.
      collected in 94 timesteps totaling 1135255 contact overlaps

</info>
<message date="2025-10-27 13:17:08" up_time="13:46:2.500">
	File: 118
	Simulation time: 5.9

	N. Total Particles: 25671
	N. Enabled Particles: 18633
	N. Released Particles: 18932

	N. Enabled Elements: 0
	N. Released Elements: 0
	N. Particle Fragments: 0

	N. Triangles: 1438
	N. Triangle Nodes: 726

	N. Neighbors: 89926
		N. Particle Neighbors: 82480, RR: 0, RN: 0, NN: 82480
		N. Triangle Neighbors: 7446, TR: 0, TN: 7446
	N. Surface Contacts: 12493, particles: 10954, triangles: 1539
	N. Adhesion Contacts: 12509, particles: 10963, triangles: 1546
	Neighbor Contact Ratio: 3.596752

	Estimated Limits of Surface Velocity:
		                 Total - min:      6e+01 max:      7e+01 average:      6e+01
		            Boundaries - min:          3 max:          3 average:          3
		             Particles - min:      6e+01 max:      7e+01 average:      6e+01

	CPU:
		Memory Usage: 118 MB of 16055 MB
		Free Memory: 2103 MB

</message>
<message date="2025-10-27 13:17:08" up_time="13:46:2.502">
Execution Times:
Execution Times per Call:
 
                  Search - Cumulative:     0.01695[s] n_calls: 24298, From last output:     0.03019[s] n_calls:   209
               Search PP - Cumulative:     0.02044[s] n_calls: 14771, From last output:     0.03966[s] n_calls:   130
              -- Sorting - Cumulative:     0.00585[s] n_calls:   236, From last output:     0.00650[s] n_calls:     2
        -- BuildBVHTree, - Cumulative:     0.00549[s] n_calls: 14771, From last output:     0.00826[s] n_calls:   130
            -- Neighbors - Cumulative:     0.01056[s] n_calls: 14771, From last output:     0.02190[s] n_calls:   130
               Search PT - Cumulative:     0.01103[s] n_calls:  9966, From last output:     0.01407[s] n_calls:    82
         -- CheckActives - Cumulative:     0.00010[s] n_calls:  9966, From last output:     0.00010[s] n_calls:    82
          -- MarkActives - Cumulative:     0.00013[s] n_calls:   236, From last output:     0.00012[s] n_calls:     2
          -- PushActives - Cumulative:     0.00012[s] n_calls:  9966, From last output:     0.00012[s] n_calls:    82
            -- UpdateBVH - Cumulative:     0.00028[s] n_calls:  9966, From last output:     0.00032[s] n_calls:    82
            -- Neighbors - Cumulative:     0.00358[s] n_calls:  9966, From last output:     0.00385[s] n_calls:    82
 
                 Overlap - Cumulative:     0.06137[s] n_calls: 723812, From last output:     0.05133[s] n_calls:  6134
                   Force - Cumulative:     0.00324[s] n_calls: 723812, From last output:     0.00492[s] n_calls:  6134
                    Move - Cumulative:     0.00326[s] n_calls: 723812, From last output:     0.00471[s] n_calls:  6134
                  Output - Cumulative:     0.07487[s] n_calls:   118, From last output:     0.14969[s] n_calls:     1
               Iteration - Cumulative:     0.06845[s] n_calls: 723812, From last output:     0.06202[s] n_calls:  6134

Total Execution Times: 49545.2[s], From last output: 380.454[s]
 
                  Search - Total:      411.81[s] =   0.83 %, From last output:        6.31[s] =   1.66 %
             - Search PP - Total:      301.85[s] =  73.30 %, From last output:        5.16[s] =  81.72 %
             -- Sorting, - Total:        1.38[s] =   0.46 %, From last output:        0.01[s] =   0.25 %
        -- BuildBVHTree, - Total:       81.13[s] =  26.88 %, From last output:        1.07[s] =  20.83 %
           -- Neighbors, - Total:      156.03[s] =  51.69 %, From last output:        2.85[s] =  55.20 %
             - Search PT - Total:      109.91[s] =  26.69 %, From last output:        1.15[s] =  18.28 %
         -- CheckActives - Total:        0.98[s] =   0.89 %, From last output:        0.01[s] =   0.74 %
          -- MarkActives - Total:        0.03[s] =   0.03 %, From last output:        0.00[s] =   0.02 %
          -- PushActives - Total:        1.20[s] =   1.10 %, From last output:        0.01[s] =   0.87 %
            -- UpdateBVH - Total:        2.84[s] =   2.58 %, From last output:        0.03[s] =   2.29 %
            -- Neighbors - Total:       35.71[s] =  32.49 %, From last output:        0.32[s] =  27.35 %
 
                 Overlap - Total:    44417.81[s] =  89.65 %, From last output:      314.89[s] =  82.77 %
                   Force - Total:     2341.83[s] =   4.73 %, From last output:       30.17[s] =   7.93 %
                    Move - Total:     2361.53[s] =   4.77 %, From last output:       28.91[s] =   7.60 %
                  Output - Total:        8.83[s] =   0.02 %, From last output:        0.15[s] =   0.04 %

Module Execution Times:

Total Module Execution Times: 0[s], From last output: 0[s]

Total Execution Times (All listed above):     49541.82[s] =  99.99 %
Total Execution Times (Unlisted):                 3.43[s] =   0.01 %

</message>
<info date="2025-10-27 13:24:10" up_time="13:53:4.260">
Issues found since last output!
 - Contacts overlap, an average of:
    0.00785% of contacts reached more than 2.5% overlap.
      collected in 132 timesteps totaling 1682185 contact overlaps

</info>
<message date="2025-10-27 13:24:10" up_time="13:53:4.400">
	File: 119
	Simulation time: 5.95

	N. Total Particles: 25671
	N. Enabled Particles: 18790
	N. Released Particles: 19093

	N. Enabled Elements: 0
	N. Released Elements: 0
	N. Particle Fragments: 0

	N. Triangles: 1438
	N. Triangle Nodes: 726

	N. Neighbors: 91578
		N. Particle Neighbors: 84172, RR: 0, RN: 0, NN: 84172
		N. Triangle Neighbors: 7406, TR: 0, TN: 7406
	N. Surface Contacts: 12805, particles: 11274, triangles: 1531
	N. Adhesion Contacts: 12820, particles: 11284, triangles: 1536
	Neighbor Contact Ratio: 3.573776

	Estimated Limits of Surface Velocity:
		                 Total - min:      6e+01 max:      7e+01 average:      6e+01
		            Boundaries - min:          3 max:          3 average:          3
		             Particles - min:      6e+01 max:      7e+01 average:      6e+01

	CPU:
		Memory Usage: 119 MB of 16055 MB
		Free Memory: 2728 MB

</message>
<message date="2025-10-27 13:24:10" up_time="13:53:4.402">
Execution Times:
Execution Times per Call:
 
                  Search - Cumulative:     0.01709[s] n_calls: 24506, From last output:     0.03361[s] n_calls:   208
               Search PP - Cumulative:     0.02064[s] n_calls: 14902, From last output:     0.04375[s] n_calls:   131
              -- Sorting - Cumulative:     0.00586[s] n_calls:   238, From last output:     0.00677[s] n_calls:     2
        -- BuildBVHTree, - Cumulative:     0.00552[s] n_calls: 14902, From last output:     0.00913[s] n_calls:   131
            -- Neighbors - Cumulative:     0.01068[s] n_calls: 14902, From last output:     0.02425[s] n_calls:   131
               Search PT - Cumulative:     0.01106[s] n_calls: 10049, From last output:     0.01517[s] n_calls:    83
         -- CheckActives - Cumulative:     0.00010[s] n_calls: 10049, From last output:     0.00011[s] n_calls:    83
          -- MarkActives - Cumulative:     0.00013[s] n_calls:   238, From last output:     0.00008[s] n_calls:     2
          -- PushActives - Cumulative:     0.00012[s] n_calls: 10049, From last output:     0.00013[s] n_calls:    83
            -- UpdateBVH - Cumulative:     0.00028[s] n_calls: 10049, From last output:     0.00033[s] n_calls:    83
            -- Neighbors - Cumulative:     0.00359[s] n_calls: 10049, From last output:     0.00427[s] n_calls:    83
 
                 Overlap - Cumulative:     0.06133[s] n_calls: 729946, From last output:     0.05703[s] n_calls:  6134
                   Force - Cumulative:     0.00325[s] n_calls: 729946, From last output:     0.00533[s] n_calls:  6134
                    Move - Cumulative:     0.00328[s] n_calls: 729946, From last output:     0.00525[s] n_calls:  6134
                  Output - Cumulative:     0.07542[s] n_calls:   119, From last output:     0.14065[s] n_calls:     1
               Iteration - Cumulative:     0.06845[s] n_calls: 729946, From last output:     0.06878[s] n_calls:  6134

Total Execution Times: 49967.1[s], From last output: 421.884[s]
 
                  Search - Total:      418.80[s] =   0.84 %, From last output:        6.99[s] =   1.66 %
             - Search PP - Total:      307.58[s] =  73.44 %, From last output:        5.73[s] =  81.98 %
             -- Sorting, - Total:        1.39[s] =   0.45 %, From last output:        0.01[s] =   0.24 %
        -- BuildBVHTree, - Total:       82.33[s] =  26.77 %, From last output:        1.20[s] =  20.86 %
           -- Neighbors, - Total:      159.21[s] =  51.76 %, From last output:        3.18[s] =  55.42 %
             - Search PT - Total:      111.17[s] =  26.55 %, From last output:        1.26[s] =  18.01 %
         -- CheckActives - Total:        0.99[s] =   0.89 %, From last output:        0.01[s] =   0.72 %
          -- MarkActives - Total:        0.03[s] =   0.03 %, From last output:        0.00[s] =   0.01 %
          -- PushActives - Total:        1.22[s] =   1.09 %, From last output:        0.01[s] =   0.88 %
            -- UpdateBVH - Total:        2.86[s] =   2.58 %, From last output:        0.03[s] =   2.18 %
            -- Neighbors - Total:       36.06[s] =  32.44 %, From last output:        0.35[s] =  28.12 %
 
                 Overlap - Total:    44767.65[s] =  89.59 %, From last output:      349.84[s] =  82.92 %
                   Force - Total:     2374.50[s] =   4.75 %, From last output:       32.67[s] =   7.74 %
                    Move - Total:     2393.74[s] =   4.79 %, From last output:       32.22[s] =   7.64 %
                  Output - Total:        8.97[s] =   0.02 %, From last output:        0.14[s] =   0.03 %

Module Execution Times:

Total Module Execution Times: 0[s], From last output: 0[s]

Total Execution Times (All listed above):     49963.67[s] =  99.99 %
Total Execution Times (Unlisted):                 3.46[s] =   0.01 %

</message>
<info date="2025-10-27 13:31:32" up_time="14:0:26.862">
Issues found since last output!
 - Contacts overlap, an average of:
    0.00771% of contacts reached more than 2.5% overlap.
      collected in 181 timesteps totaling 2348645 contact overlaps

</info>
<message date="2025-10-27 13:31:32" up_time="14:0:26.988">
	File: 120
	Simulation time: 6

	N. Total Particles: 25671
	N. Enabled Particles: 18945
	N. Released Particles: 19253

	N. Enabled Elements: 0
	N. Released Elements: 0
	N. Particle Fragments: 0

	N. Triangles: 1438
	N. Triangle Nodes: 726

	N. Neighbors: 93336
		N. Particle Neighbors: 85850, RR: 0, RN: 0, NN: 85850
		N. Triangle Neighbors: 7486, TR: 0, TN: 7486
	N. Surface Contacts: 12915, particles: 11403, triangles: 1512
	N. Adhesion Contacts: 12936, particles: 11420, triangles: 1516
	Neighbor Contact Ratio: 3.610537

	Estimated Limits of Surface Velocity:
		                 Total - min:      6e+01 max:      7e+01 average:      6e+01
		            Boundaries - min:          3 max:          3 average:          3
		             Particles - min:      6e+01 max:      7e+01 average:      6e+01

	CPU:
		Memory Usage: 117 MB of 16055 MB
		Free Memory: 1686 MB

</message>
<message date="2025-10-27 13:31:32" up_time="14:0:26.989">
Execution Times:
Execution Times per Call:
 
                  Search - Cumulative:     0.01725[s] n_calls: 24721, From last output:     0.03494[s] n_calls:   215
               Search PP - Cumulative:     0.02087[s] n_calls: 15035, From last output:     0.04655[s] n_calls:   133
              -- Sorting - Cumulative:     0.00590[s] n_calls:   240, From last output:     0.01009[s] n_calls:     2
        -- BuildBVHTree, - Cumulative:     0.00556[s] n_calls: 15035, From last output:     0.00968[s] n_calls:   133
            -- Neighbors - Cumulative:     0.01082[s] n_calls: 15035, From last output:     0.02582[s] n_calls:   133
               Search PT - Cumulative:     0.01110[s] n_calls: 10135, From last output:     0.01536[s] n_calls:    86
         -- CheckActives - Cumulative:     0.00010[s] n_calls: 10135, From last output:     0.00012[s] n_calls:    86
          -- MarkActives - Cumulative:     0.00013[s] n_calls:   240, From last output:     0.00017[s] n_calls:     2
          -- PushActives - Cumulative:     0.00012[s] n_calls: 10135, From last output:     0.00014[s] n_calls:    86
            -- UpdateBVH - Cumulative:     0.00029[s] n_calls: 10135, From last output:     0.00036[s] n_calls:    86
            -- Neighbors - Cumulative:     0.00359[s] n_calls: 10135, From last output:     0.00428[s] n_calls:    86
 
                 Overlap - Cumulative:     0.06132[s] n_calls: 736080, From last output:     0.05998[s] n_calls:  6134
                   Force - Cumulative:     0.00327[s] n_calls: 736080, From last output:     0.00531[s] n_calls:  6134
                    Move - Cumulative:     0.00330[s] n_calls: 736080, From last output:     0.00561[s] n_calls:  6134
                  Output - Cumulative:     0.07584[s] n_calls:   120, From last output:     0.12621[s] n_calls:     1
               Iteration - Cumulative:     0.06848[s] n_calls: 736080, From last output:     0.07215[s] n_calls:  6134

Total Execution Times: 50409.7[s], From last output: 442.561[s]
 
                  Search - Total:      426.32[s] =   0.85 %, From last output:        7.51[s] =   1.70 %
             - Search PP - Total:      313.77[s] =  73.60 %, From last output:        6.19[s] =  82.41 %
             -- Sorting, - Total:        1.42[s] =   0.45 %, From last output:        0.02[s] =   0.33 %
        -- BuildBVHTree, - Total:       83.62[s] =  26.65 %, From last output:        1.29[s] =  20.80 %
           -- Neighbors, - Total:      162.64[s] =  51.83 %, From last output:        3.43[s] =  55.48 %
             - Search PT - Total:      112.49[s] =  26.39 %, From last output:        1.32[s] =  17.59 %
         -- CheckActives - Total:        1.00[s] =   0.89 %, From last output:        0.01[s] =   0.80 %
          -- MarkActives - Total:        0.03[s] =   0.03 %, From last output:        0.00[s] =   0.03 %
          -- PushActives - Total:        1.23[s] =   1.09 %, From last output:        0.01[s] =   0.92 %
            -- UpdateBVH - Total:        2.89[s] =   2.57 %, From last output:        0.03[s] =   2.36 %
            -- Neighbors - Total:       36.43[s] =  32.38 %, From last output:        0.37[s] =  27.89 %
 
                 Overlap - Total:    45135.59[s] =  89.54 %, From last output:      367.94[s] =  83.14 %
                   Force - Total:     2407.04[s] =   4.77 %, From last output:       32.54[s] =   7.35 %
                    Move - Total:     2428.15[s] =   4.82 %, From last output:       34.41[s] =   7.77 %
                  Output - Total:        9.10[s] =   0.02 %, From last output:        0.13[s] =   0.03 %

Module Execution Times:

Total Module Execution Times: 0[s], From last output: 0[s]

Total Execution Times (All listed above):     50406.20[s] =  99.99 %
Total Execution Times (Unlisted):                 3.49[s] =   0.01 %

</message>
<info date="2025-10-27 13:38:46" up_time="14:7:40.692">
Issues found since last output!
 - Contacts overlap, an average of:
    0.00749% of contacts reached more than 2.5% overlap.
      collected in 156 timesteps totaling 2083212 contact overlaps

</info>
<message date="2025-10-27 13:38:46" up_time="14:7:40.820">
	File: 121
	Simulation time: 6.05

	N. Total Particles: 25671
	N. Enabled Particles: 19104
	N. Released Particles: 19415

	N. Enabled Elements: 0
	N. Released Elements: 0
	N. Particle Fragments: 0

	N. Triangles: 1438
	N. Triangle Nodes: 726

	N. Neighbors: 95069
		N. Particle Neighbors: 87521, RR: 0, RN: 0, NN: 87521
		N. Triangle Neighbors: 7548, TR: 0, TN: 7548
	N. Surface Contacts: 13400, particles: 11818, triangles: 1582
	N. Adhesion Contacts: 13426, particles: 11837, triangles: 1589
	Neighbor Contact Ratio: 3.543913

	Estimated Limits of Surface Velocity:
		                 Total - min:      6e+01 max:      7e+01 average:      6e+01
		            Boundaries - min:          3 max:          3 average:          3
		             Particles - min:      6e+01 max:      7e+01 average:      6e+01

	CPU:
		Memory Usage: 115 MB of 16055 MB
		Free Memory: 3100 MB

</message>
<message date="2025-10-27 13:38:46" up_time="14:7:40.821">
Execution Times:
Execution Times per Call:
 
                  Search - Cumulative:     0.01739[s] n_calls: 24934, From last output:     0.03397[s] n_calls:   213
               Search PP - Cumulative:     0.02108[s] n_calls: 15169, From last output:     0.04428[s] n_calls:   134
              -- Sorting - Cumulative:     0.00590[s] n_calls:   242, From last output:     0.00694[s] n_calls:     2
        -- BuildBVHTree, - Cumulative:     0.00559[s] n_calls: 15169, From last output:     0.00902[s] n_calls:   134
            -- Neighbors - Cumulative:     0.01094[s] n_calls: 15169, From last output:     0.02460[s] n_calls:   134
               Search PT - Cumulative:     0.01114[s] n_calls: 10219, From last output:     0.01549[s] n_calls:    84
         -- CheckActives - Cumulative:     0.00010[s] n_calls: 10219, From last output:     0.00012[s] n_calls:    84
          -- MarkActives - Cumulative:     0.00013[s] n_calls:   242, From last output:     0.00010[s] n_calls:     2
          -- PushActives - Cumulative:     0.00012[s] n_calls: 10219, From last output:     0.00013[s] n_calls:    84
            -- UpdateBVH - Cumulative:     0.00029[s] n_calls: 10219, From last output:     0.00032[s] n_calls:    84
            -- Neighbors - Cumulative:     0.00360[s] n_calls: 10219, From last output:     0.00436[s] n_calls:    84
 
                 Overlap - Cumulative:     0.06130[s] n_calls: 742214, From last output:     0.05890[s] n_calls:  6134
                   Force - Cumulative:     0.00329[s] n_calls: 742214, From last output:     0.00543[s] n_calls:  6134
                    Move - Cumulative:     0.00331[s] n_calls: 742214, From last output:     0.00518[s] n_calls:  6134
                  Output - Cumulative:     0.07627[s] n_calls:   121, From last output:     0.12755[s] n_calls:     1
               Iteration - Cumulative:     0.06850[s] n_calls: 742214, From last output:     0.07072[s] n_calls:  6134

Total Execution Times: 50843.5[s], From last output: 433.806[s]
 
                  Search - Total:      433.55[s] =   0.85 %, From last output:        7.23[s] =   1.67 %
             - Search PP - Total:      319.70[s] =  73.74 %, From last output:        5.93[s] =  82.01 %
             -- Sorting, - Total:        1.43[s] =   0.45 %, From last output:        0.01[s] =   0.23 %
        -- BuildBVHTree, - Total:       84.83[s] =  26.53 %, From last output:        1.21[s] =  20.37 %
           -- Neighbors, - Total:      165.94[s] =  51.90 %, From last output:        3.30[s] =  55.56 %
             - Search PT - Total:      113.80[s] =  26.25 %, From last output:        1.30[s] =  17.99 %
         -- CheckActives - Total:        1.01[s] =   0.89 %, From last output:        0.01[s] =   0.76 %
          -- MarkActives - Total:        0.03[s] =   0.03 %, From last output:        0.00[s] =   0.02 %
          -- PushActives - Total:        1.24[s] =   1.09 %, From last output:        0.01[s] =   0.85 %
            -- UpdateBVH - Total:        2.92[s] =   2.57 %, From last output:        0.03[s] =   2.09 %
            -- Neighbors - Total:       36.80[s] =  32.34 %, From last output:        0.37[s] =  28.18 %
 
                 Overlap - Total:    45496.91[s] =  89.48 %, From last output:      361.32[s] =  83.29 %
                   Force - Total:     2440.36[s] =   4.80 %, From last output:       33.32[s] =   7.68 %
                    Move - Total:     2459.93[s] =   4.84 %, From last output:       31.78[s] =   7.33 %
                  Output - Total:        9.23[s] =   0.02 %, From last output:        0.13[s] =   0.03 %

Module Execution Times:

Total Module Execution Times: 0[s], From last output: 0[s]

Total Execution Times (All listed above):     50839.97[s] =  99.99 %
Total Execution Times (Unlisted):                 3.53[s] =   0.01 %

</message>
<info date="2025-10-27 13:46:15" up_time="14:15:9.682">
Issues found since last output!
 - Contacts overlap, an average of:
    0.00741% of contacts reached more than 2.5% overlap.
      collected in 218 timesteps totaling 3021617 contact overlaps

</info>
<message date="2025-10-27 13:46:15" up_time="14:15:9.784">
	File: 122
	Simulation time: 6.1

	N. Total Particles: 25671
	N. Enabled Particles: 19258
	N. Released Particles: 19574

	N. Enabled Elements: 0
	N. Released Elements: 0
	N. Particle Fragments: 0

	N. Triangles: 1438
	N. Triangle Nodes: 726

	N. Neighbors: 96586
		N. Particle Neighbors: 89077, RR: 0, RN: 0, NN: 89077
		N. Triangle Neighbors: 7509, TR: 0, TN: 7509
	N. Surface Contacts: 13707, particles: 12137, triangles: 1570
	N. Adhesion Contacts: 13727, particles: 12152, triangles: 1575
	Neighbor Contact Ratio: 3.520668

	Estimated Limits of Surface Velocity:
		                 Total - min:      6e+01 max:      7e+01 average:      6e+01
		            Boundaries - min:          3 max:          3 average:          3
		             Particles - min:      6e+01 max:      7e+01 average:      6e+01

	CPU:
		Memory Usage: 116 MB of 16055 MB
		Free Memory: 2882 MB

</message>
<message date="2025-10-27 13:46:15" up_time="14:15:9.785">
Execution Times:
Execution Times per Call:
 
                  Search - Cumulative:     0.01753[s] n_calls: 25148, From last output:     0.03393[s] n_calls:   214
               Search PP - Cumulative:     0.02128[s] n_calls: 15302, From last output:     0.04492[s] n_calls:   133
              -- Sorting - Cumulative:     0.00591[s] n_calls:   244, From last output:     0.00661[s] n_calls:     2
        -- BuildBVHTree, - Cumulative:     0.00562[s] n_calls: 15302, From last output:     0.00905[s] n_calls:   133
            -- Neighbors - Cumulative:     0.01106[s] n_calls: 15302, From last output:     0.02505[s] n_calls:   133
               Search PT - Cumulative:     0.01117[s] n_calls: 10303, From last output:     0.01531[s] n_calls:    84
         -- CheckActives - Cumulative:     0.00010[s] n_calls: 10303, From last output:     0.00012[s] n_calls:    84
          -- MarkActives - Cumulative:     0.00013[s] n_calls:   244, From last output:     0.00012[s] n_calls:     2
          -- PushActives - Cumulative:     0.00012[s] n_calls: 10303, From last output:     0.00013[s] n_calls:    84
            -- UpdateBVH - Cumulative:     0.00029[s] n_calls: 10303, From last output:     0.00034[s] n_calls:    84
            -- Neighbors - Cumulative:     0.00361[s] n_calls: 10303, From last output:     0.00431[s] n_calls:    84
 
                 Overlap - Cumulative:     0.06130[s] n_calls: 748348, From last output:     0.06109[s] n_calls:  6134
                   Force - Cumulative:     0.00331[s] n_calls: 748348, From last output:     0.00557[s] n_calls:  6134
                    Move - Cumulative:     0.00333[s] n_calls: 748348, From last output:     0.00533[s] n_calls:  6134
                  Output - Cumulative:     0.07648[s] n_calls:   122, From last output:     0.10233[s] n_calls:     1
               Iteration - Cumulative:     0.06854[s] n_calls: 748348, From last output:     0.07319[s] n_calls:  6134

Total Execution Times: 51292.4[s], From last output: 448.939[s]
 
                  Search - Total:      440.81[s] =   0.86 %, From last output:        7.26[s] =   1.62 %
             - Search PP - Total:      325.68[s] =  73.88 %, From last output:        5.97[s] =  82.28 %
             -- Sorting, - Total:        1.44[s] =   0.44 %, From last output:        0.01[s] =   0.22 %
        -- BuildBVHTree, - Total:       86.03[s] =  26.42 %, From last output:        1.20[s] =  20.14 %
           -- Neighbors, - Total:      169.27[s] =  51.97 %, From last output:        3.33[s] =  55.76 %
             - Search PT - Total:      115.08[s] =  26.11 %, From last output:        1.29[s] =  17.71 %
         -- CheckActives - Total:        1.02[s] =   0.89 %, From last output:        0.01[s] =   0.76 %
          -- MarkActives - Total:        0.03[s] =   0.03 %, From last output:        0.00[s] =   0.02 %
          -- PushActives - Total:        1.25[s] =   1.09 %, From last output:        0.01[s] =   0.86 %
            -- UpdateBVH - Total:        2.95[s] =   2.56 %, From last output:        0.03[s] =   2.24 %
            -- Neighbors - Total:       37.16[s] =  32.29 %, From last output:        0.36[s] =  28.11 %
 
                 Overlap - Total:    45871.63[s] =  89.43 %, From last output:      374.73[s] =  83.47 %
                   Force - Total:     2474.51[s] =   4.82 %, From last output:       34.15[s] =   7.61 %
                    Move - Total:     2492.59[s] =   4.86 %, From last output:       32.66[s] =   7.28 %
                  Output - Total:        9.33[s] =   0.02 %, From last output:        0.10[s] =   0.02 %

Module Execution Times:

Total Module Execution Times: 0[s], From last output: 0[s]

Total Execution Times (All listed above):     51288.87[s] =  99.99 %
Total Execution Times (Unlisted):                 3.56[s] =   0.01 %

</message>
<info date="2025-10-27 13:53:46" up_time="14:22:40.652">
Issues found since last output!
 - Contacts overlap, an average of:
    0.00721% of contacts reached more than 2.5% overlap.
      collected in 67 timesteps totaling 929212 contact overlaps

</info>
<message date="2025-10-27 13:53:46" up_time="14:22:40.757">
	File: 123
	Simulation time: 6.15

	N. Total Particles: 25671
	N. Enabled Particles: 19416
	N. Released Particles: 19734

	N. Enabled Elements: 0
	N. Released Elements: 0
	N. Particle Fragments: 0

	N. Triangles: 1438
	N. Triangle Nodes: 726

	N. Neighbors: 98192
		N. Particle Neighbors: 90741, RR: 0, RN: 0, NN: 90741
		N. Triangle Neighbors: 7451, TR: 0, TN: 7451
	N. Surface Contacts: 14167, particles: 12542, triangles: 1625
	N. Adhesion Contacts: 14187, particles: 12554, triangles: 1633
	Neighbor Contact Ratio: 3.463074

	Estimated Limits of Surface Velocity:
		                 Total - min:      6e+01 max:      7e+01 average:      6e+01
		            Boundaries - min:          3 max:          3 average:          3
		             Particles - min:      6e+01 max:      7e+01 average:      6e+01

	CPU:
		Memory Usage: 117 MB of 16055 MB
		Free Memory: 3657 MB

</message>
<message date="2025-10-27 13:53:46" up_time="14:22:40.759">
Execution Times:
Execution Times per Call:
 
                  Search - Cumulative:     0.01768[s] n_calls: 25364, From last output:     0.03570[s] n_calls:   216
               Search PP - Cumulative:     0.02151[s] n_calls: 15436, From last output:     0.04747[s] n_calls:   134
              -- Sorting - Cumulative:     0.00592[s] n_calls:   246, From last output:     0.00719[s] n_calls:     2
        -- BuildBVHTree, - Cumulative:     0.00566[s] n_calls: 15436, From last output:     0.00948[s] n_calls:   134
            -- Neighbors - Cumulative:     0.01120[s] n_calls: 15436, From last output:     0.02701[s] n_calls:   134
               Search PT - Cumulative:     0.01121[s] n_calls: 10388, From last output:     0.01587[s] n_calls:    85
         -- CheckActives - Cumulative:     0.00010[s] n_calls: 10388, From last output:     0.00011[s] n_calls:    85
          -- MarkActives - Cumulative:     0.00013[s] n_calls:   246, From last output:     0.00010[s] n_calls:     2
          -- PushActives - Cumulative:     0.00012[s] n_calls: 10388, From last output:     0.00013[s] n_calls:    85
            -- UpdateBVH - Cumulative:     0.00029[s] n_calls: 10388, From last output:     0.00034[s] n_calls:    85
            -- Neighbors - Cumulative:     0.00361[s] n_calls: 10388, From last output:     0.00444[s] n_calls:    85
 
                 Overlap - Cumulative:     0.06130[s] n_calls: 754482, From last output:     0.06129[s] n_calls:  6134
                   Force - Cumulative:     0.00333[s] n_calls: 754482, From last output:     0.00561[s] n_calls:  6134
                    Move - Cumulative:     0.00335[s] n_calls: 754482, From last output:     0.00534[s] n_calls:  6134
                  Output - Cumulative:     0.07672[s] n_calls:   123, From last output:     0.10528[s] n_calls:     1
               Iteration - Cumulative:     0.06858[s] n_calls: 754482, From last output:     0.07352[s] n_calls:  6134

Total Execution Times: 51743.4[s], From last output: 450.95[s]
 
                  Search - Total:      448.52[s] =   0.87 %, From last output:        7.71[s] =   1.71 %
             - Search PP - Total:      332.04[s] =  74.03 %, From last output:        6.36[s] =  82.50 %
             -- Sorting, - Total:        1.46[s] =   0.44 %, From last output:        0.01[s] =   0.23 %
        -- BuildBVHTree, - Total:       87.30[s] =  26.29 %, From last output:        1.27[s] =  19.97 %
           -- Neighbors, - Total:      172.89[s] =  52.07 %, From last output:        3.62[s] =  56.90 %
             - Search PT - Total:      116.43[s] =  25.96 %, From last output:        1.35[s] =  17.49 %
         -- CheckActives - Total:        1.03[s] =   0.88 %, From last output:        0.01[s] =   0.71 %
          -- MarkActives - Total:        0.03[s] =   0.03 %, From last output:        0.00[s] =   0.01 %
          -- PushActives - Total:        1.26[s] =   1.08 %, From last output:        0.01[s] =   0.83 %
            -- UpdateBVH - Total:        2.98[s] =   2.56 %, From last output:        0.03[s] =   2.16 %
            -- Neighbors - Total:       37.53[s] =  32.24 %, From last output:        0.38[s] =  27.96 %
 
                 Overlap - Total:    46247.56[s] =  89.38 %, From last output:      375.93[s] =  83.36 %
                   Force - Total:     2508.92[s] =   4.85 %, From last output:       34.42[s] =   7.63 %
                    Move - Total:     2525.34[s] =   4.88 %, From last output:       32.75[s] =   7.26 %
                  Output - Total:        9.44[s] =   0.02 %, From last output:        0.11[s] =   0.02 %

Module Execution Times:

Total Module Execution Times: 0[s], From last output: 0[s]

Total Execution Times (All listed above):     51739.79[s] =  99.99 %
Total Execution Times (Unlisted):                 3.59[s] =   0.01 %

</message>
<info date="2025-10-27 14:01:33" up_time="14:30:27.697">
Issues found since last output!
 - Contacts overlap, an average of:
    0.00692% of contacts reached more than 2.5% overlap.
      collected in 95 timesteps totaling 1372032 contact overlaps

</info>
<message date="2025-10-27 14:01:33" up_time="14:30:27.808">
	File: 124
	Simulation time: 6.2

	N. Total Particles: 25671
	N. Enabled Particles: 19576
	N. Released Particles: 19895

	N. Enabled Elements: 0
	N. Released Elements: 0
	N. Particle Fragments: 0

	N. Triangles: 1438
	N. Triangle Nodes: 726

	N. Neighbors: 99446
		N. Particle Neighbors: 91971, RR: 0, RN: 0, NN: 91971
		N. Triangle Neighbors: 7475, TR: 0, TN: 7475
	N. Surface Contacts: 14407, particles: 12757, triangles: 1650
	N. Adhesion Contacts: 14438, particles: 12779, triangles: 1659
	Neighbor Contact Ratio: 3.447599

	Estimated Limits of Surface Velocity:
		                 Total - min:      6e+01 max:      7e+01 average:      6e+01
		            Boundaries - min:          3 max:          3 average:          3
		             Particles - min:      6e+01 max:      7e+01 average:      6e+01

	CPU:
		Memory Usage: 117 MB of 16055 MB
		Free Memory: 3129 MB

</message>
<message date="2025-10-27 14:01:33" up_time="14:30:27.810">
Execution Times:
Execution Times per Call:
 
                  Search - Cumulative:     0.01783[s] n_calls: 25580, From last output:     0.03518[s] n_calls:   216
               Search PP - Cumulative:     0.02173[s] n_calls: 15570, From last output:     0.04679[s] n_calls:   134
              -- Sorting - Cumulative:     0.00592[s] n_calls:   248, From last output:     0.00625[s] n_calls:     2
        -- BuildBVHTree, - Cumulative:     0.00569[s] n_calls: 15570, From last output:     0.00951[s] n_calls:   134
            -- Neighbors - Cumulative:     0.01133[s] n_calls: 15570, From last output:     0.02603[s] n_calls:   134
               Search PT - Cumulative:     0.01124[s] n_calls: 10473, From last output:     0.01564[s] n_calls:    85
         -- CheckActives - Cumulative:     0.00010[s] n_calls: 10473, From last output:     0.00012[s] n_calls:    85
          -- MarkActives - Cumulative:     0.00013[s] n_calls:   248, From last output:     0.00020[s] n_calls:     2
          -- PushActives - Cumulative:     0.00012[s] n_calls: 10473, From last output:     0.00014[s] n_calls:    85
            -- UpdateBVH - Cumulative:     0.00029[s] n_calls: 10473, From last output:     0.00034[s] n_calls:    85
            -- Neighbors - Cumulative:     0.00362[s] n_calls: 10473, From last output:     0.00420[s] n_calls:    85
 
                 Overlap - Cumulative:     0.06132[s] n_calls: 760616, From last output:     0.06368[s] n_calls:  6134
                   Force - Cumulative:     0.00335[s] n_calls: 760616, From last output:     0.00577[s] n_calls:  6134
                    Move - Cumulative:     0.00336[s] n_calls: 760616, From last output:     0.00542[s] n_calls:  6134
                  Output - Cumulative:     0.07700[s] n_calls:   124, From last output:     0.11153[s] n_calls:     1
               Iteration - Cumulative:     0.06864[s] n_calls: 760616, From last output:     0.07614[s] n_calls:  6134

Total Execution Times: 52210.4[s], From last output: 467.028[s]
 
                  Search - Total:      456.12[s] =   0.87 %, From last output:        7.60[s] =   1.63 %
             - Search PP - Total:      338.31[s] =  74.17 %, From last output:        6.27[s] =  82.50 %
             -- Sorting, - Total:        1.47[s] =   0.43 %, From last output:        0.01[s] =   0.20 %
        -- BuildBVHTree, - Total:       88.57[s] =  26.18 %, From last output:        1.27[s] =  20.32 %
           -- Neighbors, - Total:      176.38[s] =  52.13 %, From last output:        3.49[s] =  55.64 %
             - Search PT - Total:      117.76[s] =  25.82 %, From last output:        1.33[s] =  17.50 %
         -- CheckActives - Total:        1.04[s] =   0.88 %, From last output:        0.01[s] =   0.76 %
          -- MarkActives - Total:        0.03[s] =   0.03 %, From last output:        0.00[s] =   0.03 %
          -- PushActives - Total:        1.27[s] =   1.08 %, From last output:        0.01[s] =   0.92 %
            -- UpdateBVH - Total:        3.01[s] =   2.55 %, From last output:        0.03[s] =   2.20 %
            -- Neighbors - Total:       37.89[s] =  32.18 %, From last output:        0.36[s] =  26.88 %
 
                 Overlap - Total:    46638.20[s] =  89.33 %, From last output:      390.64[s] =  83.64 %
                   Force - Total:     2544.34[s] =   4.87 %, From last output:       35.41[s] =   7.58 %
                    Move - Total:     2558.57[s] =   4.90 %, From last output:       33.23[s] =   7.12 %
                  Output - Total:        9.55[s] =   0.02 %, From last output:        0.11[s] =   0.02 %

Module Execution Times:

Total Module Execution Times: 0[s], From last output: 0[s]

Total Execution Times (All listed above):     52206.78[s] =  99.99 %
Total Execution Times (Unlisted):                 3.62[s] =   0.01 %

</message>
<info date="2025-10-27 14:09:11" up_time="14:38:6.48">
Issues found since last output!
 - Contacts overlap, an average of:
    0.00697% of contacts reached more than 2.5% overlap.
      collected in 117 timesteps totaling 1677841 contact overlaps

</info>
<message date="2025-10-27 14:09:12" up_time="14:38:6.202">
	File: 125
	Simulation time: 6.25

	N. Total Particles: 25671
	N. Enabled Particles: 19734
	N. Released Particles: 20054

	N. Enabled Elements: 0
	N. Released Elements: 0
	N. Particle Fragments: 0

	N. Triangles: 1438
	N. Triangle Nodes: 726

	N. Neighbors: 100523
		N. Particle Neighbors: 93145, RR: 0, RN: 0, NN: 93145
		N. Triangle Neighbors: 7378, TR: 0, TN: 7378
	N. Surface Contacts: 14474, particles: 12775, triangles: 1699
	N. Adhesion Contacts: 14497, particles: 12793, triangles: 1704
	Neighbor Contact Ratio: 3.469780

	Estimated Limits of Surface Velocity:
		                 Total - min:      6e+01 max:      7e+01 average:      6e+01
		            Boundaries - min:          3 max:          3 average:          3
		             Particles - min:      6e+01 max:      7e+01 average:      6e+01

	CPU:
		Memory Usage: 117 MB of 16055 MB
		Free Memory: 3133 MB

</message>
<message date="2025-10-27 14:09:12" up_time="14:38:6.203">
Execution Times:
Execution Times per Call:
 
                  Search - Cumulative:     0.01797[s] n_calls: 25795, From last output:     0.03483[s] n_calls:   215
               Search PP - Cumulative:     0.02194[s] n_calls: 15703, From last output:     0.04641[s] n_calls:   133
              -- Sorting - Cumulative:     0.00593[s] n_calls:   250, From last output:     0.00706[s] n_calls:     2
        -- BuildBVHTree, - Cumulative:     0.00572[s] n_calls: 15703, From last output:     0.00929[s] n_calls:   133
            -- Neighbors - Cumulative:     0.01145[s] n_calls: 15703, From last output:     0.02607[s] n_calls:   133
               Search PT - Cumulative:     0.01128[s] n_calls: 10558, From last output:     0.01548[s] n_calls:    85
         -- CheckActives - Cumulative:     0.00010[s] n_calls: 10558, From last output:     0.00011[s] n_calls:    85
          -- MarkActives - Cumulative:     0.00013[s] n_calls:   250, From last output:     0.00012[s] n_calls:     2
          -- PushActives - Cumulative:     0.00012[s] n_calls: 10558, From last output:     0.00012[s] n_calls:    85
            -- UpdateBVH - Cumulative:     0.00029[s] n_calls: 10558, From last output:     0.00032[s] n_calls:    85
            -- Neighbors - Cumulative:     0.00362[s] n_calls: 10558, From last output:     0.00425[s] n_calls:    85
 
                 Overlap - Cumulative:     0.06133[s] n_calls: 766750, From last output:     0.06241[s] n_calls:  6134
                   Force - Cumulative:     0.00336[s] n_calls: 766750, From last output:     0.00582[s] n_calls:  6134
                    Move - Cumulative:     0.00338[s] n_calls: 766750, From last output:     0.00524[s] n_calls:  6134
                  Output - Cumulative:     0.07762[s] n_calls:   125, From last output:     0.15431[s] n_calls:     1
               Iteration - Cumulative:     0.06869[s] n_calls: 766750, From last output:     0.07473[s] n_calls:  6134

Total Execution Times: 52668.8[s], From last output: 458.371[s]
 
                  Search - Total:      463.61[s] =   0.88 %, From last output:        7.49[s] =   1.63 %
             - Search PP - Total:      344.48[s] =  74.30 %, From last output:        6.17[s] =  82.43 %
             -- Sorting, - Total:        1.48[s] =   0.43 %, From last output:        0.01[s] =   0.23 %
        -- BuildBVHTree, - Total:       89.81[s] =  26.07 %, From last output:        1.24[s] =  20.01 %
           -- Neighbors, - Total:      179.84[s] =  52.21 %, From last output:        3.47[s] =  56.16 %
             - Search PT - Total:      119.08[s] =  25.68 %, From last output:        1.32[s] =  17.57 %
         -- CheckActives - Total:        1.05[s] =   0.88 %, From last output:        0.01[s] =   0.73 %
          -- MarkActives - Total:        0.03[s] =   0.03 %, From last output:        0.00[s] =   0.02 %
          -- PushActives - Total:        1.28[s] =   1.08 %, From last output:        0.01[s] =   0.79 %
            -- UpdateBVH - Total:        3.04[s] =   2.55 %, From last output:        0.03[s] =   2.04 %
            -- Neighbors - Total:       38.25[s] =  32.13 %, From last output:        0.36[s] =  27.46 %
 
                 Overlap - Total:    47021.05[s] =  89.28 %, From last output:      382.85[s] =  83.52 %
                   Force - Total:     2580.03[s] =   4.90 %, From last output:       35.69[s] =   7.79 %
                    Move - Total:     2590.73[s] =   4.92 %, From last output:       32.16[s] =   7.02 %
                  Output - Total:        9.70[s] =   0.02 %, From last output:        0.15[s] =   0.03 %

Module Execution Times:

Total Module Execution Times: 0[s], From last output: 0[s]

Total Execution Times (All listed above):     52665.12[s] =  99.99 %
Total Execution Times (Unlisted):                 3.66[s] =   0.01 %

</message>
<info date="2025-10-27 14:17:10" up_time="14:46:4.962">
Issues found since last output!
 - Contacts overlap, an average of:
    0.00691% of contacts reached more than 2.5% overlap.
      collected in 167 timesteps totaling 2461705 contact overlaps

</info>
<message date="2025-10-27 14:17:11" up_time="14:46:5.78">
	File: 126
	Simulation time: 6.3

	N. Total Particles: 25671
	N. Enabled Particles: 19890
	N. Released Particles: 20216

	N. Enabled Elements: 0
	N. Released Elements: 0
	N. Particle Fragments: 0

	N. Triangles: 1438
	N. Triangle Nodes: 726

	N. Neighbors: 102508
		N. Particle Neighbors: 94607, RR: 0, RN: 0, NN: 94607
		N. Triangle Neighbors: 7901, TR: 0, TN: 7901
	N. Surface Contacts: 15211, particles: 13510, triangles: 1701
	N. Adhesion Contacts: 15233, particles: 13525, triangles: 1708
	Neighbor Contact Ratio: 3.367100

	Estimated Limits of Surface Velocity:
		                 Total - min:      6e+01 max:      7e+01 average:      6e+01
		            Boundaries - min:          3 max:          3 average:          3
		             Particles - min:      6e+01 max:      7e+01 average:      6e+01

	CPU:
		Memory Usage: 117 MB of 16055 MB
		Free Memory: 3272 MB

</message>
<message date="2025-10-27 14:17:11" up_time="14:46:5.79">
Execution Times:
Execution Times per Call:
 
                  Search - Cumulative:     0.01812[s] n_calls: 26003, From last output:     0.03695[s] n_calls:   208
               Search PP - Cumulative:     0.02216[s] n_calls: 15835, From last output:     0.04819[s] n_calls:   132
              -- Sorting - Cumulative:     0.00594[s] n_calls:   252, From last output:     0.00681[s] n_calls:     2
        -- BuildBVHTree, - Cumulative:     0.00575[s] n_calls: 15835, From last output:     0.00969[s] n_calls:   132
            -- Neighbors - Cumulative:     0.01158[s] n_calls: 15835, From last output:     0.02685[s] n_calls:   132
               Search PT - Cumulative:     0.01131[s] n_calls: 10641, From last output:     0.01597[s] n_calls:    83
         -- CheckActives - Cumulative:     0.00010[s] n_calls: 10641, From last output:     0.00011[s] n_calls:    83
          -- MarkActives - Cumulative:     0.00013[s] n_calls:   252, From last output:     0.00009[s] n_calls:     2
          -- PushActives - Cumulative:     0.00012[s] n_calls: 10641, From last output:     0.00012[s] n_calls:    83
            -- UpdateBVH - Cumulative:     0.00029[s] n_calls: 10641, From last output:     0.00033[s] n_calls:    83
            -- Neighbors - Cumulative:     0.00363[s] n_calls: 10641, From last output:     0.00448[s] n_calls:    83
 
                 Overlap - Cumulative:     0.06136[s] n_calls: 772884, From last output:     0.06531[s] n_calls:  6134
                   Force - Cumulative:     0.00339[s] n_calls: 772884, From last output:     0.00596[s] n_calls:  6134
                    Move - Cumulative:     0.00340[s] n_calls: 772884, From last output:     0.00552[s] n_calls:  6134
                  Output - Cumulative:     0.07792[s] n_calls:   126, From last output:     0.11614[s] n_calls:     1
               Iteration - Cumulative:     0.06877[s] n_calls: 772884, From last output:     0.07807[s] n_calls:  6134

Total Execution Times: 53147.6[s], From last output: 478.854[s]
 
                  Search - Total:      471.30[s] =   0.89 %, From last output:        7.69[s] =   1.61 %
             - Search PP - Total:      350.84[s] =  74.44 %, From last output:        6.36[s] =  82.75 %
             -- Sorting, - Total:        1.50[s] =   0.43 %, From last output:        0.01[s] =   0.21 %
        -- BuildBVHTree, - Total:       91.09[s] =  25.96 %, From last output:        1.28[s] =  20.11 %
           -- Neighbors, - Total:      183.39[s] =  52.27 %, From last output:        3.54[s] =  55.72 %
             - Search PT - Total:      120.40[s] =  25.55 %, From last output:        1.33[s] =  17.24 %
         -- CheckActives - Total:        1.06[s] =   0.88 %, From last output:        0.01[s] =   0.69 %
          -- MarkActives - Total:        0.03[s] =   0.03 %, From last output:        0.00[s] =   0.01 %
          -- PushActives - Total:        1.29[s] =   1.07 %, From last output:        0.01[s] =   0.73 %
            -- UpdateBVH - Total:        3.06[s] =   2.54 %, From last output:        0.03[s] =   2.04 %
            -- Neighbors - Total:       38.63[s] =  32.08 %, From last output:        0.37[s] =  28.07 %
 
                 Overlap - Total:    47421.64[s] =  89.23 %, From last output:      400.59[s] =  83.66 %
                   Force - Total:     2616.60[s] =   4.92 %, From last output:       36.57[s] =   7.64 %
                    Move - Total:     2624.59[s] =   4.94 %, From last output:       33.86[s] =   7.07 %
                  Output - Total:        9.82[s] =   0.02 %, From last output:        0.12[s] =   0.02 %

Module Execution Times:

Total Module Execution Times: 0[s], From last output: 0[s]

Total Execution Times (All listed above):     53143.94[s] =  99.99 %
Total Execution Times (Unlisted):                 3.69[s] =   0.01 %

</message>
<info date="2025-10-27 14:32:57" up_time="15:1:51.377">
Issues found since last output!
 - Contacts overlap, an average of:
    0.00656% of contacts reached more than 2.5% overlap.
      collected in 161 timesteps totaling 2452955 contact overlaps

</info>
<message date="2025-10-27 14:32:57" up_time="15:1:51.568">
	File: 127
	Simulation time: 6.35

	N. Total Particles: 25671
	N. Enabled Particles: 20046
	N. Released Particles: 20376

	N. Enabled Elements: 0
	N. Released Elements: 0
	N. Particle Fragments: 0

	N. Triangles: 1438
	N. Triangle Nodes: 726

	N. Neighbors: 103811
		N. Particle Neighbors: 96297, RR: 0, RN: 0, NN: 96297
		N. Triangle Neighbors: 7514, TR: 0, TN: 7514
	N. Surface Contacts: 15090, particles: 13326, triangles: 1764
	N. Adhesion Contacts: 15126, particles: 13350, triangles: 1776
	Neighbor Contact Ratio: 3.435630

	Estimated Limits of Surface Velocity:
		                 Total - min:      6e+01 max:      7e+01 average:      6e+01
		            Boundaries - min:          3 max:          3 average:          3
		             Particles - min:      6e+01 max:      7e+01 average:      6e+01

	CPU:
		Memory Usage: 119 MB of 16055 MB
		Free Memory: 1707 MB

</message>
<message date="2025-10-27 14:32:57" up_time="15:1:51.570">
Execution Times:
Execution Times per Call:
 
                  Search - Cumulative:     0.01844[s] n_calls: 26213, From last output:     0.05738[s] n_calls:   210
               Search PP - Cumulative:     0.02260[s] n_calls: 15967, From last output:     0.07621[s] n_calls:   132
              -- Sorting - Cumulative:     0.00596[s] n_calls:   254, From last output:     0.00840[s] n_calls:     2
        -- BuildBVHTree, - Cumulative:     0.00583[s] n_calls: 15967, From last output:     0.01470[s] n_calls:   132
            -- Neighbors - Cumulative:     0.01185[s] n_calls: 15967, From last output:     0.04436[s] n_calls:   132
               Search PT - Cumulative:     0.01141[s] n_calls: 10724, From last output:     0.02398[s] n_calls:    83
         -- CheckActives - Cumulative:     0.00010[s] n_calls: 10724, From last output:     0.00016[s] n_calls:    83
          -- MarkActives - Cumulative:     0.00013[s] n_calls:   254, From last output:     0.00015[s] n_calls:     2
          -- PushActives - Cumulative:     0.00012[s] n_calls: 10724, From last output:     0.00017[s] n_calls:    83
            -- UpdateBVH - Cumulative:     0.00029[s] n_calls: 10724, From last output:     0.00046[s] n_calls:    83
            -- Neighbors - Cumulative:     0.00366[s] n_calls: 10724, From last output:     0.00757[s] n_calls:    83
 
                 Overlap - Cumulative:     0.06194[s] n_calls: 779018, From last output:     0.13501[s] n_calls:  6134
                   Force - Cumulative:     0.00343[s] n_calls: 779018, From last output:     0.00910[s] n_calls:  6134
                    Move - Cumulative:     0.00343[s] n_calls: 779018, From last output:     0.00819[s] n_calls:  6134
                  Output - Cumulative:     0.07881[s] n_calls:   127, From last output:     0.19115[s] n_calls:     1
               Iteration - Cumulative:     0.06944[s] n_calls: 779018, From last output:     0.15430[s] n_calls:  6134

Total Execution Times: 54094.1[s], From last output: 946.468[s]
 
                  Search - Total:      483.35[s] =   0.89 %, From last output:       12.05[s] =   1.27 %
             - Search PP - Total:      360.90[s] =  74.67 %, From last output:       10.06[s] =  83.48 %
             -- Sorting, - Total:        1.51[s] =   0.42 %, From last output:        0.02[s] =   0.17 %
        -- BuildBVHTree, - Total:       93.03[s] =  25.78 %, From last output:        1.94[s] =  19.30 %
           -- Neighbors, - Total:      189.24[s] =  52.44 %, From last output:        5.86[s] =  58.21 %
             - Search PT - Total:      122.39[s] =  25.32 %, From last output:        1.99[s] =  16.52 %
         -- CheckActives - Total:        1.07[s] =   0.87 %, From last output:        0.01[s] =   0.67 %
          -- MarkActives - Total:        0.03[s] =   0.03 %, From last output:        0.00[s] =   0.02 %
          -- PushActives - Total:        1.31[s] =   1.07 %, From last output:        0.01[s] =   0.69 %
            -- UpdateBVH - Total:        3.10[s] =   2.53 %, From last output:        0.04[s] =   1.92 %
            -- Neighbors - Total:       39.25[s] =  32.07 %, From last output:        0.63[s] =  31.56 %
 
                 Overlap - Total:    48249.78[s] =  89.20 %, From last output:      828.14[s] =  87.50 %
                   Force - Total:     2672.42[s] =   4.94 %, From last output:       55.83[s] =   5.90 %
                    Move - Total:     2674.81[s] =   4.94 %, From last output:       50.22[s] =   5.31 %
                  Output - Total:       10.01[s] =   0.02 %, From last output:        0.19[s] =   0.02 %

Module Execution Times:

Total Module Execution Times: 0[s], From last output: 0[s]

Total Execution Times (All listed above):     54090.37[s] =  99.99 %
Total Execution Times (Unlisted):                 3.73[s] =   0.01 %

</message>
<info date="2025-10-27 15:06:18" up_time="15:35:12.862">
Issues found since last output!
 - Contacts overlap, an average of:
    0.00634% of contacts reached more than 2.5% overlap.
      collected in 210 timesteps totaling 3311237 contact overlaps

</info>
<message date="2025-10-27 15:06:19" up_time="15:35:13.102">
	File: 128
	Simulation time: 6.4

	N. Total Particles: 25671
	N. Enabled Particles: 20206
	N. Released Particles: 20537

	N. Enabled Elements: 0
	N. Released Elements: 0
	N. Particle Fragments: 0

	N. Triangles: 1438
	N. Triangle Nodes: 726

	N. Neighbors: 105579
		N. Particle Neighbors: 97948, RR: 0, RN: 0, NN: 97948
		N. Triangle Neighbors: 7631, TR: 0, TN: 7631
	N. Surface Contacts: 15963, particles: 14168, triangles: 1795
	N. Adhesion Contacts: 15991, particles: 14191, triangles: 1800
	Neighbor Contact Ratio: 3.304093

	Estimated Limits of Surface Velocity:
		                 Total - min:      6e+01 max:      7e+01 average:      6e+01
		            Boundaries - min:          3 max:          3 average:          3
		             Particles - min:      6e+01 max:      7e+01 average:      6e+01

	CPU:
		Memory Usage: 120 MB of 16055 MB
		Free Memory: 1789 MB

</message>
<message date="2025-10-27 15:06:19" up_time="15:35:13.108">
Execution Times:
Execution Times per Call:
 
                  Search - Cumulative:     0.01880[s] n_calls: 26427, From last output:     0.06314[s] n_calls:   214
               Search PP - Cumulative:     0.02311[s] n_calls: 16098, From last output:     0.08529[s] n_calls:   131
              -- Sorting - Cumulative:     0.00601[s] n_calls:   256, From last output:     0.01235[s] n_calls:     2
        -- BuildBVHTree, - Cumulative:     0.00591[s] n_calls: 16098, From last output:     0.01654[s] n_calls:   131
            -- Neighbors - Cumulative:     0.01216[s] n_calls: 16098, From last output:     0.04968[s] n_calls:   131
               Search PT - Cumulative:     0.01154[s] n_calls: 10809, From last output:     0.02752[s] n_calls:    85
         -- CheckActives - Cumulative:     0.00010[s] n_calls: 10809, From last output:     0.00017[s] n_calls:    85
          -- MarkActives - Cumulative:     0.00013[s] n_calls:   256, From last output:     0.00018[s] n_calls:     2
          -- PushActives - Cumulative:     0.00012[s] n_calls: 10809, From last output:     0.00021[s] n_calls:    85
            -- UpdateBVH - Cumulative:     0.00029[s] n_calls: 10809, From last output:     0.00053[s] n_calls:    85
            -- Neighbors - Cumulative:     0.00370[s] n_calls: 10809, From last output:     0.00849[s] n_calls:    85
 
                 Overlap - Cumulative:     0.06383[s] n_calls: 785152, From last output:     0.30373[s] n_calls:  6134
                   Force - Cumulative:     0.00349[s] n_calls: 785152, From last output:     0.01066[s] n_calls:  6134
                    Move - Cumulative:     0.00348[s] n_calls: 785152, From last output:     0.00966[s] n_calls:  6134
                  Output - Cumulative:     0.08007[s] n_calls:   128, From last output:     0.23914[s] n_calls:     1
               Iteration - Cumulative:     0.07145[s] n_calls: 785152, From last output:     0.32630[s] n_calls:  6134

Total Execution Times: 56095.6[s], From last output: 2001.51[s]
 
                  Search - Total:      496.86[s] =   0.89 %, From last output:       13.51[s] =   0.68 %
             - Search PP - Total:      372.08[s] =  74.89 %, From last output:       11.17[s] =  82.68 %
             -- Sorting, - Total:        1.54[s] =   0.41 %, From last output:        0.02[s] =   0.22 %
        -- BuildBVHTree, - Total:       95.20[s] =  25.58 %, From last output:        2.17[s] =  19.39 %
           -- Neighbors, - Total:      195.75[s] =  52.61 %, From last output:        6.51[s] =  58.25 %
             - Search PT - Total:      124.73[s] =  25.10 %, From last output:        2.34[s] =  17.31 %
         -- CheckActives - Total:        1.08[s] =   0.87 %, From last output:        0.01[s] =   0.60 %
          -- MarkActives - Total:        0.03[s] =   0.03 %, From last output:        0.00[s] =   0.02 %
          -- PushActives - Total:        1.33[s] =   1.06 %, From last output:        0.02[s] =   0.78 %
            -- UpdateBVH - Total:        3.15[s] =   2.52 %, From last output:        0.04[s] =   1.92 %
            -- Neighbors - Total:       39.98[s] =  32.05 %, From last output:        0.72[s] =  30.86 %
 
                 Overlap - Total:    50112.85[s] =  89.33 %, From last output:     1863.07[s] =  93.08 %
                   Force - Total:     2737.83[s] =   4.88 %, From last output:       65.41[s] =   3.27 %
                    Move - Total:     2734.04[s] =   4.87 %, From last output:       59.23[s] =   2.96 %
                  Output - Total:       10.25[s] =   0.02 %, From last output:        0.24[s] =   0.01 %

Module Execution Times:

Total Module Execution Times: 0[s], From last output: 0[s]

Total Execution Times (All listed above):     56091.83[s] =  99.99 %
Total Execution Times (Unlisted):                 3.78[s] =   0.01 %

</message>
<info date="2025-10-27 17:00:31" up_time="17:29:25.169">
Issues found since last output!
 - Contacts overlap, an average of:
    0.0062% of contacts reached more than 2.5% overlap.
      collected in 121 timesteps totaling 1952279 contact overlaps

</info>
<message date="2025-10-27 17:00:31" up_time="17:29:25.297">
	File: 129
	Simulation time: 6.45

	N. Total Particles: 25671
	N. Enabled Particles: 20365
	N. Released Particles: 20698

	N. Enabled Elements: 0
	N. Released Elements: 0
	N. Particle Fragments: 0

	N. Triangles: 1438
	N. Triangle Nodes: 726

	N. Neighbors: 106949
		N. Particle Neighbors: 99224, RR: 0, RN: 0, NN: 99224
		N. Triangle Neighbors: 7725, TR: 0, TN: 7725
	N. Surface Contacts: 16549, particles: 14700, triangles: 1849
	N. Adhesion Contacts: 16572, particles: 14722, triangles: 1850
	Neighbor Contact Ratio: 3.229039

	Estimated Limits of Surface Velocity:
		                 Total - min:      6e+01 max:      7e+01 average:      7e+01
		            Boundaries - min:          3 max:          3 average:          3
		             Particles - min:      6e+01 max:      7e+01 average:      7e+01

	CPU:
		Memory Usage: 133 MB of 16055 MB
		Free Memory: 2062 MB

</message>
<message date="2025-10-27 17:00:31" up_time="17:29:25.298">
Execution Times:
Execution Times per Call:
 
                  Search - Cumulative:     0.01910[s] n_calls: 26650, From last output:     0.05436[s] n_calls:   223
               Search PP - Cumulative:     0.02354[s] n_calls: 16235, From last output:     0.07318[s] n_calls:   137
              -- Sorting - Cumulative:     0.00607[s] n_calls:   258, From last output:     0.01392[s] n_calls:     2
        -- BuildBVHTree, - Cumulative:     0.00598[s] n_calls: 16235, From last output:     0.01431[s] n_calls:   137
            -- Neighbors - Cumulative:     0.01241[s] n_calls: 16235, From last output:     0.04156[s] n_calls:   137
               Search PT - Cumulative:     0.01164[s] n_calls: 10898, From last output:     0.02355[s] n_calls:    89
         -- CheckActives - Cumulative:     0.00010[s] n_calls: 10898, From last output:     0.00015[s] n_calls:    89
          -- MarkActives - Cumulative:     0.00013[s] n_calls:   258, From last output:     0.00014[s] n_calls:     2
          -- PushActives - Cumulative:     0.00012[s] n_calls: 10898, From last output:     0.00018[s] n_calls:    89
            -- UpdateBVH - Cumulative:     0.00029[s] n_calls: 10898, From last output:     0.00048[s] n_calls:    89
            -- Neighbors - Cumulative:     0.00373[s] n_calls: 10898, From last output:     0.00718[s] n_calls:    89
 
                 Overlap - Cumulative:     0.07184[s] n_calls: 791286, From last output:     1.09707[s] n_calls:  6134
                   Force - Cumulative:     0.00353[s] n_calls: 791286, From last output:     0.00942[s] n_calls:  6134
                    Move - Cumulative:     0.00352[s] n_calls: 791286, From last output:     0.00859[s] n_calls:  6134
                  Output - Cumulative:     0.08044[s] n_calls:   129, From last output:     0.12796[s] n_calls:     1
               Iteration - Cumulative:     0.07955[s] n_calls: 791286, From last output:     1.11708[s] n_calls:  6134

Total Execution Times: 62947.8[s], From last output: 6852.17[s]
 
                  Search - Total:      508.98[s] =   0.81 %, From last output:       12.12[s] =   0.18 %
             - Search PP - Total:      382.10[s] =  75.07 %, From last output:       10.03[s] =  82.71 %
             -- Sorting, - Total:        1.57[s] =   0.41 %, From last output:        0.03[s] =   0.28 %
        -- BuildBVHTree, - Total:       97.16[s] =  25.43 %, From last output:        1.96[s] =  19.55 %
           -- Neighbors, - Total:      201.45[s] =  52.72 %, From last output:        5.69[s] =  56.79 %
             - Search PT - Total:      126.83[s] =  24.92 %, From last output:        2.10[s] =  17.29 %
         -- CheckActives - Total:        1.10[s] =   0.87 %, From last output:        0.01[s] =   0.65 %
          -- MarkActives - Total:        0.03[s] =   0.03 %, From last output:        0.00[s] =   0.01 %
          -- PushActives - Total:        1.34[s] =   1.06 %, From last output:        0.02[s] =   0.75 %
            -- UpdateBVH - Total:        3.19[s] =   2.51 %, From last output:        0.04[s] =   2.03 %
            -- Neighbors - Total:       40.61[s] =  32.02 %, From last output:        0.64[s] =  30.48 %
 
                 Overlap - Total:    56842.25[s] =  90.30 %, From last output:     6729.40[s] =  98.21 %
                   Force - Total:     2795.61[s] =   4.44 %, From last output:       57.79[s] =   0.84 %
                    Move - Total:     2786.73[s] =   4.43 %, From last output:       52.69[s] =   0.77 %
                  Output - Total:       10.38[s] =   0.02 %, From last output:        0.13[s] =   0.00 %

Module Execution Times:

Total Module Execution Times: 0[s], From last output: 0[s]

Total Execution Times (All listed above):     62943.95[s] =  99.99 %
Total Execution Times (Unlisted):                 3.82[s] =   0.01 %

</message>
<info date="2025-10-27 17:43:34" up_time="18:12:28.178">
Issues found since last output!
 - Contacts overlap, an average of:
    0.00599% of contacts reached more than 2.5% overlap.
      collected in 147 timesteps totaling 2454906 contact overlaps

</info>
<message date="2025-10-27 17:43:34" up_time="18:12:28.266">
	File: 130
	Simulation time: 6.5

	N. Total Particles: 25671
	N. Enabled Particles: 20523
	N. Released Particles: 20857

	N. Enabled Elements: 0
	N. Released Elements: 0
	N. Particle Fragments: 0

	N. Triangles: 1438
	N. Triangle Nodes: 726

	N. Neighbors: 108548
		N. Particle Neighbors: 100861, RR: 0, RN: 0, NN: 100861
		N. Triangle Neighbors: 7687, TR: 0, TN: 7687
	N. Surface Contacts: 17202, particles: 15294, triangles: 1908
	N. Adhesion Contacts: 17227, particles: 15312, triangles: 1915
	Neighbor Contact Ratio: 3.152807

	Estimated Limits of Surface Velocity:
		                 Total - min:      6e+01 max:      7e+01 average:      7e+01
		            Boundaries - min:          3 max:          3 average:          3
		             Particles - min:      6e+01 max:      7e+01 average:      7e+01

	CPU:
		Memory Usage: 123 MB of 16055 MB
		Free Memory: 2520 MB

</message>
<message date="2025-10-27 17:43:34" up_time="18:12:28.268">
Execution Times:
Execution Times per Call:
 
                  Search - Cumulative:     0.01929[s] n_calls: 26875, From last output:     0.04148[s] n_calls:   225
               Search PP - Cumulative:     0.02381[s] n_calls: 16374, From last output:     0.05573[s] n_calls:   139
              -- Sorting - Cumulative:     0.00609[s] n_calls:   260, From last output:     0.00804[s] n_calls:     2
        -- BuildBVHTree, - Cumulative:     0.00603[s] n_calls: 16374, From last output:     0.01108[s] n_calls:   139
            -- Neighbors - Cumulative:     0.01257[s] n_calls: 16374, From last output:     0.03159[s] n_calls:   139
               Search PT - Cumulative:     0.01169[s] n_calls: 10987, From last output:     0.01782[s] n_calls:    89
         -- CheckActives - Cumulative:     0.00010[s] n_calls: 10987, From last output:     0.00012[s] n_calls:    89
          -- MarkActives - Cumulative:     0.00013[s] n_calls:   260, From last output:     0.00015[s] n_calls:     2
          -- PushActives - Cumulative:     0.00012[s] n_calls: 10987, From last output:     0.00015[s] n_calls:    89
            -- UpdateBVH - Cumulative:     0.00029[s] n_calls: 10987, From last output:     0.00038[s] n_calls:    89
            -- Neighbors - Cumulative:     0.00373[s] n_calls: 10987, From last output:     0.00471[s] n_calls:    89
 
                 Overlap - Cumulative:     0.07440[s] n_calls: 797420, From last output:     0.40529[s] n_calls:  6134
                   Force - Cumulative:     0.00356[s] n_calls: 797420, From last output:     0.00729[s] n_calls:  6134
                    Move - Cumulative:     0.00355[s] n_calls: 797420, From last output:     0.00697[s] n_calls:  6134
                  Output - Cumulative:     0.08050[s] n_calls:   130, From last output:     0.08855[s] n_calls:     1
               Iteration - Cumulative:     0.08218[s] n_calls: 797420, From last output:     0.42109[s] n_calls:  6134

Total Execution Times: 65530.7[s], From last output: 2582.95[s]
 
                  Search - Total:      518.32[s] =   0.79 %, From last output:        9.33[s] =   0.36 %
             - Search PP - Total:      389.85[s] =  75.21 %, From last output:        7.75[s] =  83.00 %
             -- Sorting, - Total:        1.58[s] =   0.41 %, From last output:        0.02[s] =   0.21 %
        -- BuildBVHTree, - Total:       98.70[s] =  25.32 %, From last output:        1.54[s] =  19.88 %
           -- Neighbors, - Total:      205.84[s] =  52.80 %, From last output:        4.39[s] =  56.69 %
             - Search PT - Total:      128.41[s] =  24.78 %, From last output:        1.59[s] =  16.99 %
         -- CheckActives - Total:        1.11[s] =   0.86 %, From last output:        0.01[s] =   0.68 %
          -- MarkActives - Total:        0.03[s] =   0.03 %, From last output:        0.00[s] =   0.02 %
          -- PushActives - Total:        1.35[s] =   1.05 %, From last output:        0.01[s] =   0.83 %
            -- UpdateBVH - Total:        3.22[s] =   2.51 %, From last output:        0.03[s] =   2.11 %
            -- Neighbors - Total:       41.03[s] =  31.95 %, From last output:        0.42[s] =  26.43 %
 
                 Overlap - Total:    59328.32[s] =  90.54 %, From last output:     2486.07[s] =  96.25 %
                   Force - Total:     2840.31[s] =   4.33 %, From last output:       44.69[s] =   1.73 %
                    Move - Total:     2829.46[s] =   4.32 %, From last output:       42.73[s] =   1.65 %
                  Output - Total:       10.46[s] =   0.02 %, From last output:        0.09[s] =   0.00 %

Module Execution Times:

Total Module Execution Times: 0[s], From last output: 0[s]

Total Execution Times (All listed above):     65526.87[s] =  99.99 %
Total Execution Times (Unlisted):                 3.86[s] =   0.01 %

</message>
<info date="2025-10-27 17:52:46" up_time="18:21:40.152">
Issues found since last output!
 - Contacts overlap, an average of:
    0.00596% of contacts reached more than 2.5% overlap.
      collected in 170 timesteps totaling 2967969 contact overlaps

</info>
<message date="2025-10-27 17:52:46" up_time="18:21:40.265">
	File: 131
	Simulation time: 6.55

	N. Total Particles: 25671
	N. Enabled Particles: 20681
	N. Released Particles: 21019

	N. Enabled Elements: 0
	N. Released Elements: 0
	N. Particle Fragments: 0

	N. Triangles: 1438
	N. Triangle Nodes: 726

	N. Neighbors: 109953
		N. Particle Neighbors: 102220, RR: 0, RN: 0, NN: 102220
		N. Triangle Neighbors: 7733, TR: 0, TN: 7733
	N. Surface Contacts: 17149, particles: 15249, triangles: 1900
	N. Adhesion Contacts: 17184, particles: 15274, triangles: 1910
	Neighbor Contact Ratio: 3.202546

	Estimated Limits of Surface Velocity:
		                 Total - min:      6e+01 max:      7e+01 average:      7e+01
		            Boundaries - min:          3 max:          3 average:          3
		             Particles - min:      6e+01 max:      7e+01 average:      7e+01

	CPU:
		Memory Usage: 123 MB of 16055 MB
		Free Memory: 2590 MB

</message>
<message date="2025-10-27 17:52:46" up_time="18:21:40.266">
Execution Times:
Execution Times per Call:
 
                  Search - Cumulative:     0.01944[s] n_calls: 27096, From last output:     0.03779[s] n_calls:   221
               Search PP - Cumulative:     0.02403[s] n_calls: 16510, From last output:     0.05073[s] n_calls:   136
              -- Sorting - Cumulative:     0.00609[s] n_calls:   262, From last output:     0.00721[s] n_calls:     2
        -- BuildBVHTree, - Cumulative:     0.00606[s] n_calls: 16510, From last output:     0.01023[s] n_calls:   136
            -- Neighbors - Cumulative:     0.01270[s] n_calls: 16510, From last output:     0.02817[s] n_calls:   136
               Search PT - Cumulative:     0.01172[s] n_calls: 11077, From last output:     0.01613[s] n_calls:    90
         -- CheckActives - Cumulative:     0.00010[s] n_calls: 11077, From last output:     0.00011[s] n_calls:    90
          -- MarkActives - Cumulative:     0.00013[s] n_calls:   262, From last output:     0.00012[s] n_calls:     2
          -- PushActives - Cumulative:     0.00012[s] n_calls: 11077, From last output:     0.00013[s] n_calls:    90
            -- UpdateBVH - Cumulative:     0.00029[s] n_calls: 11077, From last output:     0.00034[s] n_calls:    90
            -- Neighbors - Cumulative:     0.00374[s] n_calls: 11077, From last output:     0.00440[s] n_calls:    90
 
                 Overlap - Cumulative:     0.07441[s] n_calls: 803554, From last output:     0.07602[s] n_calls:  6134
                   Force - Cumulative:     0.00359[s] n_calls: 803554, From last output:     0.00676[s] n_calls:  6134
                    Move - Cumulative:     0.00357[s] n_calls: 803554, From last output:     0.00582[s] n_calls:  6134
                  Output - Cumulative:     0.08075[s] n_calls:   131, From last output:     0.11278[s] n_calls:     1
               Iteration - Cumulative:     0.08224[s] n_calls: 803554, From last output:     0.08999[s] n_calls:  6134

Total Execution Times: 66082.7[s], From last output: 551.982[s]
 
                  Search - Total:      526.67[s] =   0.80 %, From last output:        8.35[s] =   1.51 %
             - Search PP - Total:      396.75[s] =  75.33 %, From last output:        6.90[s] =  82.61 %
             -- Sorting, - Total:        1.60[s] =   0.40 %, From last output:        0.01[s] =   0.21 %
        -- BuildBVHTree, - Total:      100.09[s] =  25.23 %, From last output:        1.39[s] =  20.16 %
           -- Neighbors, - Total:      209.67[s] =  52.85 %, From last output:        3.83[s] =  55.54 %
             - Search PT - Total:      129.86[s] =  24.66 %, From last output:        1.45[s] =  17.38 %
         -- CheckActives - Total:        1.12[s] =   0.86 %, From last output:        0.01[s] =   0.70 %
          -- MarkActives - Total:        0.03[s] =   0.03 %, From last output:        0.00[s] =   0.02 %
          -- PushActives - Total:        1.37[s] =   1.05 %, From last output:        0.01[s] =   0.81 %
            -- UpdateBVH - Total:        3.25[s] =   2.50 %, From last output:        0.03[s] =   2.14 %
            -- Neighbors - Total:       41.43[s] =  31.90 %, From last output:        0.40[s] =  27.28 %
 
                 Overlap - Total:    59794.64[s] =  90.48 %, From last output:      466.32[s] =  84.48 %
                   Force - Total:     2881.77[s] =   4.36 %, From last output:       41.46[s] =   7.51 %
                    Move - Total:     2865.16[s] =   4.34 %, From last output:       35.70[s] =   6.47 %
                  Output - Total:       10.58[s] =   0.02 %, From last output:        0.11[s] =   0.02 %

Module Execution Times:

Total Module Execution Times: 0[s], From last output: 0[s]

Total Execution Times (All listed above):     66078.82[s] =  99.99 %
Total Execution Times (Unlisted):                 3.89[s] =   0.01 %

</message>
<info date="2025-10-27 18:02:27" up_time="18:31:21.811">
Issues found since last output!
 - Contacts overlap, an average of:
    0.00558% of contacts reached more than 2.5% overlap.
      collected in 132 timesteps totaling 2363657 contact overlaps

</info>
<message date="2025-10-27 18:02:27" up_time="18:31:21.919">
	File: 132
	Simulation time: 6.6

	N. Total Particles: 25671
	N. Enabled Particles: 20836
	N. Released Particles: 21178

	N. Enabled Elements: 0
	N. Released Elements: 0
	N. Particle Fragments: 0

	N. Triangles: 1438
	N. Triangle Nodes: 726

	N. Neighbors: 111521
		N. Particle Neighbors: 103693, RR: 0, RN: 0, NN: 103693
		N. Triangle Neighbors: 7828, TR: 0, TN: 7828
	N. Surface Contacts: 18158, particles: 16186, triangles: 1972
	N. Adhesion Contacts: 18184, particles: 16208, triangles: 1976
	Neighbor Contact Ratio: 3.068653

	Estimated Limits of Surface Velocity:
		                 Total - min:      6e+01 max:      7e+01 average:      7e+01
		            Boundaries - min:          3 max:          3 average:          3
		             Particles - min:      6e+01 max:      7e+01 average:      7e+01

	CPU:
		Memory Usage: 124 MB of 16055 MB
		Free Memory: 1323 MB

</message>
<message date="2025-10-27 18:02:27" up_time="18:31:21.920">
Execution Times:
Execution Times per Call:
 
                  Search - Cumulative:     0.01959[s] n_calls: 27316, From last output:     0.03903[s] n_calls:   220
               Search PP - Cumulative:     0.02426[s] n_calls: 16646, From last output:     0.05228[s] n_calls:   136
              -- Sorting - Cumulative:     0.00610[s] n_calls:   264, From last output:     0.00676[s] n_calls:     2
        -- BuildBVHTree, - Cumulative:     0.00609[s] n_calls: 16646, From last output:     0.01006[s] n_calls:   136
            -- Neighbors - Cumulative:     0.01284[s] n_calls: 16646, From last output:     0.02951[s] n_calls:   136
               Search PT - Cumulative:     0.01176[s] n_calls: 11165, From last output:     0.01677[s] n_calls:    88
         -- CheckActives - Cumulative:     0.00010[s] n_calls: 11165, From last output:     0.00013[s] n_calls:    88
          -- MarkActives - Cumulative:     0.00013[s] n_calls:   264, From last output:     0.00010[s] n_calls:     2
          -- PushActives - Cumulative:     0.00012[s] n_calls: 11165, From last output:     0.00014[s] n_calls:    88
            -- UpdateBVH - Cumulative:     0.00029[s] n_calls: 11165, From last output:     0.00038[s] n_calls:    88
            -- Neighbors - Cumulative:     0.00375[s] n_calls: 11165, From last output:     0.00450[s] n_calls:    88
 
                 Overlap - Cumulative:     0.07446[s] n_calls: 809688, From last output:     0.08019[s] n_calls:  6134
                   Force - Cumulative:     0.00361[s] n_calls: 809688, From last output:     0.00711[s] n_calls:  6134
                    Move - Cumulative:     0.00358[s] n_calls: 809688, From last output:     0.00610[s] n_calls:  6134
                  Output - Cumulative:     0.08096[s] n_calls:   132, From last output:     0.10856[s] n_calls:     1
               Iteration - Cumulative:     0.08233[s] n_calls: 809688, From last output:     0.09482[s] n_calls:  6134

Total Execution Times: 66664.3[s], From last output: 581.639[s]
 
                  Search - Total:      535.25[s] =   0.80 %, From last output:        8.59[s] =   1.48 %
             - Search PP - Total:      403.86[s] =  75.45 %, From last output:        7.11[s] =  82.81 %
             -- Sorting, - Total:        1.61[s] =   0.40 %, From last output:        0.01[s] =   0.19 %
        -- BuildBVHTree, - Total:      101.45[s] =  25.12 %, From last output:        1.37[s] =  19.24 %
           -- Neighbors, - Total:      213.68[s] =  52.91 %, From last output:        4.01[s] =  56.45 %
             - Search PT - Total:      131.34[s] =  24.54 %, From last output:        1.48[s] =  17.18 %
         -- CheckActives - Total:        1.13[s] =   0.86 %, From last output:        0.01[s] =   0.76 %
          -- MarkActives - Total:        0.03[s] =   0.03 %, From last output:        0.00[s] =   0.01 %
          -- PushActives - Total:        1.38[s] =   1.05 %, From last output:        0.01[s] =   0.86 %
            -- UpdateBVH - Total:        3.29[s] =   2.50 %, From last output:        0.03[s] =   2.28 %
            -- Neighbors - Total:       41.83[s] =  31.85 %, From last output:        0.40[s] =  26.86 %
 
                 Overlap - Total:    60286.52[s] =  90.43 %, From last output:      491.89[s] =  84.57 %
                   Force - Total:     2925.39[s] =   4.39 %, From last output:       43.62[s] =   7.50 %
                    Move - Total:     2902.57[s] =   4.35 %, From last output:       37.40[s] =   6.43 %
                  Output - Total:       10.69[s] =   0.02 %, From last output:        0.11[s] =   0.02 %

Module Execution Times:

Total Module Execution Times: 0[s], From last output: 0[s]

Total Execution Times (All listed above):     66660.42[s] =  99.99 %
Total Execution Times (Unlisted):                 3.92[s] =   0.01 %

</message>
<info date="2025-10-27 18:12:15" up_time="18:41:9.118">
Issues found since last output!
 - Contacts overlap, an average of:
    0.00553% of contacts reached more than 2.5% overlap.
      collected in 193 timesteps totaling 3491112 contact overlaps

</info>
<message date="2025-10-27 18:12:15" up_time="18:41:9.234">
	File: 133
	Simulation time: 6.65

	N. Total Particles: 25671
	N. Enabled Particles: 20994
	N. Released Particles: 21339

	N. Enabled Elements: 0
	N. Released Elements: 0
	N. Particle Fragments: 0

	N. Triangles: 1438
	N. Triangle Nodes: 726

	N. Neighbors: 113286
		N. Particle Neighbors: 105502, RR: 0, RN: 0, NN: 105502
		N. Triangle Neighbors: 7784, TR: 0, TN: 7784
	N. Surface Contacts: 18406, particles: 16445, triangles: 1961
	N. Adhesion Contacts: 18432, particles: 16465, triangles: 1967
	Neighbor Contact Ratio: 3.075248

	Estimated Limits of Surface Velocity:
		                 Total - min:      6e+01 max:      7e+01 average:      6e+01
		            Boundaries - min:          3 max:          3 average:          3
		             Particles - min:      6e+01 max:      7e+01 average:      6e+01

	CPU:
		Memory Usage: 124 MB of 16055 MB
		Free Memory: 1821 MB

</message>
<message date="2025-10-27 18:12:15" up_time="18:41:9.235">
Execution Times:
Execution Times per Call:
 
                  Search - Cumulative:     0.01975[s] n_calls: 27529, From last output:     0.03971[s] n_calls:   213
               Search PP - Cumulative:     0.02449[s] n_calls: 16779, From last output:     0.05275[s] n_calls:   133
              -- Sorting - Cumulative:     0.00610[s] n_calls:   266, From last output:     0.00571[s] n_calls:     2
        -- BuildBVHTree, - Cumulative:     0.00613[s] n_calls: 16779, From last output:     0.01004[s] n_calls:   133
            -- Neighbors - Cumulative:     0.01297[s] n_calls: 16779, From last output:     0.03008[s] n_calls:   133
               Search PT - Cumulative:     0.01180[s] n_calls: 11250, From last output:     0.01697[s] n_calls:    85
         -- CheckActives - Cumulative:     0.00010[s] n_calls: 11250, From last output:     0.00012[s] n_calls:    85
          -- MarkActives - Cumulative:     0.00013[s] n_calls:   266, From last output:     0.00010[s] n_calls:     2
          -- PushActives - Cumulative:     0.00012[s] n_calls: 11250, From last output:     0.00013[s] n_calls:    85
            -- UpdateBVH - Cumulative:     0.00029[s] n_calls: 11250, From last output:     0.00035[s] n_calls:    85
            -- Neighbors - Cumulative:     0.00375[s] n_calls: 11250, From last output:     0.00458[s] n_calls:    85
 
                 Overlap - Cumulative:     0.07451[s] n_calls: 815822, From last output:     0.08104[s] n_calls:  6134
                   Force - Cumulative:     0.00364[s] n_calls: 815822, From last output:     0.00740[s] n_calls:  6134
                    Move - Cumulative:     0.00360[s] n_calls: 815822, From last output:     0.00590[s] n_calls:  6134
                  Output - Cumulative:     0.08122[s] n_calls:   133, From last output:     0.11546[s] n_calls:     1
               Iteration - Cumulative:     0.08243[s] n_calls: 815822, From last output:     0.09574[s] n_calls:  6134

Total Execution Times: 67251.6[s], From last output: 587.299[s]
 
                  Search - Total:      543.71[s] =   0.81 %, From last output:        8.46[s] =   1.44 %
             - Search PP - Total:      410.87[s] =  75.57 %, From last output:        7.02[s] =  82.94 %
             -- Sorting, - Total:        1.62[s] =   0.39 %, From last output:        0.01[s] =   0.16 %
        -- BuildBVHTree, - Total:      102.79[s] =  25.02 %, From last output:        1.34[s] =  19.04 %
           -- Neighbors, - Total:      217.68[s] =  52.98 %, From last output:        4.00[s] =  57.03 %
             - Search PT - Total:      132.78[s] =  24.42 %, From last output:        1.44[s] =  17.05 %
         -- CheckActives - Total:        1.14[s] =   0.86 %, From last output:        0.01[s] =   0.68 %
          -- MarkActives - Total:        0.03[s] =   0.03 %, From last output:        0.00[s] =   0.01 %
          -- PushActives - Total:        1.39[s] =   1.05 %, From last output:        0.01[s] =   0.79 %
            -- UpdateBVH - Total:        3.32[s] =   2.50 %, From last output:        0.03[s] =   2.04 %
            -- Neighbors - Total:       42.21[s] =  31.79 %, From last output:        0.39[s] =  26.96 %
 
                 Overlap - Total:    60783.64[s] =  90.38 %, From last output:      497.12[s] =  84.65 %
                   Force - Total:     2970.77[s] =   4.42 %, From last output:       45.38[s] =   7.73 %
                    Move - Total:     2938.76[s] =   4.37 %, From last output:       36.19[s] =   6.16 %
                  Output - Total:       10.80[s] =   0.02 %, From last output:        0.12[s] =   0.02 %

Module Execution Times:

Total Module Execution Times: 0[s], From last output: 0[s]

Total Execution Times (All listed above):     67247.69[s] =  99.99 %
Total Execution Times (Unlisted):                 3.96[s] =   0.01 %

</message>
<info date="2025-10-27 18:21:44" up_time="18:50:38.206">
Issues found since last output!
 - Contacts overlap, an average of:
    0.00579% of contacts reached more than 2.5% overlap.
      collected in 127 timesteps totaling 2313644 contact overlaps

</info>
<message date="2025-10-27 18:21:44" up_time="18:50:38.330">
	File: 134
	Simulation time: 6.7

	N. Total Particles: 25671
	N. Enabled Particles: 21152
	N. Released Particles: 21501

	N. Enabled Elements: 0
	N. Released Elements: 0
	N. Particle Fragments: 0

	N. Triangles: 1438
	N. Triangle Nodes: 726

	N. Neighbors: 115037
		N. Particle Neighbors: 107183, RR: 0, RN: 0, NN: 107183
		N. Triangle Neighbors: 7854, TR: 0, TN: 7854
	N. Surface Contacts: 18172, particles: 16233, triangles: 1939
	N. Adhesion Contacts: 18202, particles: 16256, triangles: 1946
	Neighbor Contact Ratio: 3.162616

	Estimated Limits of Surface Velocity:
		                 Total - min:      6e+01 max:      7e+01 average:      6e+01
		            Boundaries - min:          3 max:          3 average:          3
		             Particles - min:      6e+01 max:      7e+01 average:      6e+01

	CPU:
		Memory Usage: 121 MB of 16055 MB
		Free Memory: 2462 MB

</message>
<message date="2025-10-27 18:21:44" up_time="18:50:38.332">
Execution Times:
Execution Times per Call:
 
                  Search - Cumulative:     0.01989[s] n_calls: 27743, From last output:     0.03816[s] n_calls:   214
               Search PP - Cumulative:     0.02470[s] n_calls: 16911, From last output:     0.05148[s] n_calls:   132
              -- Sorting - Cumulative:     0.00613[s] n_calls:   268, From last output:     0.01000[s] n_calls:     2
        -- BuildBVHTree, - Cumulative:     0.00616[s] n_calls: 16911, From last output:     0.00999[s] n_calls:   132
            -- Neighbors - Cumulative:     0.01310[s] n_calls: 16911, From last output:     0.02900[s] n_calls:   132
               Search PT - Cumulative:     0.01184[s] n_calls: 11335, From last output:     0.01612[s] n_calls:    85
         -- CheckActives - Cumulative:     0.00010[s] n_calls: 11335, From last output:     0.00011[s] n_calls:    85
          -- MarkActives - Cumulative:     0.00013[s] n_calls:   268, From last output:     0.00012[s] n_calls:     2
          -- PushActives - Cumulative:     0.00012[s] n_calls: 11335, From last output:     0.00013[s] n_calls:    85
            -- UpdateBVH - Cumulative:     0.00030[s] n_calls: 11335, From last output:     0.00034[s] n_calls:    85
            -- Neighbors - Cumulative:     0.00376[s] n_calls: 11335, From last output:     0.00435[s] n_calls:    85
 
                 Overlap - Cumulative:     0.07454[s] n_calls: 821956, From last output:     0.07853[s] n_calls:  6134
                   Force - Cumulative:     0.00367[s] n_calls: 821956, From last output:     0.00736[s] n_calls:  6134
                    Move - Cumulative:     0.00362[s] n_calls: 821956, From last output:     0.00552[s] n_calls:  6134
                  Output - Cumulative:     0.08154[s] n_calls:   134, From last output:     0.12413[s] n_calls:     1
               Iteration - Cumulative:     0.08251[s] n_calls: 821956, From last output:     0.09277[s] n_calls:  6134

Total Execution Times: 67820.7[s], From last output: 569.081[s]
 
                  Search - Total:      551.88[s] =   0.81 %, From last output:        8.17[s] =   1.44 %
             - Search PP - Total:      417.67[s] =  75.68 %, From last output:        6.80[s] =  83.22 %
             -- Sorting, - Total:        1.64[s] =   0.39 %, From last output:        0.02[s] =   0.29 %
        -- BuildBVHTree, - Total:      104.11[s] =  24.93 %, From last output:        1.32[s] =  19.41 %
           -- Neighbors, - Total:      221.51[s] =  53.04 %, From last output:        3.83[s] =  56.32 %
             - Search PT - Total:      134.15[s] =  24.31 %, From last output:        1.37[s] =  16.78 %
         -- CheckActives - Total:        1.15[s] =   0.86 %, From last output:        0.01[s] =   0.71 %
          -- MarkActives - Total:        0.03[s] =   0.03 %, From last output:        0.00[s] =   0.02 %
          -- PushActives - Total:        1.40[s] =   1.04 %, From last output:        0.01[s] =   0.80 %
            -- UpdateBVH - Total:        3.34[s] =   2.49 %, From last output:        0.03[s] =   2.12 %
            -- Neighbors - Total:       42.58[s] =  31.74 %, From last output:        0.37[s] =  26.99 %
 
                 Overlap - Total:    61265.37[s] =  90.33 %, From last output:      481.73[s] =  84.65 %
                   Force - Total:     3015.91[s] =   4.45 %, From last output:       45.14[s] =   7.93 %
                    Move - Total:     2972.64[s] =   4.38 %, From last output:       33.89[s] =   5.95 %
                  Output - Total:       10.93[s] =   0.02 %, From last output:        0.12[s] =   0.02 %

Module Execution Times:

Total Module Execution Times: 0[s], From last output: 0[s]

Total Execution Times (All listed above):     67816.74[s] =  99.99 %
Total Execution Times (Unlisted):                 3.99[s] =   0.01 %

</message>
<info date="2025-10-27 18:30:54" up_time="18:59:48.414">
Issues found since last output!
 - Contacts overlap, an average of:
    0.00545% of contacts reached more than 2.5% overlap.
      collected in 81 timesteps totaling 1485502 contact overlaps

</info>
<message date="2025-10-27 18:30:54" up_time="18:59:48.520">
	File: 135
	Simulation time: 6.75

	N. Total Particles: 25671
	N. Enabled Particles: 21310
	N. Released Particles: 21661

	N. Enabled Elements: 0
	N. Released Elements: 0
	N. Particle Fragments: 0

	N. Triangles: 1438
	N. Triangle Nodes: 726

	N. Neighbors: 116611
		N. Particle Neighbors: 108741, RR: 0, RN: 0, NN: 108741
		N. Triangle Neighbors: 7870, TR: 0, TN: 7870
	N. Surface Contacts: 18740, particles: 16803, triangles: 1937
	N. Adhesion Contacts: 18781, particles: 16832, triangles: 1949
	Neighbor Contact Ratio: 3.107886

	Estimated Limits of Surface Velocity:
		                 Total - min:      6e+01 max:      7e+01 average:      6e+01
		            Boundaries - min:          3 max:          3 average:          3
		             Particles - min:      6e+01 max:      7e+01 average:      6e+01

	CPU:
		Memory Usage: 121 MB of 16055 MB
		Free Memory: 3357 MB

</message>
<message date="2025-10-27 18:30:54" up_time="18:59:48.521">
Execution Times:
Execution Times per Call:
 
                  Search - Cumulative:     0.02002[s] n_calls: 27946, From last output:     0.03795[s] n_calls:   203
               Search PP - Cumulative:     0.02489[s] n_calls: 17038, From last output:     0.05046[s] n_calls:   127
              -- Sorting - Cumulative:     0.00613[s] n_calls:   270, From last output:     0.00705[s] n_calls:     2
        -- BuildBVHTree, - Cumulative:     0.00618[s] n_calls: 17038, From last output:     0.00979[s] n_calls:   127
            -- Neighbors - Cumulative:     0.01321[s] n_calls: 17038, From last output:     0.02866[s] n_calls:   127
               Search PT - Cumulative:     0.01186[s] n_calls: 11416, From last output:     0.01599[s] n_calls:    81
         -- CheckActives - Cumulative:     0.00010[s] n_calls: 11416, From last output:     0.00011[s] n_calls:    81
          -- MarkActives - Cumulative:     0.00013[s] n_calls:   270, From last output:     0.00011[s] n_calls:     2
          -- PushActives - Cumulative:     0.00012[s] n_calls: 11416, From last output:     0.00011[s] n_calls:    81
            -- UpdateBVH - Cumulative:     0.00030[s] n_calls: 11416, From last output:     0.00029[s] n_calls:    81
            -- Neighbors - Cumulative:     0.00376[s] n_calls: 11416, From last output:     0.00448[s] n_calls:    81
 
                 Overlap - Cumulative:     0.07455[s] n_calls: 828090, From last output:     0.07593[s] n_calls:  6134
                   Force - Cumulative:     0.00370[s] n_calls: 828090, From last output:     0.00735[s] n_calls:  6134
                    Move - Cumulative:     0.00363[s] n_calls: 828090, From last output:     0.00513[s] n_calls:  6134
                  Output - Cumulative:     0.08172[s] n_calls:   135, From last output:     0.10685[s] n_calls:     1
               Iteration - Cumulative:     0.08256[s] n_calls: 828090, From last output:     0.08969[s] n_calls:  6134

Total Execution Times: 68370.9[s], From last output: 550.175[s]
 
                  Search - Total:      559.58[s] =   0.82 %, From last output:        7.70[s] =   1.40 %
             - Search PP - Total:      424.08[s] =  75.78 %, From last output:        6.41[s] =  83.19 %
             -- Sorting, - Total:        1.66[s] =   0.39 %, From last output:        0.01[s] =   0.22 %
        -- BuildBVHTree, - Total:      105.35[s] =  24.84 %, From last output:        1.24[s] =  19.41 %
           -- Neighbors, - Total:      225.15[s] =  53.09 %, From last output:        3.64[s] =  56.80 %
             - Search PT - Total:      135.45[s] =  24.21 %, From last output:        1.29[s] =  16.81 %
         -- CheckActives - Total:        1.16[s] =   0.86 %, From last output:        0.01[s] =   0.67 %
          -- MarkActives - Total:        0.03[s] =   0.03 %, From last output:        0.00[s] =   0.02 %
          -- PushActives - Total:        1.41[s] =   1.04 %, From last output:        0.01[s] =   0.70 %
            -- UpdateBVH - Total:        3.37[s] =   2.49 %, From last output:        0.02[s] =   1.84 %
            -- Neighbors - Total:       42.95[s] =  31.71 %, From last output:        0.36[s] =  28.00 %
 
                 Overlap - Total:    61731.15[s] =  90.29 %, From last output:      465.78[s] =  84.66 %
                   Force - Total:     3061.02[s] =   4.48 %, From last output:       45.11[s] =   8.20 %
                    Move - Total:     3004.09[s] =   4.39 %, From last output:       31.45[s] =   5.72 %
                  Output - Total:       11.03[s] =   0.02 %, From last output:        0.11[s] =   0.02 %

Module Execution Times:

Total Module Execution Times: 0[s], From last output: 0[s]

Total Execution Times (All listed above):     68366.88[s] =  99.99 %
Total Execution Times (Unlisted):                 4.02[s] =   0.01 %

</message>
<info date="2025-10-27 19:52:13" up_time="20:21:7.611">
Issues found since last output!
 - Contacts overlap, an average of:
    0.00525% of contacts reached more than 2.5% overlap.
      collected in 149 timesteps totaling 2837168 contact overlaps

</info>
<message date="2025-10-27 19:52:13" up_time="20:21:7.749">
	File: 136
	Simulation time: 6.8

	N. Total Particles: 25671
	N. Enabled Particles: 21465
	N. Released Particles: 21820

	N. Enabled Elements: 0
	N. Released Elements: 0
	N. Particle Fragments: 0

	N. Triangles: 1438
	N. Triangle Nodes: 726

	N. Neighbors: 117787
		N. Particle Neighbors: 110026, RR: 0, RN: 0, NN: 110026
		N. Triangle Neighbors: 7761, TR: 0, TN: 7761
	N. Surface Contacts: 19204, particles: 17230, triangles: 1974
	N. Adhesion Contacts: 19237, particles: 17254, triangles: 1983
	Neighbor Contact Ratio: 3.064098

	Estimated Limits of Surface Velocity:
		                 Total - min:      6e+01 max:      7e+01 average:      6e+01
		            Boundaries - min:          3 max:          3 average:          3
		             Particles - min:      6e+01 max:      7e+01 average:      6e+01

	CPU:
		Memory Usage: 123 MB of 16055 MB
		Free Memory: 2598 MB

</message>
<message date="2025-10-27 19:52:13" up_time="20:21:7.751">
Execution Times:
Execution Times per Call:
 
                  Search - Cumulative:     0.02020[s] n_calls: 28153, From last output:     0.04393[s] n_calls:   207
               Search PP - Cumulative:     0.02515[s] n_calls: 17167, From last output:     0.05888[s] n_calls:   129
              -- Sorting - Cumulative:     0.00613[s] n_calls:   272, From last output:     0.00588[s] n_calls:     2
        -- BuildBVHTree, - Cumulative:     0.00622[s] n_calls: 17167, From last output:     0.01121[s] n_calls:   129
            -- Neighbors - Cumulative:     0.01337[s] n_calls: 17167, From last output:     0.03372[s] n_calls:   129
               Search PT - Cumulative:     0.01191[s] n_calls: 11498, From last output:     0.01827[s] n_calls:    82
         -- CheckActives - Cumulative:     0.00010[s] n_calls: 11498, From last output:     0.00013[s] n_calls:    82
          -- MarkActives - Cumulative:     0.00013[s] n_calls:   272, From last output:     0.00010[s] n_calls:     2
          -- PushActives - Cumulative:     0.00012[s] n_calls: 11498, From last output:     0.00016[s] n_calls:    82
            -- UpdateBVH - Cumulative:     0.00030[s] n_calls: 11498, From last output:     0.00040[s] n_calls:    82
            -- Neighbors - Cumulative:     0.00377[s] n_calls: 11498, From last output:     0.00534[s] n_calls:    82
 
                 Overlap - Cumulative:     0.07973[s] n_calls: 834224, From last output:     0.77932[s] n_calls:  6134
                   Force - Cumulative:     0.00373[s] n_calls: 834224, From last output:     0.00827[s] n_calls:  6134
                    Move - Cumulative:     0.00365[s] n_calls: 834224, From last output:     0.00634[s] n_calls:  6134
                  Output - Cumulative:     0.08214[s] n_calls:   136, From last output:     0.13785[s] n_calls:     1
               Iteration - Cumulative:     0.08781[s] n_calls: 834224, From last output:     0.79544[s] n_calls:  6134

Total Execution Times: 73250.1[s], From last output: 4879.21[s]
 
                  Search - Total:      568.67[s] =   0.78 %, From last output:        9.09[s] =   0.19 %
             - Search PP - Total:      431.67[s] =  75.91 %, From last output:        7.59[s] =  83.52 %
             -- Sorting, - Total:        1.67[s] =   0.39 %, From last output:        0.01[s] =   0.15 %
        -- BuildBVHTree, - Total:      106.80[s] =  24.74 %, From last output:        1.45[s] =  19.05 %
           -- Neighbors, - Total:      229.50[s] =  53.17 %, From last output:        4.35[s] =  57.27 %
             - Search PT - Total:      136.95[s] =  24.08 %, From last output:        1.50[s] =  16.47 %
         -- CheckActives - Total:        1.17[s] =   0.85 %, From last output:        0.01[s] =   0.71 %
          -- MarkActives - Total:        0.04[s] =   0.03 %, From last output:        0.00[s] =   0.01 %
          -- PushActives - Total:        1.42[s] =   1.04 %, From last output:        0.01[s] =   0.85 %
            -- UpdateBVH - Total:        3.40[s] =   2.48 %, From last output:        0.03[s] =   2.20 %
            -- Neighbors - Total:       43.38[s] =  31.68 %, From last output:        0.44[s] =  29.22 %
 
                 Overlap - Total:    66511.49[s] =  90.80 %, From last output:     4780.34[s] =  97.97 %
                   Force - Total:     3111.74[s] =   4.25 %, From last output:       50.72[s] =   1.04 %
                    Move - Total:     3042.98[s] =   4.15 %, From last output:       38.89[s] =   0.80 %
                  Output - Total:       11.17[s] =   0.02 %, From last output:        0.14[s] =   0.00 %

Module Execution Times:

Total Module Execution Times: 0[s], From last output: 0[s]

Total Execution Times (All listed above):     73246.06[s] =  99.99 %
Total Execution Times (Unlisted):                 4.05[s] =   0.01 %

</message>
<info date="2025-10-27 20:02:30" up_time="20:31:24.576">
Issues found since last output!
 - Contacts overlap, an average of:
    0.00514% of contacts reached more than 2.5% overlap.
      collected in 179 timesteps totaling 3479137 contact overlaps

</info>
<message date="2025-10-27 20:02:30" up_time="20:31:24.719">
	File: 137
	Simulation time: 6.85

	N. Total Particles: 25671
	N. Enabled Particles: 21623
	N. Released Particles: 21981

	N. Enabled Elements: 0
	N. Released Elements: 0
	N. Particle Fragments: 0

	N. Triangles: 1438
	N. Triangle Nodes: 726

	N. Neighbors: 119045
		N. Particle Neighbors: 111288, RR: 0, RN: 0, NN: 111288
		N. Triangle Neighbors: 7757, TR: 0, TN: 7757
	N. Surface Contacts: 19644, particles: 17633, triangles: 2011
	N. Adhesion Contacts: 19679, particles: 17660, triangles: 2019
	Neighbor Contact Ratio: 3.027363

	Estimated Limits of Surface Velocity:
		                 Total - min:      6e+01 max:      7e+01 average:      6e+01
		            Boundaries - min:          3 max:          3 average:          3
		             Particles - min:      6e+01 max:      7e+01 average:      6e+01

	CPU:
		Memory Usage: 101 MB of 16055 MB
		Free Memory: 2346 MB

</message>
<message date="2025-10-27 20:02:30" up_time="20:31:24.722">
Execution Times:
Execution Times per Call:
 
                  Search - Cumulative:     0.02035[s] n_calls: 28365, From last output:     0.04053[s] n_calls:   212
               Search PP - Cumulative:     0.02537[s] n_calls: 17297, From last output:     0.05523[s] n_calls:   130
              -- Sorting - Cumulative:     0.00614[s] n_calls:   274, From last output:     0.00679[s] n_calls:     2
        -- BuildBVHTree, - Cumulative:     0.00625[s] n_calls: 17297, From last output:     0.01016[s] n_calls:   130
            -- Neighbors - Cumulative:     0.01350[s] n_calls: 17297, From last output:     0.03147[s] n_calls:   130
               Search PT - Cumulative:     0.01195[s] n_calls: 11582, From last output:     0.01682[s] n_calls:    84
         -- CheckActives - Cumulative:     0.00010[s] n_calls: 11582, From last output:     0.00014[s] n_calls:    84
          -- MarkActives - Cumulative:     0.00013[s] n_calls:   274, From last output:     0.00008[s] n_calls:     2
          -- PushActives - Cumulative:     0.00012[s] n_calls: 11582, From last output:     0.00017[s] n_calls:    84
            -- UpdateBVH - Cumulative:     0.00030[s] n_calls: 11582, From last output:     0.00039[s] n_calls:    84
            -- Neighbors - Cumulative:     0.00378[s] n_calls: 11582, From last output:     0.00448[s] n_calls:    84
 
                 Overlap - Cumulative:     0.07977[s] n_calls: 840358, From last output:     0.08543[s] n_calls:  6134
                   Force - Cumulative:     0.00376[s] n_calls: 840358, From last output:     0.00750[s] n_calls:  6134
                    Move - Cumulative:     0.00367[s] n_calls: 840358, From last output:     0.00622[s] n_calls:  6134
                  Output - Cumulative:     0.08257[s] n_calls:   137, From last output:     0.14224[s] n_calls:     1
               Iteration - Cumulative:     0.08790[s] n_calls: 840358, From last output:     0.10058[s] n_calls:  6134

Total Execution Times: 73867.1[s], From last output: 616.953[s]
 
                  Search - Total:      577.27[s] =   0.78 %, From last output:        8.59[s] =   1.39 %
             - Search PP - Total:      438.85[s] =  76.02 %, From last output:        7.18[s] =  83.55 %
             -- Sorting, - Total:        1.68[s] =   0.38 %, From last output:        0.01[s] =   0.19 %
        -- BuildBVHTree, - Total:      108.12[s] =  24.64 %, From last output:        1.32[s] =  18.40 %
           -- Neighbors, - Total:      233.59[s] =  53.23 %, From last output:        4.09[s] =  56.97 %
             - Search PT - Total:      138.36[s] =  23.97 %, From last output:        1.41[s] =  16.44 %
         -- CheckActives - Total:        1.18[s] =   0.85 %, From last output:        0.01[s] =   0.81 %
          -- MarkActives - Total:        0.04[s] =   0.03 %, From last output:        0.00[s] =   0.01 %
          -- PushActives - Total:        1.44[s] =   1.04 %, From last output:        0.01[s] =   1.03 %
            -- UpdateBVH - Total:        3.43[s] =   2.48 %, From last output:        0.03[s] =   2.32 %
            -- Neighbors - Total:       43.76[s] =  31.63 %, From last output:        0.38[s] =  26.64 %
 
                 Overlap - Total:    67035.49[s] =  90.75 %, From last output:      524.00[s] =  84.93 %
                   Force - Total:     3157.75[s] =   4.27 %, From last output:       46.01[s] =   7.46 %
                    Move - Total:     3081.16[s] =   4.17 %, From last output:       38.18[s] =   6.19 %
                  Output - Total:       11.31[s] =   0.02 %, From last output:        0.14[s] =   0.02 %

Module Execution Times:

Total Module Execution Times: 0[s], From last output: 0[s]

Total Execution Times (All listed above):     73862.98[s] =  99.99 %
Total Execution Times (Unlisted):                 4.09[s] =   0.01 %

</message>
<info date="2025-10-27 20:13:34" up_time="20:42:28.485">
Issues found since last output!
 - Contacts overlap, an average of:
    0.00504% of contacts reached more than 2.5% overlap.
      collected in 106 timesteps totaling 2101926 contact overlaps

</info>
<message date="2025-10-27 20:13:34" up_time="20:42:28.615">
	File: 138
	Simulation time: 6.9

	N. Total Particles: 25671
	N. Enabled Particles: 21781
	N. Released Particles: 22140

	N. Enabled Elements: 0
	N. Released Elements: 0
	N. Particle Fragments: 0

	N. Triangles: 1438
	N. Triangle Nodes: 726

	N. Neighbors: 120394
		N. Particle Neighbors: 112624, RR: 0, RN: 0, NN: 112624
		N. Triangle Neighbors: 7770, TR: 0, TN: 7770
	N. Surface Contacts: 19753, particles: 17755, triangles: 1998
	N. Adhesion Contacts: 19783, particles: 17781, triangles: 2002
	Neighbor Contact Ratio: 3.045174

	Estimated Limits of Surface Velocity:
		                 Total - min:      6e+01 max:      7e+01 average:      6e+01
		            Boundaries - min:          3 max:          3 average:          3
		             Particles - min:      6e+01 max:      7e+01 average:      6e+01

	CPU:
		Memory Usage: 98 MB of 16055 MB
		Free Memory: 2435 MB

</message>
<message date="2025-10-27 20:13:34" up_time="20:42:28.616">
Execution Times:
Execution Times per Call:
 
                  Search - Cumulative:     0.02051[s] n_calls: 28576, From last output:     0.04245[s] n_calls:   211
               Search PP - Cumulative:     0.02561[s] n_calls: 17426, From last output:     0.05774[s] n_calls:   129
              -- Sorting - Cumulative:     0.00616[s] n_calls:   276, From last output:     0.00947[s] n_calls:     2
        -- BuildBVHTree, - Cumulative:     0.00629[s] n_calls: 17426, From last output:     0.01098[s] n_calls:   129
            -- Neighbors - Cumulative:     0.01365[s] n_calls: 17426, From last output:     0.03262[s] n_calls:   129
               Search PT - Cumulative:     0.01199[s] n_calls: 11667, From last output:     0.01774[s] n_calls:    85
         -- CheckActives - Cumulative:     0.00010[s] n_calls: 11667, From last output:     0.00012[s] n_calls:    85
          -- MarkActives - Cumulative:     0.00013[s] n_calls:   276, From last output:     0.00014[s] n_calls:     2
          -- PushActives - Cumulative:     0.00012[s] n_calls: 11667, From last output:     0.00016[s] n_calls:    85
            -- UpdateBVH - Cumulative:     0.00030[s] n_calls: 11667, From last output:     0.00039[s] n_calls:    85
            -- Neighbors - Cumulative:     0.00379[s] n_calls: 11667, From last output:     0.00481[s] n_calls:    85
 
                 Overlap - Cumulative:     0.07986[s] n_calls: 846492, From last output:     0.09200[s] n_calls:  6134
                   Force - Cumulative:     0.00379[s] n_calls: 846492, From last output:     0.00798[s] n_calls:  6134
                    Move - Cumulative:     0.00369[s] n_calls: 846492, From last output:     0.00676[s] n_calls:  6134
                  Output - Cumulative:     0.08292[s] n_calls:   138, From last output:     0.12984[s] n_calls:     1
               Iteration - Cumulative:     0.08805[s] n_calls: 846492, From last output:     0.10823[s] n_calls:  6134

Total Execution Times: 74530.9[s], From last output: 663.878[s]
 
                  Search - Total:      586.22[s] =   0.79 %, From last output:        8.96[s] =   1.35 %
             - Search PP - Total:      446.30[s] =  76.13 %, From last output:        7.45[s] =  83.16 %
             -- Sorting, - Total:        1.70[s] =   0.38 %, From last output:        0.02[s] =   0.25 %
        -- BuildBVHTree, - Total:      109.54[s] =  24.54 %, From last output:        1.42[s] =  19.02 %
           -- Neighbors, - Total:      237.80[s] =  53.28 %, From last output:        4.21[s] =  56.49 %
             - Search PT - Total:      139.87[s] =  23.86 %, From last output:        1.51[s] =  16.84 %
         -- CheckActives - Total:        1.19[s] =   0.85 %, From last output:        0.01[s] =   0.70 %
          -- MarkActives - Total:        0.04[s] =   0.03 %, From last output:        0.00[s] =   0.02 %
          -- PushActives - Total:        1.45[s] =   1.04 %, From last output:        0.01[s] =   0.88 %
            -- UpdateBVH - Total:        3.47[s] =   2.48 %, From last output:        0.03[s] =   2.22 %
            -- Neighbors - Total:       44.17[s] =  31.58 %, From last output:        0.41[s] =  27.13 %
 
                 Overlap - Total:    67599.84[s] =  90.70 %, From last output:      564.35[s] =  85.01 %
                   Force - Total:     3206.72[s] =   4.30 %, From last output:       48.97[s] =   7.38 %
                    Move - Total:     3122.59[s] =   4.19 %, From last output:       41.44[s] =   6.24 %
                  Output - Total:       11.44[s] =   0.02 %, From last output:        0.13[s] =   0.02 %

Module Execution Times:

Total Module Execution Times: 0[s], From last output: 0[s]

Total Execution Times (All listed above):     74526.82[s] =  99.99 %
Total Execution Times (Unlisted):                 4.12[s] =   0.01 %

</message>
<info date="2025-10-27 20:24:47" up_time="20:53:41.689">
Issues found since last output!
 - Contacts overlap, an average of:
    0.00493% of contacts reached more than 2.5% overlap.
      collected in 136 timesteps totaling 2759240 contact overlaps

</info>
<message date="2025-10-27 20:24:47" up_time="20:53:41.815">
	File: 139
	Simulation time: 6.95

	N. Total Particles: 25671
	N. Enabled Particles: 21939
	N. Released Particles: 22303

	N. Enabled Elements: 0
	N. Released Elements: 0
	N. Particle Fragments: 0

	N. Triangles: 1438
	N. Triangle Nodes: 726

	N. Neighbors: 121976
		N. Particle Neighbors: 114096, RR: 0, RN: 0, NN: 114096
		N. Triangle Neighbors: 7880, TR: 0, TN: 7880
	N. Surface Contacts: 20481, particles: 18451, triangles: 2030
	N. Adhesion Contacts: 20510, particles: 18473, triangles: 2037
	Neighbor Contact Ratio: 2.975678

	Estimated Limits of Surface Velocity:
		                 Total - min:      6e+01 max:      7e+01 average:      6e+01
		            Boundaries - min:          3 max:          3 average:          3
		             Particles - min:      6e+01 max:      7e+01 average:      6e+01

	CPU:
		Memory Usage: 98 MB of 16055 MB
		Free Memory: 2483 MB

</message>
<message date="2025-10-27 20:24:47" up_time="20:53:41.816">
Execution Times:
Execution Times per Call:
 
                  Search - Cumulative:     0.02069[s] n_calls: 28794, From last output:     0.04337[s] n_calls:   218
               Search PP - Cumulative:     0.02587[s] n_calls: 17558, From last output:     0.05945[s] n_calls:   132
              -- Sorting - Cumulative:     0.00617[s] n_calls:   278, From last output:     0.00828[s] n_calls:     2
        -- BuildBVHTree, - Cumulative:     0.00632[s] n_calls: 17558, From last output:     0.01116[s] n_calls:   132
            -- Neighbors - Cumulative:     0.01380[s] n_calls: 17558, From last output:     0.03377[s] n_calls:   132
               Search PT - Cumulative:     0.01204[s] n_calls: 11755, From last output:     0.01826[s] n_calls:    88
         -- CheckActives - Cumulative:     0.00010[s] n_calls: 11755, From last output:     0.00013[s] n_calls:    88
          -- MarkActives - Cumulative:     0.00013[s] n_calls:   278, From last output:     0.00020[s] n_calls:     2
          -- PushActives - Cumulative:     0.00012[s] n_calls: 11755, From last output:     0.00014[s] n_calls:    88
            -- UpdateBVH - Cumulative:     0.00030[s] n_calls: 11755, From last output:     0.00037[s] n_calls:    88
            -- Neighbors - Cumulative:     0.00379[s] n_calls: 11755, From last output:     0.00487[s] n_calls:    88
 
                 Overlap - Cumulative:     0.07996[s] n_calls: 852626, From last output:     0.09330[s] n_calls:  6134
                   Force - Cumulative:     0.00382[s] n_calls: 852626, From last output:     0.00810[s] n_calls:  6134
                    Move - Cumulative:     0.00371[s] n_calls: 852626, From last output:     0.00677[s] n_calls:  6134
                  Output - Cumulative:     0.08323[s] n_calls:   139, From last output:     0.12629[s] n_calls:     1
               Iteration - Cumulative:     0.08820[s] n_calls: 852626, From last output:     0.10975[s] n_calls:  6134

Total Execution Times: 75204.1[s], From last output: 673.183[s]
 
                  Search - Total:      595.68[s] =   0.79 %, From last output:        9.46[s] =   1.40 %
             - Search PP - Total:      454.15[s] =  76.24 %, From last output:        7.85[s] =  83.00 %
             -- Sorting, - Total:        1.72[s] =   0.38 %, From last output:        0.02[s] =   0.21 %
        -- BuildBVHTree, - Total:      111.01[s] =  24.44 %, From last output:        1.47[s] =  18.76 %
           -- Neighbors, - Total:      242.26[s] =  53.34 %, From last output:        4.46[s] =  56.80 %
             - Search PT - Total:      141.47[s] =  23.75 %, From last output:        1.61[s] =  17.00 %
         -- CheckActives - Total:        1.20[s] =   0.85 %, From last output:        0.01[s] =   0.70 %
          -- MarkActives - Total:        0.04[s] =   0.03 %, From last output:        0.00[s] =   0.02 %
          -- PushActives - Total:        1.46[s] =   1.03 %, From last output:        0.01[s] =   0.78 %
            -- UpdateBVH - Total:        3.50[s] =   2.47 %, From last output:        0.03[s] =   2.05 %
            -- Neighbors - Total:       44.60[s] =  31.52 %, From last output:        0.43[s] =  26.64 %
 
                 Overlap - Total:    68172.16[s] =  90.65 %, From last output:      572.32[s] =  85.02 %
                   Force - Total:     3256.42[s] =   4.33 %, From last output:       49.71[s] =   7.38 %
                    Move - Total:     3164.13[s] =   4.21 %, From last output:       41.54[s] =   6.17 %
                  Output - Total:       11.57[s] =   0.02 %, From last output:        0.13[s] =   0.02 %

Module Execution Times:

Total Module Execution Times: 0[s], From last output: 0[s]

Total Execution Times (All listed above):     75199.97[s] =  99.99 %
Total Execution Times (Unlisted):                 4.15[s] =   0.01 %

</message>
<info date="2025-10-27 20:34:55" up_time="21:3:49.540">
Issues found since last output!
 - Contacts overlap, an average of:
    0.00488% of contacts reached more than 2.5% overlap.
      collected in 135 timesteps totaling 2765498 contact overlaps

</info>
<message date="2025-10-27 20:34:55" up_time="21:3:49.693">
	File: 140
	Simulation time: 7

	N. Total Particles: 25671
	N. Enabled Particles: 22095
	N. Released Particles: 22462

	N. Enabled Elements: 0
	N. Released Elements: 0
	N. Particle Fragments: 0

	N. Triangles: 1438
	N. Triangle Nodes: 726

	N. Neighbors: 123367
		N. Particle Neighbors: 115555, RR: 0, RN: 0, NN: 115555
		N. Triangle Neighbors: 7812, TR: 0, TN: 7812
	N. Surface Contacts: 20478, particles: 18449, triangles: 2029
	N. Adhesion Contacts: 20515, particles: 18475, triangles: 2040
	Neighbor Contact Ratio: 3.009465

	Estimated Limits of Surface Velocity:
		                 Total - min:      6e+01 max:      7e+01 average:      6e+01
		            Boundaries - min:          3 max:          3 average:          3
		             Particles - min:      6e+01 max:      7e+01 average:      6e+01

	CPU:
		Memory Usage: 98 MB of 16055 MB
		Free Memory: 3282 MB

</message>
<message date="2025-10-27 20:34:55" up_time="21:3:49.695">
Execution Times:
Execution Times per Call:
 
                  Search - Cumulative:     0.02082[s] n_calls: 29009, From last output:     0.03888[s] n_calls:   215
               Search PP - Cumulative:     0.02607[s] n_calls: 17690, From last output:     0.05294[s] n_calls:   132
              -- Sorting - Cumulative:     0.00618[s] n_calls:   280, From last output:     0.00745[s] n_calls:     2
        -- BuildBVHTree, - Cumulative:     0.00635[s] n_calls: 17690, From last output:     0.01028[s] n_calls:   132
            -- Neighbors - Cumulative:     0.01391[s] n_calls: 17690, From last output:     0.02950[s] n_calls:   132
               Search PT - Cumulative:     0.01206[s] n_calls: 11841, From last output:     0.01594[s] n_calls:    86
         -- CheckActives - Cumulative:     0.00010[s] n_calls: 11841, From last output:     0.00011[s] n_calls:    86
          -- MarkActives - Cumulative:     0.00013[s] n_calls:   280, From last output:     0.00008[s] n_calls:     2
          -- PushActives - Cumulative:     0.00012[s] n_calls: 11841, From last output:     0.00013[s] n_calls:    86
            -- UpdateBVH - Cumulative:     0.00030[s] n_calls: 11841, From last output:     0.00035[s] n_calls:    86
            -- Neighbors - Cumulative:     0.00380[s] n_calls: 11841, From last output:     0.00417[s] n_calls:    86
 
                 Overlap - Cumulative:     0.07999[s] n_calls: 858760, From last output:     0.08412[s] n_calls:  6134
                   Force - Cumulative:     0.00385[s] n_calls: 858760, From last output:     0.00791[s] n_calls:  6134
                    Move - Cumulative:     0.00373[s] n_calls: 858760, From last output:     0.00567[s] n_calls:  6134
                  Output - Cumulative:     0.08373[s] n_calls:   140, From last output:     0.15305[s] n_calls:     1
               Iteration - Cumulative:     0.08828[s] n_calls: 858760, From last output:     0.09910[s] n_calls:  6134

Total Execution Times: 75812[s], From last output: 607.863[s]
 
                  Search - Total:      604.04[s] =   0.80 %, From last output:        8.36[s] =   1.38 %
             - Search PP - Total:      461.14[s] =  76.34 %, From last output:        6.99[s] =  83.59 %
             -- Sorting, - Total:        1.73[s] =   0.38 %, From last output:        0.01[s] =   0.21 %
        -- BuildBVHTree, - Total:      112.37[s] =  24.37 %, From last output:        1.36[s] =  19.42 %
           -- Neighbors, - Total:      246.15[s] =  53.38 %, From last output:        3.89[s] =  55.72 %
             - Search PT - Total:      142.84[s] =  23.65 %, From last output:        1.37[s] =  16.40 %
         -- CheckActives - Total:        1.21[s] =   0.85 %, From last output:        0.01[s] =   0.71 %
          -- MarkActives - Total:        0.04[s] =   0.03 %, From last output:        0.00[s] =   0.01 %
          -- PushActives - Total:        1.47[s] =   1.03 %, From last output:        0.01[s] =   0.82 %
            -- UpdateBVH - Total:        3.53[s] =   2.47 %, From last output:        0.03[s] =   2.21 %
            -- Neighbors - Total:       44.96[s] =  31.47 %, From last output:        0.36[s] =  26.15 %
 
                 Overlap - Total:    68688.17[s] =  90.60 %, From last output:      516.01[s] =  84.89 %
                   Force - Total:     3304.95[s] =   4.36 %, From last output:       48.53[s] =   7.98 %
                    Move - Total:     3198.92[s] =   4.22 %, From last output:       34.79[s] =   5.72 %
                  Output - Total:       11.72[s] =   0.02 %, From last output:        0.15[s] =   0.03 %

Module Execution Times:

Total Module Execution Times: 0[s], From last output: 0[s]

Total Execution Times (All listed above):     75807.80[s] =  99.99 %
Total Execution Times (Unlisted):                 4.19[s] =   0.01 %

</message>
<info date="2025-10-27 20:46:29" up_time="21:15:23.222">
Issues found since last output!
 - Contacts overlap, an average of:
    0.00483% of contacts reached more than 2.5% overlap.
      collected in 95 timesteps totaling 1965614 contact overlaps

</info>
<message date="2025-10-27 20:46:29" up_time="21:15:23.421">
	File: 141
	Simulation time: 7.05

	N. Total Particles: 25671
	N. Enabled Particles: 22254
	N. Released Particles: 22623

	N. Enabled Elements: 0
	N. Released Elements: 0
	N. Particle Fragments: 0

	N. Triangles: 1438
	N. Triangle Nodes: 726

	N. Neighbors: 124794
		N. Particle Neighbors: 116904, RR: 0, RN: 0, NN: 116904
		N. Triangle Neighbors: 7890, TR: 0, TN: 7890
	N. Surface Contacts: 20884, particles: 18817, triangles: 2067
	N. Adhesion Contacts: 20912, particles: 18837, triangles: 2075
	Neighbor Contact Ratio: 2.985788

	Estimated Limits of Surface Velocity:
		                 Total - min:      6e+01 max:      7e+01 average:      6e+01
		            Boundaries - min:          3 max:          3 average:          3
		             Particles - min:      6e+01 max:      7e+01 average:      6e+01

	CPU:
		Memory Usage: 99 MB of 16055 MB
		Free Memory: 2659 MB

</message>
<message date="2025-10-27 20:46:29" up_time="21:15:23.423">
Execution Times:
Execution Times per Call:
 
                  Search - Cumulative:     0.02100[s] n_calls: 29227, From last output:     0.04420[s] n_calls:   218
               Search PP - Cumulative:     0.02632[s] n_calls: 17823, From last output:     0.06013[s] n_calls:   133
              -- Sorting - Cumulative:     0.00621[s] n_calls:   282, From last output:     0.00950[s] n_calls:     2
        -- BuildBVHTree, - Cumulative:     0.00639[s] n_calls: 17823, From last output:     0.01122[s] n_calls:   133
            -- Neighbors - Cumulative:     0.01407[s] n_calls: 17823, From last output:     0.03440[s] n_calls:   133
               Search PT - Cumulative:     0.01211[s] n_calls: 11928, From last output:     0.01883[s] n_calls:    87
         -- CheckActives - Cumulative:     0.00010[s] n_calls: 11928, From last output:     0.00012[s] n_calls:    87
          -- MarkActives - Cumulative:     0.00013[s] n_calls:   282, From last output:     0.00017[s] n_calls:     2
          -- PushActives - Cumulative:     0.00012[s] n_calls: 11928, From last output:     0.00014[s] n_calls:    87
            -- UpdateBVH - Cumulative:     0.00030[s] n_calls: 11928, From last output:     0.00039[s] n_calls:    87
            -- Neighbors - Cumulative:     0.00381[s] n_calls: 11928, From last output:     0.00499[s] n_calls:    87
 
                 Overlap - Cumulative:     0.08010[s] n_calls: 864894, From last output:     0.09624[s] n_calls:  6134
                   Force - Cumulative:     0.00388[s] n_calls: 864894, From last output:     0.00837[s] n_calls:  6134
                    Move - Cumulative:     0.00375[s] n_calls: 864894, From last output:     0.00687[s] n_calls:  6134
                  Output - Cumulative:     0.08455[s] n_calls:   141, From last output:     0.19937[s] n_calls:     1
               Iteration - Cumulative:     0.08846[s] n_calls: 864894, From last output:     0.11309[s] n_calls:  6134

Total Execution Times: 76505.7[s], From last output: 693.711[s]
 
                  Search - Total:      613.67[s] =   0.80 %, From last output:        9.64[s] =   1.39 %
             - Search PP - Total:      469.13[s] =  76.45 %, From last output:        8.00[s] =  82.99 %
             -- Sorting, - Total:        1.75[s] =   0.37 %, From last output:        0.02[s] =   0.24 %
        -- BuildBVHTree, - Total:      113.86[s] =  24.27 %, From last output:        1.49[s] =  18.65 %
           -- Neighbors, - Total:      250.72[s] =  53.44 %, From last output:        4.58[s] =  57.22 %
             - Search PT - Total:      144.48[s] =  23.54 %, From last output:        1.64[s] =  17.00 %
         -- CheckActives - Total:        1.22[s] =   0.85 %, From last output:        0.01[s] =   0.66 %
          -- MarkActives - Total:        0.04[s] =   0.03 %, From last output:        0.00[s] =   0.02 %
          -- PushActives - Total:        1.49[s] =   1.03 %, From last output:        0.01[s] =   0.73 %
            -- UpdateBVH - Total:        3.56[s] =   2.47 %, From last output:        0.03[s] =   2.06 %
            -- Neighbors - Total:       45.39[s] =  31.42 %, From last output:        0.43[s] =  26.52 %
 
                 Overlap - Total:    69278.49[s] =  90.55 %, From last output:      590.32[s] =  85.10 %
                   Force - Total:     3356.30[s] =   4.39 %, From last output:       51.35[s] =   7.40 %
                    Move - Total:     3241.09[s] =   4.24 %, From last output:       42.17[s] =   6.08 %
                  Output - Total:       11.92[s] =   0.02 %, From last output:        0.20[s] =   0.03 %

Module Execution Times:

Total Module Execution Times: 0[s], From last output: 0[s]

Total Execution Times (All listed above):     76501.47[s] =  99.99 %
Total Execution Times (Unlisted):                 4.22[s] =   0.01 %

</message>
<info date="2025-10-27 20:58:24" up_time="21:27:18.415">
Issues found since last output!
 - Contacts overlap, an average of:
    0.00471% of contacts reached more than 2.5% overlap.
      collected in 91 timesteps totaling 1931839 contact overlaps

</info>
<message date="2025-10-27 20:58:24" up_time="21:27:18.578">
	File: 142
	Simulation time: 7.1

	N. Total Particles: 25671
	N. Enabled Particles: 22412
	N. Released Particles: 22783

	N. Enabled Elements: 0
	N. Released Elements: 0
	N. Particle Fragments: 0

	N. Triangles: 1438
	N. Triangle Nodes: 726

	N. Neighbors: 126245
		N. Particle Neighbors: 118200, RR: 0, RN: 0, NN: 118200
		N. Triangle Neighbors: 8045, TR: 0, TN: 8045
	N. Surface Contacts: 21235, particles: 19078, triangles: 2157
	N. Adhesion Contacts: 21266, particles: 19099, triangles: 2167
	Neighbor Contact Ratio: 2.970401

	Estimated Limits of Surface Velocity:
		                 Total - min:      6e+01 max:      7e+01 average:      6e+01
		            Boundaries - min:          3 max:          3 average:          3
		             Particles - min:      6e+01 max:      7e+01 average:      6e+01

	CPU:
		Memory Usage: 98 MB of 16055 MB
		Free Memory: 2577 MB

</message>
<message date="2025-10-27 20:58:24" up_time="21:27:18.579">
Execution Times:
Execution Times per Call:
 
                  Search - Cumulative:     0.02117[s] n_calls: 29434, From last output:     0.04563[s] n_calls:   207
               Search PP - Cumulative:     0.02658[s] n_calls: 17952, From last output:     0.06165[s] n_calls:   129
              -- Sorting - Cumulative:     0.00623[s] n_calls:   284, From last output:     0.01006[s] n_calls:     2
        -- BuildBVHTree, - Cumulative:     0.00643[s] n_calls: 17952, From last output:     0.01183[s] n_calls:   129
            -- Neighbors - Cumulative:     0.01422[s] n_calls: 17952, From last output:     0.03496[s] n_calls:   129
               Search PT - Cumulative:     0.01215[s] n_calls: 12010, From last output:     0.01819[s] n_calls:    82
         -- CheckActives - Cumulative:     0.00010[s] n_calls: 12010, From last output:     0.00013[s] n_calls:    82
          -- MarkActives - Cumulative:     0.00013[s] n_calls:   284, From last output:     0.00010[s] n_calls:     2
          -- PushActives - Cumulative:     0.00012[s] n_calls: 12010, From last output:     0.00015[s] n_calls:    82
            -- UpdateBVH - Cumulative:     0.00030[s] n_calls: 12010, From last output:     0.00040[s] n_calls:    82
            -- Neighbors - Cumulative:     0.00381[s] n_calls: 12010, From last output:     0.00489[s] n_calls:    82
 
                 Overlap - Cumulative:     0.08024[s] n_calls: 871028, From last output:     0.09937[s] n_calls:  6134
                   Force - Cumulative:     0.00391[s] n_calls: 871028, From last output:     0.00862[s] n_calls:  6134
                    Move - Cumulative:     0.00377[s] n_calls: 871028, From last output:     0.00702[s] n_calls:  6134
                  Output - Cumulative:     0.08511[s] n_calls:   142, From last output:     0.16397[s] n_calls:     1
               Iteration - Cumulative:     0.08865[s] n_calls: 871028, From last output:     0.11659[s] n_calls:  6134

Total Execution Times: 77220.8[s], From last output: 715.139[s]
 
                  Search - Total:      623.12[s] =   0.81 %, From last output:        9.44[s] =   1.32 %
             - Search PP - Total:      477.09[s] =  76.56 %, From last output:        7.95[s] =  84.20 %
             -- Sorting, - Total:        1.77[s] =   0.37 %, From last output:        0.02[s] =   0.25 %
        -- BuildBVHTree, - Total:      115.38[s] =  24.19 %, From last output:        1.53[s] =  19.19 %
           -- Neighbors, - Total:      255.23[s] =  53.50 %, From last output:        4.51[s] =  56.70 %
             - Search PT - Total:      145.97[s] =  23.43 %, From last output:        1.49[s] =  15.79 %
         -- CheckActives - Total:        1.23[s] =   0.85 %, From last output:        0.01[s] =   0.72 %
          -- MarkActives - Total:        0.04[s] =   0.03 %, From last output:        0.00[s] =   0.01 %
          -- PushActives - Total:        1.50[s] =   1.03 %, From last output:        0.01[s] =   0.84 %
            -- UpdateBVH - Total:        3.60[s] =   2.46 %, From last output:        0.03[s] =   2.19 %
            -- Neighbors - Total:       45.79[s] =  31.37 %, From last output:        0.40[s] =  26.88 %
 
                 Overlap - Total:    69888.05[s] =  90.50 %, From last output:      609.56[s] =  85.24 %
                   Force - Total:     3409.17[s] =   4.41 %, From last output:       52.87[s] =   7.39 %
                    Move - Total:     3284.16[s] =   4.25 %, From last output:       43.07[s] =   6.02 %
                  Output - Total:       12.09[s] =   0.02 %, From last output:        0.16[s] =   0.02 %

Module Execution Times:

Total Module Execution Times: 0[s], From last output: 0[s]

Total Execution Times (All listed above):     77216.58[s] =  99.99 %
Total Execution Times (Unlisted):                 4.25[s] =   0.01 %

</message>
<info date="2025-10-27 21:24:25" up_time="21:53:19.155">
Issues found since last output!
 - Contacts overlap, an average of:
    0.00463% of contacts reached more than 2.5% overlap.
      collected in 80 timesteps totaling 1726766 contact overlaps

</info>
<message date="2025-10-27 21:24:25" up_time="21:53:19.264">
	File: 143
	Simulation time: 7.15

	N. Total Particles: 25671
	N. Enabled Particles: 22569
	N. Released Particles: 22944

	N. Enabled Elements: 0
	N. Released Elements: 0
	N. Particle Fragments: 0

	N. Triangles: 1438
	N. Triangle Nodes: 726

	N. Neighbors: 127805
		N. Particle Neighbors: 119763, RR: 0, RN: 0, NN: 119763
		N. Triangle Neighbors: 8042, TR: 0, TN: 8042
	N. Surface Contacts: 21999, particles: 19815, triangles: 2184
	N. Adhesion Contacts: 22031, particles: 19839, triangles: 2192
	Neighbor Contact Ratio: 2.902680

	Estimated Limits of Surface Velocity:
		                 Total - min:      6e+01 max:      7e+01 average:      6e+01
		            Boundaries - min:          3 max:          3 average:          3
		             Particles - min:      6e+01 max:      7e+01 average:      6e+01

	CPU:
		Memory Usage: 103 MB of 16055 MB
		Free Memory: 2004 MB

</message>
<message date="2025-10-27 21:24:25" up_time="21:53:19.266">
Execution Times:
Execution Times per Call:
 
                  Search - Cumulative:     0.02129[s] n_calls: 29645, From last output:     0.03741[s] n_calls:   211
               Search PP - Cumulative:     0.02675[s] n_calls: 18083, From last output:     0.05020[s] n_calls:   131
              -- Sorting - Cumulative:     0.00623[s] n_calls:   286, From last output:     0.00533[s] n_calls:     2
        -- BuildBVHTree, - Cumulative:     0.00645[s] n_calls: 18083, From last output:     0.00944[s] n_calls:   131
            -- Neighbors - Cumulative:     0.01432[s] n_calls: 18083, From last output:     0.02836[s] n_calls:   131
               Search PT - Cumulative:     0.01218[s] n_calls: 12094, From last output:     0.01568[s] n_calls:    84
         -- CheckActives - Cumulative:     0.00010[s] n_calls: 12094, From last output:     0.00011[s] n_calls:    84
          -- MarkActives - Cumulative:     0.00013[s] n_calls:   286, From last output:     0.00019[s] n_calls:     2
          -- PushActives - Cumulative:     0.00012[s] n_calls: 12094, From last output:     0.00013[s] n_calls:    84
            -- UpdateBVH - Cumulative:     0.00030[s] n_calls: 12094, From last output:     0.00035[s] n_calls:    84
            -- Neighbors - Cumulative:     0.00381[s] n_calls: 12094, From last output:     0.00408[s] n_calls:    84
 
                 Overlap - Cumulative:     0.08136[s] n_calls: 877162, From last output:     0.24052[s] n_calls:  6134
                   Force - Cumulative:     0.00394[s] n_calls: 877162, From last output:     0.00761[s] n_calls:  6134
                    Move - Cumulative:     0.00378[s] n_calls: 877162, From last output:     0.00499[s] n_calls:  6134
                  Output - Cumulative:     0.08527[s] n_calls:   143, From last output:     0.10896[s] n_calls:     1
               Iteration - Cumulative:     0.08981[s] n_calls: 877162, From last output:     0.25443[s] n_calls:  6134

Total Execution Times: 78781.5[s], From last output: 1560.67[s]
 
                  Search - Total:      631.01[s] =   0.80 %, From last output:        7.89[s] =   0.51 %
             - Search PP - Total:      483.66[s] =  76.65 %, From last output:        6.58[s] =  83.31 %
             -- Sorting, - Total:        1.78[s] =   0.37 %, From last output:        0.01[s] =   0.16 %
        -- BuildBVHTree, - Total:      116.62[s] =  24.11 %, From last output:        1.24[s] =  18.81 %
           -- Neighbors, - Total:      258.95[s] =  53.54 %, From last output:        3.71[s] =  56.49 %
             - Search PT - Total:      147.29[s] =  23.34 %, From last output:        1.32[s] =  16.69 %
         -- CheckActives - Total:        1.24[s] =   0.84 %, From last output:        0.01[s] =   0.68 %
          -- MarkActives - Total:        0.04[s] =   0.03 %, From last output:        0.00[s] =   0.03 %
          -- PushActives - Total:        1.51[s] =   1.03 %, From last output:        0.01[s] =   0.83 %
            -- UpdateBVH - Total:        3.63[s] =   2.46 %, From last output:        0.03[s] =   2.20 %
            -- Neighbors - Total:       46.13[s] =  31.32 %, From last output:        0.34[s] =  26.01 %
 
                 Overlap - Total:    71363.38[s] =  90.58 %, From last output:     1475.34[s] =  94.53 %
                   Force - Total:     3455.86[s] =   4.39 %, From last output:       46.69[s] =   2.99 %
                    Move - Total:     3314.77[s] =   4.21 %, From last output:       30.61[s] =   1.96 %
                  Output - Total:       12.19[s] =   0.02 %, From last output:        0.11[s] =   0.01 %

Module Execution Times:

Total Module Execution Times: 0[s], From last output: 0[s]

Total Execution Times (All listed above):     78777.22[s] =  99.99 %
Total Execution Times (Unlisted):                 4.28[s] =   0.01 %

</message>
<info date="2025-10-27 21:35:44" up_time="22:4:39.13">
Issues found since last output!
 - Contacts overlap, an average of:
    0.0048% of contacts reached more than 2.5% overlap.
      collected in 125 timesteps totaling 2730423 contact overlaps

</info>
<message date="2025-10-27 21:35:45" up_time="22:4:39.186">
	File: 144
	Simulation time: 7.2

	N. Total Particles: 25671
	N. Enabled Particles: 22725
	N. Released Particles: 23104

	N. Enabled Elements: 0
	N. Released Elements: 0
	N. Particle Fragments: 0

	N. Triangles: 1438
	N. Triangle Nodes: 726

	N. Neighbors: 129322
		N. Particle Neighbors: 121253, RR: 0, RN: 0, NN: 121253
		N. Triangle Neighbors: 8069, TR: 0, TN: 8069
	N. Surface Contacts: 21671, particles: 19488, triangles: 2183
	N. Adhesion Contacts: 21697, particles: 19505, triangles: 2192
	Neighbor Contact Ratio: 2.981968

	Estimated Limits of Surface Velocity:
		                 Total - min:      6e+01 max:      7e+01 average:      6e+01
		            Boundaries - min:          3 max:          3 average:          3
		             Particles - min:      6e+01 max:      7e+01 average:      6e+01

	CPU:
		Memory Usage: 104 MB of 16055 MB
		Free Memory: 2176 MB

</message>
<message date="2025-10-27 21:35:45" up_time="22:4:39.187">
Execution Times:
Execution Times per Call:
 
                  Search - Cumulative:     0.02143[s] n_calls: 29855, From last output:     0.04241[s] n_calls:   210
               Search PP - Cumulative:     0.02697[s] n_calls: 18212, From last output:     0.05768[s] n_calls:   129
              -- Sorting - Cumulative:     0.00625[s] n_calls:   288, From last output:     0.00880[s] n_calls:     2
        -- BuildBVHTree, - Cumulative:     0.00648[s] n_calls: 18212, From last output:     0.01085[s] n_calls:   129
            -- Neighbors - Cumulative:     0.01445[s] n_calls: 18212, From last output:     0.03242[s] n_calls:   129
               Search PT - Cumulative:     0.01222[s] n_calls: 12178, From last output:     0.01745[s] n_calls:    84
         -- CheckActives - Cumulative:     0.00010[s] n_calls: 12178, From last output:     0.00013[s] n_calls:    84
          -- MarkActives - Cumulative:     0.00013[s] n_calls:   288, From last output:     0.00015[s] n_calls:     2
          -- PushActives - Cumulative:     0.00013[s] n_calls: 12178, From last output:     0.00016[s] n_calls:    84
            -- UpdateBVH - Cumulative:     0.00030[s] n_calls: 12178, From last output:     0.00039[s] n_calls:    84
            -- Neighbors - Cumulative:     0.00382[s] n_calls: 12178, From last output:     0.00467[s] n_calls:    84
 
                 Overlap - Cumulative:     0.08145[s] n_calls: 883296, From last output:     0.09454[s] n_calls:  6134
                   Force - Cumulative:     0.00397[s] n_calls: 883296, From last output:     0.00835[s] n_calls:  6134
                    Move - Cumulative:     0.00380[s] n_calls: 883296, From last output:     0.00647[s] n_calls:  6134
                  Output - Cumulative:     0.08589[s] n_calls:   144, From last output:     0.17354[s] n_calls:     1
               Iteration - Cumulative:     0.08996[s] n_calls: 883296, From last output:     0.11084[s] n_calls:  6134

Total Execution Times: 79461.4[s], From last output: 679.905[s]
 
                  Search - Total:      639.92[s] =   0.81 %, From last output:        8.91[s] =   1.31 %
             - Search PP - Total:      491.10[s] =  76.74 %, From last output:        7.44[s] =  83.54 %
             -- Sorting, - Total:        1.80[s] =   0.37 %, From last output:        0.02[s] =   0.24 %
        -- BuildBVHTree, - Total:      118.02[s] =  24.03 %, From last output:        1.40[s] =  18.81 %
           -- Neighbors, - Total:      263.13[s] =  53.58 %, From last output:        4.18[s] =  56.21 %
             - Search PT - Total:      148.76[s] =  23.25 %, From last output:        1.47[s] =  16.45 %
         -- CheckActives - Total:        1.25[s] =   0.84 %, From last output:        0.01[s] =   0.75 %
          -- MarkActives - Total:        0.04[s] =   0.03 %, From last output:        0.00[s] =   0.02 %
          -- PushActives - Total:        1.52[s] =   1.02 %, From last output:        0.01[s] =   0.89 %
            -- UpdateBVH - Total:        3.66[s] =   2.46 %, From last output:        0.03[s] =   2.22 %
            -- Neighbors - Total:       46.53[s] =  31.28 %, From last output:        0.39[s] =  26.77 %
 
                 Overlap - Total:    71943.28[s] =  90.54 %, From last output:      579.89[s] =  85.29 %
                   Force - Total:     3507.09[s] =   4.41 %, From last output:       51.23[s] =   7.53 %
                    Move - Total:     3354.44[s] =   4.22 %, From last output:       39.67[s] =   5.84 %
                  Output - Total:       12.37[s] =   0.02 %, From last output:        0.17[s] =   0.03 %

Module Execution Times:

Total Module Execution Times: 0[s], From last output: 0[s]

Total Execution Times (All listed above):     79457.09[s] =  99.99 %
Total Execution Times (Unlisted):                 4.32[s] =   0.01 %

</message>
<info date="2025-10-27 21:47:46" up_time="22:16:40.885">
Issues found since last output!
 - Contacts overlap, an average of:
    0.00449% of contacts reached more than 2.5% overlap.
      collected in 129 timesteps totaling 2873592 contact overlaps

</info>
<message date="2025-10-27 21:47:46" up_time="22:16:41.23">
	File: 145
	Simulation time: 7.25

	N. Total Particles: 25671
	N. Enabled Particles: 22882
	N. Released Particles: 23265

	N. Enabled Elements: 0
	N. Released Elements: 0
	N. Particle Fragments: 0

	N. Triangles: 1438
	N. Triangle Nodes: 726

	N. Neighbors: 130520
		N. Particle Neighbors: 122470, RR: 0, RN: 0, NN: 122470
		N. Triangle Neighbors: 8050, TR: 0, TN: 8050
	N. Surface Contacts: 22641, particles: 20433, triangles: 2208
	N. Adhesion Contacts: 22669, particles: 20452, triangles: 2217
	Neighbor Contact Ratio: 2.880600

	Estimated Limits of Surface Velocity:
		                 Total - min:      6e+01 max:      7e+01 average:      6e+01
		            Boundaries - min:          3 max:          3 average:          3
		             Particles - min:      6e+01 max:      7e+01 average:      6e+01

	CPU:
		Memory Usage: 104 MB of 16055 MB
		Free Memory: 2563 MB

</message>
<message date="2025-10-27 21:47:46" up_time="22:16:41.25">
Execution Times:
Execution Times per Call:
 
                  Search - Cumulative:     0.02160[s] n_calls: 30067, From last output:     0.04518[s] n_calls:   212
               Search PP - Cumulative:     0.02721[s] n_calls: 18343, From last output:     0.06119[s] n_calls:   131
              -- Sorting - Cumulative:     0.00626[s] n_calls:   290, From last output:     0.00834[s] n_calls:     2
        -- BuildBVHTree, - Cumulative:     0.00651[s] n_calls: 18343, From last output:     0.01124[s] n_calls:   131
            -- Neighbors - Cumulative:     0.01459[s] n_calls: 18343, From last output:     0.03485[s] n_calls:   131
               Search PT - Cumulative:     0.01226[s] n_calls: 12264, From last output:     0.01817[s] n_calls:    86
         -- CheckActives - Cumulative:     0.00010[s] n_calls: 12264, From last output:     0.00013[s] n_calls:    86
          -- MarkActives - Cumulative:     0.00013[s] n_calls:   290, From last output:     0.00013[s] n_calls:     2
          -- PushActives - Cumulative:     0.00013[s] n_calls: 12264, From last output:     0.00015[s] n_calls:    86
            -- UpdateBVH - Cumulative:     0.00030[s] n_calls: 12264, From last output:     0.00040[s] n_calls:    86
            -- Neighbors - Cumulative:     0.00383[s] n_calls: 12264, From last output:     0.00477[s] n_calls:    86
 
                 Overlap - Cumulative:     0.08158[s] n_calls: 889430, From last output:     0.10044[s] n_calls:  6134
                   Force - Cumulative:     0.00400[s] n_calls: 889430, From last output:     0.00881[s] n_calls:  6134
                    Move - Cumulative:     0.00382[s] n_calls: 889430, From last output:     0.00684[s] n_calls:  6134
                  Output - Cumulative:     0.08624[s] n_calls:   145, From last output:     0.13771[s] n_calls:     1
               Iteration - Cumulative:     0.09015[s] n_calls: 889430, From last output:     0.11768[s] n_calls:  6134

Total Execution Times: 80183.2[s], From last output: 721.82[s]
 
                  Search - Total:      649.50[s] =   0.81 %, From last output:        9.58[s] =   1.33 %
             - Search PP - Total:      499.12[s] =  76.85 %, From last output:        8.02[s] =  83.68 %
             -- Sorting, - Total:        1.82[s] =   0.36 %, From last output:        0.02[s] =   0.21 %
        -- BuildBVHTree, - Total:      119.49[s] =  23.94 %, From last output:        1.47[s] =  18.37 %
           -- Neighbors, - Total:      267.70[s] =  53.63 %, From last output:        4.57[s] =  56.95 %
             - Search PT - Total:      150.32[s] =  23.14 %, From last output:        1.56[s] =  16.31 %
         -- CheckActives - Total:        1.27[s] =   0.84 %, From last output:        0.01[s] =   0.72 %
          -- MarkActives - Total:        0.04[s] =   0.02 %, From last output:        0.00[s] =   0.02 %
          -- PushActives - Total:        1.54[s] =   1.02 %, From last output:        0.01[s] =   0.84 %
            -- UpdateBVH - Total:        3.69[s] =   2.46 %, From last output:        0.03[s] =   2.22 %
            -- Neighbors - Total:       46.94[s] =  31.22 %, From last output:        0.41[s] =  26.23 %
 
                 Overlap - Total:    72559.40[s] =  90.49 %, From last output:      616.12[s] =  85.36 %
                   Force - Total:     3561.10[s] =   4.44 %, From last output:       54.02[s] =   7.48 %
                    Move - Total:     3396.37[s] =   4.24 %, From last output:       41.93[s] =   5.81 %
                  Output - Total:       12.51[s] =   0.02 %, From last output:        0.14[s] =   0.02 %

Module Execution Times:

Total Module Execution Times: 0[s], From last output: 0[s]

Total Execution Times (All listed above):     80178.88[s] =  99.99 %
Total Execution Times (Unlisted):                 4.35[s] =   0.01 %

</message>
<info date="2025-10-27 22:00:01" up_time="22:28:55.513">
Issues found since last output!
 - Contacts overlap, an average of:
    0.00437% of contacts reached more than 2.5% overlap.
      collected in 117 timesteps totaling 2674841 contact overlaps

</info>
<message date="2025-10-27 22:00:01" up_time="22:28:55.686">
	File: 146
	Simulation time: 7.3

	N. Total Particles: 25671
	N. Enabled Particles: 23039
	N. Released Particles: 23426

	N. Enabled Elements: 0
	N. Released Elements: 0
	N. Particle Fragments: 0

	N. Triangles: 1438
	N. Triangle Nodes: 726

	N. Neighbors: 131956
		N. Particle Neighbors: 123909, RR: 0, RN: 0, NN: 123909
		N. Triangle Neighbors: 8047, TR: 0, TN: 8047
	N. Surface Contacts: 22980, particles: 20737, triangles: 2243
	N. Adhesion Contacts: 23014, particles: 20761, triangles: 2253
	Neighbor Contact Ratio: 2.868983

	Estimated Limits of Surface Velocity:
		                 Total - min:      6e+01 max:      6e+01 average:      6e+01
		            Boundaries - min:          3 max:          3 average:          3
		             Particles - min:      6e+01 max:      6e+01 average:      6e+01

	CPU:
		Memory Usage: 100 MB of 16055 MB
		Free Memory: 2637 MB

</message>
<message date="2025-10-27 22:00:01" up_time="22:28:55.687">
Execution Times:
Execution Times per Call:
 
                  Search - Cumulative:     0.02177[s] n_calls: 30275, From last output:     0.04616[s] n_calls:   208
               Search PP - Cumulative:     0.02746[s] n_calls: 18472, From last output:     0.06266[s] n_calls:   129
              -- Sorting - Cumulative:     0.00627[s] n_calls:   292, From last output:     0.00720[s] n_calls:     2
        -- BuildBVHTree, - Cumulative:     0.00655[s] n_calls: 18472, From last output:     0.01170[s] n_calls:   129
            -- Neighbors - Cumulative:     0.01474[s] n_calls: 18472, From last output:     0.03586[s] n_calls:   129
               Search PT - Cumulative:     0.01230[s] n_calls: 12347, From last output:     0.01827[s] n_calls:    83
         -- CheckActives - Cumulative:     0.00010[s] n_calls: 12347, From last output:     0.00013[s] n_calls:    83
          -- MarkActives - Cumulative:     0.00013[s] n_calls:   292, From last output:     0.00008[s] n_calls:     2
          -- PushActives - Cumulative:     0.00013[s] n_calls: 12347, From last output:     0.00014[s] n_calls:    83
            -- UpdateBVH - Cumulative:     0.00030[s] n_calls: 12347, From last output:     0.00038[s] n_calls:    83
            -- Neighbors - Cumulative:     0.00383[s] n_calls: 12347, From last output:     0.00481[s] n_calls:    83
 
                 Overlap - Cumulative:     0.08172[s] n_calls: 895564, From last output:     0.10234[s] n_calls:  6134
                   Force - Cumulative:     0.00404[s] n_calls: 895564, From last output:     0.00902[s] n_calls:  6134
                    Move - Cumulative:     0.00384[s] n_calls: 895564, From last output:     0.00680[s] n_calls:  6134
                  Output - Cumulative:     0.08683[s] n_calls:   146, From last output:     0.17215[s] n_calls:     1
               Iteration - Cumulative:     0.09035[s] n_calls: 895564, From last output:     0.11977[s] n_calls:  6134

Total Execution Times: 80917.9[s], From last output: 734.646[s]
 
                  Search - Total:      659.10[s] =   0.81 %, From last output:        9.60[s] =   1.31 %
             - Search PP - Total:      507.20[s] =  76.95 %, From last output:        8.08[s] =  84.20 %
             -- Sorting, - Total:        1.83[s] =   0.36 %, From last output:        0.01[s] =   0.18 %
        -- BuildBVHTree, - Total:      121.00[s] =  23.86 %, From last output:        1.51[s] =  18.67 %
           -- Neighbors, - Total:      272.32[s] =  53.69 %, From last output:        4.63[s] =  57.23 %
             - Search PT - Total:      151.84[s] =  23.04 %, From last output:        1.52[s] =  15.80 %
         -- CheckActives - Total:        1.28[s] =   0.84 %, From last output:        0.01[s] =   0.69 %
          -- MarkActives - Total:        0.04[s] =   0.02 %, From last output:        0.00[s] =   0.01 %
          -- PushActives - Total:        1.55[s] =   1.02 %, From last output:        0.01[s] =   0.74 %
            -- UpdateBVH - Total:        3.72[s] =   2.45 %, From last output:        0.03[s] =   2.09 %
            -- Neighbors - Total:       47.34[s] =  31.18 %, From last output:        0.40[s] =  26.30 %
 
                 Overlap - Total:    73187.17[s] =  90.45 %, From last output:      627.78[s] =  85.45 %
                   Force - Total:     3616.43[s] =   4.47 %, From last output:       55.33[s] =   7.53 %
                    Move - Total:     3438.11[s] =   4.25 %, From last output:       41.74[s] =   5.68 %
                  Output - Total:       12.68[s] =   0.02 %, From last output:        0.17[s] =   0.02 %

Module Execution Times:

Total Module Execution Times: 0[s], From last output: 0[s]

Total Execution Times (All listed above):     80913.49[s] =  99.99 %
Total Execution Times (Unlisted):                 4.38[s] =   0.01 %

</message>
<info date="2025-10-27 22:12:57" up_time="22:41:51.228">
Issues found since last output!
 - Contacts overlap, an average of:
    0.00435% of contacts reached more than 2.5% overlap.
      collected in 59 timesteps totaling 1356788 contact overlaps

</info>
<message date="2025-10-27 22:12:57" up_time="22:41:51.371">
	File: 147
	Simulation time: 7.35

	N. Total Particles: 25671
	N. Enabled Particles: 23196
	N. Released Particles: 23585

	N. Enabled Elements: 0
	N. Released Elements: 0
	N. Particle Fragments: 0

	N. Triangles: 1438
	N. Triangle Nodes: 726

	N. Neighbors: 133274
		N. Particle Neighbors: 125123, RR: 0, RN: 0, NN: 125123
		N. Triangle Neighbors: 8151, TR: 0, TN: 8151
	N. Surface Contacts: 23057, particles: 20816, triangles: 2241
	N. Adhesion Contacts: 23095, particles: 20845, triangles: 2250
	Neighbor Contact Ratio: 2.887719

	Estimated Limits of Surface Velocity:
		                 Total - min:      6e+01 max:      7e+01 average:      6e+01
		            Boundaries - min:          3 max:          3 average:          3
		             Particles - min:      6e+01 max:      7e+01 average:      6e+01

	CPU:
		Memory Usage: 101 MB of 16055 MB
		Free Memory: 2527 MB

</message>
<message date="2025-10-27 22:12:57" up_time="22:41:51.373">
Execution Times:
Execution Times per Call:
 
                  Search - Cumulative:     0.02196[s] n_calls: 30486, From last output:     0.04899[s] n_calls:   211
               Search PP - Cumulative:     0.02773[s] n_calls: 18604, From last output:     0.06565[s] n_calls:   132
              -- Sorting - Cumulative:     0.00627[s] n_calls:   294, From last output:     0.00644[s] n_calls:     2
        -- BuildBVHTree, - Cumulative:     0.00659[s] n_calls: 18604, From last output:     0.01216[s] n_calls:   132
            -- Neighbors - Cumulative:     0.01490[s] n_calls: 18604, From last output:     0.03747[s] n_calls:   132
               Search PT - Cumulative:     0.01235[s] n_calls: 12432, From last output:     0.01967[s] n_calls:    85
         -- CheckActives - Cumulative:     0.00010[s] n_calls: 12432, From last output:     0.00013[s] n_calls:    85
          -- MarkActives - Cumulative:     0.00013[s] n_calls:   294, From last output:     0.00019[s] n_calls:     2
          -- PushActives - Cumulative:     0.00013[s] n_calls: 12432, From last output:     0.00015[s] n_calls:    85
            -- UpdateBVH - Cumulative:     0.00030[s] n_calls: 12432, From last output:     0.00040[s] n_calls:    85
            -- Neighbors - Cumulative:     0.00384[s] n_calls: 12432, From last output:     0.00542[s] n_calls:    85
 
                 Overlap - Cumulative:     0.08190[s] n_calls: 901698, From last output:     0.10809[s] n_calls:  6134
                   Force - Cumulative:     0.00407[s] n_calls: 901698, From last output:     0.00928[s] n_calls:  6134
                    Move - Cumulative:     0.00386[s] n_calls: 901698, From last output:     0.00737[s] n_calls:  6134
                  Output - Cumulative:     0.08722[s] n_calls:   147, From last output:     0.14330[s] n_calls:     1
               Iteration - Cumulative:     0.09060[s] n_calls: 901698, From last output:     0.12645[s] n_calls:  6134

Total Execution Times: 81693.5[s], From last output: 775.668[s]
 
                  Search - Total:      669.44[s] =   0.82 %, From last output:       10.34[s] =   1.33 %
             - Search PP - Total:      515.87[s] =  77.06 %, From last output:        8.67[s] =  83.83 %
             -- Sorting, - Total:        1.84[s] =   0.36 %, From last output:        0.01[s] =   0.15 %
        -- BuildBVHTree, - Total:      122.61[s] =  23.77 %, From last output:        1.60[s] =  18.52 %
           -- Neighbors, - Total:      277.27[s] =  53.75 %, From last output:        4.95[s] =  57.08 %
             - Search PT - Total:      153.51[s] =  22.93 %, From last output:        1.67[s] =  16.17 %
         -- CheckActives - Total:        1.29[s] =   0.84 %, From last output:        0.01[s] =   0.66 %
          -- MarkActives - Total:        0.04[s] =   0.02 %, From last output:        0.00[s] =   0.02 %
          -- PushActives - Total:        1.56[s] =   1.02 %, From last output:        0.01[s] =   0.78 %
            -- UpdateBVH - Total:        3.76[s] =   2.45 %, From last output:        0.03[s] =   2.02 %
            -- Neighbors - Total:       47.80[s] =  31.14 %, From last output:        0.46[s] =  27.56 %
 
                 Overlap - Total:    73850.19[s] =  90.40 %, From last output:      663.01[s] =  85.48 %
                   Force - Total:     3673.36[s] =   4.50 %, From last output:       56.93[s] =   7.34 %
                    Move - Total:     3483.32[s] =   4.26 %, From last output:       45.21[s] =   5.83 %
                  Output - Total:       12.82[s] =   0.02 %, From last output:        0.14[s] =   0.02 %

Module Execution Times:

Total Module Execution Times: 0[s], From last output: 0[s]

Total Execution Times (All listed above):     81689.12[s] =  99.99 %
Total Execution Times (Unlisted):                 4.42[s] =   0.01 %

</message>
<message date="2025-10-27 22:23:16" up_time="22:52:10.561">
Received message: terminate
</message>
<info date="2025-10-27 22:23:16" up_time="22:52:10.562">
Execution cancelled by the user
</info>
<message date="2025-10-27 22:23:16" up_time="22:52:10.651">
Rocky DEM solver finished.
</message>
