# vtk DataFile Version 5.1
Generated by LIGGGHTS
ASCII
DATASET POLYDATA
POINTS 1190 float
0.049 0.052 0.0001 0.046 0.052 0.0001 0.043 0.052 0.0001 
0.04 0.052 0.0001 0.037 0.052 0.0001 0.034 0.052 0.0001 
0.031 0.052 0.0001 0.028 0.052 0.0001 0.025 0.052 0.0001 
0.022 0.052 0.0001 0.019 0.052 0.0001 0.016 0.052 0.0001 
0.013 0.052 0.0001 0.01 0.052 0.0001 0.007 0.052 0.0001 
0.004 0.052 0.0001 0.001 0.052 0.0001 -0.002 0.052 0.0001 
-0.005 0.052 0.0001 -0.008 0.052 0.0001 -0.011 0.052 0.0001 
-0.014 0.052 0.0001 -0.017 0.052 0.0001 -0.02 0.052 0.0001 
-0.023 0.052 0.0001 -0.026 0.052 0.0001 -0.029 0.052 0.0001 
-0.032 0.052 0.0001 -0.035 0.052 0.0001 -0.038 0.052 0.0001 
-0.041 0.052 0.0001 -0.044 0.052 0.0001 -0.047 0.052 0.0001 
-0.05 0.052 0.0001 0.049 0.049 0.0001 0.046 0.049 0.0001 
0.043 0.049 0.0001 0.04 0.049 0.0001 0.037 0.049 0.0001 
0.034 0.049 0.0001 0.031 0.049 0.0001 0.028 0.049 0.0001 
0.025 0.049 0.0001 0.022 0.049 0.0001 0.019 0.049 0.0001 
0.016 0.049 0.0001 0.013 0.049 0.0001 0.01 0.049 0.0001 
0.007 0.049 0.0001 0.004 0.049 0.0001 0.001 0.049 0.0001 
-0.002 0.049 0.0001 -0.005 0.049 0.0001 -0.008 0.049 0.0001 
-0.011 0.049 0.0001 -0.014 0.049 0.0001 -0.017 0.049 0.0001 
-0.02 0.049 0.0001 -0.023 0.049 0.0001 -0.026 0.049 0.0001 
-0.029 0.049 0.0001 -0.032 0.049 0.0001 -0.035 0.049 0.0001 
-0.038 0.049 0.0001 -0.041 0.049 0.0001 -0.044 0.049 0.0001 
-0.047 0.049 0.0001 -0.05 0.049 0.0001 0.049 0.046 0.0001 
0.046 0.046 0.0001 0.043 0.046 0.0001 0.04 0.046 0.0001 
0.037 0.046 0.0001 0.034 0.046 0.0001 0.031 0.046 0.0001 
0.028 0.046 0.0001 0.025 0.046 0.0001 0.022 0.046 0.0001 
0.019 0.046 0.0001 0.016 0.046 0.0001 0.013 0.046 0.0001 
0.01 0.046 0.0001 0.007 0.046 0.0001 0.004 0.046 0.0001 
0.001 0.046 0.0001 -0.002 0.046 0.0001 -0.005 0.046 0.0001 
-0.008 0.046 0.0001 -0.011 0.046 0.0001 -0.014 0.046 0.0001 
-0.017 0.046 0.0001 -0.02 0.046 0.0001 -0.023 0.046 0.0001 
-0.026 0.046 0.0001 -0.029 0.046 0.0001 -0.032 0.046 0.0001 
-0.035 0.046 0.0001 -0.038 0.046 0.0001 -0.041 0.046 0.0001 
-0.044 0.046 0.0001 -0.047 0.046 0.0001 -0.05 0.046 0.0001 
0.049 0.043 0.0001 0.046 0.043 0.0001 0.043 0.043 0.0001 
0.04 0.043 0.0001 0.037 0.043 0.0001 0.034 0.043 0.0001 
0.031 0.043 0.0001 0.028 0.043 0.0001 0.025 0.043 0.0001 
0.022 0.043 0.0001 0.019 0.043 0.0001 0.016 0.043 0.0001 
0.013 0.043 0.0001 0.01 0.043 0.0001 0.007 0.043 0.0001 
0.004 0.043 0.0001 0.001 0.043 0.0001 -0.002 0.043 0.0001 
-0.005 0.043 0.0001 -0.008 0.043 0.0001 -0.011 0.043 0.0001 
-0.014 0.043 0.0001 -0.017 0.043 0.0001 -0.02 0.043 0.0001 
-0.023 0.043 0.0001 -0.026 0.043 0.0001 -0.029 0.043 0.0001 
-0.032 0.043 0.0001 -0.035 0.043 0.0001 -0.038 0.043 0.0001 
-0.041 0.043 0.0001 -0.044 0.043 0.0001 -0.047 0.043 0.0001 
-0.05 0.043 0.0001 0.049 0.04 0.0001 0.046 0.04 0.0001 
0.043 0.04 0.0001 0.04 0.04 0.0001 0.037 0.04 0.0001 
0.034 0.04 0.0001 0.031 0.04 0.0001 0.028 0.04 0.0001 
0.025 0.04 0.0001 0.022 0.04 0.0001 0.019 0.04 0.0001 
0.016 0.04 0.0001 0.013 0.04 0.0001 0.01 0.04 0.0001 
0.007 0.04 0.0001 0.004 0.04 0.0001 0.001 0.04 0.0001 
-0.002 0.04 0.0001 -0.005 0.04 0.0001 -0.008 0.04 0.0001 
-0.011 0.04 0.0001 -0.014 0.04 0.0001 -0.017 0.04 0.0001 
-0.02 0.04 0.0001 -0.023 0.04 0.0001 -0.026 0.04 0.0001 
-0.029 0.04 0.0001 -0.032 0.04 0.0001 -0.035 0.04 0.0001 
-0.038 0.04 0.0001 -0.041 0.04 0.0001 -0.044 0.04 0.0001 
-0.047 0.04 0.0001 -0.05 0.04 0.0001 0.049 0.037 0.0001 
0.046 0.037 0.0001 0.043 0.037 0.0001 0.04 0.037 0.0001 
0.037 0.037 0.0001 0.034 0.037 0.0001 0.031 0.037 0.0001 
0.028 0.037 0.0001 0.025 0.037 0.0001 0.022 0.037 0.0001 
0.019 0.037 0.0001 0.016 0.037 0.0001 0.013 0.037 0.0001 
0.01 0.037 0.0001 0.007 0.037 0.0001 0.004 0.037 0.0001 
0.001 0.037 0.0001 -0.002 0.037 0.0001 -0.005 0.037 0.0001 
-0.008 0.037 0.0001 -0.011 0.037 0.0001 -0.014 0.037 0.0001 
-0.017 0.037 0.0001 -0.02 0.037 0.0001 -0.023 0.037 0.0001 
-0.026 0.037 0.0001 -0.029 0.037 0.0001 -0.032 0.037 0.0001 
-0.035 0.037 0.0001 -0.038 0.037 0.0001 -0.041 0.037 0.0001 
-0.044 0.037 0.0001 -0.047 0.037 0.0001 -0.05 0.037 0.0001 
0.049 0.034 0.0001 0.046 0.034 0.0001 0.043 0.034 0.0001 
0.04 0.034 0.0001 0.037 0.034 0.0001 0.034 0.034 0.0001 
0.031 0.034 0.0001 0.028 0.034 0.0001 0.025 0.034 0.0001 
0.022 0.034 0.0001 0.019 0.034 0.0001 0.016 0.034 0.0001 
0.013 0.034 0.0001 0.01 0.034 0.0001 0.007 0.034 0.0001 
0.004 0.034 0.0001 0.001 0.034 0.0001 -0.002 0.034 0.0001 
-0.005 0.034 0.0001 -0.008 0.034 0.0001 -0.011 0.034 0.0001 
-0.014 0.034 0.0001 -0.017 0.034 0.0001 -0.02 0.034 0.0001 
-0.023 0.034 0.0001 -0.026 0.034 0.0001 -0.029 0.034 0.0001 
-0.032 0.034 0.0001 -0.035 0.034 0.0001 -0.038 0.034 0.0001 
-0.041 0.034 0.0001 -0.044 0.034 0.0001 -0.047 0.034 0.0001 
-0.05 0.034 0.0001 0.049 0.031 0.0001 0.046 0.031 0.0001 
0.043 0.031 0.0001 0.04 0.031 0.0001 0.037 0.031 0.0001 
0.034 0.031 0.0001 0.031 0.031 0.0001 0.028 0.031 0.0001 
0.025 0.031 0.0001 0.022 0.031 0.0001 0.019 0.031 0.0001 
0.016 0.031 0.0001 0.013 0.031 0.0001 0.01 0.031 0.0001 
0.007 0.031 0.0001 0.004 0.031 0.0001 0.001 0.031 0.0001 
-0.002 0.031 0.0001 -0.005 0.031 0.0001 -0.008 0.031 0.0001 
-0.011 0.031 0.0001 -0.014 0.031 0.0001 -0.017 0.031 0.0001 
-0.02 0.031 0.0001 -0.023 0.031 0.0001 -0.026 0.031 0.0001 
-0.029 0.031 0.0001 -0.032 0.031 0.0001 -0.035 0.031 0.0001 
-0.038 0.031 0.0001 -0.041 0.031 0.0001 -0.044 0.031 0.0001 
-0.047 0.031 0.0001 -0.05 0.031 0.0001 0.049 0.028 0.0001 
0.046 0.028 0.0001 0.043 0.028 0.0001 0.04 0.028 0.0001 
0.037 0.028 0.0001 0.034 0.028 0.0001 0.031 0.028 0.0001 
0.028 0.028 0.0001 0.025 0.028 0.0001 0.022 0.028 0.0001 
0.019 0.028 0.0001 0.016 0.028 0.0001 0.013 0.028 0.0001 
0.01 0.028 0.0001 0.007 0.028 0.0001 0.004 0.028 0.0001 
0.001 0.028 0.0001 -0.002 0.028 0.0001 -0.005 0.028 0.0001 
-0.008 0.028 0.0001 -0.011 0.028 0.0001 -0.014 0.028 0.0001 
-0.017 0.028 0.0001 -0.02 0.028 0.0001 -0.023 0.028 0.0001 
-0.026 0.028 0.0001 -0.029 0.028 0.0001 -0.032 0.028 0.0001 
-0.035 0.028 0.0001 -0.038 0.028 0.0001 -0.041 0.028 0.0001 
-0.044 0.028 0.0001 -0.047 0.028 0.0001 -0.05 0.028 0.0001 
0.049 0.025 0.0001 0.046 0.025 0.0001 0.043 0.025 0.0001 
0.04 0.025 0.0001 0.037 0.025 0.0001 0.034 0.025 0.0001 
0.031 0.025 0.0001 0.028 0.025 0.0001 0.025 0.025 0.0001 
0.022 0.025 0.0001 0.019 0.025 0.0001 0.016 0.025 0.0001 
0.013 0.025 0.0001 0.01 0.025 0.0001 0.007 0.025 0.0001 
0.004 0.025 0.0001 0.001 0.025 0.0001 -0.002 0.025 0.0001 
-0.005 0.025 0.0001 -0.008 0.025 0.0001 -0.011 0.025 0.0001 
-0.014 0.025 0.0001 -0.017 0.025 0.0001 -0.02 0.025 0.0001 
-0.023 0.025 0.0001 -0.026 0.025 0.0001 -0.029 0.025 0.0001 
-0.032 0.025 0.0001 -0.035 0.025 0.0001 -0.038 0.025 0.0001 
-0.041 0.025 0.0001 -0.044 0.025 0.0001 -0.047 0.025 0.0001 
-0.05 0.025 0.0001 0.049 0.022 0.0001 0.046 0.022 0.0001 
0.043 0.022 0.0001 0.04 0.022 0.0001 0.037 0.022 0.0001 
0.034 0.022 0.0001 0.031 0.022 0.0001 0.028 0.022 0.0001 
0.025 0.022 0.0001 0.022 0.022 0.0001 0.019 0.022 0.0001 
0.016 0.022 0.0001 0.013 0.022 0.0001 0.01 0.022 0.0001 
0.007 0.022 0.0001 0.004 0.022 0.0001 0.001 0.022 0.0001 
-0.002 0.022 0.0001 -0.005 0.022 0.0001 -0.008 0.022 0.0001 
-0.011 0.022 0.0001 -0.014 0.022 0.0001 -0.017 0.022 0.0001 
-0.02 0.022 0.0001 -0.023 0.022 0.0001 -0.026 0.022 0.0001 
-0.029 0.022 0.0001 -0.032 0.022 0.0001 -0.035 0.022 0.0001 
-0.038 0.022 0.0001 -0.041 0.022 0.0001 -0.044 0.022 0.0001 
-0.047 0.022 0.0001 -0.05 0.022 0.0001 0.049 0.019 0.0001 
0.046 0.019 0.0001 0.043 0.019 0.0001 0.04 0.019 0.0001 
0.037 0.019 0.0001 0.034 0.019 0.0001 0.031 0.019 0.0001 
0.028 0.019 0.0001 0.025 0.019 0.0001 0.022 0.019 0.0001 
0.019 0.019 0.0001 0.016 0.019 0.0001 0.013 0.019 0.0001 
0.01 0.019 0.0001 0.007 0.019 0.0001 0.004 0.019 0.0001 
0.001 0.019 0.0001 -0.002 0.019 0.0001 -0.005 0.019 0.0001 
-0.008 0.019 0.0001 -0.011 0.019 0.0001 -0.014 0.019 0.0001 
-0.017 0.019 0.0001 -0.02 0.019 0.0001 -0.023 0.019 0.0001 
-0.026 0.019 0.0001 -0.029 0.019 0.0001 -0.032 0.019 0.0001 
-0.035 0.019 0.0001 -0.038 0.019 0.0001 -0.041 0.019 0.0001 
-0.044 0.019 0.0001 -0.047 0.019 0.0001 -0.05 0.019 0.0001 
0.049 0.016 0.0001 0.046 0.016 0.0001 0.043 0.016 0.0001 
0.04 0.016 0.0001 0.037 0.016 0.0001 0.034 0.016 0.0001 
0.031 0.016 0.0001 0.028 0.016 0.0001 0.025 0.016 0.0001 
0.022 0.016 0.0001 0.019 0.016 0.0001 0.016 0.016 0.0001 
0.013 0.016 0.0001 0.01 0.016 0.0001 0.007 0.016 0.0001 
0.004 0.016 0.0001 0.001 0.016 0.0001 -0.002 0.016 0.0001 
-0.005 0.016 0.0001 -0.008 0.016 0.0001 -0.011 0.016 0.0001 
-0.014 0.016 0.0001 -0.017 0.016 0.0001 -0.02 0.016 0.0001 
-0.023 0.016 0.0001 -0.026 0.016 0.0001 -0.029 0.016 0.0001 
-0.032 0.016 0.0001 -0.035 0.016 0.0001 -0.038 0.016 0.0001 
-0.041 0.016 0.0001 -0.044 0.016 0.0001 -0.047 0.016 0.0001 
-0.05 0.016 0.0001 0.049 0.013 0.0001 0.046 0.013 0.0001 
0.043 0.013 0.0001 0.04 0.013 0.0001 0.037 0.013 0.0001 
0.034 0.013 0.0001 0.031 0.013 0.0001 0.028 0.013 0.0001 
0.025 0.013 0.0001 0.022 0.013 0.0001 0.019 0.013 0.0001 
0.016 0.013 0.0001 0.013 0.013 0.0001 0.01 0.013 0.0001 
0.007 0.013 0.0001 0.004 0.013 0.0001 0.001 0.013 0.0001 
-0.002 0.013 0.0001 -0.005 0.013 0.0001 -0.008 0.013 0.0001 
-0.011 0.013 0.0001 -0.014 0.013 0.0001 -0.017 0.013 0.0001 
-0.02 0.013 0.0001 -0.023 0.013 0.0001 -0.026 0.013 0.0001 
-0.029 0.013 0.0001 -0.032 0.013 0.0001 -0.035 0.013 0.0001 
-0.038 0.013 0.0001 -0.041 0.013 0.0001 -0.044 0.013 0.0001 
-0.047 0.013 0.0001 -0.05 0.013 0.0001 0.049 0.01 0.0001 
0.046 0.01 0.0001 0.043 0.01 0.0001 0.04 0.01 0.0001 
0.037 0.01 0.0001 0.034 0.01 0.0001 0.031 0.01 0.0001 
0.028 0.01 0.0001 0.025 0.01 0.0001 0.022 0.01 0.0001 
0.019 0.01 0.0001 0.016 0.01 0.0001 0.013 0.01 0.0001 
0.01 0.01 0.0001 0.007 0.01 0.0001 0.004 0.01 0.0001 
0.001 0.01 0.0001 -0.002 0.01 0.0001 -0.005 0.01 0.0001 
-0.008 0.01 0.0001 -0.011 0.01 0.0001 -0.014 0.01 0.0001 
-0.017 0.01 0.0001 -0.02 0.01 0.0001 -0.023 0.01 0.0001 
-0.026 0.01 0.0001 -0.029 0.01 0.0001 -0.032 0.01 0.0001 
-0.035 0.01 0.0001 -0.038 0.01 0.0001 -0.041 0.01 0.0001 
-0.044 0.01 0.0001 -0.047 0.01 0.0001 -0.05 0.01 0.0001 
0.049 0.007 0.0001 0.046 0.007 0.0001 0.043 0.007 0.0001 
0.04 0.007 0.0001 0.037 0.007 0.0001 0.034 0.007 0.0001 
0.031 0.007 0.0001 0.028 0.007 0.0001 0.025 0.007 0.0001 
0.022 0.007 0.0001 0.019 0.007 0.0001 0.016 0.007 0.0001 
0.013 0.007 0.0001 0.01 0.007 0.0001 0.007 0.007 0.0001 
0.004 0.007 0.0001 0.001 0.007 0.0001 -0.002 0.007 0.0001 
-0.005 0.007 0.0001 -0.008 0.007 0.0001 -0.011 0.007 0.0001 
-0.014 0.007 0.0001 -0.017 0.007 0.0001 -0.02 0.007 0.0001 
-0.023 0.007 0.0001 -0.026 0.007 0.0001 -0.029 0.007 0.0001 
-0.032 0.007 0.0001 -0.035 0.007 0.0001 -0.038 0.007 0.0001 
-0.041 0.007 0.0001 -0.044 0.007 0.0001 -0.047 0.007 0.0001 
-0.05 0.007 0.0001 0.049 0.004 0.0001 0.046 0.004 0.0001 
0.043 0.004 0.0001 0.04 0.004 0.0001 0.037 0.004 0.0001 
0.034 0.004 0.0001 0.031 0.004 0.0001 0.028 0.004 0.0001 
0.025 0.004 0.0001 0.022 0.004 0.0001 0.019 0.004 0.0001 
0.016 0.004 0.0001 0.013 0.004 0.0001 0.01 0.004 0.0001 
0.007 0.004 0.0001 0.004 0.004 0.0001 0.001 0.004 0.0001 
-0.002 0.004 0.0001 -0.005 0.004 0.0001 -0.008 0.004 0.0001 
-0.011 0.004 0.0001 -0.014 0.004 0.0001 -0.017 0.004 0.0001 
-0.02 0.004 0.0001 -0.023 0.004 0.0001 -0.026 0.004 0.0001 
-0.029 0.004 0.0001 -0.032 0.004 0.0001 -0.035 0.004 0.0001 
-0.038 0.004 0.0001 -0.041 0.004 0.0001 -0.044 0.004 0.0001 
-0.047 0.004 0.0001 -0.05 0.004 0.0001 0.049 0.001 0.0001 
0.046 0.001 0.0001 0.043 0.001 0.0001 0.04 0.001 0.0001 
0.037 0.001 0.0001 0.034 0.001 0.0001 0.031 0.001 0.0001 
0.028 0.001 0.0001 0.025 0.001 0.0001 0.022 0.001 0.0001 
0.019 0.001 0.0001 0.016 0.001 0.0001 0.013 0.001 0.0001 
0.01 0.001 0.0001 0.007 0.001 0.0001 0.004 0.001 0.0001 
0.001 0.001 0.0001 -0.002 0.001 0.0001 -0.005 0.001 0.0001 
-0.008 0.001 0.0001 -0.011 0.001 0.0001 -0.014 0.001 0.0001 
-0.017 0.001 0.0001 -0.02 0.001 0.0001 -0.023 0.001 0.0001 
-0.026 0.001 0.0001 -0.029 0.001 0.0001 -0.032 0.001 0.0001 
-0.035 0.001 0.0001 -0.038 0.001 0.0001 -0.041 0.001 0.0001 
-0.044 0.001 0.0001 -0.047 0.001 0.0001 -0.05 0.001 0.0001 
0.049 -0.002 0.0001 0.046 -0.002 0.0001 0.043 -0.002 0.0001 
0.04 -0.002 0.0001 0.037 -0.002 0.0001 0.034 -0.002 0.0001 
0.031 -0.002 0.0001 0.028 -0.002 0.0001 0.025 -0.002 0.0001 
0.022 -0.002 0.0001 0.019 -0.002 0.0001 0.016 -0.002 0.0001 
0.013 -0.002 0.0001 0.01 -0.002 0.0001 0.007 -0.002 0.0001 
0.004 -0.002 0.0001 0.001 -0.002 0.0001 -0.002 -0.002 0.0001 
-0.005 -0.002 0.0001 -0.008 -0.002 0.0001 -0.011 -0.002 0.0001 
-0.014 -0.002 0.0001 -0.017 -0.002 0.0001 -0.02 -0.002 0.0001 
-0.023 -0.002 0.0001 -0.026 -0.002 0.0001 -0.029 -0.002 0.0001 
-0.032 -0.002 0.0001 -0.035 -0.002 0.0001 -0.038 -0.002 0.0001 
-0.041 -0.002 0.0001 -0.044 -0.002 0.0001 -0.047 -0.002 0.0001 
-0.05 -0.002 0.0001 0.049 -0.005 0.0001 0.046 -0.005 0.0001 
-0.05 -0.05 0.0001 -0.047 -0.05 0.0001 -0.044 -0.05 0.0001 
-0.041 -0.05 0.0001 -0.038 -0.05 0.0001 -0.035 -0.05 0.0001 
-0.032 -0.05 0.0001 -0.029 -0.05 0.0001 -0.026 -0.05 0.0001 
-0.023 -0.05 0.0001 -0.02 -0.05 0.0001 -0.017 -0.05 0.0001 
-0.014 -0.05 0.0001 -0.011 -0.05 0.0001 -0.008 -0.05 0.0001 
-0.005 -0.05 0.0001 -0.002 -0.05 0.0001 0.001 -0.05 0.0001 
0.004 -0.05 0.0001 0.007 -0.05 0.0001 0.01 -0.05 0.0001 
0.013 -0.05 0.0001 0.016 -0.05 0.0001 0.019 -0.05 0.0001 
0.022 -0.05 0.0001 0.025 -0.05 0.0001 0.028 -0.05 0.0001 
0.031 -0.05 0.0001 0.034 -0.05 0.0001 0.037 -0.05 0.0001 
0.04 -0.05 0.0001 0.043 -0.05 0.0001 0.046 -0.05 0.0001 
0.049 -0.05 0.0001 -0.05 -0.047 0.0001 -0.047 -0.047 0.0001 
-0.044 -0.047 0.0001 -0.041 -0.047 0.0001 -0.038 -0.047 0.0001 
-0.035 -0.047 0.0001 -0.032 -0.047 0.0001 -0.029 -0.047 0.0001 
-0.026 -0.047 0.0001 -0.023 -0.047 0.0001 -0.02 -0.047 0.0001 
-0.017 -0.047 0.0001 -0.014 -0.047 0.0001 -0.011 -0.047 0.0001 
-0.008 -0.047 0.0001 -0.005 -0.047 0.0001 -0.002 -0.047 0.0001 
0.001 -0.047 0.0001 0.004 -0.047 0.0001 0.007 -0.047 0.0001 
0.01 -0.047 0.0001 0.013 -0.047 0.0001 0.016 -0.047 0.0001 
0.019 -0.047 0.0001 0.022 -0.047 0.0001 0.025 -0.047 0.0001 
0.028 -0.047 0.0001 0.031 -0.047 0.0001 0.034 -0.047 0.0001 
0.037 -0.047 0.0001 0.04 -0.047 0.0001 0.043 -0.047 0.0001 
0.046 -0.047 0.0001 0.049 -0.047 0.0001 -0.05 -0.044 0.0001 
-0.047 -0.044 0.0001 -0.044 -0.044 0.0001 -0.041 -0.044 0.0001 
-0.038 -0.044 0.0001 -0.035 -0.044 0.0001 -0.032 -0.044 0.0001 
-0.029 -0.044 0.0001 -0.026 -0.044 0.0001 -0.023 -0.044 0.0001 
-0.02 -0.044 0.0001 -0.017 -0.044 0.0001 -0.014 -0.044 0.0001 
-0.011 -0.044 0.0001 -0.008 -0.044 0.0001 -0.005 -0.044 0.0001 
-0.002 -0.044 0.0001 0.001 -0.044 0.0001 0.004 -0.044 0.0001 
0.007 -0.044 0.0001 0.01 -0.044 0.0001 0.013 -0.044 0.0001 
0.016 -0.044 0.0001 0.019 -0.044 0.0001 0.022 -0.044 0.0001 
0.025 -0.044 0.0001 0.028 -0.044 0.0001 0.031 -0.044 0.0001 
0.034 -0.044 0.0001 0.037 -0.044 0.0001 0.04 -0.044 0.0001 
0.043 -0.044 0.0001 0.046 -0.044 0.0001 0.049 -0.044 0.0001 
-0.05 -0.041 0.0001 -0.047 -0.041 0.0001 -0.044 -0.041 0.0001 
-0.041 -0.041 0.0001 -0.038 -0.041 0.0001 -0.035 -0.041 0.0001 
-0.032 -0.041 0.0001 -0.029 -0.041 0.0001 -0.026 -0.041 0.0001 
-0.023 -0.041 0.0001 -0.02 -0.041 0.0001 -0.017 -0.041 0.0001 
-0.014 -0.041 0.0001 -0.011 -0.041 0.0001 -0.008 -0.041 0.0001 
-0.005 -0.041 0.0001 -0.002 -0.041 0.0001 0.001 -0.041 0.0001 
0.004 -0.041 0.0001 0.007 -0.041 0.0001 0.01 -0.041 0.0001 
0.013 -0.041 0.0001 0.016 -0.041 0.0001 0.019 -0.041 0.0001 
0.022 -0.041 0.0001 0.025 -0.041 0.0001 0.028 -0.041 0.0001 
0.031 -0.041 0.0001 0.034 -0.041 0.0001 0.037 -0.041 0.0001 
0.04 -0.041 0.0001 0.043 -0.041 0.0001 0.046 -0.041 0.0001 
0.049 -0.041 0.0001 -0.05 -0.038 0.0001 -0.047 -0.038 0.0001 
-0.044 -0.038 0.0001 -0.041 -0.038 0.0001 -0.038 -0.038 0.0001 
-0.035 -0.038 0.0001 -0.032 -0.038 0.0001 -0.029 -0.038 0.0001 
-0.026 -0.038 0.0001 -0.023 -0.038 0.0001 -0.02 -0.038 0.0001 
-0.017 -0.038 0.0001 -0.014 -0.038 0.0001 -0.011 -0.038 0.0001 
-0.008 -0.038 0.0001 -0.005 -0.038 0.0001 -0.002 -0.038 0.0001 
0.001 -0.038 0.0001 0.004 -0.038 0.0001 0.007 -0.038 0.0001 
0.01 -0.038 0.0001 0.013 -0.038 0.0001 0.016 -0.038 0.0001 
0.019 -0.038 0.0001 0.022 -0.038 0.0001 0.025 -0.038 0.0001 
0.028 -0.038 0.0001 0.031 -0.038 0.0001 0.034 -0.038 0.0001 
0.037 -0.038 0.0001 0.04 -0.038 0.0001 0.043 -0.038 0.0001 
0.046 -0.038 0.0001 0.049 -0.038 0.0001 -0.05 -0.035 0.0001 
-0.047 -0.035 0.0001 -0.044 -0.035 0.0001 -0.041 -0.035 0.0001 
-0.038 -0.035 0.0001 -0.035 -0.035 0.0001 -0.032 -0.035 0.0001 
-0.029 -0.035 0.0001 -0.026 -0.035 0.0001 -0.023 -0.035 0.0001 
-0.02 -0.035 0.0001 -0.017 -0.035 0.0001 -0.014 -0.035 0.0001 
-0.011 -0.035 0.0001 -0.008 -0.035 0.0001 -0.005 -0.035 0.0001 
-0.002 -0.035 0.0001 0.001 -0.035 0.0001 0.004 -0.035 0.0001 
0.007 -0.035 0.0001 0.01 -0.035 0.0001 0.013 -0.035 0.0001 
0.016 -0.035 0.0001 0.019 -0.035 0.0001 0.022 -0.035 0.0001 
0.025 -0.035 0.0001 0.028 -0.035 0.0001 0.031 -0.035 0.0001 
0.034 -0.035 0.0001 0.037 -0.035 0.0001 0.04 -0.035 0.0001 
0.043 -0.035 0.0001 0.046 -0.035 0.0001 0.049 -0.035 0.0001 
-0.05 -0.032 0.0001 -0.047 -0.032 0.0001 -0.044 -0.032 0.0001 
-0.041 -0.032 0.0001 -0.038 -0.032 0.0001 -0.035 -0.032 0.0001 
-0.032 -0.032 0.0001 -0.029 -0.032 0.0001 -0.026 -0.032 0.0001 
-0.023 -0.032 0.0001 -0.02 -0.032 0.0001 -0.017 -0.032 0.0001 
-0.014 -0.032 0.0001 -0.011 -0.032 0.0001 -0.008 -0.032 0.0001 
-0.005 -0.032 0.0001 -0.002 -0.032 0.0001 0.001 -0.032 0.0001 
0.004 -0.032 0.0001 0.007 -0.032 0.0001 0.01 -0.032 0.0001 
0.013 -0.032 0.0001 0.016 -0.032 0.0001 0.019 -0.032 0.0001 
0.022 -0.032 0.0001 0.025 -0.032 0.0001 0.028 -0.032 0.0001 
0.031 -0.032 0.0001 0.034 -0.032 0.0001 0.037 -0.032 0.0001 
0.04 -0.032 0.0001 0.043 -0.032 0.0001 0.046 -0.032 0.0001 
0.049 -0.032 0.0001 -0.05 -0.029 0.0001 -0.047 -0.029 0.0001 
-0.044 -0.029 0.0001 -0.041 -0.029 0.0001 -0.038 -0.029 0.0001 
-0.035 -0.029 0.0001 -0.032 -0.029 0.0001 -0.029 -0.029 0.0001 
-0.026 -0.029 0.0001 -0.023 -0.029 0.0001 -0.02 -0.029 0.0001 
-0.017 -0.029 0.0001 -0.014 -0.029 0.0001 -0.011 -0.029 0.0001 
-0.008 -0.029 0.0001 -0.005 -0.029 0.0001 -0.002 -0.029 0.0001 
0.001 -0.029 0.0001 0.004 -0.029 0.0001 0.007 -0.029 0.0001 
0.01 -0.029 0.0001 0.013 -0.029 0.0001 0.016 -0.029 0.0001 
0.019 -0.029 0.0001 0.022 -0.029 0.0001 0.025 -0.029 0.0001 
0.028 -0.029 0.0001 0.031 -0.029 0.0001 0.034 -0.029 0.0001 
0.037 -0.029 0.0001 0.04 -0.029 0.0001 0.043 -0.029 0.0001 
0.046 -0.029 0.0001 0.049 -0.029 0.0001 -0.05 -0.026 0.0001 
-0.047 -0.026 0.0001 -0.044 -0.026 0.0001 -0.041 -0.026 0.0001 
-0.038 -0.026 0.0001 -0.035 -0.026 0.0001 -0.032 -0.026 0.0001 
-0.029 -0.026 0.0001 -0.026 -0.026 0.0001 -0.023 -0.026 0.0001 
-0.02 -0.026 0.0001 -0.017 -0.026 0.0001 -0.014 -0.026 0.0001 
-0.011 -0.026 0.0001 -0.008 -0.026 0.0001 -0.005 -0.026 0.0001 
-0.002 -0.026 0.0001 0.001 -0.026 0.0001 0.004 -0.026 0.0001 
0.007 -0.026 0.0001 0.01 -0.026 0.0001 0.013 -0.026 0.0001 
0.016 -0.026 0.0001 0.019 -0.026 0.0001 0.022 -0.026 0.0001 
0.025 -0.026 0.0001 0.028 -0.026 0.0001 0.031 -0.026 0.0001 
0.034 -0.026 0.0001 0.037 -0.026 0.0001 0.04 -0.026 0.0001 
0.043 -0.026 0.0001 0.046 -0.026 0.0001 0.049 -0.026 0.0001 
-0.05 -0.023 0.0001 -0.047 -0.023 0.0001 -0.044 -0.023 0.0001 
-0.041 -0.023 0.0001 -0.038 -0.023 0.0001 -0.035 -0.023 0.0001 
-0.032 -0.023 0.0001 -0.029 -0.023 0.0001 -0.026 -0.023 0.0001 
-0.023 -0.023 0.0001 -0.02 -0.023 0.0001 -0.017 -0.023 0.0001 
-0.014 -0.023 0.0001 -0.011 -0.023 0.0001 -0.008 -0.023 0.0001 
-0.005 -0.023 0.0001 -0.002 -0.023 0.0001 0.001 -0.023 0.0001 
0.004 -0.023 0.0001 0.007 -0.023 0.0001 0.01 -0.023 0.0001 
0.013 -0.023 0.0001 0.016 -0.023 0.0001 0.019 -0.023 0.0001 
0.022 -0.023 0.0001 0.025 -0.023 0.0001 0.028 -0.023 0.0001 
0.031 -0.023 0.0001 0.034 -0.023 0.0001 0.037 -0.023 0.0001 
0.04 -0.023 0.0001 0.043 -0.023 0.0001 0.046 -0.023 0.0001 
0.049 -0.023 0.0001 -0.05 -0.02 0.0001 -0.047 -0.02 0.0001 
-0.044 -0.02 0.0001 -0.041 -0.02 0.0001 -0.038 -0.02 0.0001 
-0.035 -0.02 0.0001 -0.032 -0.02 0.0001 -0.029 -0.02 0.0001 
-0.026 -0.02 0.0001 -0.023 -0.02 0.0001 -0.02 -0.02 0.0001 
-0.017 -0.02 0.0001 -0.014 -0.02 0.0001 -0.011 -0.02 0.0001 
-0.008 -0.02 0.0001 -0.005 -0.02 0.0001 -0.002 -0.02 0.0001 
0.001 -0.02 0.0001 0.004 -0.02 0.0001 0.007 -0.02 0.0001 
0.01 -0.02 0.0001 0.013 -0.02 0.0001 0.016 -0.02 0.0001 
0.019 -0.02 0.0001 0.022 -0.02 0.0001 0.025 -0.02 0.0001 
0.028 -0.02 0.0001 0.031 -0.02 0.0001 0.034 -0.02 0.0001 
0.037 -0.02 0.0001 0.04 -0.02 0.0001 0.043 -0.02 0.0001 
0.046 -0.02 0.0001 0.049 -0.02 0.0001 -0.05 -0.017 0.0001 
-0.047 -0.017 0.0001 -0.044 -0.017 0.0001 -0.041 -0.017 0.0001 
-0.038 -0.017 0.0001 -0.035 -0.017 0.0001 -0.032 -0.017 0.0001 
-0.029 -0.017 0.0001 -0.026 -0.017 0.0001 -0.023 -0.017 0.0001 
-0.02 -0.017 0.0001 -0.017 -0.017 0.0001 -0.014 -0.017 0.0001 
-0.011 -0.017 0.0001 -0.008 -0.017 0.0001 -0.005 -0.017 0.0001 
-0.002 -0.017 0.0001 0.001 -0.017 0.0001 0.004 -0.017 0.0001 
0.007 -0.017 0.0001 0.01 -0.017 0.0001 0.013 -0.017 0.0001 
0.016 -0.017 0.0001 0.019 -0.017 0.0001 0.022 -0.017 0.0001 
0.025 -0.017 0.0001 0.028 -0.017 0.0001 0.031 -0.017 0.0001 
0.034 -0.017 0.0001 0.037 -0.017 0.0001 0.04 -0.017 0.0001 
0.043 -0.017 0.0001 0.046 -0.017 0.0001 0.049 -0.017 0.0001 
-0.05 -0.014 0.0001 -0.047 -0.014 0.0001 -0.044 -0.014 0.0001 
-0.041 -0.014 0.0001 -0.038 -0.014 0.0001 -0.035 -0.014 0.0001 
-0.032 -0.014 0.0001 -0.029 -0.014 0.0001 -0.026 -0.014 0.0001 
-0.023 -0.014 0.0001 -0.02 -0.014 0.0001 -0.017 -0.014 0.0001 
-0.014 -0.014 0.0001 -0.011 -0.014 0.0001 -0.008 -0.014 0.0001 
-0.005 -0.014 0.0001 -0.002 -0.014 0.0001 0.001 -0.014 0.0001 
0.004 -0.014 0.0001 0.007 -0.014 0.0001 0.01 -0.014 0.0001 
0.013 -0.014 0.0001 0.016 -0.014 0.0001 0.019 -0.014 0.0001 
0.022 -0.014 0.0001 0.025 -0.014 0.0001 0.028 -0.014 0.0001 
0.031 -0.014 0.0001 0.034 -0.014 0.0001 0.037 -0.014 0.0001 
0.04 -0.014 0.0001 0.043 -0.014 0.0001 0.046 -0.014 0.0001 
0.049 -0.014 0.0001 -0.05 -0.011 0.0001 -0.047 -0.011 0.0001 
-0.044 -0.011 0.0001 -0.041 -0.011 0.0001 -0.038 -0.011 0.0001 
-0.035 -0.011 0.0001 -0.032 -0.011 0.0001 -0.029 -0.011 0.0001 
-0.026 -0.011 0.0001 -0.023 -0.011 0.0001 -0.02 -0.011 0.0001 
-0.017 -0.011 0.0001 -0.014 -0.011 0.0001 -0.011 -0.011 0.0001 
-0.008 -0.011 0.0001 -0.005 -0.011 0.0001 -0.002 -0.011 0.0001 
0.001 -0.011 0.0001 0.004 -0.011 0.0001 0.007 -0.011 0.0001 
0.01 -0.011 0.0001 0.013 -0.011 0.0001 0.016 -0.011 0.0001 
0.019 -0.011 0.0001 0.022 -0.011 0.0001 0.025 -0.011 0.0001 
0.028 -0.011 0.0001 0.031 -0.011 0.0001 0.034 -0.011 0.0001 
0.037 -0.011 0.0001 0.04 -0.011 0.0001 0.043 -0.011 0.0001 
0.046 -0.011 0.0001 0.049 -0.011 0.0001 -0.05 -0.008 0.0001 
-0.047 -0.008 0.0001 -0.044 -0.008 0.0001 -0.041 -0.008 0.0001 
-0.038 -0.008 0.0001 -0.035 -0.008 0.0001 -0.032 -0.008 0.0001 
-0.029 -0.008 0.0001 -0.026 -0.008 0.0001 -0.023 -0.008 0.0001 
-0.02 -0.008 0.0001 -0.017 -0.008 0.0001 -0.014 -0.008 0.0001 
-0.011 -0.008 0.0001 -0.008 -0.008 0.0001 -0.005 -0.008 0.0001 
-0.002 -0.008 0.0001 0.001 -0.008 0.0001 0.004 -0.008 0.0001 
0.007 -0.008 0.0001 0.01 -0.008 0.0001 0.013 -0.008 0.0001 
0.016 -0.008 0.0001 0.019 -0.008 0.0001 0.022 -0.008 0.0001 
0.025 -0.008 0.0001 0.028 -0.008 0.0001 0.031 -0.008 0.0001 
0.034 -0.008 0.0001 0.037 -0.008 0.0001 0.04 -0.008 0.0001 
0.043 -0.008 0.0001 0.046 -0.008 0.0001 0.049 -0.008 0.0001 
-0.05 -0.005 0.0001 -0.047 -0.005 0.0001 -0.044 -0.005 0.0001 
-0.041 -0.005 0.0001 -0.038 -0.005 0.0001 -0.035 -0.005 0.0001 
-0.032 -0.005 0.0001 -0.029 -0.005 0.0001 -0.026 -0.005 0.0001 
-0.023 -0.005 0.0001 -0.02 -0.005 0.0001 -0.017 -0.005 0.0001 
-0.014 -0.005 0.0001 -0.011 -0.005 0.0001 -0.008 -0.005 0.0001 
-0.005 -0.005 0.0001 -0.002 -0.005 0.0001 0.001 -0.005 0.0001 
0.004 -0.005 0.0001 0.007 -0.005 0.0001 0.01 -0.005 0.0001 
0.013 -0.005 0.0001 0.016 -0.005 0.0001 0.019 -0.005 0.0001 
0.022 -0.005 0.0001 0.025 -0.005 0.0001 0.028 -0.005 0.0001 
0.031 -0.005 0.0001 0.034 -0.005 0.0001 0.037 -0.005 0.0001 
0.04 -0.005 0.0001 0.043 -0.005 0.0001 
VERTICES 1191 1190
OFFSETS vtktypeint64
0 1 2 3 4 5 6 7 8 
9 10 11 12 13 14 15 16 17 
18 19 20 21 22 23 24 25 26 
27 28 29 30 31 32 33 34 35 
36 37 38 39 40 41 42 43 44 
45 46 47 48 49 50 51 52 53 
54 55 56 57 58 59 60 61 62 
63 64 65 66 67 68 69 70 71 
72 73 74 75 76 77 78 79 80 
81 82 83 84 85 86 87 88 89 
90 91 92 93 94 95 96 97 98 
99 100 101 102 103 104 105 106 107 
108 109 110 111 112 113 114 115 116 
117 118 119 120 121 122 123 124 125 
126 127 128 129 130 131 132 133 134 
135 136 137 138 139 140 141 142 143 
144 145 146 147 148 149 150 151 152 
153 154 155 156 157 158 159 160 161 
162 163 164 165 166 167 168 169 170 
171 172 173 174 175 176 177 178 179 
180 181 182 183 184 185 186 187 188 
189 190 191 192 193 194 195 196 197 
198 199 200 201 202 203 204 205 206 
207 208 209 210 211 212 213 214 215 
216 217 218 219 220 221 222 223 224 
225 226 227 228 229 230 231 232 233 
234 235 236 237 238 239 240 241 242 
243 244 245 246 247 248 249 250 251 
252 253 254 255 256 257 258 259 260 
261 262 263 264 265 266 267 268 269 
270 271 272 273 274 275 276 277 278 
279 280 281 282 283 284 285 286 287 
288 289 290 291 292 293 294 295 296 
297 298 299 300 301 302 303 304 305 
306 307 308 309 310 311 312 313 314 
315 316 317 318 319 320 321 322 323 
324 325 326 327 328 329 330 331 332 
333 334 335 336 337 338 339 340 341 
342 343 344 345 346 347 348 349 350 
351 352 353 354 355 356 357 358 359 
360 361 362 363 364 365 366 367 368 
369 370 371 372 373 374 375 376 377 
378 379 380 381 382 383 384 385 386 
387 388 389 390 391 392 393 394 395 
396 397 398 399 400 401 402 403 404 
405 406 407 408 409 410 411 412 413 
414 415 416 417 418 419 420 421 422 
423 424 425 426 427 428 429 430 431 
432 433 434 435 436 437 438 439 440 
441 442 443 444 445 446 447 448 449 
450 451 452 453 454 455 456 457 458 
459 460 461 462 463 464 465 466 467 
468 469 470 471 472 473 474 475 476 
477 478 479 480 481 482 483 484 485 
486 487 488 489 490 491 492 493 494 
495 496 497 498 499 500 501 502 503 
504 505 506 507 508 509 510 511 512 
513 514 515 516 517 518 519 520 521 
522 523 524 525 526 527 528 529 530 
531 532 533 534 535 536 537 538 539 
540 541 542 543 544 545 546 547 548 
549 550 551 552 553 554 555 556 557 
558 559 560 561 562 563 564 565 566 
567 568 569 570 571 572 573 574 575 
576 577 578 579 580 581 582 583 584 
585 586 587 588 589 590 591 592 593 
594 595 596 597 598 599 600 601 602 
603 604 605 606 607 608 609 610 611 
612 613 614 615 616 617 618 619 620 
621 622 623 624 625 626 627 628 629 
630 631 632 633 634 635 636 637 638 
639 640 641 642 643 644 645 646 647 
648 649 650 651 652 653 654 655 656 
657 658 659 660 661 662 663 664 665 
666 667 668 669 670 671 672 673 674 
675 676 677 678 679 680 681 682 683 
684 685 686 687 688 689 690 691 692 
693 694 695 696 697 698 699 700 701 
702 703 704 705 706 707 708 709 710 
711 712 713 714 715 716 717 718 719 
720 721 722 723 724 725 726 727 728 
729 730 731 732 733 734 735 736 737 
738 739 740 741 742 743 744 745 746 
747 748 749 750 751 752 753 754 755 
756 757 758 759 760 761 762 763 764 
765 766 767 768 769 770 771 772 773 
774 775 776 777 778 779 780 781 782 
783 784 785 786 787 788 789 790 791 
792 793 794 795 796 797 798 799 800 
801 802 803 804 805 806 807 808 809 
810 811 812 813 814 815 816 817 818 
819 820 821 822 823 824 825 826 827 
828 829 830 831 832 833 834 835 836 
837 838 839 840 841 842 843 844 845 
846 847 848 849 850 851 852 853 854 
855 856 857 858 859 860 861 862 863 
864 865 866 867 868 869 870 871 872 
873 874 875 876 877 878 879 880 881 
882 883 884 885 886 887 888 889 890 
891 892 893 894 895 896 897 898 899 
900 901 902 903 904 905 906 907 908 
909 910 911 912 913 914 915 916 917 
918 919 920 921 922 923 924 925 926 
927 928 929 930 931 932 933 934 935 
936 937 938 939 940 941 942 943 944 
945 946 947 948 949 950 951 952 953 
954 955 956 957 958 959 960 961 962 
963 964 965 966 967 968 969 970 971 
972 973 974 975 976 977 978 979 980 
981 982 983 984 985 986 987 988 989 
990 991 992 993 994 995 996 997 998 
999 1000 1001 1002 1003 1004 1005 1006 1007 
1008 1009 1010 1011 1012 1013 1014 1015 1016 
1017 1018 1019 1020 1021 1022 1023 1024 1025 
1026 1027 1028 1029 1030 1031 1032 1033 1034 
1035 1036 1037 1038 1039 1040 1041 1042 1043 
1044 1045 1046 1047 1048 1049 1050 1051 1052 
1053 1054 1055 1056 1057 1058 1059 1060 1061 
1062 1063 1064 1065 1066 1067 1068 1069 1070 
1071 1072 1073 1074 1075 1076 1077 1078 1079 
1080 1081 1082 1083 1084 1085 1086 1087 1088 
1089 1090 1091 1092 1093 1094 1095 1096 1097 
1098 1099 1100 1101 1102 1103 1104 1105 1106 
1107 1108 1109 1110 1111 1112 1113 1114 1115 
1116 1117 1118 1119 1120 1121 1122 1123 1124 
1125 1126 1127 1128 1129 1130 1131 1132 1133 
1134 1135 1136 1137 1138 1139 1140 1141 1142 
1143 1144 1145 1146 1147 1148 1149 1150 1151 
1152 1153 1154 1155 1156 1157 1158 1159 1160 
1161 1162 1163 1164 1165 1166 1167 1168 1169 
1170 1171 1172 1173 1174 1175 1176 1177 1178 
1179 1180 1181 1182 1183 1184 1185 1186 1187 
1188 1189 1190 
CONNECTIVITY vtktypeint64
0 1 2 3 4 5 6 7 8 
9 10 11 12 13 14 15 16 17 
18 19 20 21 22 23 24 25 26 
27 28 29 30 31 32 33 34 35 
36 37 38 39 40 41 42 43 44 
45 46 47 48 49 50 51 52 53 
54 55 56 57 58 59 60 61 62 
63 64 65 66 67 68 69 70 71 
72 73 74 75 76 77 78 79 80 
81 82 83 84 85 86 87 88 89 
90 91 92 93 94 95 96 97 98 
99 100 101 102 103 104 105 106 107 
108 109 110 111 112 113 114 115 116 
117 118 119 120 121 122 123 124 125 
126 127 128 129 130 131 132 133 134 
135 136 137 138 139 140 141 142 143 
144 145 146 147 148 149 150 151 152 
153 154 155 156 157 158 159 160 161 
162 163 164 165 166 167 168 169 170 
171 172 173 174 175 176 177 178 179 
180 181 182 183 184 185 186 187 188 
189 190 191 192 193 194 195 196 197 
198 199 200 201 202 203 204 205 206 
207 208 209 210 211 212 213 214 215 
216 217 218 219 220 221 222 223 224 
225 226 227 228 229 230 231 232 233 
234 235 236 237 238 239 240 241 242 
243 244 245 246 247 248 249 250 251 
252 253 254 255 256 257 258 259 260 
261 262 263 264 265 266 267 268 269 
270 271 272 273 274 275 276 277 278 
279 280 281 282 283 284 285 286 287 
288 289 290 291 292 293 294 295 296 
297 298 299 300 301 302 303 304 305 
306 307 308 309 310 311 312 313 314 
315 316 317 318 319 320 321 322 323 
324 325 326 327 328 329 330 331 332 
333 334 335 336 337 338 339 340 341 
342 343 344 345 346 347 348 349 350 
351 352 353 354 355 356 357 358 359 
360 361 362 363 364 365 366 367 368 
369 370 371 372 373 374 375 376 377 
378 379 380 381 382 383 384 385 386 
387 388 389 390 391 392 393 394 395 
396 397 398 399 400 401 402 403 404 
405 406 407 408 409 410 411 412 413 
414 415 416 417 418 419 420 421 422 
423 424 425 426 427 428 429 430 431 
432 433 434 435 436 437 438 439 440 
441 442 443 444 445 446 447 448 449 
450 451 452 453 454 455 456 457 458 
459 460 461 462 463 464 465 466 467 
468 469 470 471 472 473 474 475 476 
477 478 479 480 481 482 483 484 485 
486 487 488 489 490 491 492 493 494 
495 496 497 498 499 500 501 502 503 
504 505 506 507 508 509 510 511 512 
513 514 515 516 517 518 519 520 521 
522 523 524 525 526 527 528 529 530 
531 532 533 534 535 536 537 538 539 
540 541 542 543 544 545 546 547 548 
549 550 551 552 553 554 555 556 557 
558 559 560 561 562 563 564 565 566 
567 568 569 570 571 572 573 574 575 
576 577 578 579 580 581 582 583 584 
585 586 587 588 589 590 591 592 593 
594 595 596 597 598 599 600 601 602 
603 604 605 606 607 608 609 610 611 
612 613 614 615 616 617 618 619 620 
621 622 623 624 625 626 627 628 629 
630 631 632 633 634 635 636 637 638 
639 640 641 642 643 644 645 646 647 
648 649 650 651 652 653 654 655 656 
657 658 659 660 661 662 663 664 665 
666 667 668 669 670 671 672 673 674 
675 676 677 678 679 680 681 682 683 
684 685 686 687 688 689 690 691 692 
693 694 695 696 697 698 699 700 701 
702 703 704 705 706 707 708 709 710 
711 712 713 714 715 716 717 718 719 
720 721 722 723 724 725 726 727 728 
729 730 731 732 733 734 735 736 737 
738 739 740 741 742 743 744 745 746 
747 748 749 750 751 752 753 754 755 
756 757 758 759 760 761 762 763 764 
765 766 767 768 769 770 771 772 773 
774 775 776 777 778 779 780 781 782 
783 784 785 786 787 788 789 790 791 
792 793 794 795 796 797 798 799 800 
801 802 803 804 805 806 807 808 809 
810 811 812 813 814 815 816 817 818 
819 820 821 822 823 824 825 826 827 
828 829 830 831 832 833 834 835 836 
837 838 839 840 841 842 843 844 845 
846 847 848 849 850 851 852 853 854 
855 856 857 858 859 860 861 862 863 
864 865 866 867 868 869 870 871 872 
873 874 875 876 877 878 879 880 881 
882 883 884 885 886 887 888 889 890 
891 892 893 894 895 896 897 898 899 
900 901 902 903 904 905 906 907 908 
909 910 911 912 913 914 915 916 917 
918 919 920 921 922 923 924 925 926 
927 928 929 930 931 932 933 934 935 
936 937 938 939 940 941 942 943 944 
945 946 947 948 949 950 951 952 953 
954 955 956 957 958 959 960 961 962 
963 964 965 966 967 968 969 970 971 
972 973 974 975 976 977 978 979 980 
981 982 983 984 985 986 987 988 989 
990 991 992 993 994 995 996 997 998 
999 1000 1001 1002 1003 1004 1005 1006 1007 
1008 1009 1010 1011 1012 1013 1014 1015 1016 
1017 1018 1019 1020 1021 1022 1023 1024 1025 
1026 1027 1028 1029 1030 1031 1032 1033 1034 
1035 1036 1037 1038 1039 1040 1041 1042 1043 
1044 1045 1046 1047 1048 1049 1050 1051 1052 
1053 1054 1055 1056 1057 1058 1059 1060 1061 
1062 1063 1064 1065 1066 1067 1068 1069 1070 
1071 1072 1073 1074 1075 1076 1077 1078 1079 
1080 1081 1082 1083 1084 1085 1086 1087 1088 
1089 1090 1091 1092 1093 1094 1095 1096 1097 
1098 1099 1100 1101 1102 1103 1104 1105 1106 
1107 1108 1109 1110 1111 1112 1113 1114 1115 
1116 1117 1118 1119 1120 1121 1122 1123 1124 
1125 1126 1127 1128 1129 1130 1131 1132 1133 
1134 1135 1136 1137 1138 1139 1140 1141 1142 
1143 1144 1145 1146 1147 1148 1149 1150 1151 
1152 1153 1154 1155 1156 1157 1158 1159 1160 
1161 1162 1163 1164 1165 1166 1167 1168 1169 
1170 1171 1172 1173 1174 1175 1176 1177 1178 
1179 1180 1181 1182 1183 1184 1185 1186 1187 
1188 1189 
POINT_DATA 1190
FIELD FieldData 12
id 1 1190 int
1838 1837 1836 1835 1834 1833 1832 1831 1830 
1829 1828 1827 1826 1825 1824 1823 1822 1821 
1820 1819 1818 1817 1816 1815 1814 1813 1812 
1811 1810 1809 1808 1807 1806 1805 1804 1803 
1802 1801 1800 1799 1798 1797 1796 1795 1794 
1793 1792 1791 1790 1789 1788 1787 1786 1785 
1784 1783 1782 1781 1780 1779 1778 1777 1776 
1775 1774 1773 1772 1771 1770 1769 1768 1767 
1766 1765 1764 1763 1762 1761 1760 1759 1758 
1757 1756 1755 1754 1753 1752 1751 1750 1749 
1748 1747 1746 1745 1744 1743 1742 1741 1740 
1739 1738 1737 1736 1735 1734 1733 1732 1731 
1730 1729 1728 1727 1726 1725 1724 1723 1722 
1721 1720 1719 1718 1717 1716 1715 1714 1713 
1712 1711 1710 1709 1708 1707 1706 1705 1704 
1703 1702 1701 1700 1699 1698 1697 1696 1695 
1694 1693 1692 1691 1690 1689 1688 1687 1686 
1685 1684 1683 1682 1681 1680 1679 1678 1677 
1676 1675 1674 1673 1672 1671 1670 1669 1668 
1667 1666 1665 1664 1663 1662 1661 1660 1659 
1658 1657 1656 1655 1654 1653 1652 1651 1650 
1649 1648 1647 1646 1645 1644 1643 1642 1641 
1640 1639 1638 1637 1636 1635 1634 1633 1632 
1631 1630 1629 1628 1627 1626 1625 1624 1623 
1622 1621 1620 1619 1618 1617 1616 1615 1614 
1613 1612 1611 1610 1609 1608 1607 1606 1605 
1604 1603 1602 1601 1600 1599 1598 1597 1596 
1595 1594 1593 1592 1591 1590 1589 1588 1587 
1586 1585 1584 1583 1582 1581 1580 1579 1578 
1577 1576 1575 1574 1573 1572 1571 1570 1569 
1568 1567 1566 1565 1564 1563 1562 1561 1560 
1559 1558 1557 1556 1555 1554 1553 1552 1551 
1550 1549 1548 1547 1546 1545 1544 1543 1542 
1541 1540 1539 1538 1537 1536 1535 1534 1533 
1532 1531 1530 1529 1528 1527 1526 1525 1524 
1523 1522 1521 1520 1519 1518 1517 1516 1515 
1514 1513 1512 1511 1510 1509 1508 1507 1506 
1505 1504 1503 1502 1501 1500 1499 1498 1497 
1496 1495 1494 1493 1492 1491 1490 1489 1488 
1487 1486 1485 1484 1483 1482 1481 1480 1479 
1478 1477 1476 1475 1474 1473 1472 1471 1470 
1469 1468 1467 1466 1465 1464 1463 1462 1461 
1460 1459 1458 1457 1456 1455 1454 1453 1452 
1451 1450 1449 1448 1447 1446 1445 1444 1443 
1442 1441 1440 1439 1438 1437 1436 1435 1434 
1433 1432 1431 1430 1429 1428 1427 1426 1425 
1424 1423 1422 1421 1420 1419 1418 1417 1416 
1415 1414 1413 1412 1411 1410 1409 1408 1407 
1406 1405 1404 1403 1402 1401 1400 1399 1398 
1397 1396 1395 1394 1393 1392 1391 1390 1389 
1388 1387 1386 1385 1384 1383 1382 1381 1380 
1379 1378 1377 1376 1375 1374 1373 1372 1371 
1370 1369 1368 1367 1366 1365 1364 1363 1362 
1361 1360 1359 1358 1357 1356 1355 1354 1353 
1352 1351 1350 1349 1348 1347 1346 1345 1344 
1343 1342 1341 1340 1339 1338 1337 1336 1335 
1334 1333 1332 1331 1330 1329 1328 1327 1326 
1325 1324 1323 1322 1321 1320 1319 1318 1317 
1316 1315 1314 1313 1312 1311 1310 1309 1308 
1307 1306 1305 1304 1303 1302 1301 1300 1299 
1298 1297 1296 1295 1294 1293 1292 1291 1290 
1289 1288 1287 1286 1285 1284 1283 1282 1281 
1280 1279 1278 1277 1276 1275 1274 1273 1272 
1271 1270 1269 1268 1267 1266 1265 1264 1263 
1262 1261 1260 1259 1258 1257 1256 1255 1254 
1253 1252 1251 1250 1249 1248 1247 1246 1245 
1244 1243 1242 1241 1240 1239 1238 1237 1236 
1235 1234 1233 1232 1231 1230 1229 1228 1227 
1226 1225 1224 1223 1222 1221 1220 1219 1218 
1217 1216 1215 1214 1213 1212 1211 1210 1209 
1208 1207 1206 1205 1204 1203 1202 1201 1200 
1199 1198 1197 1196 1195 1194 1193 1192 1191 
649 650 651 652 653 654 655 656 657 
658 659 660 661 662 663 664 665 666 
667 668 669 670 671 672 673 674 675 
676 677 678 679 680 681 682 683 684 
685 686 687 688 689 690 691 692 693 
694 695 696 697 698 699 700 701 702 
703 704 705 706 707 708 709 710 711 
712 713 714 715 716 717 718 719 720 
721 722 723 724 725 726 727 728 729 
730 731 732 733 734 735 736 737 738 
739 740 741 742 743 744 745 746 747 
748 749 750 751 752 753 754 755 756 
757 758 759 760 761 762 763 764 765 
766 767 768 769 770 771 772 773 774 
775 776 777 778 779 780 781 782 783 
784 785 786 787 788 789 790 791 792 
793 794 795 796 797 798 799 800 801 
802 803 804 805 806 807 808 809 810 
811 812 813 814 815 816 817 818 819 
820 821 822 823 824 825 826 827 828 
829 830 831 832 833 834 835 836 837 
838 839 840 841 842 843 844 845 846 
847 848 849 850 851 852 853 854 855 
856 857 858 859 860 861 862 863 864 
865 866 867 868 869 870 871 872 873 
874 875 876 877 878 879 880 881 882 
883 884 885 886 887 888 889 890 891 
892 893 894 895 896 897 898 899 900 
901 902 903 904 905 906 907 908 909 
910 911 912 913 914 915 916 917 918 
919 920 921 922 923 924 925 926 927 
928 929 930 931 932 933 934 935 936 
937 938 939 940 941 942 943 944 945 
946 947 948 949 950 951 952 953 954 
955 956 957 958 959 960 961 962 963 
964 965 966 967 968 969 970 971 972 
973 974 975 976 977 978 979 980 981 
982 983 984 985 986 987 988 989 990 
991 992 993 994 995 996 997 998 999 
1000 1001 1002 1003 1004 1005 1006 1007 1008 
1009 1010 1011 1012 1013 1014 1015 1016 1017 
1018 1019 1020 1021 1022 1023 1024 1025 1026 
1027 1028 1029 1030 1031 1032 1033 1034 1035 
1036 1037 1038 1039 1040 1041 1042 1043 1044 
1045 1046 1047 1048 1049 1050 1051 1052 1053 
1054 1055 1056 1057 1058 1059 1060 1061 1062 
1063 1064 1065 1066 1067 1068 1069 1070 1071 
1072 1073 1074 1075 1076 1077 1078 1079 1080 
1081 1082 1083 1084 1085 1086 1087 1088 1089 
1090 1091 1092 1093 1094 1095 1096 1097 1098 
1099 1100 1101 1102 1103 1104 1105 1106 1107 
1108 1109 1110 1111 1112 1113 1114 1115 1116 
1117 1118 1119 1120 1121 1122 1123 1124 1125 
1126 1127 1128 1129 1130 1131 1132 1133 1134 
1135 1136 1137 1138 1139 1140 1141 1142 1143 
1144 1145 1146 1147 1148 1149 1150 1151 1152 
1153 1154 1155 1156 1157 1158 1159 1160 1161 
1162 1163 1164 1165 1166 1167 1168 1169 1170 
1171 1172 1173 1174 1175 1176 1177 1178 1179 
1180 1181 1182 1183 1184 1185 1186 1187 1188 
1189 1190 
type 1 1190 int
5 5 5 5 5 5 5 5 5 
5 5 5 5 5 5 5 5 5 
5 5 5 5 5 5 5 5 5 
5 5 5 5 5 5 5 5 5 
5 5 5 5 5 5 5 5 5 
5 5 5 5 5 5 5 5 5 
5 5 5 5 5 5 5 5 5 
5 5 5 5 5 5 5 5 5 
5 5 5 5 5 5 5 5 5 
5 5 5 5 5 5 5 5 5 
5 5 5 5 5 5 5 5 5 
5 5 5 5 5 5 5 5 5 
5 5 5 5 5 5 5 5 5 
5 5 5 5 5 5 5 5 5 
5 5 5 5 5 5 5 5 5 
5 5 5 5 5 5 5 5 5 
5 5 5 5 5 5 5 5 5 
5 5 5 5 5 5 5 5 5 
5 5 5 5 5 5 5 5 5 
5 5 5 5 5 5 5 5 5 
5 5 5 5 5 5 5 5 5 
5 5 5 5 5 5 5 5 5 
5 5 5 5 5 5 5 5 5 
5 5 5 5 5 5 5 5 5 
5 5 5 5 5 5 5 5 5 
5 5 5 5 5 5 5 5 5 
5 5 5 5 5 5 5 5 5 
5 5 5 5 5 5 5 5 5 
5 5 5 5 5 5 5 5 5 
5 5 5 5 5 5 5 5 5 
5 5 5 5 5 5 5 5 5 
5 5 5 5 5 5 5 5 5 
5 5 5 5 5 5 5 5 5 
5 5 5 5 5 5 5 5 5 
5 5 5 5 5 5 5 5 5 
5 5 5 5 5 5 5 5 5 
5 5 5 5 5 5 5 5 5 
5 5 5 5 5 5 5 5 5 
5 5 5 5 5 5 5 5 5 
5 5 5 5 5 5 5 5 5 
5 5 5 5 5 5 5 5 5 
5 5 5 5 5 5 5 5 5 
5 5 5 5 5 5 5 5 5 
5 5 5 5 5 5 5 5 5 
5 5 5 5 5 5 5 5 5 
5 5 5 5 5 5 5 5 5 
5 5 5 5 5 5 5 5 5 
5 5 5 5 5 5 5 5 5 
5 5 5 5 5 5 5 5 5 
5 5 5 5 5 5 5 5 5 
5 5 5 5 5 5 5 5 5 
5 5 5 5 5 5 5 5 5 
5 5 5 5 5 5 5 5 5 
5 5 5 5 5 5 5 5 5 
5 5 5 5 5 5 5 5 5 
5 5 5 5 5 5 5 5 5 
5 5 5 5 5 5 5 5 5 
5 5 5 5 5 5 5 5 5 
5 5 5 5 5 5 5 5 5 
5 5 5 5 5 5 5 5 5 
5 5 5 5 5 5 5 5 5 
5 5 5 5 5 5 5 5 5 
5 5 5 5 5 5 5 5 5 
5 5 5 5 5 5 5 5 5 
5 5 5 5 5 5 5 5 5 
5 5 5 5 5 5 5 5 5 
5 5 5 5 5 5 5 5 5 
5 5 5 5 5 5 5 5 5 
5 5 5 5 5 5 5 5 5 
5 5 5 5 5 5 5 5 5 
5 5 5 5 5 5 5 5 5 
5 5 5 5 5 5 5 5 5 
5 5 5 5 5 5 5 5 5 
5 5 5 5 5 5 5 5 5 
5 5 5 5 5 5 5 5 5 
5 5 5 5 5 5 5 5 5 
5 5 5 5 5 5 5 5 5 
5 5 5 5 5 5 5 5 5 
5 5 5 5 5 5 5 5 5 
5 5 5 5 5 5 5 5 5 
5 5 5 5 5 5 5 5 5 
5 5 5 5 5 5 5 5 5 
5 5 5 5 5 5 5 5 5 
5 5 5 5 5 5 5 5 5 
5 5 5 5 5 5 5 5 5 
5 5 5 5 5 5 5 5 5 
5 5 5 5 5 5 5 5 5 
5 5 5 5 5 5 5 5 5 
5 5 5 5 5 5 5 5 5 
5 5 5 5 5 5 5 5 5 
5 5 5 5 5 5 5 5 5 
5 5 5 5 5 5 5 5 5 
5 5 5 5 5 5 5 5 5 
5 5 5 5 5 5 5 5 5 
5 5 5 5 5 5 5 5 5 
5 5 5 5 5 5 5 5 5 
5 5 5 5 5 5 5 5 5 
5 5 5 5 5 5 5 5 5 
5 5 5 5 5 5 5 5 5 
5 5 5 5 5 5 5 5 5 
5 5 5 5 5 5 5 5 5 
5 5 5 5 5 5 5 5 5 
5 5 5 5 5 5 5 5 5 
5 5 5 5 5 5 5 5 5 
5 5 5 5 5 5 5 5 5 
5 5 5 5 5 5 5 5 5 
5 5 5 5 5 5 5 5 5 
5 5 5 5 5 5 5 5 5 
5 5 5 5 5 5 5 5 5 
5 5 5 5 5 5 5 5 5 
5 5 5 5 5 5 5 5 5 
5 5 5 5 5 5 5 5 5 
5 5 5 5 5 5 5 5 5 
5 5 5 5 5 5 5 5 5 
5 5 5 5 5 5 5 5 5 
5 5 5 5 5 5 5 5 5 
5 5 5 5 5 5 5 5 5 
5 5 5 5 5 5 5 5 5 
5 5 5 5 5 5 5 5 5 
5 5 5 5 5 5 5 5 5 
5 5 5 5 5 5 5 5 5 
5 5 5 5 5 5 5 5 5 
5 5 5 5 5 5 5 5 5 
5 5 5 5 5 5 5 5 5 
5 5 5 5 5 5 5 5 5 
5 5 5 5 5 5 5 5 5 
5 5 5 5 5 5 5 5 5 
5 5 5 5 5 5 5 5 5 
5 5 5 5 5 5 5 5 5 
5 5 5 5 5 5 5 5 5 
5 5 5 5 5 5 5 5 5 
5 5 5 5 5 5 5 5 5 
5 5 
i 3 1190 int
0 0 0 0 0 0 0 0 0 
0 0 0 0 0 0 0 0 0 
0 0 0 0 0 0 0 0 0 
0 0 0 0 0 0 0 0 0 
0 0 0 0 0 0 0 0 0 
0 0 0 0 0 0 0 0 0 
0 0 0 0 0 0 0 0 0 
0 0 0 0 0 0 0 0 0 
0 0 0 0 0 0 0 0 0 
0 0 0 0 0 0 0 0 0 
0 0 0 0 0 0 0 0 0 
0 0 0 0 0 0 0 0 0 
0 0 0 0 0 0 0 0 0 
0 0 0 0 0 0 0 0 0 
0 0 0 0 0 0 0 0 0 
0 0 0 0 0 0 0 0 0 
0 0 0 0 0 0 0 0 0 
0 0 0 0 0 0 0 0 0 
0 0 0 0 0 0 0 0 0 
0 0 0 0 0 0 0 0 0 
0 0 0 0 0 0 0 0 0 
0 0 0 0 0 0 0 0 0 
0 0 0 0 0 0 0 0 0 
0 0 0 0 0 0 0 0 0 
0 0 0 0 0 0 0 0 0 
0 0 0 0 0 0 0 0 0 
0 0 0 0 0 0 0 0 0 
0 0 0 0 0 0 0 0 0 
0 0 0 0 0 0 0 0 0 
0 0 0 0 0 0 0 0 0 
0 0 0 0 0 0 0 0 0 
0 0 0 0 0 0 0 0 0 
0 0 0 0 0 0 0 0 0 
0 0 0 0 0 0 0 0 0 
0 0 0 0 0 0 0 0 0 
0 0 0 0 0 0 0 0 0 
0 0 0 0 0 0 0 0 0 
0 0 0 0 0 0 0 0 0 
0 0 0 0 0 0 0 0 0 
0 0 0 0 0 0 0 0 0 
0 0 0 0 0 0 0 0 0 
0 0 0 0 0 0 0 0 0 
0 0 0 0 0 0 0 0 0 
0 0 0 0 0 0 0 0 0 
0 0 0 0 0 0 0 0 0 
0 0 0 0 0 0 0 0 0 
0 0 0 0 0 0 0 0 0 
0 0 0 0 0 0 0 0 0 
0 0 0 0 0 0 0 0 0 
0 0 0 0 0 0 0 0 0 
0 0 0 0 0 0 0 0 0 
0 0 0 0 0 0 0 0 0 
0 0 0 0 0 0 0 0 0 
0 0 0 0 0 0 0 0 0 
0 0 0 0 0 0 0 0 0 
0 0 0 0 0 0 0 0 0 
0 0 0 0 0 0 0 0 0 
0 0 0 0 0 0 0 0 0 
0 0 0 0 0 0 0 0 0 
0 0 0 0 0 0 0 0 0 
0 0 0 0 0 0 0 0 0 
0 0 0 0 0 0 0 0 0 
0 0 0 0 0 0 0 0 0 
0 0 0 0 0 0 0 0 0 
0 0 0 0 0 0 0 0 0 
0 0 0 0 0 0 0 0 0 
0 0 0 0 0 0 0 0 0 
0 0 0 0 0 0 0 0 0 
0 0 0 0 0 0 0 0 0 
0 0 0 0 0 0 0 0 0 
0 0 0 0 0 0 0 0 0 
0 0 0 0 0 0 0 0 0 
0 0 0 0 0 0 0 0 0 
0 0 0 0 0 0 0 0 0 
0 0 0 0 0 0 0 0 0 
0 0 0 0 0 0 0 0 0 
0 0 0 0 0 0 0 0 0 
0 0 0 0 0 0 0 0 0 
0 0 0 0 0 0 0 0 0 
0 0 0 0 0 0 0 0 0 
0 0 0 0 0 0 0 0 0 
0 0 0 0 0 0 0 0 0 
0 0 0 0 0 0 0 0 0 
0 0 0 0 0 0 0 0 0 
0 0 0 0 0 0 0 0 0 
0 0 0 0 0 0 0 0 0 
0 0 0 0 0 0 0 0 0 
0 0 0 0 0 0 0 0 0 
0 0 0 0 0 0 0 0 0 
0 0 0 0 0 0 0 0 0 
0 0 0 0 0 0 0 0 0 
0 0 0 0 0 0 0 0 0 
0 0 0 0 0 0 0 0 0 
0 0 0 0 0 0 0 0 0 
0 0 0 0 0 0 0 0 0 
0 0 0 0 0 0 0 0 0 
0 0 0 0 0 0 0 0 0 
0 0 0 0 0 0 0 0 0 
0 0 0 0 0 0 0 0 0 
0 0 0 0 0 0 0 0 0 
0 0 0 0 0 0 0 0 0 
0 0 0 0 0 0 0 0 0 
0 0 0 0 0 0 0 0 0 
0 0 0 0 0 0 0 0 0 
0 0 0 0 0 0 0 0 0 
0 0 0 0 0 0 0 0 0 
0 0 0 0 0 0 0 0 0 
0 0 0 0 0 0 0 0 0 
0 0 0 0 0 0 0 0 0 
0 0 0 0 0 0 0 0 0 
0 0 0 0 0 0 0 0 0 
0 0 0 0 0 0 0 0 0 
0 0 0 0 0 0 0 0 0 
0 0 0 0 0 0 0 0 0 
0 0 0 0 0 0 0 0 0 
0 0 0 0 0 0 0 0 0 
0 0 0 0 0 0 0 0 0 
0 0 0 0 0 0 0 0 0 
0 0 0 0 0 0 0 0 0 
0 0 0 0 0 0 0 0 0 
0 0 0 0 0 0 0 0 0 
0 0 0 0 0 0 0 0 0 
0 0 0 0 0 0 0 0 0 
0 0 0 0 0 0 0 0 0 
0 0 0 0 0 0 0 0 0 
0 0 0 0 0 0 0 0 0 
0 0 0 0 0 0 0 0 0 
0 0 0 0 0 0 0 0 0 
0 0 0 0 0 0 0 0 0 
0 0 0 0 0 0 0 0 0 
0 0 0 0 0 0 0 0 0 
0 0 0 0 0 0 0 0 0 
0 0 0 0 0 0 0 0 0 
0 0 0 0 0 0 0 0 0 
0 0 0 0 0 0 0 0 0 
0 0 0 0 0 0 0 0 0 
0 0 0 0 0 0 0 0 0 
0 0 0 0 0 0 0 0 0 
0 0 0 0 0 0 0 0 0 
0 0 0 0 0 0 0 0 0 
0 0 0 0 0 0 0 0 0 
0 0 0 0 0 0 0 0 0 
0 0 0 0 0 0 0 0 0 
0 0 0 0 0 0 0 0 0 
0 0 0 0 0 0 0 0 0 
0 0 0 0 0 0 0 0 0 
0 0 0 0 0 0 0 0 0 
0 0 0 0 0 0 0 0 0 
0 0 0 0 0 0 0 0 0 
0 0 0 0 0 0 0 0 0 
0 0 0 0 0 0 0 0 0 
0 0 0 0 0 0 0 0 0 
0 0 0 0 0 0 0 0 0 
0 0 0 0 0 0 0 0 0 
0 0 0 0 0 0 0 0 0 
0 0 0 0 0 0 0 0 0 
0 0 0 0 0 0 0 0 0 
0 0 0 0 0 0 0 0 0 
0 0 0 0 0 0 0 0 0 
0 0 0 0 0 0 0 0 0 
0 0 0 0 0 0 0 0 0 
0 0 0 0 0 0 0 0 0 
0 0 0 0 0 0 0 0 0 
0 0 0 0 0 0 0 0 0 
0 0 0 0 0 0 0 0 0 
0 0 0 0 0 0 0 0 0 
0 0 0 0 0 0 0 0 0 
0 0 0 0 0 0 0 0 0 
0 0 0 0 0 0 0 0 0 
0 0 0 0 0 0 0 0 0 
0 0 0 0 0 0 0 0 0 
0 0 0 0 0 0 0 0 0 
0 0 0 0 0 0 0 0 0 
0 0 0 0 0 0 0 0 0 
0 0 0 0 0 0 0 0 0 
0 0 0 0 0 0 0 0 0 
0 0 0 0 0 0 0 0 0 
0 0 0 0 0 0 0 0 0 
0 0 0 0 0 0 0 0 0 
0 0 0 0 0 0 0 0 0 
0 0 0 0 0 0 0 0 0 
0 0 0 0 0 0 0 0 0 
0 0 0 0 0 0 0 0 0 
0 0 0 0 0 0 0 0 0 
0 0 0 0 0 0 0 0 0 
0 0 0 0 0 0 0 0 0 
0 0 0 0 0 0 0 0 0 
0 0 0 0 0 0 0 0 0 
0 0 0 0 0 0 0 0 0 
0 0 0 0 0 0 0 0 0 
0 0 0 0 0 0 0 0 0 
0 0 0 0 0 0 0 0 0 
0 0 0 0 0 0 0 0 0 
0 0 0 0 0 0 0 0 0 
0 0 0 0 0 0 0 0 0 
0 0 0 0 0 0 0 0 0 
0 0 0 0 0 0 0 0 0 
0 0 0 0 0 0 0 0 0 
0 0 0 0 0 0 0 0 0 
0 0 0 0 0 0 0 0 0 
0 0 0 0 0 0 0 0 0 
0 0 0 0 0 0 0 0 0 
0 0 0 0 0 0 0 0 0 
0 0 0 0 0 0 0 0 0 
0 0 0 0 0 0 0 0 0 
0 0 0 0 0 0 0 0 0 
0 0 0 0 0 0 0 0 0 
0 0 0 0 0 0 0 0 0 
0 0 0 0 0 0 0 0 0 
0 0 0 0 0 0 0 0 0 
0 0 0 0 0 0 0 0 0 
0 0 0 0 0 0 0 0 0 
0 0 0 0 0 0 0 0 0 
0 0 0 0 0 0 0 0 0 
0 0 0 0 0 0 0 0 0 
0 0 0 0 0 0 0 0 0 
0 0 0 0 0 0 0 0 0 
0 0 0 0 0 0 0 0 0 
0 0 0 0 0 0 0 0 0 
0 0 0 0 0 0 0 0 0 
0 0 0 0 0 0 0 0 0 
0 0 0 0 0 0 0 0 0 
0 0 0 0 0 0 0 0 0 
0 0 0 0 0 0 0 0 0 
0 0 0 0 0 0 0 0 0 
0 0 0 0 0 0 0 0 0 
0 0 0 0 0 0 0 0 0 
0 0 0 0 0 0 0 0 0 
0 0 0 0 0 0 0 0 0 
0 0 0 0 0 0 0 0 0 
0 0 0 0 0 0 0 0 0 
0 0 0 0 0 0 0 0 0 
0 0 0 0 0 0 0 0 0 
0 0 0 0 0 0 0 0 0 
0 0 0 0 0 0 0 0 0 
0 0 0 0 0 0 0 0 0 
0 0 0 0 0 0 0 0 0 
0 0 0 0 0 0 0 0 0 
0 0 0 0 0 0 0 0 0 
0 0 0 0 0 0 0 0 0 
0 0 0 0 0 0 0 0 0 
0 0 0 0 0 0 0 0 0 
0 0 0 0 0 0 0 0 0 
0 0 0 0 0 0 0 0 0 
0 0 0 0 0 0 0 0 0 
0 0 0 0 0 0 0 0 0 
0 0 0 0 0 0 0 0 0 
0 0 0 0 0 0 0 0 0 
0 0 0 0 0 0 0 0 0 
0 0 0 0 0 0 0 0 0 
0 0 0 0 0 0 0 0 0 
0 0 0 0 0 0 0 0 0 
0 0 0 0 0 0 0 0 0 
0 0 0 0 0 0 0 0 0 
0 0 0 0 0 0 0 0 0 
0 0 0 0 0 0 0 0 0 
0 0 0 0 0 0 0 0 0 
0 0 0 0 0 0 0 0 0 
0 0 0 0 0 0 0 0 0 
0 0 0 0 0 0 0 0 0 
0 0 0 0 0 0 0 0 0 
0 0 0 0 0 0 0 0 0 
0 0 0 0 0 0 0 0 0 
0 0 0 0 0 0 0 0 0 
0 0 0 0 0 0 0 0 0 
0 0 0 0 0 0 0 0 0 
0 0 0 0 0 0 0 0 0 
0 0 0 0 0 0 0 0 0 
0 0 0 0 0 0 0 0 0 
0 0 0 0 0 0 0 0 0 
0 0 0 0 0 0 0 0 0 
0 0 0 0 0 0 0 0 0 
0 0 0 0 0 0 0 0 0 
0 0 0 0 0 0 0 0 0 
0 0 0 0 0 0 0 0 0 
0 0 0 0 0 0 0 0 0 
0 0 0 0 0 0 0 0 0 
0 0 0 0 0 0 0 0 0 
0 0 0 0 0 0 0 0 0 
0 0 0 0 0 0 0 0 0 
0 0 0 0 0 0 0 0 0 
0 0 0 0 0 0 0 0 0 
0 0 0 0 0 0 0 0 0 
0 0 0 0 0 0 0 0 0 
0 0 0 0 0 0 0 0 0 
0 0 0 0 0 0 0 0 0 
0 0 0 0 0 0 0 0 0 
0 0 0 0 0 0 0 0 0 
0 0 0 0 0 0 0 0 0 
0 0 0 0 0 0 0 0 0 
0 0 0 0 0 0 0 0 0 
0 0 0 0 0 0 0 0 0 
0 0 0 0 0 0 0 0 0 
0 0 0 0 0 0 0 0 0 
0 0 0 0 0 0 0 0 0 
0 0 0 0 0 0 0 0 0 
0 0 0 0 0 0 0 0 0 
0 0 0 0 0 0 0 0 0 
0 0 0 0 0 0 0 0 0 
0 0 0 0 0 0 0 0 0 
0 0 0 0 0 0 0 0 0 
0 0 0 0 0 0 0 0 0 
0 0 0 0 0 0 0 0 0 
0 0 0 0 0 0 0 0 0 
0 0 0 0 0 0 0 0 0 
0 0 0 0 0 0 0 0 0 
0 0 0 0 0 0 0 0 0 
0 0 0 0 0 0 0 0 0 
0 0 0 0 0 0 0 0 0 
0 0 0 0 0 0 0 0 0 
0 0 0 0 0 0 0 0 0 
0 0 0 0 0 0 0 0 0 
0 0 0 0 0 0 0 0 0 
0 0 0 0 0 0 0 0 0 
0 0 0 0 0 0 0 0 0 
0 0 0 0 0 0 0 0 0 
0 0 0 0 0 0 0 0 0 
0 0 0 0 0 0 0 0 0 
0 0 0 0 0 0 0 0 0 
0 0 0 0 0 0 0 0 0 
0 0 0 0 0 0 0 0 0 
0 0 0 0 0 0 0 0 0 
0 0 0 0 0 0 0 0 0 
0 0 0 0 0 0 0 0 0 
0 0 0 0 0 0 0 0 0 
0 0 0 0 0 0 0 0 0 
0 0 0 0 0 0 0 0 0 
0 0 0 0 0 0 0 0 0 
0 0 0 0 0 0 0 0 0 
0 0 0 0 0 0 0 0 0 
0 0 0 0 0 0 0 0 0 
0 0 0 0 0 0 0 0 0 
0 0 0 0 0 0 0 0 0 
0 0 0 0 0 0 0 0 0 
0 0 0 0 0 0 0 0 0 
0 0 0 0 0 0 0 0 0 
0 0 0 0 0 0 0 0 0 
0 0 0 0 0 0 0 0 0 
0 0 0 0 0 0 0 0 0 
0 0 0 0 0 0 0 0 0 
0 0 0 0 0 0 0 0 0 
0 0 0 0 0 0 0 0 0 
0 0 0 0 0 0 0 0 0 
0 0 0 0 0 0 0 0 0 
0 0 0 0 0 0 0 0 0 
0 0 0 0 0 0 0 0 0 
0 0 0 0 0 0 0 0 0 
0 0 0 0 0 0 0 0 0 
0 0 0 0 0 0 0 0 0 
0 0 0 0 0 0 0 0 0 
0 0 0 0 0 0 0 0 0 
0 0 0 0 0 0 0 0 0 
0 0 0 0 0 0 0 0 0 
0 0 0 0 0 0 0 0 0 
0 0 0 0 0 0 0 0 0 
0 0 0 0 0 0 0 0 0 
0 0 0 0 0 0 0 0 0 
0 0 0 0 0 0 0 0 0 
0 0 0 0 0 0 0 0 0 
0 0 0 0 0 0 0 0 0 
0 0 0 0 0 0 0 0 0 
0 0 0 0 0 0 0 0 0 
0 0 0 0 0 0 0 0 0 
0 0 0 0 0 0 0 0 0 
0 0 0 0 0 0 0 0 0 
0 0 0 0 0 0 0 0 0 
0 0 0 0 0 0 0 0 0 
0 0 0 0 0 0 0 0 0 
0 0 0 0 0 0 0 0 0 
0 0 0 0 0 0 0 0 0 
0 0 0 0 0 0 0 0 0 
0 0 0 0 0 0 0 0 0 
0 0 0 0 0 0 0 0 0 
0 0 0 0 0 0 0 0 0 
0 0 0 0 0 0 0 0 0 
0 0 0 0 0 0 0 0 0 
0 0 0 0 0 0 0 0 0 
0 0 0 0 0 0 0 0 0 
0 0 0 0 0 0 0 0 0 
0 0 0 0 0 0 0 0 0 
0 0 0 0 0 0 0 0 0 
0 0 0 0 0 0 0 0 0 
0 0 0 0 0 0 0 0 0 
0 0 0 0 0 0 0 0 0 
0 0 0 0 0 0 0 0 0 
0 0 0 0 0 0 0 0 0 
0 0 0 0 0 0 0 0 0 
0 0 0 0 0 0 0 0 0 
0 0 0 0 0 0 0 0 0 
0 0 0 0 0 0 0 0 0 
0 0 0 0 0 0 0 0 0 
0 0 0 0 0 0 0 0 0 
0 0 0 0 0 0 0 0 0 
0 0 0 0 0 0 0 0 0 
0 0 0 0 0 0 0 0 0 
0 0 0 0 0 0 0 0 0 
0 0 0 0 0 0 
v 3 1190 double
0 0 0 0 0 0 0 0 0 
0 0 0 0 0 0 0 0 0 
0 0 0 0 0 0 0 0 0 
0 0 0 0 0 0 0 0 0 
0 0 0 0 0 0 0 0 0 
0 0 0 0 0 0 0 0 0 
0 0 0 0 0 0 0 0 0 
0 0 0 0 0 0 0 0 0 
0 0 0 0 0 0 0 0 0 
0 0 0 0 0 0 0 0 0 
0 0 0 0 0 0 0 0 0 
0 0 0 0 0 0 0 0 0 
0 0 0 0 0 0 0 0 0 
0 0 0 0 0 0 0 0 0 
0 0 0 0 0 0 0 0 0 
0 0 0 0 0 0 0 0 0 
0 0 0 0 0 0 0 0 0 
0 0 0 0 0 0 0 0 0 
0 0 0 0 0 0 0 0 0 
0 0 0 0 0 0 0 0 0 
0 0 0 0 0 0 0 0 0 
0 0 0 0 0 0 0 0 0 
0 0 0 0 0 0 0 0 0 
0 0 0 0 0 0 0 0 0 
0 0 0 0 0 0 0 0 0 
0 0 0 0 0 0 0 0 0 
0 0 0 0 0 0 0 0 0 
0 0 0 0 0 0 0 0 0 
0 0 0 0 0 0 0 0 0 
0 0 0 0 0 0 0 0 0 
0 0 0 0 0 0 0 0 0 
0 0 0 0 0 0 0 0 0 
0 0 0 0 0 0 0 0 0 
0 0 0 0 0 0 0 0 0 
0 0 0 0 0 0 0 0 0 
0 0 0 0 0 0 0 0 0 
0 0 0 0 0 0 0 0 0 
0 0 0 0 0 0 0 0 0 
0 0 0 0 0 0 0 0 0 
0 0 0 0 0 0 0 0 0 
0 0 0 0 0 0 0 0 0 
0 0 0 0 0 0 0 0 0 
0 0 0 0 0 0 0 0 0 
0 0 0 0 0 0 0 0 0 
0 0 0 0 0 0 0 0 0 
0 0 0 0 0 0 0 0 0 
0 0 0 0 0 0 0 0 0 
0 0 0 0 0 0 0 0 0 
0 0 0 0 0 0 0 0 0 
0 0 0 0 0 0 0 0 0 
0 0 0 0 0 0 0 0 0 
0 0 0 0 0 0 0 0 0 
0 0 0 0 0 0 0 0 0 
0 0 0 0 0 0 0 0 0 
0 0 0 0 0 0 0 0 0 
0 0 0 0 0 0 0 0 0 
0 0 0 0 0 0 0 0 0 
0 0 0 0 0 0 0 0 0 
0 0 0 0 0 0 0 0 0 
0 0 0 0 0 0 0 0 0 
0 0 0 0 0 0 0 0 0 
0 0 0 0 0 0 0 0 0 
0 0 0 0 0 0 0 0 0 
0 0 0 0 0 0 0 0 0 
0 0 0 0 0 0 0 0 0 
0 0 0 0 0 0 0 0 0 
0 0 0 0 0 0 0 0 0 
0 0 0 0 0 0 0 0 0 
0 0 0 0 0 0 0 0 0 
0 0 0 0 0 0 0 0 0 
0 0 0 0 0 0 0 0 0 
0 0 0 0 0 0 0 0 0 
0 0 0 0 0 0 0 0 0 
0 0 0 0 0 0 0 0 0 
0 0 0 0 0 0 0 0 0 
0 0 0 0 0 0 0 0 0 
0 0 0 0 0 0 0 0 0 
0 0 0 0 0 0 0 0 0 
0 0 0 0 0 0 0 0 0 
0 0 0 0 0 0 0 0 0 
0 0 0 0 0 0 0 0 0 
0 0 0 0 0 0 0 0 0 
0 0 0 0 0 0 0 0 0 
0 0 0 0 0 0 0 0 0 
0 0 0 0 0 0 0 0 0 
0 0 0 0 0 0 0 0 0 
0 0 0 0 0 0 0 0 0 
0 0 0 0 0 0 0 0 0 
0 0 0 0 0 0 0 0 0 
0 0 0 0 0 0 0 0 0 
0 0 0 0 0 0 0 0 0 
0 0 0 0 0 0 0 0 0 
0 0 0 0 0 0 0 0 0 
0 0 0 0 0 0 0 0 0 
0 0 0 0 0 0 0 0 0 
0 0 0 0 0 0 0 0 0 
0 0 0 0 0 0 0 0 0 
0 0 0 0 0 0 0 0 0 
0 0 0 0 0 0 0 0 0 
0 0 0 0 0 0 0 0 0 
0 0 0 0 0 0 0 0 0 
0 0 0 0 0 0 0 0 0 
0 0 0 0 0 0 0 0 0 
0 0 0 0 0 0 0 0 0 
0 0 0 0 0 0 0 0 0 
0 0 0 0 0 0 0 0 0 
0 0 0 0 0 0 0 0 0 
0 0 0 0 0 0 0 0 0 
0 0 0 0 0 0 0 0 0 
0 0 0 0 0 0 0 0 0 
0 0 0 0 0 0 0 0 0 
0 0 0 0 0 0 0 0 0 
0 0 0 0 0 0 0 0 0 
0 0 0 0 0 0 0 0 0 
0 0 0 0 0 0 0 0 0 
0 0 0 0 0 0 0 0 0 
0 0 0 0 0 0 0 0 0 
0 0 0 0 0 0 0 0 0 
0 0 0 0 0 0 0 0 0 
0 0 0 0 0 0 0 0 0 
0 0 0 0 0 0 0 0 0 
0 0 0 0 0 0 0 0 0 
0 0 0 0 0 0 0 0 0 
0 0 0 0 0 0 0 0 0 
0 0 0 0 0 0 0 0 0 
0 0 0 0 0 0 0 0 0 
0 0 0 0 0 0 0 0 0 
0 0 0 0 0 0 0 0 0 
0 0 0 0 0 0 0 0 0 
0 0 0 0 0 0 0 0 0 
0 0 0 0 0 0 0 0 0 
0 0 0 0 0 0 0 0 0 
0 0 0 0 0 0 0 0 0 
0 0 0 0 0 0 0 0 0 
0 0 0 0 0 0 0 0 0 
0 0 0 0 0 0 0 0 0 
0 0 0 0 0 0 0 0 0 
0 0 0 0 0 0 0 0 0 
0 0 0 0 0 0 0 0 0 
0 0 0 0 0 0 0 0 0 
0 0 0 0 0 0 0 0 0 
0 0 0 0 0 0 0 0 0 
0 0 0 0 0 0 0 0 0 
0 0 0 0 0 0 0 0 0 
0 0 0 0 0 0 0 0 0 
0 0 0 0 0 0 0 0 0 
0 0 0 0 0 0 0 0 0 
0 0 0 0 0 0 0 0 0 
0 0 0 0 0 0 0 0 0 
0 0 0 0 0 0 0 0 0 
0 0 0 0 0 0 0 0 0 
0 0 0 0 0 0 0 0 0 
0 0 0 0 0 0 0 0 0 
0 0 0 0 0 0 0 0 0 
0 0 0 0 0 0 0 0 0 
0 0 0 0 0 0 0 0 0 
0 0 0 0 0 0 0 0 0 
0 0 0 0 0 0 0 0 0 
0 0 0 0 0 0 0 0 0 
0 0 0 0 0 0 0 0 0 
0 0 0 0 0 0 0 0 0 
0 0 0 0 0 0 0 0 0 
0 0 0 0 0 0 0 0 0 
0 0 0 0 0 0 0 0 0 
0 0 0 0 0 0 0 0 0 
0 0 0 0 0 0 0 0 0 
0 0 0 0 0 0 0 0 0 
0 0 0 0 0 0 0 0 0 
0 0 0 0 0 0 0 0 0 
0 0 0 0 0 0 0 0 0 
0 0 0 0 0 0 0 0 0 
0 0 0 0 0 0 0 0 0 
0 0 0 0 0 0 0 0 0 
0 0 0 0 0 0 0 0 0 
0 0 0 0 0 0 0 0 0 
0 0 0 0 0 0 0 0 0 
0 0 0 0 0 0 0 0 0 
0 0 0 0 0 0 0 0 0 
0 0 0 0 0 0 0 0 0 
0 0 0 0 0 0 0 0 0 
0 0 0 0 0 0 0 0 0 
0 0 0 0 0 0 0 0 0 
0 0 0 0 0 0 0 0 0 
0 0 0 0 0 0 0 0 0 
0 0 0 0 0 0 0 0 0 
0 0 0 0 0 0 0 0 0 
0 0 0 0 0 0 0 0 0 
0 0 0 0 0 0 0 0 0 
0 0 0 0 0 0 0 0 0 
0 0 0 0 0 0 0 0 0 
0 0 0 0 0 0 0 0 0 
0 0 0 0 0 0 0 0 0 
0 0 0 0 0 0 0 0 0 
0 0 0 0 0 0 0 0 0 
0 0 0 0 0 0 0 0 0 
0 0 0 0 0 0 0 0 0 
0 0 0 0 0 0 0 0 0 
0 0 0 0 0 0 0 0 0 
0 0 0 0 0 0 0 0 0 
0 0 0 0 0 0 0 0 0 
0 0 0 0 0 0 0 0 0 
0 0 0 0 0 0 0 0 0 
0 0 0 0 0 0 0 0 0 
0 0 0 0 0 0 0 0 0 
0 0 0 0 0 0 0 0 0 
0 0 0 0 0 0 0 0 0 
0 0 0 0 0 0 0 0 0 
0 0 0 0 0 0 0 0 0 
0 0 0 0 0 0 0 0 0 
0 0 0 0 0 0 0 0 0 
0 0 0 0 0 0 0 0 0 
0 0 0 0 0 0 0 0 0 
0 0 0 0 0 0 0 0 0 
0 0 0 0 0 0 0 0 0 
0 0 0 0 0 0 0 0 0 
0 0 0 0 0 0 0 0 0 
0 0 0 0 0 0 0 0 0 
0 0 0 0 0 0 0 0 0 
0 0 0 0 0 0 0 0 0 
0 0 0 0 0 0 0 0 0 
0 0 0 0 0 0 0 0 0 
0 0 0 0 0 0 0 0 0 
0 0 0 0 0 0 0 0 0 
0 0 0 0 0 0 0 0 0 
0 0 0 0 0 0 0 0 0 
0 0 0 0 0 0 0 0 0 
0 0 0 0 0 0 0 0 0 
0 0 0 0 0 0 0 0 0 
0 0 0 0 0 0 0 0 0 
0 0 0 0 0 0 0 0 0 
0 0 0 0 0 0 0 0 0 
0 0 0 0 0 0 0 0 0 
0 0 0 0 0 0 0 0 0 
0 0 0 0 0 0 0 0 0 
0 0 0 0 0 0 0 0 0 
0 0 0 0 0 0 0 0 0 
0 0 0 0 0 0 0 0 0 
0 0 0 0 0 0 0 0 0 
0 0 0 0 0 0 0 0 0 
0 0 0 0 0 0 0 0 0 
0 0 0 0 0 0 0 0 0 
0 0 0 0 0 0 0 0 0 
0 0 0 0 0 0 0 0 0 
0 0 0 0 0 0 0 0 0 
0 0 0 0 0 0 0 0 0 
0 0 0 0 0 0 0 0 0 
0 0 0 0 0 0 0 0 0 
0 0 0 0 0 0 0 0 0 
0 0 0 0 0 0 0 0 0 
0 0 0 0 0 0 0 0 0 
0 0 0 0 0 0 0 0 0 
0 0 0 0 0 0 0 0 0 
0 0 0 0 0 0 0 0 0 
0 0 0 0 0 0 0 0 0 
0 0 0 0 0 0 0 0 0 
0 0 0 0 0 0 0 0 0 
0 0 0 0 0 0 0 0 0 
0 0 0 0 0 0 0 0 0 
0 0 0 0 0 0 0 0 0 
0 0 0 0 0 0 0 0 0 
0 0 0 0 0 0 0 0 0 
0 0 0 0 0 0 0 0 0 
0 0 0 0 0 0 0 0 0 
0 0 0 0 0 0 0 0 0 
0 0 0 0 0 0 0 0 0 
0 0 0 0 0 0 0 0 0 
0 0 0 0 0 0 0 0 0 
0 0 0 0 0 0 0 0 0 
0 0 0 0 0 0 0 0 0 
0 0 0 0 0 0 0 0 0 
0 0 0 0 0 0 0 0 0 
0 0 0 0 0 0 0 0 0 
0 0 0 0 0 0 0 0 0 
0 0 0 0 0 0 0 0 0 
0 0 0 0 0 0 0 0 0 
0 0 0 0 0 0 0 0 0 
0 0 0 0 0 0 0 0 0 
0 0 0 0 0 0 0 0 0 
0 0 0 0 0 0 0 0 0 
0 0 0 0 0 0 0 0 0 
0 0 0 0 0 0 0 0 0 
0 0 0 0 0 0 0 0 0 
0 0 0 0 0 0 0 0 0 
0 0 0 0 0 0 0 0 0 
0 0 0 0 0 0 0 0 0 
0 0 0 0 0 0 0 0 0 
0 0 0 0 0 0 0 0 0 
0 0 0 0 0 0 0 0 0 
0 0 0 0 0 0 0 0 0 
0 0 0 0 0 0 0 0 0 
0 0 0 0 0 0 0 0 0 
0 0 0 0 0 0 0 0 0 
0 0 0 0 0 0 0 0 0 
0 0 0 0 0 0 0 0 0 
0 0 0 0 0 0 0 0 0 
0 0 0 0 0 0 0 0 0 
0 0 0 0 0 0 0 0 0 
0 0 0 0 0 0 0 0 0 
0 0 0 0 0 0 0 0 0 
0 0 0 0 0 0 0 0 0 
0 0 0 0 0 0 0 0 0 
0 0 0 0 0 0 0 0 0 
0 0 0 0 0 0 0 0 0 
0 0 0 0 0 0 0 0 0 
0 0 0 0 0 0 0 0 0 
0 0 0 0 0 0 0 0 0 
0 0 0 0 0 0 0 0 0 
0 0 0 0 0 0 0 0 0 
0 0 0 0 0 0 0 0 0 
0 0 0 0 0 0 0 0 0 
0 0 0 0 0 0 0 0 0 
0 0 0 0 0 0 0 0 0 
0 0 0 0 0 0 0 0 0 
0 0 0 0 0 0 0 0 0 
0 0 0 0 0 0 0 0 0 
0 0 0 0 0 0 0 0 0 
0 0 0 0 0 0 0 0 0 
0 0 0 0 0 0 0 0 0 
0 0 0 0 0 0 0 0 0 
0 0 0 0 0 0 0 0 0 
0 0 0 0 0 0 0 0 0 
0 0 0 0 0 0 0 0 0 
0 0 0 0 0 0 0 0 0 
0 0 0 0 0 0 0 0 0 
0 0 0 0 0 0 0 0 0 
0 0 0 0 0 0 0 0 0 
0 0 0 0 0 0 0 0 0 
0 0 0 0 0 0 0 0 0 
0 0 0 0 0 0 0 0 0 
0 0 0 0 0 0 0 0 0 
0 0 0 0 0 0 0 0 0 
0 0 0 0 0 0 0 0 0 
0 0 0 0 0 0 0 0 0 
0 0 0 0 0 0 0 0 0 
0 0 0 0 0 0 0 0 0 
0 0 0 0 0 0 0 0 0 
0 0 0 0 0 0 0 0 0 
0 0 0 0 0 0 0 0 0 
0 0 0 0 0 0 0 0 0 
0 0 0 0 0 0 0 0 0 
0 0 0 0 0 0 0 0 0 
0 0 0 0 0 0 0 0 0 
0 0 0 0 0 0 0 0 0 
0 0 0 0 0 0 0 0 0 
0 0 0 0 0 0 0 0 0 
0 0 0 0 0 0 0 0 0 
0 0 0 0 0 0 0 0 0 
0 0 0 0 0 0 0 0 0 
0 0 0 0 0 0 0 0 0 
0 0 0 0 0 0 0 0 0 
0 0 0 0 0 0 0 0 0 
0 0 0 0 0 0 0 0 0 
0 0 0 0 0 0 0 0 0 
0 0 0 0 0 0 0 0 0 
0 0 0 0 0 0 0 0 0 
0 0 0 0 0 0 0 0 0 
0 0 0 0 0 0 0 0 0 
0 0 0 0 0 0 0 0 0 
0 0 0 0 0 0 0 0 0 
0 0 0 0 0 0 0 0 0 
0 0 0 0 0 0 0 0 0 
0 0 0 0 0 0 0 0 0 
0 0 0 0 0 0 0 0 0 
0 0 0 0 0 0 0 0 0 
0 0 0 0 0 0 0 0 0 
0 0 0 0 0 0 0 0 0 
0 0 0 0 0 0 0 0 0 
0 0 0 0 0 0 0 0 0 
0 0 0 0 0 0 0 0 0 
0 0 0 0 0 0 0 0 0 
0 0 0 0 0 0 0 0 0 
0 0 0 0 0 0 0 0 0 
0 0 0 0 0 0 0 0 0 
0 0 0 0 0 0 0 0 0 
0 0 0 0 0 0 0 0 0 
0 0 0 0 0 0 0 0 0 
0 0 0 0 0 0 0 0 0 
0 0 0 0 0 0 0 0 0 
0 0 0 0 0 0 0 0 0 
0 0 0 0 0 0 0 0 0 
0 0 0 0 0 0 0 0 0 
0 0 0 0 0 0 0 0 0 
0 0 0 0 0 0 0 0 0 
0 0 0 0 0 0 0 0 0 
0 0 0 0 0 0 0 0 0 
0 0 0 0 0 0 0 0 0 
0 0 0 0 0 0 0 0 0 
0 0 0 0 0 0 0 0 0 
0 0 0 0 0 0 0 0 0 
0 0 0 0 0 0 0 0 0 
0 0 0 0 0 0 0 0 0 
0 0 0 0 0 0 0 0 0 
0 0 0 0 0 0 0 0 0 
0 0 0 0 0 0 0 0 0 
0 0 0 0 0 0 0 0 0 
0 0 0 0 0 0 0 0 0 
0 0 0 0 0 0 
f 3 1190 double
nan nan 0 4753758629.9 5226003343.9 0 4510099645.5 5355446423 0 
4250737924 5475702985 0 3978265121.9 5586838373.3 0 3694625256.5 5688952834 0 
3401380620.9 5782149553.4 0 3099842283.4 5866528264.2 0 2791144286 5942183140.2 0 
2476290090.4 6009201440.4 0 2156184014.7 6067662517.2 0 1831653768.4 6117637087.8 0 
1503467410.2 6159186680.3 0 1172346677.9 6192363194 0 838977891.49 6217208550.7 0 
504021215.22 6233754423.5 0 168118820.03 6242022037.3 0 -168097658.36 6242022037.3 0 
-504000053.79 6233754423.5 0 -838956730.52 6217208550.7 0 -1172325517.7 6192363194 0 
-1503446250.9 6159186680.3 0 -1831632610.3 6117637087.8 0 -2156162858 6067662517.2 0 
-2476268935.3 6009201440.4 0 -2791123132.7 5942183140.1 0 -3099821130.6 5866528260.8 0 
-3401359449.1 5782149505.4 0 -3694604012.5 5688952627 0 -3978243860 5586838178.8 0 
-4250716860.7 5475704154.7 0 -4510079105.9 5355452512.7 0 -4753738371.4 5226012219 0 
-4985178545.5 5087494032.7 0 nan nan 0 nan nan 0 
nan nan 0 nan nan 0 nan nan 0 
nan nan 0 nan nan 0 nan nan 0 
nan nan 0 nan nan 0 nan nan 0 
nan nan 0 nan nan 0 nan nan 0 
nan nan 0 nan nan 0 nan nan 0 
nan nan 0 nan nan 0 nan nan 0 
nan nan 0 nan nan 0 nan nan 0 
nan nan 0 nan nan 0 nan nan 0 
nan nan 0 nan nan 0 nan nan 0 
nan nan 0 nan nan 0 nan nan 0 
nan nan 0 nan nan 0 nan nan 0 
5009516993.9 4743646305 0 4750303652.2 4861150862.4 0 4474329602.4 4971791192 0 
4184876072.4 5074884702.9 0 3884171646.8 5170108922.9 0 3573902293.1 5257322124.4 0 
3255434219.3 5336474586.5 0 2929925872.6 5407563184.3 0 2598387823.4 5470611364.7 0 
2261721467.3 5525655805.7 0 1920745501.6 5572738124.5 0 1576215017.7 5611899832.7 0 
1228836111.3 5643179061.7 0 879277615.81 5666608372.8 0 528180946.06 5682213283 0 
176168697.83 5690011292.8 0 -176147536.17 5690011292.8 0 -528159784.63 5682213283 0 
-879256454.84 5666608372.8 0 -1228814951 5643179061.7 0 -1576193858.4 5611899832.7 0 
-1920724343.4 5572738124.5 0 -2261700310.5 5525655805.7 0 -2598366668.3 5470611364.7 0 
-2929904717 5407563180.9 0 -3255412958.4 5336474427.4 0 -3573879608.9 5257319872.1 0 
-3884143945.7 5170099185 0 -4184846503.4 5074872007.8 0 -4474307004.7 4971788698.6 0 
-4750291363.1 4861163031.4 0 -5009509301.7 4743664845.7 0 -5253466103.8 4620606372.5 0 
nan nan 0 5126023087 4479845204.8 0 4861023758.8 4589716290.2 0 
4578281099.4 4693773978.7 0 4281510174 4791211216.1 0 3973197435.2 4881554304.6 0 
3655174344.7 4964536207.1 0 3328889460.7 5040013019.6 0 2995548625.4 5107912211.9 0 
2656189084.2 5168206972.2 0 2311726324.7 5220897544.7 0 1962985240.3 5265999004.8 0 
1610721978.5 5303533516.1 0 1255640259.9 5333525188.6 0 898404225.24 5355996598.2 0 
539649042.94 5370966430.4 0 179990067.44 5378447924.4 0 -179968905.78 5378447924.4 0 
-539627881.51 5370966430.4 0 -898383064.28 5355996598.2 0 -1255619099.6 5333525188.6 0 
-1610700819.1 5303533516.1 0 -1962964082.1 5265999004.8 0 -2311705168 5220897544.7 0 
-2656167929.1 5168206972.1 0 -2995527467.7 5107912206 0 -3328868102.3 5040012748.1 0 
-3655150291.8 4964532369.3 0 -3973163867.2 4881537736.4 0 -4281472955.4 4791189547.4 0 
-4578255925.8 4693768093.4 0 -4861013459.9 4589729083 0 -5126018832.8 4479865309.2 0 
-5374145415.3 4365420167.1 0 nan nan 0 5234272150.3 4202949198.4 0 
4964403271.3 4304866533.9 0 4675813554.5 4401801676.2 0 4372556444.5 4492950128.6 0 
4057355872.4 4577771435 0 3732203056.6 4655915125.7 0 3398650272.7 4727161151.5 0 
3057968469.2 4791375828.3 0 2711235732.6 4848483951.8 0 2359392574.1 4898448218.3 0 
2003278342.6 4941255027.3 0 1643656503.1 4976904871.1 0 1281233214.2 5005405701.8 0 
916671708.54 5026768329.7 0 550603982.79 5041003253.2 0 183640762.75 5048118542.8 0 
-183619601.08 5048118542.8 0 -550582821.36 5041003253.2 0 -916650547.58 5026768329.7 0 
-1281212054 5005405701.8 0 -1643635343.8 4976904871.1 0 -2003257184.5 4941255027.3 0 
-2359371417.3 4898448218.3 0 -2711214577.5 4848483951.7 0 -3057947312.7 4791375824.1 0 
-3398628971.9 4727160956.7 0 -3732179809.1 4655912376 0 -4057325737.5 4577759582.8 0 
-4372523619.5 4492934647.2 0 -4675788930.5 4401797408.6 0 -4964387341.6 4304875337.3 0 
-5234259405.9 4202963094 0 -5485896990.9 4097154010.1 0 nan nan 0 
5334165101.3 3914946454.5 0 5060120936.5 4008799121 0 4766461807 4098338403.8 0 
4457483666.5 4182810331.9 0 4136107120 4261667790.1 0 3804473498.3 4334520699.2 0 
3464243013.7 4401099937 0 3116760735 4461225982.2 0 2763155075.5 4514783463.1 0 
2404400034.7 4561701599.7 0 2041356518.7 4601939839 0 1674801126.8 4635477471.4 0 
1305447204.5 4662306149 0 933960995.46 4682424531.5 0 560974637.12 4695834514.8 0 
187097127.17 4702538673.1 0 -187075965.51 4702538673.1 0 -560953475.69 4695834514.8 0 
-933939834.5 4682424531.5 0 -1305426044.2 4662306149 0 -1674779967.5 4635477471.4 0 
-2041335360.6 4601939839 0 -2404378878 4561701599.7 0 -2763133920.4 4514783463.1 0 
-3116739580.8 4461225979.1 0 -3464221821.2 4401099793.8 0 -3804451768 4334518683.8 0 
-4136083480.8 4261659127.9 0 -4457459274.4 4182799123.7 0 -4766439599.9 4098336506.5 0 
-5060100774.5 4008811270.6 0 -5334145612.8 3914964934.2 0 -5588829819.3 3817738413.4 0 
nan nan 0 5425709578.9 3617419028.4 0 5148040773.4 3703189198.2 0 
4849966106.6 3785200514.1 0 4535950882.5 3862767498.2 0 4209071436.7 3935368852.4 0 
3871598957.3 4002607467.4 0 3525294775.8 4064190656.9 0 3171579206.7 4119909992.6 0 
2811635200.3 4169621140.5 0 2446475365.5 4213227019.7 0 2076987249 4250664531 0 
1703965227.9 4281894383.2 0 1328133934.5 4306893433.3 0 950166215.07 4325649018.4 0 
570697524.29 4338154862.7 0 190338008.77 4344408250 0 -190316847.1 4344408250 0 
-570676362.86 4338154862.7 0 -950145054.11 4325649018.4 0 -1328112774.2 4306893433.3 0 
-1703944068.6 4281894383.2 0 -2076966090.8 4250664531 0 -2446454208.8 4213227019.7 0 
-2811614045.2 4169621140.4 0 -3171558053.4 4119909986.7 0 -3525273620.5 4064190383.5 0 
-3871577748.5 4002603621.8 0 -4209050033.2 3935352338.1 0 -4535929403.4 3862746065.1 0 
-4849944853 3785195529.7 0 -5148019722.6 3703205760.9 0 -5425688594.2 3617444648.4 0 
-5683056683.6 3528720220.8 0 nan nan 0 5508961911.6 3311681091 0 
5228124933.8 3389394210.4 0 4926192316.1 3463821746.2 0 4607749352 3534356115.6 0 
4275992277.7 3600516201.2 0 3933299605 3661918007.9 0 3581522031.6 3718264816.2 0 
3222150740.8 3769334869.2 0 2856422991 3814966576.9 0 2485391898.1 3855044972.2 0 
2109974488.9 3889490264.5 0 1730986048.4 3918248567.5 0 1349165595.1 3941284607.2 0 
965195516.28 3958576139.9 0 579717335.39 3970109816.7 0 193344940.61 3975878271.8 0 
-193323778.95 3975878271.8 0 -579696173.96 3970109816.7 0 -965174355.32 3958576139.9 0 
-1349144434.8 3941284607.2 0 -1730964889.1 3918248567.5 0 -2109953330.8 3889490264.5 0 
-2485370741.3 3855044972.2 0 -2856401835.8 3814966576.9 0 -3222129587.6 3769334861.4 0 
-3581500880.5 3718264457.7 0 -3933278456.6 3661912966.5 0 -4275971133.1 3600494550.5 0 
-4607728211 3534327934.6 0 -4926171180.2 3463813888.4 0 -5228103813.4 3389409608.4 0 
-5508940802.2 3311705483.8 0 -5768687649.8 3231393803.4 0 nan nan 0 
5583993286.1 2998836650.8 0 5300383076.3 3068544763.8 0 4995080676.4 3135386400.5 0 
4672757924.1 3198827002.7 0 4336702498.5 3258434710.7 0 3989379497.6 3313852090.7 0 
3632715766.4 3364792444.6 0 3268266054.6 3411033456.1 0 2897318690.8 3452406892.6 0 
2520966613.5 3488788231.6 0 2140157128.2 3520087287.6 0 1755728016.9 3546240208.7 0 
1368434649.1 3567202913.6 0 978971062.02 3582945900 0 587986984.68 3593450298 0 
196102166.1 3598705040.9 0 -196081004.44 3598705040.9 0 -587965823.25 3593450298 0 
-978949901.06 3582945900 0 -1368413488.8 3567202913.6 0 -1755706857.6 3546240208.7 0 
-2140135970 3520087287.6 0 -2520945456.8 3488788231.6 0 -2897297535.7 3452406892.6 0 
-3268244901.3 3411033448.1 0 -3632694615.5 3364792075.4 0 -3989358351.8 3313846898.2 0 
-4336681365 3258412411.7 0 -4672736797.6 3198797999 0 -4995059545.3 3135378645.1 0 
-5300361952.3 3068562234.1 0 -5583972170.4 2998864119.6 0 -5845827188.8 2926875111.4 0 
nan nan 0 5650879571.7 2679874668.7 0 5364849888.3 2741636889.5 0 
5056615986.5 2800911984.2 0 4730913021.3 2857236975.6 0 4391098379.6 2910231001.1 0 
4039706106.2 2959570258.5 0 3678726382.3 3004987650.1 0 3309769096.5 3046270079.5 0 
2934168669.4 3083251542.7 0 2553055359.9 3115805464.2 0 2167405912.1 3143837315 0 
1778080822.3 3167277989.5 0 1385852668 3186078156.2 0 991428363.32 3200203647.4 0 
595467272 3209631869.1 0 198596536.37 3214349179.8 0 -198575374.71 3214349179.8 0 
-595446110.57 3209631869.1 0 -991407202.36 3200203647.4 0 -1385831507.7 3186078156.2 0 
-1778059663 3167277989.5 0 -2167384754 3143837315 0 -2553034203.2 3115805464.2 0 
-2934147514.3 3083251542.7 0 -3309747943.2 3046270071.9 0 -3678705231.3 3004987303.8 0 
-4039684960.2 2959565387.3 0 -4391077245.6 2910210082.2 0 -4730891894 2857209770.7 0 
-5056594854.8 2800904767.3 0 -5364828762.8 2741653556.9 0 -5650858454 2679900842.9 0 
-5914572558.5 2616148016.9 0 nan nan 0 5709696077.5 2355665740.9 0 
5421572446.3 2409545582.8 0 5110809145.7 2461290598.5 0 4782188164.3 2510503485.9 0 
4439120091.6 2556855440.1 0 4084193406.1 2600060756.6 0 3719450057.9 2639878346.4 0 
3346546570.8 2676111528.9 0 2966857657.1 2708603580.1 0 2581547251.4 2737232227.8 0 
2191619497.2 2761904015.1 0 1797956703.5 2782549001.3 0 1401348529 2799116076 0 
1002515147.6 2811569022.4 0 602126263.97 2819883382.2 0 200817313.85 2824044128.4 0 
-200796152.18 2824044128.4 0 -602105102.54 2819883382.2 0 -1002493986.6 2811569022.4 0 
-1401327368.7 2799116076 0 -1797935544.1 2782549001.3 0 -2191598339.1 2761904015.1 0 
-2581526094.7 2737232227.8 0 -2966836502 2708603580 0 -3346525417.6 2676111522 0 
-3719428907 2639878028.4 0 -4084172260.1 2600056283.8 0 -4439098957 2556836232.5 0 
-4782167036.3 2510478532.6 0 -5110788013.7 2461284391.3 0 -5421551321 2409562887.4 0 
-5709674960 2355692686.6 0 -5975012762.3 2300095668.3 0 nan nan 0 
5760513972.2 2027008454.9 0 5470602267.6 2073066821 0 5157685302.8 2117323098.1 0 
4826579927.3 2159441030.7 0 4480737301.3 2199143353.9 0 4122788523.7 2236184730.4 0 
3754817210 2270354227.9 0 3378518470.1 2301476735.3 0 2995301271.8 2329410222.3 0 
2606358947.5 2354041881.4 0 2212720188.8 2375283933.4 0 1815287362 2393069512.9 0 
1414866261.7 2407348905.3 0 1012189951.8 2418086303.1 0 607938501.71 2425257169.4 0 
202755916.69 2428846250.5 0 -202734755.02 2428846250.5 0 -607917340.28 2425257169.4 0 
-1012168790.8 2418086303.1 0 -1414845101.5 2407348905.3 0 -1815266202.7 2393069512.9 0 
-2212699030.6 2375283933.4 0 -2606337790.7 2354041881.4 0 -2995280116.7 2329410222.3 0 
-3378497316.9 2301476727.6 0 -3754796059.1 2270353873.6 0 -4122767378 2236179746.8 0 
-4480716168.2 2199121952.8 0 -4826558801.3 2159413212.6 0 -5157664171.5 2117315937.8 0 
-5470581141.5 2073084936.9 0 -5760492853.3 2027036781.9 0 -6027227791.2 1979522940.3 0 
nan nan 0 5803398031.3 1694641315.5 0 5511990301.5 1732932804.1 0 
5197276102.2 1769740041 0 4864098275.4 1804786275 0 4515938708.6 1837843709.9 0 
4155461469.8 1868708011.5 0 3784783122 1897201003.3 0 3405629972.2 1923172759.3 0 
3019439300.6 1946499991.7 0 2627429271.8 1967083408.9 0 2230649761.7 1984844674.3 0 
1830020821.4 1999723300.8 0 1426362787.3 2011673728.2 0 1020420607 2020662742.4 0 
612884131.98 2026667342.5 0 204405635.94 2029673109.5 0 -204384474.27 2029673109.5 0 
-612862970.56 2026667342.5 0 -1020399446.1 2020662742.4 0 -1426341627 2011673728.2 0 
-1829999662.1 1999723300.8 0 -2230628603.5 1984844674.3 0 -2627408115 1967083408.9 0 
-3019418145.5 1946499991.6 0 -3405608818.9 1923172752.3 0 -3784761971.1 1897200678.7 0 
-4155440323.7 1868703446.7 0 -4515917573.9 1837824107.3 0 -4864077146.3 1804760799.2 0 
-5197254956.4 1769733555.5 0 -5511969110.4 1732949745.8 0 -5803376818.1 1694667768.9 0 
-6071288031.2 1655173298.1 0 nan nan 0 5838406179.6 1359241616.1 0 
5545784361.8 1389816382.5 0 5229614637.3 1419215778.7 0 4894759864.4 1447216370.9 0 
4544724474.3 1473640036.2 0 4182197378.4 1498324399.6 0 3809320544.3 1521125714.2 0 
3427844767.6 1541921730.1 0 3039229947.2 1560610856.9 0 2644714434.7 1577110404.3 0 
2245365628.9 1591354442.5 0 1842118464.9 1603291539.4 0 1435805734.2 1612882575.1 0 
1027182747.9 1620098774.4 0 616948041.43 1624920055.5 0 205761351.82 1627333753.1 0 
-205740190.16 1627333753.1 0 -616926880 1624920055.5 0 -1027161587 1620098774.4 0 
-1435784574 1612882575.1 0 -1842097305.5 1603291539.4 0 -2245344470.8 1591354442.5 0 
-2644693277.9 1577110404.3 0 -3039208792.1 1560610856.9 0 -3427823614.4 1541921722.4 0 
-3809299393.4 1521125359.4 0 -4182176232.3 1498319410.2 0 -4544703339.4 1473618609.8 0 
-4894738721.8 1447188531.5 0 -5229593279.8 1419208795.2 0 -5545762161.2 1389835403.1 0 
-5838383496.7 1359271262.4 0 -6107253788.6 1327742012.2 0 nan nan 0 
5865591473.7 1021467684.6 0 5572028986.7 1044364127.5 0 5254732340.8 1066385662.7 0 
4918583378.1 1087363474.3 0 4567100760.5 1107166409.8 0 4202990719.6 1125673430.3 0 
3828413984.5 1142776156.9 0 3445139738.9 1158381689.5 0 3054645098 1172412228.7 0 
2658183988.4 1184803953 0 2256837512.7 1195505580.3 0 1851552404 1204476803.1 0 
1443171463.1 1211686743.6 0 1032458444.1 1217112541.7 0 620119054.16 1220738154.5 0 
206819269.51 1222553420.4 0 -206798107.85 1222553420.4 0 -620097892.73 1220738154.5 0 
-1032437283.2 1217112541.7 0 -1443150302.8 1211686743.6 0 -1851531244.7 1204476803.1 0 
-2256816354.6 1195505580.3 0 -2658162831.7 1184803953 0 -3054623942.9 1172412228.7 0 
-3445118585.6 1158381681.9 0 -3828392833.5 1142775809.3 0 -4202969573.4 1125668541.2 0 
-4567079623.6 1107145414 0 -4918562157.6 1087336177.9 0 -5254709775.5 1066378560.6 0 
-5572001029.3 1044381530.6 0 -5865560409.5 1021494935.4 0 -6135174905.1 997886937.02 0 
nan nan 0 5884990783.1 681928707.73 0 5590756652.3 697178927.31 0 
5272655026.6 711850859.5 0 4935586158 725826050.94 0 4583075832 739020355.57 0 
4217841062.6 751354546.89 0 3842055416.9 762756367.94 0 3457500856.7 773163298.58 0 
3065666581 782522722.43 0 2667817557 790791264.9 0 2265044698.4 797933889.4 0 
1858303270.1 803922914.81 0 1448443383.6 808737032.53 0 1036235022 812360397.19 0 
622389235.53 814781846.86 0 207576688.94 815994291.05 0 -207555527.28 815994291.05 0 
-622368074.1 814781846.86 0 -1036213861.1 812360397.19 0 -1448422223.3 808737032.53 0 
-1858282110.8 803922914.81 0 -2265023540.3 797933889.4 0 -2667796400.2 790791264.9 0 
-3065645425.9 782522722.38 0 -3457479703.5 773163291.14 0 -3842034265.9 762756024.89 0 
-4217819916.3 751349720.75 0 -4583054692.3 738999625.64 0 -4935564803.3 725799114.76 0 
-5272630368.6 711844178.81 0 -5590718719 697197707.07 0 -5884945195.1 681957927.06 0 
-6155090454.4 666237690.19 0 nan nan 0 5896609540.7 341233481.15 0 
5601976621.2 348856393.23 0 5283399116.2 356193851.8 0 4945781823.4 363180696.82 0 
4592657339.8 369774812.61 0 4226750070.8 375939144.09 0 3850241179 381639500.43 0 
3464920153.1 386843749.92 0 3072283354 391525024.75 0 2673602335.3 395661368.74 0 
2269973902 399235013.55 0 1862358475.5 402231879.18 0 1451610615.2 404641096.27 0 
1038504119.2 406454561.45 0 623753330.03 407666554.06 0 208031818.49 408273433.98 0 
-208010656.83 408273433.98 0 -623732168.6 407666554.06 0 -1038482958.2 406454561.45 0 
-1451589455 404641096.27 0 -1862337316.2 402231879.18 0 -2269952743.9 399235013.55 0 
-2673581178.5 395661368.74 0 -3072262198.9 391525024.69 0 -3464898999.9 386843741.63 0 
-3850220028.1 381639117.63 0 -4226728925 375933745.52 0 -4592636202 369751563.55 0 
-4945760481.5 363150340.89 0 -5283374622 356185225.2 0 -5601939464.1 348872319.3 0 
-5896565082.6 341258756.27 0 -6167028509.5 333403519.23 0 nan nan 0 
5900466297.5 -30298.952545 0 5605705114 -26742.549509 0 5286977042.9 -16830.700906 0 
4949179227.9 -7588.0543429 0 4595850546.6 -11082.737655 0 4229719502.4 -18889.548432 0 
3852969877.3 -21005.286019 0 3467393650 -21158.401348 0 3074489554.4 -21161.668092 0 
2675531333.2 -21161.689158 0 2271617755.2 -21161.689199 0 1863710966.6 -21161.689199 0 
1452667019.5 -21161.6892 0 1039260996 -21161.689199 0 624208350.79 -21161.689201 0 
208183638.54 -21161.689199 0 -208162476.87 -21161.6892 0 -624187189.36 -21161.6892 0 
-1039239835 -21161.689201 0 -1452645859.2 -21161.689201 0 -1863689807.3 -21161.6892 0 
-2271596597.1 -21161.6892 0 -2675510176.4 -21161.689279 0 -3074468399.3 -21161.728898 0 
-3467372496.7 -21167.676191 0 -3852948726.5 -21437.42485 0 -4229698357.3 -25039.930085 0 
-4595829415.2 -37819.690865 0 -4949158026.7 -42990.238433 0 -5286954669.1 -29559.535892 0 
-5605678055.5 -20588.536756 0 -5900436541.4 -18884.215242 0 -6171005978.9 -20164.550091 0 
nan nan 0 5896587447.6 -341305853.37 0 5601961445.4 -348917877.11 0 
5283395926.3 -356228490.32 0 4945781603.2 -363194242.24 0 4592657323.7 -369795696.37 0 
4226750068.1 -375976633.64 0 3850241178.8 -381681490.85 0 3464920153.1 -386886066.07 0 
3072283354 -391567347.85 0 2673602335.3 -395703691.88 0 2269973902 -399277336.69 0 
1862358475.5 -402274202.33 0 1451610615.2 -404683419.41 0 1038504119.2 -406496884.6 0 
623753330.03 -407708877.2 0 208031818.49 -408315757.13 0 -208010656.83 -408315757.13 0 
-623732168.6 -407708877.2 0 -1038482958.2 -406496884.6 0 -1451589455 -404683419.41 0 
-1862337316.2 -402274202.33 0 -2269952743.9 -399277336.69 0 -2673581178.5 -395703691.89 0 
-3072262198.9 -391567347.94 0 -3464898999.9 -386886079.59 0 -3850220028.1 -381682123.05 0 
-4226728925.2 -375985664.84 0 -4592636203.1 -369835105.01 0 -4945760482.9 -363246694.41 0 
-5283374622.7 -356248609.18 0 -5601939464.5 -348914523.57 0 -5896565083 -341297275.57 0 
-6167028509.7 -333444163.47 0 nan nan 0 5884966382.3 -682019478.24 0 
-4985178018.3 -5087535574 0 -4753737150.4 -5226052960.4 0 -4510078339.9 -5355494394.6 0 
-4250717513.2 -5475752197.5 0 -3978245946.1 -5586895556.7 0 -3694605612.1 -5689006400.5 0 
-3401359821.5 -5782194374 0 -3099821157.1 -5866570619.3 0 -2791123133.3 -5942225310.6 0 
-2476268935.3 -6009243606.7 0 -2156162858 -6067704683.5 0 -1831632610.3 -6117679254.2 0 
-1503446250.9 -6159228846.7 0 -1172325517.7 -6192405360.4 0 -838956730.52 -6217250717 0 
-504000053.79 -6233796589.8 0 -168097658.36 -6242064203.6 0 168118820.03 -6242064203.6 0 
504021215.22 -6233796589.8 0 838977891.49 -6217250717 0 1172346677.9 -6192405360.4 0 
1503467410.2 -6159228846.7 0 1831653768.4 -6117679254.2 0 2156184014.7 -6067704683.5 0 
2476290090.4 -6009243606.7 0 2791144284.3 -5942225304.9 0 3099842203 -5866570356.6 0 
3401379452.5 -5782190646.1 0 3694620074.7 -5688990243.5 0 3978258204.8 -5586874422.5 0 
4250736680.6 -5475747740.1 0 4510107205.5 -5355513324.6 0 4753770156.9 -5226082000.3 0 
nan nan 0 -5123775722.8 -4860172796.9 0 -4885062772.9 -4991580731.5 0 
-4632878198.8 -5115939403.8 0 -4364720873.1 -5232191872.5 0 -4083418925.1 -5339988034.8 0 
-3790988467.1 -5439209501.3 0 -3489021329.2 -5529866616.7 0 -3178840724.5 -5612016467.3 0 
-2861580725.8 -5685712849.1 0 -2538241020.6 -5751018260.2 0 -2209720144.5 -5807997721.1 0 
-1876838486.8 -5856712757.4 0 -1540355716.4 -5897218877 0 -1200984424.7 -5929564045.4 0 
-859401241.83 -5953787647.1 0 -516256256.15 -5969919769.2 0 -172181303.51 -5977980717.7 0 
172202465.17 -5977980717.7 0 516277417.58 -5969919769.2 0 859422402.79 -5953787647.1 0 
1201005585 -5929564045.4 0 1540376875.7 -5897218877 0 1876859644.9 -5856712757.4 0 
2209741301.2 -5807997721.1 0 2538262175.7 -5751018260.1 0 2861601875.5 -5685712841.3 0 
3178861711.6 -5612016105 0 3489040116.9 -5529861471.4 0 3790999235.5 -5439187186.6 0 
4083426386.3 -5339958776.4 0 4364740409.7 -5232184870.8 0 4632918190.6 -5115961554.9 0 
4885112284.8 -4991614990.4 0 nan nan 0 -5253464659 -4620646446.7 0 
-5009505981.4 -4743702064.4 0 -4750289974 -4861203063.5 0 -4474314604.6 -4971841483.2 0 
-4184866728.5 -5074942430.2 0 -3884159389.1 -5170162955 0 -3573883204.4 -5257367148.1 0 
-3255413214 -5336517053.9 0 -2929904722.5 -5407605459.1 0 -2598366668.3 -5470653635.3 0 
-2261700310.5 -5525698076.2 0 -1920724343.4 -5572780395.1 0 -1576193858.4 -5611942103.3 0 
-1228814951 -5643221332.2 0 -879256454.84 -5666650643.3 0 -528159784.63 -5682255553.6 0 
-176147536.17 -5690053563.3 0 176168697.83 -5690053563.3 0 528180946.06 -5682255553.6 0 
879277615.81 -5666650643.3 0 1228836111.3 -5643221332.2 0 1576215017.7 -5611942103.3 0 
1920745501.6 -5572780395.1 0 2261721467.3 -5525698076.2 0 2598387823.4 -5470653635.2 0 
2929925869.7 -5407605450.9 0 3255434079.4 -5336516671.5 0 3573900261.5 -5257361699.3 0 
3884162640.1 -5170139241.5 0 4184864198.1 -5074911151.6 0 4474329824.8 -4971832720.9 0 
4750328163.8 -4861220713.5 0 5009553585.1 -4743729930.6 0 nan nan 0 
-5374144778.1 -4365461264.7 0 -5126017426.3 -4479904922.1 0 -4861014433.4 -4589771514 0 
-4578272250.1 -4693827110.5 0 -4281514258 -4791274635.4 0 -3973195364.5 -4881612670.2 0 
-3655157624.8 -4964582249.5 0 -3328868623.7 -5040055566.1 0 -2995527479 -5107954495.1 0 
-2656167929.1 -5168249249.6 0 -2311705168 -5220939822.1 0 -1962964082.1 -5266041282.2 0 
-1610700819.1 -5303575793.5 0 -1255619099.6 -5333567465.9 0 -898383064.28 -5356038875.5 0 
-539627881.51 -5371008707.8 0 -179968905.78 -5378490201.8 0 179990067.44 -5378490201.8 0 
539649042.94 -5371008707.8 0 898404225.24 -5356038875.5 0 1255640259.9 -5333567465.9 0 
1610721978.5 -5303575793.5 0 1962985240.3 -5266041282.2 0 2311726324.7 -5220939822.1 0 
2656189084.2 -5168249249.5 0 2995548619.9 -5107954482.3 0 3328889198.7 -5040054968.6 0 
3655170537.9 -4964573713.5 0 3973180550.4 -4881575420.8 0 4281487521.5 -4791225120.5 0 
4578275237.2 -4693809171.7 0 4861039755.5 -4589779867.5 0 5126048072.2 -4479920617.8 0 
nan nan 0 -5485896872.3 -4097195703.6 0 -5234259193 -4203004075.8 0 
-4964388872.6 -4304918552.9 0 -4675803010.2 -4401855060.5 0 -4372558869.2 -4493015806.1 0 
-4057352611.3 -4577831512.5 0 -3732186065.6 -4655961561.7 0 -3398629416.8 -4727203731.2 0 
-3057947322.4 -4791418118.5 0 -2711214577.5 -4848526235.5 0 -2359371417.3 -4898490502 0 
-2003257184.5 -4941297311.1 0 -1643635343.8 -4976947154.8 0 -1281212054 -5005447985.6 0 
-916650547.58 -5026810613.4 0 -550582821.36 -5041045536.9 0 -183619601.08 -5048160826.5 0 
183640762.75 -5048160826.5 0 550603982.79 -5041045536.9 0 916671708.54 -5026810613.4 0 
1281233214.2 -5005447985.6 0 1643656503.1 -4976947154.8 0 2003278342.6 -4941297311.1 0 
2359392574.1 -4898490502 0 2711235732.6 -4848526235.5 0 3057968463.7 -4791418105.6 0 
3398650011.6 -4727203127.7 0 3732199264.4 -4655952941.5 0 4057339049.5 -4577793902.8 0 
4372533736.3 -4492965894 0 4675805487.2 -4401838143.6 0 4964408586.6 -4304932664 0 
5234281578.1 -4203028190 0 nan nan 0 -5588829811.6 -3817779431 0 
-5334145616.3 -3915004328 0 -5060101351 -4008853085.4 0 -4766444416.3 -4098391605.3 0 
-4457471304.2 -4182874492.2 0 -4136092651.6 -4261726656.7 0 -3804453903 -4334566849.5 0 
-3464221973 -4401142501.2 0 -3116739584.1 -4461268277.8 0 -2763133920.4 -4514825752.8 0 
-2404378878 -4561743889.3 0 -2041335360.6 -4601982128.6 0 -1674779967.5 -4635519761 0 
-1305426044.2 -4662348438.6 0 -933939834.5 -4682466821.1 0 -560953475.69 -4695876804.4 0 
-187075965.51 -4702580962.7 0 187097127.17 -4702580962.7 0 560974637.12 -4695876804.4 0 
933960995.46 -4682466821.1 0 1305447204.5 -4662348438.6 0 1674801126.8 -4635519761 0 
2041356518.7 -4601982128.6 0 2404400034.7 -4561743889.3 0 2763155075.5 -4514825752.7 0 
3116760732.8 -4461268268.5 0 3464242910 -4401142066.5 0 3804471991.3 -4334560663.1 0 
4136100434.1 -4261699770.5 0 4457474623 -4182839119.5 0 4766458302.1 -4098382380.3 0 
5060121623.6 -4008876299.7 0 5334166772.9 -3915040574.8 0 nan nan 0 
-5683056684.8 -3528760723.8 0 -5425688600.1 -3617482870.8 0 -5148019804.4 -3703247588.1 0 
-4849945505.4 -3785257517 0 -4535931030.9 -3862839072.4 0 -4209051273.9 -3935433323.9 0 
-3871578037.4 -4002654924.6 0 -3525273641 -4064233318.9 0 -3171558053.9 -4119952295.6 0 
-2811614045.2 -4169663435.5 0 -2446454208.8 -4213269314.7 0 -2076966090.8 -4250706826 0 
-1703944068.6 -4281936678.2 0 -1328112774.2 -4306935728.3 0 -950145054.11 -4325691313.4 0 
-570676362.86 -4338197157.7 0 -190316847.1 -4344450545 0 190338008.77 -4344450545 0 
570697524.29 -4338197157.7 0 950166215.07 -4325691313.4 0 1328133934.5 -4306935728.3 0 
1703965227.9 -4281936678.2 0 2076987249 -4250706826 0 2446475365.5 -4213269314.7 0 
2811635200.3 -4169663435.5 0 3171579205.8 -4119952285.2 0 3525294732.4 -4064232836.4 0 
3871598326.6 -4002648084.5 0 4209068638.7 -3935403713.4 0 4535947092.7 -3862800231.6 0 
4849964557.6 -3785246825.4 0 5148040668.7 -3703270008.7 0 5425709707.4 -3617518145.1 0 
nan nan 0 -5768687629.2 -3231435086.8 0 -5508940754.6 -3311745524.2 0 
-5228103783.8 -3389453030.9 0 -4926171206.9 -3463878710.3 0 -4607728295.4 -3534427337.6 0 
-4275971197.9 -3600580399.5 0 -3933278471.6 -3661965405.1 0 -3581500881.6 -3718307478.5 0 
-3222129587.6 -3769377177 0 -2856401835.8 -3815008876.9 0 -2485370741.3 -3855087272.1 0 
-2109953330.8 -3889532564.4 0 -1730964889.1 -3918290867.5 0 -1349144434.8 -3941326907.1 0 
-965174355.32 -3958618439.8 0 -579696173.96 -3970152116.6 0 -193323778.95 -3975920571.7 0 
193344940.61 -3975920571.7 0 579717335.39 -3970152116.6 0 965195516.28 -3958618439.8 0 
1349165595.1 -3941326907.1 0 1730986048.4 -3918290867.5 0 2109974488.9 -3889532564.4 0 
2485391898.1 -3855087272.1 0 2856422990.9 -3815008876.8 0 3222150737.6 -3769377165.1 0 
3581521879.6 -3718306924.4 0 3933297396.9 -3661957523.5 0 4275982481.3 -3600546158.1 0 
4607736078.9 -3534382219 0 4926186824.8 -3463865572.1 0 5228124243.4 -3389475926.8 0 
5508961890 -3311782017.4 0 nan nan 0 -5845826957.9 -2926916970.9 0 
-5583971633.9 -2998905495.7 0 -5300361572.1 -3068606696.4 0 -4995059466.7 -3135444438.6 0 
-4672736801.7 -3198899324.6 0 -4336681372.2 -3258499717.5 0 -3989358353.5 -3313899679.3 0 
-3632694615.6 -3364835124.7 0 -3268244901.3 -3411075768.7 0 -2897297535.7 -3452449197.1 0 
-2520945456.8 -3488830536 0 -2140135970 -3520129592 0 -1755706857.6 -3546282513.1 0 
-1368413488.8 -3567245218 0 -978949901.06 -3582988204.3 0 -587965823.25 -3593492602.4 0 
-196081004.44 -3598747345.2 0 196102166.1 -3598747345.2 0 587986984.68 -3593492602.4 0 
978971062.02 -3582988204.3 0 1368434649.1 -3567245218 0 1755728016.9 -3546282513.1 0 
2140157128.2 -3520129592 0 2520966613.5 -3488830536 0 2897318690.8 -3452449197 0 
3268266047.9 -3411075753.7 0 3632715450.9 -3364834423.9 0 3989374914.7 -3313889672.2 0 
4336682165.9 -3258456072 0 4672730375.5 -3198841465.4 0 4995069277.1 -3135425523.8 0 
5300381634.3 -3068626421.2 0 5583993228.2 -2998938352.6 0 nan nan 0 
-5914571610.1 -2616189353.7 0 -5650856250.9 -2679940998.1 0 -5364827200.5 -2741697116.9 0 
-5056594521.4 -2800970063.2 0 -4730891884.8 -2857310305.4 0 -4391077255.2 -2910296795.2 0 
-4039684962.6 -2959618033.6 0 -3678705231.5 -3005030347.2 0 -3309747943.2 -3046312396.3 0 
-2934147514.3 -3083293851.2 0 -2553034203.2 -3115847772.6 0 -2167384754 -3143879623.4 0 
-1778059663 -3167320297.9 0 -1385831507.7 -3186120464.6 0 -991407202.36 -3200245955.7 0 
-595446110.57 -3209674177.5 0 -198575374.71 -3214391488.1 0 198596536.37 -3214391488.1 0 
595467272 -3209674177.5 0 991428363.32 -3200245955.7 0 1385852668 -3186120464.6 0 
1778080822.3 -3167320297.9 0 2167405912.1 -3143879623.4 0 2553055359.9 -3115847772.6 0 
2934168669.4 -3083293851.1 0 3309769091.1 -3046312382.2 0 3678726126.8 -3005029690.4 0 
4039702395.6 -2959608672.5 0 4391081917.4 -2910256042.2 0 4730890716.6 -2857256411.1 0 
5056606756.1 -2800952985.3 0 5364848716.3 -2741717919.3 0 5650879518.3 -2679975086 0 
nan nan 0 -5975011254.4 -2300136384.5 0 -5709671457 -2355731387.5 0 
-5421548836.4 -2409605203.8 0 -5110787480 -2461347681 0 -4782167012.3 -2510574595.5 0 
-4439098965.2 -2556919548.2 0 -4084172262.1 -2600108142 0 -3719428907.1 -2639921019 0 
-3346525417.6 -2676153848.7 0 -2966836502 -2708645892 0 -2581526094.7 -2737274539.7 0 
-2191598339.1 -2761946327 0 -1797935544.1 -2782591313.2 0 -1401327368.7 -2799158387.9 0 
-1002493986.6 -2811611334.3 0 -602105102.54 -2819925694.1 0 -200796152.18 -2824086440.3 0 
200817313.85 -2824086440.3 0 602126263.97 -2819925694.1 0 1002515147.6 -2811611334.3 0 
1401348529 -2799158387.9 0 1797956703.5 -2782591313.2 0 2191619497.2 -2761946327 0 
2581547251.4 -2737274539.7 0 2966857657.1 -2708645892 0 3346546569.1 -2676153838.3 0 
3719449977.7 -2639920540.3 0 4084192241.1 -2600101353.4 0 4439114922.6 -2556890153.1 0 
4782181160.7 -2510536040.1 0 5110806246.3 -2461337273.8 0 5421572073 -2409628494.9 0 
5709696053 -2355767926.3 0 nan nan 0 -6027226861.9 -1979563806 0 
-5760490694.5 -2027075839.1 0 -5470579610.5 -2073127857.8 0 -5157663844.8 -2117382228.8 0 
-4826558792.3 -2159516635.7 0 -4480716177.7 -2199210877.6 0 -4122767380.3 -2236232913.1 0 
-3754796059.2 -2270396960 0 -3378497316.9 -2301519059.3 0 -2995280116.7 -2329452537.3 0 
-2606337790.7 -2354084196.3 0 -2212699030.6 -2375326248.3 0 -1815266202.7 -2393111827.8 0 
-1414845101.5 -2407391220.2 0 -1012168790.8 -2418128618 0 -607917340.28 -2425299484.3 0 
-202734755.02 -2428888565.4 0 202755916.69 -2428888565.4 0 607938501.71 -2425299484.3 0 
1012189951.8 -2418128618 0 1414866261.7 -2407391220.2 0 1815287362 -2393111827.8 0 
2212720188.8 -2375326248.3 0 2606358947.5 -2354084196.3 0 2995301271.8 -2329452537.3 0 
3378518469.9 -2301519049 0 3754817200.2 -2270396483.8 0 4122788381.5 -2236226188.4 0 
4480736670.2 -2199181877.5 0 4826579072.2 -2159478734 0 5157684947.6 -2117371704 0 
5470602216.5 -2073149018.4 0 5760513961.1 -2027109216.1 0 nan nan 0 
-6071287809.7 -1655214164.6 0 -5803376303.3 -1694706820.9 0 -5511968745.9 -1732992564.5 0 
-5197254882.8 -1769799014.3 0 -4864077154.9 -1804862142.8 0 -4515917584.3 -1837911447.5 0 
-4155440326.1 -1868756246.1 0 -3784761971.3 -1897243741.5 0 -3405608818.9 -1923215086 0 
-3019418145.5 -1946542309.2 0 -2627408115 -1967125726.5 0 -2230628603.5 -1984886991.8 0 
-1829999662.1 -1999765618.3 0 -1426341627 -2011716045.7 0 -1020399446.1 -2020705060 0 
-612862970.56 -2026709660 0 -204384474.27 -2029715427 0 204405635.94 -2029715427 0 
612884131.98 -2026709660 0 1020420607 -2020705060 0 1426362787.3 -2011716045.7 0 
1830020821.4 -1999765618.3 0 2230649761.7 -1984886991.8 0 2627429271.8 -1967125726.5 0 
3019439300.6 -1946542309.2 0 3405629972.2 -1923215075.9 0 3784783121.5 -1897243277.9 0 
4155461462.6 -1868749706.3 0 4515938676.5 -1837883275.4 0 4864098230.9 -1804825412.1 0 
5197276068.8 -1769789601.2 0 5511990225.8 -1733016838.3 0 5803397924.3 -1694744645.4 0 
nan nan 0 -6107253768.6 -1327782989 0 -5838383450.3 -1359310570.9 0 
-5545762128.8 -1389878486.3 0 -5229593277.1 -1419274982.4 0 -4894738732.5 -1447291596.3 0 
-4544703347.9 -1473707260.8 0 -4182176234.3 -1498372516.3 0 -3809299393.5 -1521168445.9 0 
-3427823614.4 -1541964058.7 0 -3039208792.1 -1560653176.6 0 -2644693277.9 -1577152724 0 
-2245344470.8 -1591396762.1 0 -1842097305.5 -1603333859 0 -1435784574 -1612924894.7 0 
-1027161587 -1620141094 0 -616926880 -1624962375.1 0 -205740190.16 -1627376072.7 0 
205761351.82 -1627376072.7 0 616948041.43 -1624962375.1 0 1027182747.9 -1620141094 0 
1435805734.2 -1612924894.7 0 1842118464.9 -1603333859 0 2245365628.9 -1591396762.1 0 
2644714434.7 -1577152724 0 3039229947.2 -1560653176.5 0 3427844767.6 -1541964048.8 0 
3809320544.3 -1521167985.4 0 4182197377.6 -1498366016.9 0 4544724470.3 -1473679251 0 
4894759844.8 -1447255062.9 0 5229614408.1 -1419265637.4 0 5545783278.8 -1389902751.2 0 
5838404603.4 -1359348379.1 0 nan nan 0 -6135174904.9 -997928034.43 0 
-5865560409 -1021534512.3 0 -5572001029.3 -1044424548.9 0 -5254709777.9 -1066442644.3 0 
-4918562163.7 -1087433886.1 0 -4567079628.2 -1107229979.8 0 -4202969574.4 -1125720697.5 0 
-3828392833.6 -1142818829.8 0 -3445118585.6 -1158424018.4 0 -3054623942.9 -1172454550 0 
-2658162831.7 -1184846274.3 0 -2256816354.6 -1195547901.6 0 -1851531244.7 -1204519124.4 0 
-1443150302.8 -1211729064.9 0 -1032437283.2 -1217154863 0 -620097892.73 -1220780475.8 0 
-206798107.85 -1222595741.7 0 206819269.51 -1222595741.7 0 620119054.16 -1220780475.8 0 
1032458444.1 -1217154863 0 1443171463.1 -1211729064.9 0 1851552404 -1204519124.4 0 
2256837512.7 -1195547901.6 0 2658183988.4 -1184846274.3 0 3054645098 -1172454550 0 
3445139738.9 -1158424008.8 0 3828413984.4 -1142818388.2 0 4202990718.5 -1125714444.5 0 
4567100754 -1107202942.7 0 4918583279.9 -1087398491.6 0 5254730904 -1066433371.6 0 
5572022149.2 -1044447221.8 0 5865581519.6 -1021569949.2 0 nan nan 0 
-6155090454.9 -666278606.59 0 -5884945196.2 -681997082.5 0 -5590718720 -697240441.21 0 
-5272630370.6 -711908320.81 0 -4935564807.8 -725897124.8 0 -4583054695.8 -739084424.96 0 
-4217819917.1 -751401932.35 0 -3842034266 -762799050.43 0 -3457479703.5 -773205628.85 0 
-3065645425.9 -782565044.92 0 -2667796400.2 -790833587.34 0 -2265023540.3 -797976211.84 0 
-1858282110.8 -803965237.26 0 -1448422223.3 -808779354.97 0 -1036213861.1 -812402719.63 0 
-622368074.1 -814824169.3 0 -207555527.28 -816036613.49 0 207576688.94 -816036613.49 0 
622389235.53 -814824169.3 0 1036235022 -812402719.63 0 1448443383.6 -808779354.97 0 
1858303270.1 -803965237.26 0 2265044698.4 -797976211.84 0 2667817557 -790833587.34 0 
3065666581 -782565044.84 0 3457500856.7 -773205616.13 0 3842055416.7 -762798457.55 0 
4217841060.2 -751393486.95 0 4583075817.2 -739047680.28 0 4935585918.8 -725848488.62 0 
5272651505.1 -711891755.18 0 5590739891.5 -697253492.13 0 
radius 1 1190 double
0.5 0.5 0.5 0.5 0.5 0.5 0.5 0.5 0.5 
0.5 0.5 0.5 0.5 0.5 0.5 0.5 0.5 0.5 
0.5 0.5 0.5 0.5 0.5 0.5 0.5 0.5 0.5 
0.5 0.5 0.5 0.5 0.5 0.5 0.5 0.5 0.5 
0.5 0.5 0.5 0.5 0.5 0.5 0.5 0.5 0.5 
0.5 0.5 0.5 0.5 0.5 0.5 0.5 0.5 0.5 
0.5 0.5 0.5 0.5 0.5 0.5 0.5 0.5 0.5 
0.5 0.5 0.5 0.5 0.5 0.5 0.5 0.5 0.5 
0.5 0.5 0.5 0.5 0.5 0.5 0.5 0.5 0.5 
0.5 0.5 0.5 0.5 0.5 0.5 0.5 0.5 0.5 
0.5 0.5 0.5 0.5 0.5 0.5 0.5 0.5 0.5 
0.5 0.5 0.5 0.5 0.5 0.5 0.5 0.5 0.5 
0.5 0.5 0.5 0.5 0.5 0.5 0.5 0.5 0.5 
0.5 0.5 0.5 0.5 0.5 0.5 0.5 0.5 0.5 
0.5 0.5 0.5 0.5 0.5 0.5 0.5 0.5 0.5 
0.5 0.5 0.5 0.5 0.5 0.5 0.5 0.5 0.5 
0.5 0.5 0.5 0.5 0.5 0.5 0.5 0.5 0.5 
0.5 0.5 0.5 0.5 0.5 0.5 0.5 0.5 0.5 
0.5 0.5 0.5 0.5 0.5 0.5 0.5 0.5 0.5 
0.5 0.5 0.5 0.5 0.5 0.5 0.5 0.5 0.5 
0.5 0.5 0.5 0.5 0.5 0.5 0.5 0.5 0.5 
0.5 0.5 0.5 0.5 0.5 0.5 0.5 0.5 0.5 
0.5 0.5 0.5 0.5 0.5 0.5 0.5 0.5 0.5 
0.5 0.5 0.5 0.5 0.5 0.5 0.5 0.5 0.5 
0.5 0.5 0.5 0.5 0.5 0.5 0.5 0.5 0.5 
0.5 0.5 0.5 0.5 0.5 0.5 0.5 0.5 0.5 
0.5 0.5 0.5 0.5 0.5 0.5 0.5 0.5 0.5 
0.5 0.5 0.5 0.5 0.5 0.5 0.5 0.5 0.5 
0.5 0.5 0.5 0.5 0.5 0.5 0.5 0.5 0.5 
0.5 0.5 0.5 0.5 0.5 0.5 0.5 0.5 0.5 
0.5 0.5 0.5 0.5 0.5 0.5 0.5 0.5 0.5 
0.5 0.5 0.5 0.5 0.5 0.5 0.5 0.5 0.5 
0.5 0.5 0.5 0.5 0.5 0.5 0.5 0.5 0.5 
0.5 0.5 0.5 0.5 0.5 0.5 0.5 0.5 0.5 
0.5 0.5 0.5 0.5 0.5 0.5 0.5 0.5 0.5 
0.5 0.5 0.5 0.5 0.5 0.5 0.5 0.5 0.5 
0.5 0.5 0.5 0.5 0.5 0.5 0.5 0.5 0.5 
0.5 0.5 0.5 0.5 0.5 0.5 0.5 0.5 0.5 
0.5 0.5 0.5 0.5 0.5 0.5 0.5 0.5 0.5 
0.5 0.5 0.5 0.5 0.5 0.5 0.5 0.5 0.5 
0.5 0.5 0.5 0.5 0.5 0.5 0.5 0.5 0.5 
0.5 0.5 0.5 0.5 0.5 0.5 0.5 0.5 0.5 
0.5 0.5 0.5 0.5 0.5 0.5 0.5 0.5 0.5 
0.5 0.5 0.5 0.5 0.5 0.5 0.5 0.5 0.5 
0.5 0.5 0.5 0.5 0.5 0.5 0.5 0.5 0.5 
0.5 0.5 0.5 0.5 0.5 0.5 0.5 0.5 0.5 
0.5 0.5 0.5 0.5 0.5 0.5 0.5 0.5 0.5 
0.5 0.5 0.5 0.5 0.5 0.5 0.5 0.5 0.5 
0.5 0.5 0.5 0.5 0.5 0.5 0.5 0.5 0.5 
0.5 0.5 0.5 0.5 0.5 0.5 0.5 0.5 0.5 
0.5 0.5 0.5 0.5 0.5 0.5 0.5 0.5 0.5 
0.5 0.5 0.5 0.5 0.5 0.5 0.5 0.5 0.5 
0.5 0.5 0.5 0.5 0.5 0.5 0.5 0.5 0.5 
0.5 0.5 0.5 0.5 0.5 0.5 0.5 0.5 0.5 
0.5 0.5 0.5 0.5 0.5 0.5 0.5 0.5 0.5 
0.5 0.5 0.5 0.5 0.5 0.5 0.5 0.5 0.5 
0.5 0.5 0.5 0.5 0.5 0.5 0.5 0.5 0.5 
0.5 0.5 0.5 0.5 0.5 0.5 0.5 0.5 0.5 
0.5 0.5 0.5 0.5 0.5 0.5 0.5 0.5 0.5 
0.5 0.5 0.5 0.5 0.5 0.5 0.5 0.5 0.5 
0.5 0.5 0.5 0.5 0.5 0.5 0.5 0.5 0.5 
0.5 0.5 0.5 0.5 0.5 0.5 0.5 0.5 0.5 
0.5 0.5 0.5 0.5 0.5 0.5 0.5 0.5 0.5 
0.5 0.5 0.5 0.5 0.5 0.5 0.5 0.5 0.5 
0.5 0.5 0.5 0.5 0.5 0.5 0.5 0.5 0.5 
0.5 0.5 0.5 0.5 0.5 0.5 0.5 0.5 0.5 
0.5 0.5 0.5 0.5 0.5 0.5 0.5 0.5 0.5 
0.5 0.5 0.5 0.5 0.5 0.5 0.5 0.5 0.5 
0.5 0.5 0.5 0.5 0.5 0.5 0.5 0.5 0.5 
0.5 0.5 0.5 0.5 0.5 0.5 0.5 0.5 0.5 
0.5 0.5 0.5 0.5 0.5 0.5 0.5 0.5 0.5 
0.5 0.5 0.5 0.5 0.5 0.5 0.5 0.5 0.5 
0.5 0.5 0.5 0.5 0.5 0.5 0.5 0.5 0.5 
0.5 0.5 0.5 0.5 0.5 0.5 0.5 0.5 0.5 
0.5 0.5 0.5 0.5 0.5 0.5 0.5 0.5 0.5 
0.5 0.5 0.5 0.5 0.5 0.5 0.5 0.5 0.5 
0.5 0.5 0.5 0.5 0.5 0.5 0.5 0.5 0.5 
0.5 0.5 0.5 0.5 0.5 0.5 0.5 0.5 0.5 
0.5 0.5 0.5 0.5 0.5 0.5 0.5 0.5 0.5 
0.5 0.5 0.5 0.5 0.5 0.5 0.5 0.5 0.5 
0.5 0.5 0.5 0.5 0.5 0.5 0.5 0.5 0.5 
0.5 0.5 0.5 0.5 0.5 0.5 0.5 0.5 0.5 
0.5 0.5 0.5 0.5 0.5 0.5 0.5 0.5 0.5 
0.5 0.5 0.5 0.5 0.5 0.5 0.5 0.5 0.5 
0.5 0.5 0.5 0.5 0.5 0.5 0.5 0.5 0.5 
0.5 0.5 0.5 0.5 0.5 0.5 0.5 0.5 0.5 
0.5 0.5 0.5 0.5 0.5 0.5 0.5 0.5 0.5 
0.5 0.5 0.5 0.5 0.5 0.5 0.5 0.5 0.5 
0.5 0.5 0.5 0.5 0.5 0.5 0.5 0.5 0.5 
0.5 0.5 0.5 0.5 0.5 0.5 0.5 0.5 0.5 
0.5 0.5 0.5 0.5 0.5 0.5 0.5 0.5 0.5 
0.5 0.5 0.5 0.5 0.5 0.5 0.5 0.5 0.5 
0.5 0.5 0.5 0.5 0.5 0.5 0.5 0.5 0.5 
0.5 0.5 0.5 0.5 0.5 0.5 0.5 0.5 0.5 
0.5 0.5 0.5 0.5 0.5 0.5 0.5 0.5 0.5 
0.5 0.5 0.5 0.5 0.5 0.5 0.5 0.5 0.5 
0.5 0.5 0.5 0.5 0.5 0.5 0.5 0.5 0.5 
0.5 0.5 0.5 0.5 0.5 0.5 0.5 0.5 0.5 
0.5 0.5 0.5 0.5 0.5 0.5 0.5 0.5 0.5 
0.5 0.5 0.5 0.5 0.5 0.5 0.5 0.5 0.5 
0.5 0.5 0.5 0.5 0.5 0.5 0.5 0.5 0.5 
0.5 0.5 0.5 0.5 0.5 0.5 0.5 0.5 0.5 
0.5 0.5 0.5 0.5 0.5 0.5 0.5 0.5 0.5 
0.5 0.5 0.5 0.5 0.5 0.5 0.5 0.5 0.5 
0.5 0.5 0.5 0.5 0.5 0.5 0.5 0.5 0.5 
0.5 0.5 0.5 0.5 0.5 0.5 0.5 0.5 0.5 
0.5 0.5 0.5 0.5 0.5 0.5 0.5 0.5 0.5 
0.5 0.5 0.5 0.5 0.5 0.5 0.5 0.5 0.5 
0.5 0.5 0.5 0.5 0.5 0.5 0.5 0.5 0.5 
0.5 0.5 0.5 0.5 0.5 0.5 0.5 0.5 0.5 
0.5 0.5 0.5 0.5 0.5 0.5 0.5 0.5 0.5 
0.5 0.5 0.5 0.5 0.5 0.5 0.5 0.5 0.5 
0.5 0.5 0.5 0.5 0.5 0.5 0.5 0.5 0.5 
0.5 0.5 0.5 0.5 0.5 0.5 0.5 0.5 0.5 
0.5 0.5 0.5 0.5 0.5 0.5 0.5 0.5 0.5 
0.5 0.5 0.5 0.5 0.5 0.5 0.5 0.5 0.5 
0.5 0.5 0.5 0.5 0.5 0.5 0.5 0.5 0.5 
0.5 0.5 0.5 0.5 0.5 0.5 0.5 0.5 0.5 
0.5 0.5 0.5 0.5 0.5 0.5 0.5 0.5 0.5 
0.5 0.5 0.5 0.5 0.5 0.5 0.5 0.5 0.5 
0.5 0.5 0.5 0.5 0.5 0.5 0.5 0.5 0.5 
0.5 0.5 0.5 0.5 0.5 0.5 0.5 0.5 0.5 
0.5 0.5 0.5 0.5 0.5 0.5 0.5 0.5 0.5 
0.5 0.5 0.5 0.5 0.5 0.5 0.5 0.5 0.5 
0.5 0.5 0.5 0.5 0.5 0.5 0.5 0.5 0.5 
0.5 0.5 0.5 0.5 0.5 0.5 0.5 0.5 0.5 
0.5 0.5 0.5 0.5 0.5 0.5 0.5 0.5 0.5 
0.5 0.5 0.5 0.5 0.5 0.5 0.5 0.5 0.5 
0.5 0.5 0.5 0.5 0.5 0.5 0.5 0.5 0.5 
0.5 0.5 0.5 0.5 0.5 0.5 0.5 0.5 0.5 
0.5 0.5 0.5 0.5 0.5 0.5 0.5 0.5 0.5 
0.5 0.5 0.5 0.5 0.5 0.5 0.5 0.5 0.5 
0.5 0.5 
omega 3 1190 double
0 0 0 0 0 0 0 0 0 
0 0 0 0 0 0 0 0 0 
0 0 0 0 0 0 0 0 0 
0 0 0 0 0 0 0 0 0 
0 0 0 0 0 0 0 0 0 
0 0 0 0 0 0 0 0 0 
0 0 0 0 0 0 0 0 0 
0 0 0 0 0 0 0 0 0 
0 0 0 0 0 0 0 0 0 
0 0 0 0 0 0 0 0 0 
0 0 0 0 0 0 0 0 0 
0 0 0 0 0 0 0 0 0 
0 0 0 0 0 0 0 0 0 
0 0 0 0 0 0 0 0 0 
0 0 0 0 0 0 0 0 0 
0 0 0 0 0 0 0 0 0 
0 0 0 0 0 0 0 0 0 
0 0 0 0 0 0 0 0 0 
0 0 0 0 0 0 0 0 0 
0 0 0 0 0 0 0 0 0 
0 0 0 0 0 0 0 0 0 
0 0 0 0 0 0 0 0 0 
0 0 0 0 0 0 0 0 0 
0 0 0 0 0 0 0 0 0 
0 0 0 0 0 0 0 0 0 
0 0 0 0 0 0 0 0 0 
0 0 0 0 0 0 0 0 0 
0 0 0 0 0 0 0 0 0 
0 0 0 0 0 0 0 0 0 
0 0 0 0 0 0 0 0 0 
0 0 0 0 0 0 0 0 0 
0 0 0 0 0 0 0 0 0 
0 0 0 0 0 0 0 0 0 
0 0 0 0 0 0 0 0 0 
0 0 0 0 0 0 0 0 0 
0 0 0 0 0 0 0 0 0 
0 0 0 0 0 0 0 0 0 
0 0 0 0 0 0 0 0 0 
0 0 0 0 0 0 0 0 0 
0 0 0 0 0 0 0 0 0 
0 0 0 0 0 0 0 0 0 
0 0 0 0 0 0 0 0 0 
0 0 0 0 0 0 0 0 0 
0 0 0 0 0 0 0 0 0 
0 0 0 0 0 0 0 0 0 
0 0 0 0 0 0 0 0 0 
0 0 0 0 0 0 0 0 0 
0 0 0 0 0 0 0 0 0 
0 0 0 0 0 0 0 0 0 
0 0 0 0 0 0 0 0 0 
0 0 0 0 0 0 0 0 0 
0 0 0 0 0 0 0 0 0 
0 0 0 0 0 0 0 0 0 
0 0 0 0 0 0 0 0 0 
0 0 0 0 0 0 0 0 0 
0 0 0 0 0 0 0 0 0 
0 0 0 0 0 0 0 0 0 
0 0 0 0 0 0 0 0 0 
0 0 0 0 0 0 0 0 0 
0 0 0 0 0 0 0 0 0 
0 0 0 0 0 0 0 0 0 
0 0 0 0 0 0 0 0 0 
0 0 0 0 0 0 0 0 0 
0 0 0 0 0 0 0 0 0 
0 0 0 0 0 0 0 0 0 
0 0 0 0 0 0 0 0 0 
0 0 0 0 0 0 0 0 0 
0 0 0 0 0 0 0 0 0 
0 0 0 0 0 0 0 0 0 
0 0 0 0 0 0 0 0 0 
0 0 0 0 0 0 0 0 0 
0 0 0 0 0 0 0 0 0 
0 0 0 0 0 0 0 0 0 
0 0 0 0 0 0 0 0 0 
0 0 0 0 0 0 0 0 0 
0 0 0 0 0 0 0 0 0 
0 0 0 0 0 0 0 0 0 
0 0 0 0 0 0 0 0 0 
0 0 0 0 0 0 0 0 0 
0 0 0 0 0 0 0 0 0 
0 0 0 0 0 0 0 0 0 
0 0 0 0 0 0 0 0 0 
0 0 0 0 0 0 0 0 0 
0 0 0 0 0 0 0 0 0 
0 0 0 0 0 0 0 0 0 
0 0 0 0 0 0 0 0 0 
0 0 0 0 0 0 0 0 0 
0 0 0 0 0 0 0 0 0 
0 0 0 0 0 0 0 0 0 
0 0 0 0 0 0 0 0 0 
0 0 0 0 0 0 0 0 0 
0 0 0 0 0 0 0 0 0 
0 0 0 0 0 0 0 0 0 
0 0 0 0 0 0 0 0 0 
0 0 0 0 0 0 0 0 0 
0 0 0 0 0 0 0 0 0 
0 0 0 0 0 0 0 0 0 
0 0 0 0 0 0 0 0 0 
0 0 0 0 0 0 0 0 0 
0 0 0 0 0 0 0 0 0 
0 0 0 0 0 0 0 0 0 
0 0 0 0 0 0 0 0 0 
0 0 0 0 0 0 0 0 0 
0 0 0 0 0 0 0 0 0 
0 0 0 0 0 0 0 0 0 
0 0 0 0 0 0 0 0 0 
0 0 0 0 0 0 0 0 0 
0 0 0 0 0 0 0 0 0 
0 0 0 0 0 0 0 0 0 
0 0 0 0 0 0 0 0 0 
0 0 0 0 0 0 0 0 0 
0 0 0 0 0 0 0 0 0 
0 0 0 0 0 0 0 0 0 
0 0 0 0 0 0 0 0 0 
0 0 0 0 0 0 0 0 0 
0 0 0 0 0 0 0 0 0 
0 0 0 0 0 0 0 0 0 
0 0 0 0 0 0 0 0 0 
0 0 0 0 0 0 0 0 0 
0 0 0 0 0 0 0 0 0 
0 0 0 0 0 0 0 0 0 
0 0 0 0 0 0 0 0 0 
0 0 0 0 0 0 0 0 0 
0 0 0 0 0 0 0 0 0 
0 0 0 0 0 0 0 0 0 
0 0 0 0 0 0 0 0 0 
0 0 0 0 0 0 0 0 0 
0 0 0 0 0 0 0 0 0 
0 0 0 0 0 0 0 0 0 
0 0 0 0 0 0 0 0 0 
0 0 0 0 0 0 0 0 0 
0 0 0 0 0 0 0 0 0 
0 0 0 0 0 0 0 0 0 
0 0 0 0 0 0 0 0 0 
0 0 0 0 0 0 0 0 0 
0 0 0 0 0 0 0 0 0 
0 0 0 0 0 0 0 0 0 
0 0 0 0 0 0 0 0 0 
0 0 0 0 0 0 0 0 0 
0 0 0 0 0 0 0 0 0 
0 0 0 0 0 0 0 0 0 
0 0 0 0 0 0 0 0 0 
0 0 0 0 0 0 0 0 0 
0 0 0 0 0 0 0 0 0 
0 0 0 0 0 0 0 0 0 
0 0 0 0 0 0 0 0 0 
0 0 0 0 0 0 0 0 0 
0 0 0 0 0 0 0 0 0 
0 0 0 0 0 0 0 0 0 
0 0 0 0 0 0 0 0 0 
0 0 0 0 0 0 0 0 0 
0 0 0 0 0 0 0 0 0 
0 0 0 0 0 0 0 0 0 
0 0 0 0 0 0 0 0 0 
0 0 0 0 0 0 0 0 0 
0 0 0 0 0 0 0 0 0 
0 0 0 0 0 0 0 0 0 
0 0 0 0 0 0 0 0 0 
0 0 0 0 0 0 0 0 0 
0 0 0 0 0 0 0 0 0 
0 0 0 0 0 0 0 0 0 
0 0 0 0 0 0 0 0 0 
0 0 0 0 0 0 0 0 0 
0 0 0 0 0 0 0 0 0 
0 0 0 0 0 0 0 0 0 
0 0 0 0 0 0 0 0 0 
0 0 0 0 0 0 0 0 0 
0 0 0 0 0 0 0 0 0 
0 0 0 0 0 0 0 0 0 
0 0 0 0 0 0 0 0 0 
0 0 0 0 0 0 0 0 0 
0 0 0 0 0 0 0 0 0 
0 0 0 0 0 0 0 0 0 
0 0 0 0 0 0 0 0 0 
0 0 0 0 0 0 0 0 0 
0 0 0 0 0 0 0 0 0 
0 0 0 0 0 0 0 0 0 
0 0 0 0 0 0 0 0 0 
0 0 0 0 0 0 0 0 0 
0 0 0 0 0 0 0 0 0 
0 0 0 0 0 0 0 0 0 
0 0 0 0 0 0 0 0 0 
0 0 0 0 0 0 0 0 0 
0 0 0 0 0 0 0 0 0 
0 0 0 0 0 0 0 0 0 
0 0 0 0 0 0 0 0 0 
0 0 0 0 0 0 0 0 0 
0 0 0 0 0 0 0 0 0 
0 0 0 0 0 0 0 0 0 
0 0 0 0 0 0 0 0 0 
0 0 0 0 0 0 0 0 0 
0 0 0 0 0 0 0 0 0 
0 0 0 0 0 0 0 0 0 
0 0 0 0 0 0 0 0 0 
0 0 0 0 0 0 0 0 0 
0 0 0 0 0 0 0 0 0 
0 0 0 0 0 0 0 0 0 
0 0 0 0 0 0 0 0 0 
0 0 0 0 0 0 0 0 0 
0 0 0 0 0 0 0 0 0 
0 0 0 0 0 0 0 0 0 
0 0 0 0 0 0 0 0 0 
0 0 0 0 0 0 0 0 0 
0 0 0 0 0 0 0 0 0 
0 0 0 0 0 0 0 0 0 
0 0 0 0 0 0 0 0 0 
0 0 0 0 0 0 0 0 0 
0 0 0 0 0 0 0 0 0 
0 0 0 0 0 0 0 0 0 
0 0 0 0 0 0 0 0 0 
0 0 0 0 0 0 0 0 0 
0 0 0 0 0 0 0 0 0 
0 0 0 0 0 0 0 0 0 
0 0 0 0 0 0 0 0 0 
0 0 0 0 0 0 0 0 0 
0 0 0 0 0 0 0 0 0 
0 0 0 0 0 0 0 0 0 
0 0 0 0 0 0 0 0 0 
0 0 0 0 0 0 0 0 0 
0 0 0 0 0 0 0 0 0 
0 0 0 0 0 0 0 0 0 
0 0 0 0 0 0 0 0 0 
0 0 0 0 0 0 0 0 0 
0 0 0 0 0 0 0 0 0 
0 0 0 0 0 0 0 0 0 
0 0 0 0 0 0 0 0 0 
0 0 0 0 0 0 0 0 0 
0 0 0 0 0 0 0 0 0 
0 0 0 0 0 0 0 0 0 
0 0 0 0 0 0 0 0 0 
0 0 0 0 0 0 0 0 0 
0 0 0 0 0 0 0 0 0 
0 0 0 0 0 0 0 0 0 
0 0 0 0 0 0 0 0 0 
0 0 0 0 0 0 0 0 0 
0 0 0 0 0 0 0 0 0 
0 0 0 0 0 0 0 0 0 
0 0 0 0 0 0 0 0 0 
0 0 0 0 0 0 0 0 0 
0 0 0 0 0 0 0 0 0 
0 0 0 0 0 0 0 0 0 
0 0 0 0 0 0 0 0 0 
0 0 0 0 0 0 0 0 0 
0 0 0 0 0 0 0 0 0 
0 0 0 0 0 0 0 0 0 
0 0 0 0 0 0 0 0 0 
0 0 0 0 0 0 0 0 0 
0 0 0 0 0 0 0 0 0 
0 0 0 0 0 0 0 0 0 
0 0 0 0 0 0 0 0 0 
0 0 0 0 0 0 0 0 0 
0 0 0 0 0 0 0 0 0 
0 0 0 0 0 0 0 0 0 
0 0 0 0 0 0 0 0 0 
0 0 0 0 0 0 0 0 0 
0 0 0 0 0 0 0 0 0 
0 0 0 0 0 0 0 0 0 
0 0 0 0 0 0 0 0 0 
0 0 0 0 0 0 0 0 0 
0 0 0 0 0 0 0 0 0 
0 0 0 0 0 0 0 0 0 
0 0 0 0 0 0 0 0 0 
0 0 0 0 0 0 0 0 0 
0 0 0 0 0 0 0 0 0 
0 0 0 0 0 0 0 0 0 
0 0 0 0 0 0 0 0 0 
0 0 0 0 0 0 0 0 0 
0 0 0 0 0 0 0 0 0 
0 0 0 0 0 0 0 0 0 
0 0 0 0 0 0 0 0 0 
0 0 0 0 0 0 0 0 0 
0 0 0 0 0 0 0 0 0 
0 0 0 0 0 0 0 0 0 
0 0 0 0 0 0 0 0 0 
0 0 0 0 0 0 0 0 0 
0 0 0 0 0 0 0 0 0 
0 0 0 0 0 0 0 0 0 
0 0 0 0 0 0 0 0 0 
0 0 0 0 0 0 0 0 0 
0 0 0 0 0 0 0 0 0 
0 0 0 0 0 0 0 0 0 
0 0 0 0 0 0 0 0 0 
0 0 0 0 0 0 0 0 0 
0 0 0 0 0 0 0 0 0 
0 0 0 0 0 0 0 0 0 
0 0 0 0 0 0 0 0 0 
0 0 0 0 0 0 0 0 0 
0 0 0 0 0 0 0 0 0 
0 0 0 0 0 0 0 0 0 
0 0 0 0 0 0 0 0 0 
0 0 0 0 0 0 0 0 0 
0 0 0 0 0 0 0 0 0 
0 0 0 0 0 0 0 0 0 
0 0 0 0 0 0 0 0 0 
0 0 0 0 0 0 0 0 0 
0 0 0 0 0 0 0 0 0 
0 0 0 0 0 0 0 0 0 
0 0 0 0 0 0 0 0 0 
0 0 0 0 0 0 0 0 0 
0 0 0 0 0 0 0 0 0 
0 0 0 0 0 0 0 0 0 
0 0 0 0 0 0 0 0 0 
0 0 0 0 0 0 0 0 0 
0 0 0 0 0 0 0 0 0 
0 0 0 0 0 0 0 0 0 
0 0 0 0 0 0 0 0 0 
0 0 0 0 0 0 0 0 0 
0 0 0 0 0 0 0 0 0 
0 0 0 0 0 0 0 0 0 
0 0 0 0 0 0 0 0 0 
0 0 0 0 0 0 0 0 0 
0 0 0 0 0 0 0 0 0 
0 0 0 0 0 0 0 0 0 
0 0 0 0 0 0 0 0 0 
0 0 0 0 0 0 0 0 0 
0 0 0 0 0 0 0 0 0 
0 0 0 0 0 0 0 0 0 
0 0 0 0 0 0 0 0 0 
0 0 0 0 0 0 0 0 0 
0 0 0 0 0 0 0 0 0 
0 0 0 0 0 0 0 0 0 
0 0 0 0 0 0 0 0 0 
0 0 0 0 0 0 0 0 0 
0 0 0 0 0 0 0 0 0 
0 0 0 0 0 0 0 0 0 
0 0 0 0 0 0 0 0 0 
0 0 0 0 0 0 0 0 0 
0 0 0 0 0 0 0 0 0 
0 0 0 0 0 0 0 0 0 
0 0 0 0 0 0 0 0 0 
0 0 0 0 0 0 0 0 0 
0 0 0 0 0 0 0 0 0 
0 0 0 0 0 0 0 0 0 
0 0 0 0 0 0 0 0 0 
0 0 0 0 0 0 0 0 0 
0 0 0 0 0 0 0 0 0 
0 0 0 0 0 0 0 0 0 
0 0 0 0 0 0 0 0 0 
0 0 0 0 0 0 0 0 0 
0 0 0 0 0 0 0 0 0 
0 0 0 0 0 0 0 0 0 
0 0 0 0 0 0 0 0 0 
0 0 0 0 0 0 0 0 0 
0 0 0 0 0 0 0 0 0 
0 0 0 0 0 0 0 0 0 
0 0 0 0 0 0 0 0 0 
0 0 0 0 0 0 0 0 0 
0 0 0 0 0 0 0 0 0 
0 0 0 0 0 0 0 0 0 
0 0 0 0 0 0 0 0 0 
0 0 0 0 0 0 0 0 0 
0 0 0 0 0 0 0 0 0 
0 0 0 0 0 0 0 0 0 
0 0 0 0 0 0 0 0 0 
0 0 0 0 0 0 0 0 0 
0 0 0 0 0 0 0 0 0 
0 0 0 0 0 0 0 0 0 
0 0 0 0 0 0 0 0 0 
0 0 0 0 0 0 0 0 0 
0 0 0 0 0 0 0 0 0 
0 0 0 0 0 0 0 0 0 
0 0 0 0 0 0 0 0 0 
0 0 0 0 0 0 0 0 0 
0 0 0 0 0 0 0 0 0 
0 0 0 0 0 0 0 0 0 
0 0 0 0 0 0 0 0 0 
0 0 0 0 0 0 0 0 0 
0 0 0 0 0 0 0 0 0 
0 0 0 0 0 0 0 0 0 
0 0 0 0 0 0 0 0 0 
0 0 0 0 0 0 0 0 0 
0 0 0 0 0 0 0 0 0 
0 0 0 0 0 0 0 0 0 
0 0 0 0 0 0 0 0 0 
0 0 0 0 0 0 0 0 0 
0 0 0 0 0 0 0 0 0 
0 0 0 0 0 0 0 0 0 
0 0 0 0 0 0 0 0 0 
0 0 0 0 0 0 0 0 0 
0 0 0 0 0 0 0 0 0 
0 0 0 0 0 0 0 0 0 
0 0 0 0 0 0 0 0 0 
0 0 0 0 0 0 0 0 0 
0 0 0 0 0 0 0 0 0 
0 0 0 0 0 0 0 0 0 
0 0 0 0 0 0 0 0 0 
0 0 0 0 0 0 0 0 0 
0 0 0 0 0 0 0 0 0 
0 0 0 0 0 0 0 0 0 
0 0 0 0 0 0 0 0 0 
0 0 0 0 0 0 0 0 0 
0 0 0 0 0 0 0 0 0 
0 0 0 0 0 0 0 0 0 
0 0 0 0 0 0 0 0 0 
0 0 0 0 0 0 0 0 0 
0 0 0 0 0 0 0 0 0 
0 0 0 0 0 0 
fx_mag_viz 1 1190 double
0 0 0 0 0 0 0 0 0 
0 0 0 0 0 0 0 0 -0 
-0 -0 -0 -0 -0 -0 -0 -0 -0 
-0 -0 -0 -0 0 0 0 0 0 
0 0 0 0 0 0 0 0 0 
0 0 0 0 0 0 -0 -0 -0 
-0 -0 -0 -0 -0 -0 -0 -0 -0 
-0 -0 0 0 0 0 0 0 0 
0 0 0 0 0 0 0 0 0 
0 0 0 0 -0 -0 -0 -0 -0 
-0 -0 -0 -0 -0 -0 -0 -0 -0 
0 0 0 0 0 0 0 0 0 
0 0 0 0 0 0 0 0 0 
0 0 -0 -0 -0 -0 -0 -0 -0 
-0 -0 -0 -0 -0 -0 -0 -0 0 
0 0 0 0 0 0 0 0 0 
0 0 0 0 0 0 0 0 0 
-0 -0 -0 -0 -0 -0 -0 -0 -0 
-0 -0 -0 -0 -0 -0 0 0 0 
0 0 0 0 0 0 0 0 0 
0 0 0 0 0 0 0 -0 -0 
-0 -0 -0 -0 -0 -0 -0 -0 -0 
-0 -0 -0 -0 0 0 0 0 0 
0 0 0 0 0 0 0 0 0 
0 0 0 0 0 -0 -0 -0 -0 
-0 -0 -0 -0 -0 -0 -0 -0 -0 
-0 -0 -0 0 0 0 0 0 0 
0 0 0 0 0 0 0 0 0 
0 0 0 0 0 0 0 0 0 
0 0 0 0 0 0 0 0 0 
0 0 0 0 0 0 0 0 0 
0 0 0 0 0 0 0 0 0 
0 0 0 0 0 0 0 0 0 
0 0 0 0 0 0 0 0 0 
0 0 0 0 0 0 0 0 0 
0 0 0 0 0 0 0 0 0 
0 0 0 0 0 0 0 0 0 
0 0 0 0 0 0 0 0 0 
0 0 0 0 0 0 0 0 0 
0 0 0 0 0 0 0 0 0 
0 0 0 0 0 0 0 0 0 
0 0 0 0 0 0 0 0 0 
0 0 0 0 0 0 0 0 0 
0 0 0 0 0 0 0 0 0 
0 0 0 0 0 0 0 0 0 
0 0 0 -0 -0 -0 -0 -0 -0 
-0 -0 -0 0 0 0 0 0 0 
0 0 0 0 0 0 0 0 0 
0 0 0 0 0 0 0 0 0 
0 -0 -0 -0 -0 -0 -0 -0 -0 
0 0 0 0 0 0 0 0 0 
0 0 0 0 0 0 0 0 0 
0 0 0 0 0 0 0 0 -0 
-0 -0 -0 -0 -0 -0 0 0 0 
0 0 0 0 0 0 0 0 0 
0 0 0 0 0 0 0 0 0 
0 0 0 0 0 0 -0 -0 -0 
-0 -0 -0 -0 0 0 0 0 0 
0 0 0 0 0 0 0 0 0 
0 0 0 0 0 0 0 0 0 
0 0 0 0 -0 -0 -0 -0 -0 
-0 0 0 0 0 0 0 0 0 
0 0 0 0 0 0 0 0 0 
0 0 0 0 0 0 0 0 0 
0 0 -0 -0 -0 -0 -0 0 0 
0 0 0 0 0 0 0 0 0 
0 0 0 0 0 0 0 0 0 
0 0 0 0 0 0 0 0 0 
-0 -0 -0 -0 0 0 0 0 0 
0 0 0 0 0 0 0 0 0 
0 0 0 0 0 0 0 0 0 
0 0 0 0 0 0 0 -0 -0 
-0 -0 -0 0 0 0 0 0 0 
0 0 0 0 0 0 0 0 0 
0 0 0 0 0 0 0 0 0 
0 0 0 0 -0 -0 -0 -0 -0 
-0 0 0 0 0 0 0 0 0 
0 0 0 0 0 0 0 0 0 
0 0 0 0 0 0 0 0 0 
0 0 -0 -0 -0 -0 -0 -0 0 
0 0 0 0 0 0 0 0 0 
0 0 0 0 0 0 0 0 0 
0 0 0 0 0 0 0 0 0 
-0 -0 -0 -0 -0 0 0 0 0 
0 0 0 0 0 0 0 0 0 
0 0 0 0 0 0 0 0 0 
0 0 0 0 0 0 0 -0 -0 
-0 -0 -0 0 0 0 0 0 0 
0 0 0 0 0 0 0 0 0 
0 0 0 0 0 0 0 0 0 
0 0 0 0 0 0 -0 -0 -0 
0 0 0 0 0 0 0 0 0 
0 0 0 0 0 0 0 0 0 
0 0 0 0 0 0 0 0 0 
0 0 0 0 -0 -0 0 0 0 
0 0 0 0 0 0 0 0 0 
0 0 0 0 0 0 0 0 0 
0 0 0 0 0 0 0 0 0 
0 0 0 0 -0 -0 -0 0 0 
0 0 0 0 0 0 0 0 0 
0 0 0 0 0 0 0 0 0 
0 0 0 0 0 0 0 0 0 
0 0 -0 -0 -0 -0 0 0 0 
0 0 0 0 0 0 0 0 0 
0 0 0 0 0 0 0 0 0 
0 0 0 0 0 0 0 0 0 
-0 -0 -0 -0 0 0 0 0 0 
0 0 0 0 0 0 0 0 0 
0 0 0 0 0 0 0 0 0 
0 0 0 0 0 0 0 -0 -0 
-0 -0 -0 0 0 0 0 0 0 
0 0 0 0 0 0 0 0 0 
0 0 0 0 0 0 0 0 0 
0 0 0 0 0 -0 -0 -0 -0 
0 0 0 0 0 0 0 0 0 
0 0 0 0 0 0 0 0 0 
0 0 0 0 0 0 0 0 0 
0 0 0 -0 -0 -0 -0 0 0 
0 0 0 0 0 0 0 0 0 
0 0 0 0 0 0 0 0 0 
0 0 0 0 0 0 0 0 0 
0 -0 -0 -0 0 0 0 0 0 
0 0 0 0 0 0 0 0 0 
0 0 0 0 0 0 0 0 0 
0 0 0 0 0 0 0 0 -0 
-0 0 0 0 0 0 0 0 0 
0 0 0 0 0 0 0 0 0 
0 0 0 0 0 0 0 0 0 
0 0 0 0 0 0 0 0 0 
0 0 0 0 0 0 0 0 0 
0 0 0 0 0 0 0 0 0 
0 0 0 0 0 0 0 0 0 
-0 -0 
fy_mag_viz 1 1190 double
0 0 0 0 -0 -0 -0 -0 -0 
-0 -0 -0 -0 -0 -0 -0 -0 0 
0 0 0 0 0 0 0 0 0 
0 0 0 0 -0 -0 -0 0 0 
0 0 -0 -0 -0 -0 -0 -0 -0 
-0 -0 -0 -0 -0 -0 0 0 0 
0 0 0 0 0 0 0 0 0 
0 0 -0 -0 -0 0 0 0 0 
-0 -0 -0 -0 -0 -0 -0 -0 -0 
-0 -0 -0 -0 0 0 0 0 0 
0 0 0 0 0 0 0 0 0 
-0 -0 -0 0 0 0 0 -0 -0 
-0 -0 -0 -0 -0 -0 -0 -0 -0 
-0 -0 0 0 0 0 0 0 0 
0 0 0 0 0 0 0 -0 -0 
-0 0 0 0 0 -0 -0 -0 -0 
-0 -0 -0 -0 -0 -0 -0 -0 -0 
0 0 0 0 0 0 0 0 0 
0 0 0 0 0 0 -0 -0 0 
0 0 0 -0 -0 -0 -0 -0 -0 
-0 -0 -0 -0 -0 -0 -0 0 0 
0 0 0 0 0 0 0 0 0 
0 0 0 0 -0 -0 0 0 0 
0 0 -0 -0 -0 -0 -0 -0 -0 
-0 -0 -0 -0 -0 0 0 0 0 
0 0 0 0 0 0 0 0 0 
0 0 0 -0 0 0 0 0 0 
0 -0 -0 -0 -0 -0 -0 -0 -0 
-0 -0 -0 0 0 0 0 0 0 
0 0 0 0 0 0 0 0 0 
0 0 0 0 0 0 0 0 0 
-0 -0 -0 -0 -0 -0 -0 -0 -0 
0 0 0 0 0 0 0 0 0 
0 0 0 0 0 0 0 0 0 
0 0 0 0 0 0 0 0 0 
-0 -0 -0 -0 -0 -0 -0 0 0 
0 0 0 0 0 0 0 0 0 
0 0 0 0 0 0 0 0 0 
0 0 0 0 0 0 0 0 0 
-0 -0 -0 -0 -0 0 0 0 0 
0 0 0 0 0 0 0 0 0 
0 0 0 0 0 0 0 0 0 
0 0 0 0 0 0 -0 -0 -0 
-0 -0 -0 0 0 0 0 0 0 
0 0 0 0 0 0 0 0 0 
0 0 0 0 0 0 0 0 0 
0 0 -0 -0 -0 -0 -0 -0 -0 
-0 0 0 0 0 0 0 0 0 
0 0 0 0 0 0 0 0 0 
0 0 0 0 0 0 0 0 -0 
-0 -0 -0 -0 -0 -0 -0 -0 -0 
0 0 0 0 0 0 0 0 0 
0 0 0 0 0 0 0 -0 0 
0 0 0 0 0 -0 -0 -0 -0 
-0 -0 -0 -0 -0 -0 -0 0 0 
0 0 0 0 0 0 0 0 0 
0 0 0 0 0 -0 0 0 0 
0 0 -0 -0 -0 -0 -0 -0 -0 
-0 -0 -0 -0 -0 0 0 0 0 
0 0 0 0 0 0 0 0 0 
0 0 -0 -0 0 0 0 0 -0 
-0 -0 -0 -0 -0 -0 -0 -0 -0 
-0 -0 -0 0 0 0 0 0 0 
0 0 0 0 0 0 0 0 0 
-0 -0 0 0 0 -0 -0 -0 -0 
-0 -0 -0 -0 -0 -0 -0 -0 -0 
-0 0 0 0 0 0 0 0 0 
0 0 0 0 0 0 -0 -0 -0 
0 0 0 -0 -0 -0 -0 -0 -0 
-0 -0 -0 -0 -0 -0 -0 -0 0 
0 0 0 0 0 0 0 0 0 
0 0 0 0 -0 -0 -0 0 0 
-0 -0 -0 0 0 0 0 0 0 
0 0 0 0 0 0 0 0 -0 
-0 -0 -0 -0 -0 -0 -0 -0 -0 
-0 -0 -0 0 0 0 0 -0 -0 
-0 0 0 0 0 0 0 0 0 
0 0 0 0 0 0 -0 -0 -0 
-0 -0 -0 -0 -0 -0 -0 -0 -0 
-0 0 0 0 0 -0 -0 -0 0 
0 0 0 0 0 0 0 0 0 
0 0 0 0 -0 -0 -0 -0 -0 
-0 -0 -0 -0 -0 -0 -0 -0 -0 
0 0 0 -0 -0 0 0 0 0 
0 0 0 0 0 0 0 0 0 
0 0 -0 -0 -0 -0 -0 -0 -0 
-0 -0 -0 -0 -0 -0 -0 0 0 
0 -0 -0 0 0 0 0 0 0 
0 0 0 0 0 0 0 0 0 
-0 -0 -0 -0 -0 -0 -0 -0 -0 
-0 -0 -0 -0 -0 0 0 0 -0 
-0 -0 0 0 0 0 0 0 0 
0 0 0 0 0 0 0 -0 -0 
-0 -0 -0 -0 -0 -0 -0 -0 -0 
-0 -0 -0 0 0 0 -0 -0 -0 
0 0 0 0 0 0 0 0 0 
0 0 0 0 0 -0 -0 -0 -0 
-0 -0 -0 -0 -0 -0 -0 -0 -0 
0 0 0 0 -0 -0 -0 0 0 
0 0 0 0 0 0 0 0 0 
0 0 0 -0 -0 -0 -0 -0 -0 
-0 -0 -0 -0 -0 -0 -0 -0 0 
0 0 -0 -0 0 0 0 0 0 
0 0 0 0 0 0 0 0 0 
0 -0 -0 -0 -0 -0 -0 -0 -0 
-0 -0 -0 -0 -0 -0 0 0 0 
-0 -0 -0 0 0 0 0 0 0 
0 0 0 0 0 0 0 0 -0 
-0 -0 -0 -0 -0 -0 -0 -0 -0 
-0 -0 -0 -0 0 0 0 -0 -0 
-0 0 0 0 0 0 0 0 0 
0 0 0 0 0 0 -0 -0 -0 
-0 -0 -0 -0 -0 -0 -0 -0 -0 
-0 0 0 0 0 -0 -0 -0 0 
0 0 0 0 0 0 0 0 0 
0 0 0 0 -0 -0 -0 -0 -0 
-0 -0 -0 -0 -0 -0 -0 -0 0 
0 0 0 -0 -0 -0 0 0 0 
0 0 0 0 0 0 0 0 0 
0 0 -0 -0 -0 -0 -0 -0 -0 
-0 -0 -0 -0 -0 -0 0 0 0 
0 -0 -0 -0 0 0 0 0 0 
0 0 0 0 0 0 0 0 0 
-0 -0 -0 -0 -0 -0 -0 -0 -0 
-0 -0 -0 -0 0 0 0 0 -0 
-0 -0 0 0 0 0 0 0 0 
0 0 0 0 0 0 0 -0 -0 
-0 -0 -0 -0 -0 -0 -0 -0 -0 
-0 -0 0 0 0 0 -0 -0 -0 
0 0 0 0 0 0 0 0 0 
0 0 0 0 0 -0 -0 -0 -0 
-0 -0 -0 -0 -0 -0 -0 -0 -0 
-0 0 
fz_mag_viz 1 1190 double
0 0 0 0 0 0 0 0 0 
0 0 0 0 0 0 0 0 0 
0 0 0 0 0 0 0 0 0 
0 0 0 0 0 0 0 0 0 
0 0 0 0 0 0 0 0 0 
0 0 0 0 0 0 0 0 0 
0 0 0 0 0 0 0 0 0 
0 0 0 0 0 0 0 0 0 
0 0 0 0 0 0 0 0 0 
0 0 0 0 0 0 0 0 0 
0 0 0 0 0 0 0 0 0 
0 0 0 0 0 0 0 0 0 
0 0 0 0 0 0 0 0 0 
0 0 0 0 0 0 0 0 0 
0 0 0 0 0 0 0 0 0 
0 0 0 0 0 0 0 0 0 
0 0 0 0 0 0 0 0 0 
0 0 0 0 0 0 0 0 0 
0 0 0 0 0 0 0 0 0 
0 0 0 0 0 0 0 0 0 
0 0 0 0 0 0 0 0 0 
0 0 0 0 0 0 0 0 0 
0 0 0 0 0 0 0 0 0 
0 0 0 0 0 0 0 0 0 
0 0 0 0 0 0 0 0 0 
0 0 0 0 0 0 0 0 0 
0 0 0 0 0 0 0 0 0 
0 0 0 0 0 0 0 0 0 
0 0 0 0 0 0 0 0 0 
0 0 0 0 0 0 0 0 0 
0 0 0 0 0 0 0 0 0 
0 0 0 0 0 0 0 0 0 
0 0 0 0 0 0 0 0 0 
0 0 0 0 0 0 0 0 0 
0 0 0 0 0 0 0 0 0 
0 0 0 0 0 0 0 0 0 
0 0 0 0 0 0 0 0 0 
0 0 0 0 0 0 0 0 0 
0 0 0 0 0 0 0 0 0 
0 0 0 0 0 0 0 0 0 
0 0 0 0 0 0 0 0 0 
0 0 0 0 0 0 0 0 0 
0 0 0 0 0 0 0 0 0 
0 0 0 0 0 0 0 0 0 
0 0 0 0 0 0 0 0 0 
0 0 0 0 0 0 0 0 0 
0 0 0 0 0 0 0 0 0 
0 0 0 0 0 0 0 0 0 
0 0 0 0 0 0 0 0 0 
0 0 0 0 0 0 0 0 0 
0 0 0 0 0 0 0 0 0 
0 0 0 0 0 0 0 0 0 
0 0 0 0 0 0 0 0 0 
0 0 0 0 0 0 0 0 0 
0 0 0 0 0 0 0 0 0 
0 0 0 0 0 0 0 0 0 
0 0 0 0 0 0 0 0 0 
0 0 0 0 0 0 0 0 0 
0 0 0 0 0 0 0 0 0 
0 0 0 0 0 0 0 0 0 
0 0 0 0 0 0 0 0 0 
0 0 0 0 0 0 0 0 0 
0 0 0 0 0 0 0 0 0 
0 0 0 0 0 0 0 0 0 
0 0 0 0 0 0 0 0 0 
0 0 0 0 0 0 0 0 0 
0 0 0 0 0 0 0 0 0 
0 0 0 0 0 0 0 0 0 
0 0 0 0 0 0 0 0 0 
0 0 0 0 0 0 0 0 0 
0 0 0 0 0 0 0 0 0 
0 0 0 0 0 0 0 0 0 
0 0 0 0 0 0 0 0 0 
0 0 0 0 0 0 0 0 0 
0 0 0 0 0 0 0 0 0 
0 0 0 0 0 0 0 0 0 
0 0 0 0 0 0 0 0 0 
0 0 0 0 0 0 0 0 0 
0 0 0 0 0 0 0 0 0 
0 0 0 0 0 0 0 0 0 
0 0 0 0 0 0 0 0 0 
0 0 0 0 0 0 0 0 0 
0 0 0 0 0 0 0 0 0 
0 0 0 0 0 0 0 0 0 
0 0 0 0 0 0 0 0 0 
0 0 0 0 0 0 0 0 0 
0 0 0 0 0 0 0 0 0 
0 0 0 0 0 0 0 0 0 
0 0 0 0 0 0 0 0 0 
0 0 0 0 0 0 0 0 0 
0 0 0 0 0 0 0 0 0 
0 0 0 0 0 0 0 0 0 
0 0 0 0 0 0 0 0 0 
0 0 0 0 0 0 0 0 0 
0 0 0 0 0 0 0 0 0 
0 0 0 0 0 0 0 0 0 
0 0 0 0 0 0 0 0 0 
0 0 0 0 0 0 0 0 0 
0 0 0 0 0 0 0 0 0 
0 0 0 0 0 0 0 0 0 
0 0 0 0 0 0 0 0 0 
0 0 0 0 0 0 0 0 0 
0 0 0 0 0 0 0 0 0 
0 0 0 0 0 0 0 0 0 
0 0 0 0 0 0 0 0 0 
0 0 0 0 0 0 0 0 0 
0 0 0 0 0 0 0 0 0 
0 0 0 0 0 0 0 0 0 
0 0 0 0 0 0 0 0 0 
0 0 0 0 0 0 0 0 0 
0 0 0 0 0 0 0 0 0 
0 0 0 0 0 0 0 0 0 
0 0 0 0 0 0 0 0 0 
0 0 0 0 0 0 0 0 0 
0 0 0 0 0 0 0 0 0 
0 0 0 0 0 0 0 0 0 
0 0 0 0 0 0 0 0 0 
0 0 0 0 0 0 0 0 0 
0 0 0 0 0 0 0 0 0 
0 0 0 0 0 0 0 0 0 
0 0 0 0 0 0 0 0 0 
0 0 0 0 0 0 0 0 0 
0 0 0 0 0 0 0 0 0 
0 0 0 0 0 0 0 0 0 
0 0 0 0 0 0 0 0 0 
0 0 0 0 0 0 0 0 0 
0 0 0 0 0 0 0 0 0 
0 0 0 0 0 0 0 0 0 
0 0 0 0 0 0 0 0 0 
0 0 0 0 0 0 0 0 0 
0 0 0 0 0 0 0 0 0 
0 0 0 0 0 0 0 0 0 
0 0 
B_magnitude 1 1190 double
5348.4721894 8021.1943269 6649.1716779 3069.7240814 982.02035265 533.94198764 248.41610389 65.139752386 9.4443714007 
0.75671992372 0.03350629887 0.0008198733443 1.1086541604e-05 8.284655055e-08 3.421226169e-10 7.8076107842e-13 9.8465875271e-16 4.4301584599e-15 
3.4564414684e-12 1.4902810315e-09 3.550881308e-07 4.6755548168e-05 0.0034021947152 0.13680885036 3.0401725713 37.334582134 253.36893956 
950.22108886 1969.3930429 2257.0916792 1463.8318068 855.94708153 830.99454301 541.6215834 8108.1644006 12160.142416 
10086.120999 4757.5706734 2140.176879 1549.2020739 731.50764745 191.89342492 27.822213996 2.2292250823 0.098706377451 
0.0024152690847 3.2659899701e-05 2.4405807764e-07 1.0078607696e-09 2.3000480602e-12 2.9007169094e-15 1.5349684055e-14 1.1975933852e-11 5.1635496268e-09 
1.2303150523e-06 0.0001619993734 0.011787978831 0.47401749958 10.533638699 129.35745912 877.8767597 3292.3402932 6823.5079806 
7817.0978683 4994.2039686 2277.1070891 1789.2360084 1153.7793541 12568.903074 18850.253866 15640.204771 7461.1810618 
3754.7034083 2837.0377604 1341.6794799 351.97191259 51.031704926 4.088860791 0.18104795254 0.0044301040511 5.9905024618e-05 
4.4765309394e-07 1.8486255245e-09 4.2187648135e-12 5.3205302973e-15 3.3115077517e-14 2.5836621613e-11 1.1139730691e-08 2.6542551808e-06 0.00034949395711 
0.025431131501 1.0226351386 22.725045131 279.07299464 1893.9123976 7102.8232003 14720.826615 16861.740237 10710.373096 
4217.288416 2439.7443396 1531.0602261 14181.59603 21268.911013 17647.469813 8426.7907579 4276.0585566 3239.6777771 
1532.2362262 401.96295646 58.279810399 4.6696075001 0.20676245055 0.0050593180256 6.8413420402e-05 5.1123389908e-07 2.111188435e-09 
4.8179619757e-12 6.0762355757e-15 4.4525094947e-14 3.4738799323e-11 1.4977998083e-08 3.5687962405e-06 0.00046991439604 0.03419359493 1.3749907938 
30.555108723 375.2294283 2546.4723534 9550.1471897 19792.952374 22670.191392 14368.016388 5273.8117814 2154.812555 
1266.6483196 11621.374005 17429.074851 14457.319295 6834.9942647 3152.3986942 2306.5525269 1089.5526927 285.82099465 
41.440581643 3.3203822217 0.14702100004 0.0035974907131 4.8646209489e-05 3.6351919268e-07 1.5011866718e-09 3.425871506e-12 4.3206090204e-15 
3.8193041467e-14 2.9798485697e-11 1.284792999e-08 3.0612665319e-06 0.00040308639567 0.029330816531 1.1794490397 26.209770861 321.86687422 
2184.3305308 8191.9906643 16978.123961 19445.73581 12313.804028 4384.7722903 1292.522019 654.96866725 12270.982067 
18402.97017 15254.227109 7026.6214557 2126.9996928 1045.5628614 482.68790742 126.54323339 18.346929422 1.4700274198 
0.06509036743 0.0015927111923 2.1537056936e-05 1.609402589e-07 6.6461792526e-10 1.5167305008e-12 1.9129367606e-15 3.0006750498e-14 2.3411482644e-11 
1.0094106561e-08 2.4051151126e-06 0.00031668891676 0.023044053619 0.92664610555 20.59197242 252.87797562 1716.141445 6436.1205375 
13339.031482 15277.572022 9670.4635244 3392.6878316 726.35675512 219.1087982 14230.945845 21342.274679 17688.064515 
8103.7633698 2076.1329453 400.83377209 134.78662838 34.894488446 5.0574825277 0.40522155686 0.017942531819 0.00043903994084 
5.9368128054e-06 4.4364101967e-08 1.8320572867e-10 4.1809542901e-13 5.2799996608e-16 3.8931530396e-14 3.0374660165e-11 1.3096353662e-08 3.1204582518e-06 
0.00041088035178 0.02989794829 1.2022545081 26.71655503 328.09039433 2226.566082 8350.3884306 17306.401797 19821.472916 
12545.699452 4388.4688005 850.54042539 99.607427787 14009.285209 21009.843607 17412.406145 7974.9498968 2019.2225394 
286.38118719 31.573467113 6.0589129962 0.86829296576 0.069549301826 0.0030795018407 7.5353023282e-05 1.0189432655e-06 7.6142712268e-09 
3.1443848665e-11 7.1758287761e-14 9.5837316466e-17 4.45332038e-14 3.4745126065e-11 1.4980725925e-08 3.5694462012e-06 0.00046999997837 0.034199822378 
1.3752412115 30.560673518 375.2977663 2546.9361234 9551.8862476 19796.537907 22673.489563 14350.813137 5019.5412064 
970.27299118 103.76654668 15022.806225 22529.829498 18672.125642 8551.8224149 2164.4829637 302.78747575 23.527324962 
1.1867668026 0.095712246492 0.0074385361518 0.00032909140366 8.0524351744e-06 1.0888706876e-07 8.1368187015e-10 3.360175756e-12 7.6682870915e-15 
3.364843678e-17 4.5501362534e-14 3.5500490477e-11 1.5306409222e-08 3.6470465134e-06 0.00048021785055 0.034943331803 1.4051391681 31.225067285 
383.45679775 2602.3069084 9759.5457311 20226.917701 23166.414717 14662.8017 5128.6624109 991.3348105 105.89330497 
14750.709145 22121.763204 18333.931064 8396.9286771 2125.2712 297.26072796 22.977352812 0.98237700533 0.02397552573 
0.00057954384853 2.2004011715e-05 5.3584588635e-07 7.2449227436e-09 5.4139049629e-11 2.2357227369e-13 5.1021628071e-16 3.1391668051e-17 4.4310237186e-14 
3.4571165909e-11 1.4905721176e-08 3.5515748768e-06 0.00046764680602 0.034028592421 1.3683557227 30.407663869 373.41874424 2534.1842512 
9504.062342 19697.421593 22559.969057 14278.961878 4994.4053123 965.38367178 103.12053 15094.41511 22637.221946 
18761.129609 8592.5853328 2174.7920618 304.18699329 23.512162454 1.0043247773 0.023708795295 0.00030995822629 2.4122836341e-06 
2.4230452147e-08 3.0547272122e-10 2.2781532685e-12 9.4073487204e-15 2.1468567574e-17 3.0309535687e-17 4.2791749888e-14 3.3386431192e-11 1.4394910364e-08 
3.4298643719e-06 0.00045162080887 0.032862451397 1.3214629297 29.365610063 360.62189061 2447.3391599 9178.3633872 19022.401859 
21786.851407 13789.62976 4823.2498072 932.30050786 99.586646761 15552.254998 23323.848297 19330.187331 8853.2134049 
2240.7572939 313.41352878 24.225369333 1.0348554736 0.024488207338 0.00034773782442 6.579732101e-06 1.5114849164e-07 2.0402196319e-09 
1.5245253456e-11 6.2956627777e-14 1.4367387807e-16 3.2173611771e-17 4.5422796247e-14 3.5439192494e-11 1.5279979953e-08 3.6407492315e-06 0.00047938866805 
0.034882995855 1.4027129425 31.171151589 382.79469061 2597.8135575 9742.6941199 20191.992289 23126.413735 14637.483735 
5119.8068522 989.62308918 105.71044725 15168.493348 22748.317705 18853.202839 8634.7549789 2185.4668242 305.68841496 
23.652546712 1.0487794482 0.047724739834 0.0033279180159 0.0001467278519 3.5899101593e-06 4.8543557212e-08 3.6275207267e-10 1.4980187745e-12 
3.4186420191e-15 3.1271411771e-17 4.3728148908e-14 3.4117016446e-11 1.4709909867e-08 3.5049190646e-06 0.00046150349149 0.033581570558 1.3503801063 
30.008208894 368.5132712 2500.8935482 9379.2107584 19438.66337 22263.60655 14091.384391 4928.7995127 952.73076523 
101.88269344 16550.34764 24820.696331 20570.737241 9421.4178005 2384.8886583 335.24815449 30.397421252 4.3666852111 
0.61320755624 0.049089610478 0.002173555796 5.3185204664e-05 7.1918422365e-07 5.3742577479e-09 2.2193502474e-11 5.0647990134e-14 7.1721758854e-17 
4.605358506e-14 3.5931338465e-11 1.5492173856e-08 3.6913085118e-06 0.00048604596425 0.035367417894 1.4221924926 31.604027047 388.11058105 
2633.889534 9877.991437 20472.399588 23447.572203 14840.772413 5191.1322475 1005.0154134 113.63611055 18164.217749 
27241.035699 22576.797998 10342.742932 2642.3133768 481.57661335 151.23565461 38.996945169 5.6514608017 0.45281167022 
0.020049740789 0.00049060172114 6.6340446718e-06 4.9574316038e-08 2.0472179736e-10 4.6719744147e-13 5.9009443532e-16 4.5744925243e-14 3.5690519853e-11 
1.5388342383e-08 3.6665686655e-06 0.00048278839246 0.035130378784 1.4126606901 31.392210893 385.50939069 2616.2367092 9811.7872788 
20335.190075 23290.438247 14741.69113 5161.4097718 1034.5478284 210.89688453 21844.537325 32760.568502 27155.192986 
12507.732911 3779.1916484 1850.3855073 853.94643373 223.87159057 32.458118219 2.6006707912 0.11515337405 0.0028177144317 
3.8101870847e-05 2.8472436959e-07 1.1757960443e-09 2.6832946499e-12 3.3841800307e-15 4.5517098645e-14 3.5512767856e-11 1.5311702743e-08 3.6483077966e-06 
0.0004803839276 0.034955416496 1.405625117 31.235866065 383.58941125 2603.2068825 9762.9209871 20233.916443 23174.578928 
14671.511522 5178.2371425 1295.3762457 556.96572093 20557.530097 30832.084496 25608.495186 12653.274892 8046.0462847 
6440.3365607 3051.4575251 800.54969584 116.07025619 9.3000054949 0.4117887698 0.010076154255 0.00013625239085 1.0181750982e-06 
4.2046497621e-09 9.5954687601e-12 1.2101332087e-14 4.634810917e-14 3.6161127696e-11 1.5591249896e-08 3.7149152846e-06 0.00048915434076 0.035593600722 
1.4312877429 31.806142119 390.59263811 2650.7338687 9941.1636366 20603.337568 23598.053881 14948.309594 5388.4392557 
1864.9248747 1034.3295154 12642.0298 18973.726159 16167.731801 12907.006815 16756.14848 14312.257504 6793.8567487 
1782.4561616 258.43544248 20.706864943 0.91686552808 0.022434993787 0.00030337184852 2.2670109473e-06 9.3618347739e-09 2.1364726717e-11 
2.6944056588e-14 4.1201128441e-14 3.2145413554e-11 1.3859832579e-08 3.302371794e-06 0.00043483346834 0.031640910779 1.2723424114 28.274051644 
347.21709978 2356.3683406 8837.191796 18315.335194 20977.916079 13298.778475 4922.5511507 2135.9699377 1275.2550663 
8358.1556277 12576.516299 11652.814087 15598.661169 23125.577713 19841.062663 9419.4366422 2471.3188032 358.31255526 
28.709412434 1.2712050166 0.031105408346 0.00042061545987 3.1431388798e-06 1.2979887415e-08 2.962151695e-11 3.7357073005e-14 4.5340060552e-14 
3.5374635678e-11 1.5252145604e-08 3.6341171622e-06 0.00047851540305 0.034819452219 1.4001577296 31.11436953 382.09738335 2593.0813248 
9724.9468843 20155.231337 23085.203338 14632.704833 5391.7463708 2267.0398331 1342.9256292 13597.467573 20411.428509 
1474.7136429 2337.1110382 3853.1024893 9638.1744773 15165.830363 13240.059873 6388.3484384 1703.4032593 251.00096981 
20.439126953 0.91976800502 0.022873007395 0.00031433826941 2.3872629644e-06 1.0019182295e-08 2.323770915e-11 2.978402504e-14 1.5414341813e-14 
1.2222476004e-11 5.3557811617e-09 1.2969268117e-06 0.00017355499969 0.01283476156 0.52452657431 11.846122037 147.84748167 1019.7200413 
3886.7581937 8194.452514 9870.0506134 11866.002476 22290.562638 26770.4551 17848.218042 2288.9761726 3574.3709593 
5024.5199814 11736.141394 18419.619583 16079.572587 7758.4033482 2068.7176095 304.8310039 24.822531932 1.1170227929 
0.027778385922 0.00038175171316 2.8992388618e-06 1.2167910743e-08 2.8221302149e-11 3.6171551118e-14 2.1064858427e-14 1.6702936815e-11 7.3190795637e-09 
1.7723484654e-06 0.00023717601841 0.017539671283 0.71680518951 16.188620687 202.04475249 1393.5243517 5311.5314095 11196.965683 
13429.791002 15440.891435 28477.587071 34177.767642 22786.358298 2214.8581448 3502.6344539 5661.5588152 14064.097453 
22124.705444 19315.165088 9319.5940662 2484.9970204 366.17087505 29.817466472 1.3417966293 0.03336811463 0.00045857001772 
3.4826406023e-06 1.4616408657e-08 3.390015704e-11 4.3450204359e-14 3.4090591649e-14 2.7031427217e-11 1.1844932943e-08 2.8683044831e-06 0.00038383706713 
0.028385567937 1.1600515241 26.199076639 326.98189697 2255.2283906 8595.8626058 18110.660335 21299.50135 18231.085391 
27048.302672 32128.337156 21414.000068 1379.6276394 2461.4990611 6936.9296117 19199.565312 30307.289217 26461.089932 
12767.543707 3404.3661002 501.64233832 40.848971407 1.8382182871 0.045713245344 0.00062822619619 4.7711057717e-06 2.0024010419e-08 
4.6442126359e-11 5.9525386261e-14 5.1205323162e-14 4.0602201197e-11 1.7791526383e-08 4.30829918e-06 0.00057653743921 0.042636170528 1.7424401975 
39.351979908 491.13887352 3387.435736 12911.226727 27196.832968 31728.749905 22076.655947 19980.67196 22516.059666 
14984.451122 1155.8488477 2182.6305292 6914.9968287 19328.330654 30518.981997 26646.112927 12856.820276 3428.1710199 
505.15005619 41.134606521 1.8510719692 0.046032893738 0.00063261904759 4.8044675748e-06 2.0164027666e-08 4.6766871429e-11 5.9941615246e-14 
5.070061442e-14 4.0202002378e-11 1.7616162791e-08 4.2658340872e-06 0.00057085475219 0.042215923729 1.7252656974 38.964103995 486.29792431 
3354.0472265 12783.96902 26928.989598 31425.842297 22078.512551 20913.249416 23747.683223 15807.75185 1993.7730853 
3215.1547409 6070.2095665 15786.814996 24873.277152 21715.603408 10477.820391 2793.8291114 411.67809976 33.523141171 
1.5085533129 0.037515059115 0.00051556048383 3.9154585004e-06 1.6432916301e-08 3.8113223042e-11 4.8850135332e-14 3.2394069931e-14 2.5686201341e-11 
1.1255466831e-08 2.7255625782e-06 0.0003647353175 0.026972952902 1.1023212639 24.895272902 310.70955911 2142.9963017 8168.0769007 
17208.551834 20203.557122 16655.510817 23502.082554 27828.721366 18546.64747 2383.1840756 3785.0827742 6362.6712676 
16018.645687 25211.249851 22010.034752 10619.87595 2831.7070613 417.2595155 33.977638478 1.5290058538 0.038023677721 
0.00052255030768 3.9685431841e-06 1.6655709152e-08 3.8629951386e-11 4.951242888e-14 2.2385028018e-14 1.7749728894e-11 7.7777746183e-09 1.8834235629e-06 
0.0002520401097 0.018638902465 0.76172818737 17.203179985 214.70712577 1480.8577112 5644.3537364 11894.134098 14075.891572 
13516.818423 22433.448142 26804.826863 17868.679161 1809.8358817 2948.5491655 5932.9534103 15650.218949 24669.162661 
21537.65968 10391.965505 2770.9365987 408.30482763 33.248454037 1.4961922938 0.037207662381 0.00051133600405 3.8833754068e-06 
1.6298265712e-08 3.7800924979e-11 4.8449862082e-14 3.9372540714e-14 3.1219639984e-11 1.368017083e-08 3.3127156995e-06 0.00044330826307 0.032783589434 
1.339788338 30.258326131 377.6440289 2604.650203 9927.6617677 20914.146365 24488.316535 18922.437836 23859.894238 
28016.537192 18667.468893 1383.805443 2362.4122291 5854.1212604 15974.499685 25206.114081 22007.049941 10618.454947 
2831.3282974 417.20370417 33.973093737 1.5288013388 0.038018591794 0.00052248041299 3.9680123642e-06 1.6653481337e-08 3.8624784365e-11 
4.9505819198e-14 5.6032574138e-14 4.4429876309e-11 1.946877985e-08 4.7144537494e-06 0.00063088912317 0.046655593219 1.906704567 43.061793408 
537.43981269 3706.7781458 14128.4063 29761.118467 34736.079493 24518.230701 23699.536234 26996.440585 17971.994933 
2258.29238 3608.5225843 6376.5909067 16298.922047 25665.560048 22406.966228 10811.399939 2882.7754663 424.78457999 
34.590408018 1.5565807017 0.038709415533 0.0005319742384 4.0401138549e-06 1.6956086449e-08 3.9326623037e-11 5.0405370264e-14 5.0429079852e-14 
3.9986698664e-11 1.7521818603e-08 4.2429882121e-06 0.00056779751272 0.041989834365 1.7160259558 38.755429905 483.69353309 3336.0845161 
12715.510671 26785.310293 31281.19096 22479.835302 23297.340526 26798.952942 17845.67555 2861.4123062 4483.8697979 
6579.5342666 15704.743828 24669.268329 21535.752366 10391.019644 2770.6842115 408.26763701 33.245425585 1.4960560124 
0.037204273303 0.00051128942876 3.8830216877e-06 1.6296781177e-08 3.7797481864e-11 4.8445445355e-14 2.8673285877e-14 2.2735880007e-11 9.9626620494e-09 
2.4125040097e-06 0.0003228417586 0.023874835071 0.97570846118 22.035797739 275.02140801 1896.8514572 7229.8996093 15232.719303 
17915.362315 15344.048419 22782.365478 27062.421819 18037.516734 2471.2333315 3928.6271977 6657.9829811 16805.916151 
26452.681554 23093.890148 11142.83857 2971.1509684 437.80694358 35.650825205 1.6042998535 0.039896106639 0.00054828265041 
4.1639691782e-06 1.7475898921e-08 4.05322355e-11 5.1950605154e-14 1.1444769508e-14 9.0748492784e-12 3.976518898e-09 9.6293216998e-07 0.00012885977139 
0.0095294543139 0.38944642663 8.7954169041 109.77265393 757.11417872 2885.8595252 6088.0756451 7492.8860769 10756.974223 
21342.626536 25679.936769 17122.009384 1990.0446464 3231.9938804 6383.8654519 16774.078213 26437.441992 23081.398325 
11136.821642 2969.5466749 437.57054698 35.63157532 1.6034336018 0.039874564488 0.00054798660179 4.1617208172e-06 1.7466462701e-08 
4.0510349867e-11 5.1922553643e-14 5.7300918577e-15 4.543465699e-12 1.9909065881e-09 4.8210710178e-07 6.4515666689e-05 0.0047710708439 0.19498246492 
4.4035635081 54.959407607 379.06260486 1445.0679929 3065.2709417 4409.2962929 10621.288753 22665.157795 27330.825429 
18223.79173 1740.7657975 2871.8167283 6178.8250532 16507.744166 26031.100616 22726.951226 10965.804188 2923.9462323 
430.85120142 35.084415853 1.5788112305 0.03926224956 0.0005395717042 4.0978133159e-06 1.7198247211e-08 3.9888271801e-11 5.1125229579e-14 
7.5935059309e-15 6.0210469392e-12 2.6383696528e-09 6.3889323303e-07 8.5496817449e-05 0.0063226715915 0.25839274496 5.8356471243 72.832761474 
502.3365047 1914.8587316 4049.4788013 5375.7484727 10781.670572 22624.173017 27268.452369 18181.973037 1566.3471648 
2592.6950897 5668.9690403 15187.702428 23951.544777 20911.402106 10089.798327 2690.3661001 396.43255191 32.281689045 
1.4526875242 0.036125775524 0.00049646789176 3.7704585358e-06 1.582436119e-08 3.6701787831e-11 4.7041079968e-14 1.7738695101e-14 1.4065511095e-11 
6.1633828798e-09 1.4924912475e-06 0.00019972547076 0.014770123588 0.60362027694 13.632406468 170.14149858 1173.4840729 4472.8140086 
9427.6398256 11253.515323 12225.307486 21944.996944 26310.068938 17540.462239 1529.5647946 2545.4839356 5705.5139037 
15347.98856 24207.295909 21134.760121 10197.569952 2719.1025705 400.66694677 32.626497808 1.4682040416 0.036511643933 
0.00050177078901 3.8107317429e-06 1.5993385134e-08 3.7093808771e-11 4.754354115e-14 3.2297674988e-14 2.5609767673e-11 1.1221974272e-08 2.7174522024e-06 
0.00036364998541 0.026892690285 1.0990411191 24.821192774 309.78498925 2136.6192883 8143.7480015 17155.486151 20062.354466 
14995.580559 17505.951109 
B_gradient_mag 1 1190 double
3274.0545919 7363.604789 5053.7980258 1028.6242674 55.624605623 69.629433987 15.933243039 1.0972002386 0.023065188637 
0.00014807498234 2.9031152708e-07 1.7382206231e-10 3.1783633689e-14 1.7748441594e-18 3.0267387381e-23 1.5763319388e-28 2.5071351109e-34 8.4495717882e-34 
5.1434516712e-28 9.5616445978e-23 5.428358995e-18 9.4115803832e-14 4.9832718645e-10 8.0579512666e-07 0.00039791720965 0.060009338102 2.7637763109 
38.872416425 166.92008318 216.43199054 52.490326506 194.73951829 287.49932347 123.90751789 4555.8187681 10245.541898 
7009.7607805 1278.6065976 773.12610547 612.51239387 138.32381959 9.5219855921 0.20016799131 0.0012850475665 2.5194270708e-06 
1.5084899095e-09 2.7582971959e-13 1.5402731216e-17 2.6267119285e-22 1.3679971299e-27 2.1757799946e-33 1.0143662324e-32 6.1746839052e-27 1.1478698893e-21 
6.5167134952e-17 1.1298547674e-12 5.982388976e-09 9.6735237687e-06 0.0047769730277 0.72040862669 33.178978913 466.66352879 2004.2586656 
2617.6482362 879.82686244 813.76913757 1301.1997352 561.91245605 7773.0039444 17480.386157 11953.656268 2341.3669406 
2740.6498844 2063.5525554 465.38221838 32.035001805 0.67342843605 0.0043233063664 8.4761493435e-06 5.0750370606e-09 9.2797839784e-13 
5.1819658366e-17 8.8370895296e-22 4.6023749245e-27 7.3200055968e-33 4.721063658e-32 2.8738215098e-26 5.3424162743e-21 3.0330089287e-16 5.2585702901e-12 
2.7843236e-08 4.5022516309e-05 0.022232988847 3.3529259828 154.42161849 2171.9497531 9328.9116748 12217.207398 4591.8399127 
1129.1506263 2275.3180719 987.78008913 9381.4334336 21097.707472 14432.444722 2925.2654923 3590.4745729 2691.6835645 
606.97007504 41.781198693 0.87830945483 0.0056386107954 1.1054897141e-05 6.6190448535e-09 1.2103026175e-12 6.7585051877e-17 1.1525648241e-21 
6.00258199e-27 9.5470016373e-33 8.5310727176e-32 5.1930627419e-26 9.6538712688e-21 5.4807181341e-16 9.5023596126e-12 5.0313379237e-08 8.1356740907e-05 
0.040175531301 6.0588157431 279.04348497 3924.7669577 16858.033406 22100.112873 8645.8704456 516.0103328 1528.4464115 
672.98922498 6020.5670896 13539.259403 9254.6451702 1717.3404025 1787.7192801 1360.3819535 306.88661722 21.124973539 
0.44408178297 0.0028509363533 5.5894633075e-06 3.346653331e-09 6.1194075219e-13 3.4171658298e-17 5.8274796336e-22 3.034963723e-27 4.8270472167e-33 
6.2137025319e-32 3.7824254547e-26 7.0315053445e-21 3.9919424838e-16 6.9211501314e-12 3.6646313707e-08 5.9257094131e-05 0.029262298532 4.4130063578 
203.24445148 2858.6488146 12278.868858 16103.360663 6395.0491859 537.86298462 386.79213905 177.62339948 7060.2646253 
15878.83641 10891.486207 2166.4579793 254.98592667 264.5234054 60.139646639 4.1406492358 0.087043750298 0.00055880749319 
1.0955818033e-06 6.5597219092e-10 1.1994553251e-13 6.6979323354e-18 1.1422350046e-22 5.9487840712e-28 9.461290508e-34 3.8179615071e-32 2.3240820357e-26 
4.3204540184e-21 2.4528181521e-16 4.2526471121e-12 2.2517043728e-08 3.6410062698e-05 0.017979992774 2.7115375897 124.88198007 1756.4748698 
7544.6945364 9896.4971838 3958.2503335 455.01942343 24.218011678 18.018639318 9778.3763786 21992.748351 15104.847939 
3158.855048 179.69143744 16.952370295 4.5502940846 0.31459610089 0.0066140929091 4.2461583383e-05 8.3248958291e-08 4.9844750531e-11 
9.1141899436e-15 5.0894957282e-19 8.6793952003e-24 4.5202473842e-29 7.1862540313e-35 7.1571651579e-32 4.3567329714e-26 8.0991394383e-21 4.5980621819e-16 
7.9720283555e-12 4.2210535308e-08 6.8254441199e-05 0.033705362435 5.083058618 234.10423219 3292.6945308 14143.328884 18552.801868 
7432.1031786 908.14636383 32.370391642 0.37142054175 9315.9243777 20952.681193 14391.638248 3018.555751 192.68453989 
3.2773784793 0.11553725968 0.0092324359372 0.00019481411919 1.2508013368e-06 2.4522913896e-09 1.4682929776e-12 2.6847964876e-16 1.4992292611e-20 
2.5567175902e-25 1.3315439305e-30 2.0769519441e-36 9.3927083643e-32 5.7175601374e-26 1.0628908658e-20 6.0342686167e-16 1.0462094381e-11 5.5395011731e-08 
8.9573741325e-05 0.044233244943 6.6707538702 307.2267763 4321.1688963 18561.003356 24347.79763 9753.8436212 1193.2842396 
44.559766422 0.49813601349 10488.810438 23590.650444 16203.603748 3398.9199837 217.72741033 4.2537301694 0.02412455497 
6.9369833979e-05 2.2024770198e-06 1.4279917748e-08 2.8004099532e-11 1.6767381045e-14 3.0659421921e-18 1.7120665536e-22 2.9196806566e-27 1.5205758634e-32 
2.9989441175e-38 9.6744286024e-32 5.8890498016e-26 1.0947706875e-20 6.215257478e-16 1.0775889253e-11 5.7056502249e-08 9.2260371714e-05 0.045559954962 
6.8708331546 316.44158392 4450.7758939 19117.712894 25078.073658 10046.399443 1229.0928868 45.921459636 0.52390803666 
9994.1558154 22478.11016 15439.438605 3238.6293182 207.46695899 4.0587472475 0.024243350537 4.3837833497e-05 1.6808937166e-08 
5.962281953e-11 1.2378618934e-13 7.4226606399e-17 1.3572985626e-20 7.5793597714e-25 1.292549678e-29 6.731626075e-35 4.5438880004e-38 9.0756564044e-32 
5.524563232e-26 1.0270128614e-20 5.8305811799e-16 1.0108945172e-11 5.3525146687e-08 8.65501693e-05 0.042740146631 6.4455817998 296.85630084 
4175.3073392 17934.474541 23525.93514 9424.6051523 1153.0216544 43.079414319 0.4915413125 10286.612598 23135.882153 
15891.239502 3333.4006306 213.53805553 4.1775444565 0.024958859642 4.5538641538e-05 2.5360252224e-08 4.2234397489e-12 1.1186226468e-16 
1.2487765805e-19 2.3383819111e-23 1.3066032918e-27 2.2282589303e-32 1.1604824195e-37 4.1808326938e-38 8.3334787181e-32 5.0727824049e-26 9.4302708721e-21 
5.3537751995e-16 9.2822684884e-12 4.9148034139e-08 7.9472377729e-05 0.039244996338 5.9184830673 272.5803573 3833.8642741 16467.851497 
21602.06062 8653.8915714 1058.7312905 39.556519645 0.45134458703 10815.031105 24324.361662 16707.565087 3504.6358709 
224.50740569 4.3921426298 0.026240907332 4.7872617716e-05 2.6551104059e-08 3.7217148692e-12 1.3680565612e-15 9.5662932691e-19 1.7558765784e-22 
9.8060557707e-27 1.672284739e-31 8.709294847e-37 4.6580907762e-38 9.285017681e-32 5.6520063126e-26 1.0507044506e-20 5.9650836186e-16 1.0342142813e-11 
5.4759888565e-08 8.8546747082e-05 0.043726095334 6.5942713462 303.70431396 4271.625185 18348.194972 24068.641868 9642.016104 
1179.6199336 44.072996424 0.50279733696 10099.36349 22714.735418 15601.96832 3272.7219995 209.65068323 4.1012786853 
0.024454680262 4.1278368621e-05 4.723375844e-08 4.5893179178e-10 9.0785973275e-13 5.4370328609e-16 9.9417611533e-20 5.5516244043e-24 9.4674885281e-29 
4.9306880573e-34 4.1883598435e-38 8.5047648745e-32 5.1770482738e-26 9.6241004726e-21 5.4638165888e-16 9.4730560509e-12 5.0158221858e-08 8.1105851406e-05 
0.040051637215 6.040131451 278.18296856 3912.6654443 16806.331384 22046.068641 8831.7588926 1080.4712259 40.339671929 
0.4477542369 11332.438509 25488.075691 17506.876774 3672.2757553 235.18248291 4.5537824949 0.016576856779 0.0007032012534 
1.5807669251e-05 1.0165726726e-07 1.9931536339e-10 1.1933886895e-13 2.1821297978e-17 1.2185328989e-21 2.078030744e-26 1.0822428082e-31 1.2549205568e-37 
9.2960339354e-32 5.6587121631e-26 1.051951064e-20 5.9721609211e-16 1.0354413299e-11 5.4824858702e-08 8.8651803801e-05 0.043777974373 6.6020951516 
304.06464542 4276.6932733 18369.963909 24097.180004 9653.1805321 1179.7484354 42.333664987 0.26783622989 11054.057363 
24861.951369 17076.549153 3579.9163361 224.21696055 1.536582305 0.90602433984 0.064051962184 0.0013474182104 8.6503765051e-06 
1.6959686148e-08 1.0154497446e-11 1.8567656081e-15 1.0368448199e-19 1.7681881337e-24 9.2087612118e-30 1.4600747417e-35 9.1070457046e-32 5.5436706299e-26 
1.0305649147e-20 5.8507469794e-16 1.0143908232e-11 5.3710270149e-08 8.6849513963e-05 0.042887968812 6.4678746563 297.88301566 4189.7481128 
17996.494622 23606.879032 9450.8005225 1127.4664208 1.586563085 17.432300435 14407.726423 32404.507371 22250.367865 
4610.8246345 198.16006106 131.86603516 30.689836939 2.1143178721 0.044447418217 0.00028534571454 5.5944055854e-07 3.3496124878e-10 
6.124818386e-14 3.4201873347e-18 5.8326323711e-23 3.0376472796e-28 4.8308979418e-34 8.9250085264e-32 5.4328603776e-26 1.0099653579e-20 5.7337986987e-16 
9.9411456397e-12 5.2636676679e-08 8.5113513181e-05 0.042030698068 6.3385908528 291.92874839 4106.0004607 17636.700973 23131.605849 
9210.4376158 867.44020807 333.19834718 161.18288152 12695.669493 28550.839879 19524.911896 3483.7835522 2180.696881 
1739.0143259 392.77815384 27.038307851 0.56839030674 0.0036489779294 7.1540805305e-06 4.2834573054e-09 7.8323681188e-13 4.3737078477e-17 
7.4587230107e-22 3.8845187252e-27 6.1782395554e-33 9.2044712661e-32 5.6029760183e-26 1.0415897495e-20 5.9133374263e-16 1.0252426299e-11 5.4284854868e-08 
8.7778617531e-05 0.043346778114 6.5370670444 301.0697221 4234.5678051 18188.754643 23846.362906 9354.5359297 228.57355984 
1282.4312359 570.34950275 4795.6516375 10769.2759 6975.3812307 3861.098891 11634.699489 8639.1025764 1947.549689 
134.05989775 2.8181587851 0.018092143238 3.5470932431e-05 2.1237980758e-08 3.8833977214e-12 2.1685455576e-16 3.6981392479e-21 1.9259987449e-26 
3.0632769021e-32 7.2256662385e-32 4.3984320769e-26 8.1766578156e-21 4.6420710944e-16 8.0483301288e-12 4.2614540231e-08 6.8907717212e-05 0.034027962758 
5.1317095193 236.34488281 3324.2070084 14278.289433 18710.188071 7198.1556431 491.27479507 1952.1207232 854.69073866 
2454.5773703 5477.1890312 2645.1996857 8548.3715616 22493.610184 16637.608654 3750.3019995 258.15194215 5.4267765631 
0.034839065575 6.830446369e-05 4.0896835412e-08 7.4780497855e-12 4.1758513564e-16 7.1213075234e-21 3.7087920255e-26 5.8987899341e-32 8.6744483001e-32 
5.2803402675e-26 9.8161196449e-21 5.5728301576e-16 9.6620615987e-12 5.1158974113e-08 8.2724067934e-05 0.040850743817 6.1606435984 283.73324487 
3990.7280267 17141.234814 22465.394214 8697.6064999 330.46172556 1978.0114673 868.71758253 7491.3121988 16815.030733 
587.88307145 1347.363156 603.55690814 5043.2724745 12990.475199 9911.1893128 2307.4647598 164.05639034 3.5621238188 
0.023620163257 4.7831589032e-05 2.9580448425e-08 5.5866662645e-12 3.2222463002e-16 5.6757436193e-21 3.0531267614e-26 5.0156229597e-32 2.1338274372e-32 
1.3416178133e-26 2.5760606045e-21 1.5105717783e-16 2.7051084913e-12 1.4794014471e-08 2.4708445386e-05 0.012602677809 1.9630812325 93.383799649 
1356.6110639 6014.7100537 7944.5436998 1681.0487967 17254.1157 25656.956006 11413.870937 1417.7360867 3267.6219162 
1695.5625975 6647.1500155 17593.372207 13432.437328 3127.3191713 222.34660161 4.8277676616 0.03201254818 6.4826437978e-05 
4.0090558228e-08 7.5716421184e-12 4.3671296346e-16 7.6923691888e-21 4.1379209147e-26 6.7977037174e-32 3.1144104993e-32 1.9581472026e-26 3.7598679867e-21 
2.2047425673e-16 3.9482187645e-12 2.1592481678e-08 3.6063007465e-05 0.018394134345 2.865199004 136.29755155 1980.0292561 8778.5154329 
11583.976422 746.64175222 23358.07979 34878.811603 15518.001998 1326.0108555 3049.8321831 1364.9256597 6684.0070365 
17790.452263 13584.557749 3162.7457455 224.86538453 4.8824575065 0.032375192248 6.556080386e-05 4.0544711488e-08 7.6574150811e-12 
4.4166012871e-16 7.7795097701e-21 4.1847960483e-26 6.8747096325e-32 4.3123324046e-32 2.7113248172e-26 5.2060556879e-21 3.0527701035e-16 5.466853312e-12 
2.989776834e-08 4.9934206679e-05 0.025469215431 3.9672631322 188.72278985 2741.6428437 12158.296451 16204.656612 2518.9858303 
19695.645784 29894.703625 13306.080295 501.72433126 1114.010489 589.2081096 11402.43194 28898.88053 22039.227205 
5130.9851084 364.80324989 7.9209004451 0.052522868696 0.0001063604956 6.5776429726e-08 1.2422765053e-11 7.1651333435e-16 1.2620841508e-20 
6.7890714494e-26 1.1152968377e-31 7.9233312599e-32 4.9816940724e-26 9.5654259481e-21 5.6090537852e-16 1.0044606447e-11 5.4933121391e-08 9.1747377459e-05 
0.046796252058 7.2893115662 346.75278108 5037.4432763 22346.582059 30149.601408 10493.315076 8572.5825539 14639.192029 
6534.430521 340.28343102 748.28857728 999.05953965 11470.976551 28879.388234 22020.52618 5126.607637 364.49197544 
7.9141417792 0.052478052509 0.00010626974138 6.5720304673e-08 1.2412165081e-11 7.1590195503e-16 1.2610072523e-20 6.7832785386e-26 1.1143451719e-31 
7.7481422121e-32 4.8715463392e-26 9.3539296238e-21 5.4850348168e-16 9.8225152034e-12 5.371852276e-08 8.9718797321e-05 0.045761563655 7.1281412614 
339.0859022 4926.061554 21852.262758 29471.685228 10241.984043 12600.518639 19949.75528 8889.596233 1073.124672 
2459.2069259 913.85595222 7780.3306242 20287.414449 15483.21849 3604.7411955 256.29035243 5.5647815501 0.036899629381 
7.4722934332e-05 4.6210839947e-08 8.7275397884e-12 5.0338218647e-16 8.8666972253e-21 4.7696218151e-26 7.835450755e-32 3.6935805684e-32 2.3222932974e-26 
4.4590703973e-21 2.6147466747e-16 4.6824477553e-12 2.5607919266e-08 4.276945084e-05 0.021814792499 3.3980246587 161.64410747 2348.2632378 
10414.122118 13897.988553 3354.512511 19060.807921 28609.552363 12730.501189 1535.7494637 3523.179042 1310.1196635 
9458.1269662 24941.262847 19040.327991 4432.9260505 315.17280742 6.843284643 0.045377282978 9.1890455081e-05 5.6827735024e-08 
1.073268348e-11 6.1903374926e-16 1.0903812202e-20 5.8654377411e-26 9.6356380436e-32 2.4120663196e-32 1.5165588715e-26 2.9119675698e-21 1.70754369e-16 
3.0578427331e-12 1.6723088848e-08 2.793031792e-05 0.01424601153 2.2190583864 105.56063783 1533.5081051 6799.1570822 8988.0281218 
1381.1941106 17909.55424 26711.939756 11884.117615 871.96148038 1981.7526159 232.46923838 9550.7341735 24597.731477 
18766.830216 4369.1816317 310.64056708 6.7448769326 0.044724749166 9.0569053159e-05 5.6010541571e-08 1.0578345485e-11 6.1013192822e-16 
1.0747013344e-20 5.7810916499e-26 9.4970750094e-32 4.7910047393e-32 3.0122857523e-26 5.78393532e-21 3.3916319541e-16 6.0736818536e-12 3.3216463414e-08 
5.5476975085e-05 0.028296334796 4.4076350289 209.67130979 3045.9801789 13509.735629 18098.762335 5011.0100607 19403.440379 
29298.630829 13039.196817 430.14943696 959.08836704 700.52864506 10087.319615 25511.595974 19454.907144 4529.3191526 
322.02593618 6.9920851291 0.046363967289 9.3888522493e-05 5.8063398134e-08 1.0966055108e-11 6.3249402824e-16 1.1140904855e-20 5.992975906e-26 
9.8451535092e-32 8.8723961256e-32 5.5784086608e-26 1.0711186632e-20 6.2809144358e-16 1.124776407e-11 6.1513090864e-08 0.00010273701227 0.052401575444 
8.1624359427 388.28732811 5640.8315936 25022.620305 33727.246937 11534.044602 17571.738892 27321.466496 12168.816958 
1164.1078196 2670.7896233 1340.8989096 10282.867866 26382.354827 20126.631155 4685.7514634 333.148064 7.2335777309 
0.047965285772 9.7131243839e-05 6.0068791504e-08 1.1344800668e-11 6.54339104e-16 1.1525689374e-20 6.1999612795e-26 1.0185186024e-31 7.2519822106e-32 
4.5595940791e-26 8.7549453827e-21 5.1337974706e-16 9.1935248163e-12 5.0278626387e-08 8.3973602746e-05 0.042831195714 6.6716866467 317.37233119 
4610.6123266 20451.927399 27532.972669 9034.8480534 17779.292669 27329.584992 12168.70478 1882.1473278 4340.69173 
2376.0512773 9338.0723014 24470.201981 18678.320299 4348.6295573 309.17945568 6.7131521699 0.044514384766 9.0143058496e-05 
5.5747094058e-08 1.0528589873e-11 6.0726215167e-16 1.0696464396e-20 5.7539000861e-26 9.4524058776e-32 2.7954608839e-32 1.7576130088e-26 3.3748192557e-21 
1.9789544996e-16 3.5438809977e-12 1.9381191894e-08 3.2369788631e-05 0.016510387866 2.5717734867 122.3393108 1777.2623876 7880.8908517 
10469.350942 2520.1680735 18911.825649 28184.274365 12538.927848 1476.1009624 3386.6448737 1468.3130255 10912.283055 
28309.786266 21603.145529 5029.5416222 357.59096488 7.7643016227 0.05148447422 0.00010425771345 6.4476007968e-08 1.2177162882e-11 
7.0234762889e-16 1.23713233e-20 6.6548492628e-26 1.0932470079e-31 1.1711226337e-32 7.3633189063e-27 1.4138419724e-21 8.2906037952e-17 1.4846684578e-12 
8.1195289282e-09 1.3560953146e-05 0.0069168383747 1.0774151045 51.252625798 744.54687745 3298.7810698 4241.2120001 1912.2721906 
17477.518065 25772.422952 11462.719766 1258.5779194 2873.4145522 721.74632812 11003.807374 28547.709832 21784.540959 
5071.7722079 360.59347827 7.8294945986 0.051916763723 0.00010513311357 6.5017380913e-08 1.2279408457e-11 7.0824489232e-16 1.2475199144e-20 
6.7107267195e-26 1.1024264746e-31 8.3967343968e-33 5.2793749317e-27 1.0137007457e-21 5.9442224902e-17 1.0644821361e-12 5.8215647083e-09 9.7229737025e-06 
0.0049592559512 0.77248836759 36.747242205 533.81525203 2363.1201319 2935.9646562 2935.3579824 20155.267236 29581.622105 
13155.302258 1150.8367604 2623.5755363 525.98497444 10804.754021 27970.106477 21342.576673 4968.8688088 353.27722593 
7.6706382562 0.050863399792 0.00010300001779 6.3698212324e-08 1.2030265694e-11 6.9387497459e-16 1.222208389e-20 6.5745695909e-26 1.0800588131e-31 
9.469989539e-33 5.9541697751e-27 1.1432691217e-21 6.7039962771e-17 1.2005412464e-12 6.5656607228e-09 1.0965736833e-05 0.0055931340882 0.87122566026 
41.444178307 602.04987315 2665.8132668 3344.2383343 2794.7392457 20273.220861 29783.763258 13245.536137 1031.5893913 
2353.8681848 530.02428196 9202.7221454 23867.629512 18213.05405 4240.2748324 301.47557479 6.5458792972 0.04340521148 
8.7896946974e-05 5.4358033244e-08 1.0266247021e-11 5.9213088656e-16 1.0429938583e-20 5.6105290768e-26 9.216878744e-32 1.7607798701e-32 1.1070708985e-26 
2.1257035349e-21 1.2464876654e-16 2.2321907614e-12 1.2207666544e-08 2.0388817564e-05 0.010399427994 1.619887623 77.05805765 1119.4330887 
4961.5405369 6470.5064894 1254.7568528 18903.90483 28020.663039 12464.34752 1043.995944 2381.3823751 514.55964846 
9492.0459982 24600.625245 18772.054873 4370.416607 310.72840656 6.7467841938 0.044737396069 9.0594663543e-05 5.6026379779e-08 
1.0581336744e-11 6.1030445639e-16 1.0750052297e-20 5.7827263803e-26 9.4997601434e-32 4.5118331722e-32 2.8367608284e-26 5.4469072654e-21 3.1940026487e-16 
5.7197703615e-12 3.1280950753e-08 5.2244349553e-05 0.026647516451 4.1508035557 197.45383928 2868.4970486 12723.390462 17087.537728 
4707.0656866 10671.986027 
