# vtk DataFile Version 5.1
Generated by LIGGGHTS
ASCII
DATASET POLYDATA
POINTS 648 float
-0.0428902 -0.0449088 0.00102 -0.0346971 -0.0446764 0.00102 -0.0317519 -0.0446953 0.00102 
-0.00340304 -0.0448428 0.00102 0.0147823 -0.0446949 0.00102 0.0262096 -0.0449372 0.00102 
-0.044759 -0.0437614 0.00102 -0.0335565 -0.0442122 0.00102 -0.0308094 -0.0435702 0.00102 
-0.027409 -0.0433703 0.00102 -0.0225361 -0.0441701 0.00102 -0.00396528 -0.0444182 0.00102 
0.0145521 -0.0432303 0.00102 0.0181024 -0.0433049 0.00102 0.0195053 -0.043722 0.00102 
0.0416479 -0.0439733 0.00102 -0.0389435 -0.0425966 0.00102 -0.0248654 -0.0427111 0.00102 
0.0131812 -0.0427533 0.00102 0.0185094 -0.042363 0.00102 0.0201641 -0.0426709 0.00102 
0.0248068 -0.0428986 0.00102 0.0348044 -0.042095 0.00102 0.0418836 -0.0421436 0.00102 
0.0406519 -0.0427256 0.00102 -0.0349861 -0.0412827 0.00102 -0.0136468 -0.0412372 0.00102 
-0.00674967 -0.0416523 0.00102 -0.00521279 -0.0413279 0.00102 0.000425919 -0.0415728 0.00102 
0.0166138 -0.0412108 0.00102 0.0238162 -0.0409762 0.00102 0.0338942 -0.0410147 0.00102 
0.0339316 -0.041715 0.00102 0.0414821 -0.0410789 0.00102 0.0424299 -0.0409921 0.00102 
-0.042922 -0.0404536 0.00102 -0.0406141 -0.0405112 0.00102 -0.0385899 -0.0405251 0.00102 
-0.0334706 -0.0396012 0.00102 -0.0248652 -0.040212 0.00102 -0.018434 -0.0405477 0.00102 
-0.0169239 -0.0402939 0.00102 -0.00670669 -0.0394183 0.00102 0.00849583 -0.0405939 0.00102 
0.0244803 -0.0401788 0.00102 0.040047 -0.0404588 0.00102 -0.0289295 -0.0389067 0.00102 
-0.0234086 -0.038644 0.00102 -0.0195638 -0.0385913 0.00102 -0.0108246 -0.0388127 0.00102 
-0.00302782 -0.0385948 0.00102 0.0156715 -0.0391733 0.00102 0.0325128 -0.03812 0.00102 
-0.0370475 -0.0370945 0.00102 0.00798734 -0.0367051 0.00102 0.00985621 -0.0367022 0.00102 
0.0308099 -0.0378456 0.00102 0.0341086 -0.0368686 0.00102 0.0397687 -0.0374633 0.00102 
-0.0439713 -0.0357399 0.00102 -0.0309963 -0.0355024 0.00102 -0.0273176 -0.0361067 0.00102 
-0.0168273 -0.0360331 0.00102 -0.00338111 -0.0363358 0.00102 -0.00161929 -0.0353994 0.00102 
0.000822496 -0.0363122 0.00102 0.0195647 -0.0366528 0.00102 0.0307351 -0.0355434 0.00102 
0.0355384 -0.0354155 0.00102 -0.0177429 -0.0346724 0.00102 -0.0179089 -0.0346335 0.00102 
-8.23525e-05 -0.034098 0.00102 0.00594186 -0.0351889 0.00102 0.0077947 -0.0345433 0.00102 
0.00879071 -0.0344865 0.00102 0.0333162 -0.0342631 0.00102 0.0403097 -0.0347888 0.00102 
0.043014 -0.0343178 0.00102 0.0419483 -0.0348097 0.00102 0.0433459 -0.0353282 0.00102 
-0.0427235 -0.0332389 0.00102 -0.0177803 -0.0340186 0.00102 -0.0161578 -0.0337243 0.00102 
-0.00586029 -0.0338127 0.00102 0.00264867 -0.0338128 0.00102 0.023158 -0.0340207 0.00102 
0.0244271 -0.0334586 0.00102 0.027474 -0.0338615 0.00102 0.0289145 -0.0340196 0.00110667 
-0.0376897 -0.0314333 0.00102 -0.0262624 -0.032473 0.00102 -0.0232422 -0.0321576 0.00102 
-0.0233761 -0.031813 0.00102 -0.0210092 -0.0320472 0.00102 -0.0160452 -0.0323821 0.00102 
0.00802514 -0.031483 0.00102 0.0268369 -0.0315202 0.001075 0.0346336 -0.0325969 0.00102 
-0.0396817 -0.0304797 0.00102 -0.0386911 -0.0311434 0.00102 -0.0266532 -0.0301716 0.00102 
-0.0220587 -0.0306349 0.00102 -0.0105296 -0.0314142 0.00102 -0.00682403 -0.0314098 0.00102 
0.010226 -0.0308634 0.00102 0.0188903 -0.0308528 0.00102 0.0280204 -0.0311414 0.00102 
0.0449741 -0.0303513 0.00102 -0.0448384 -0.0296834 0.00102 -0.0414327 -0.0290659 0.00102 
-0.0263426 -0.0292431 0.00102 0.00231692 -0.0294453 0.00102 0.00741479 -0.0295782 0.00108322 
0.023019 -0.0293484 0.00102 0.0346338 -0.0290927 0.00102 0.0392765 -0.0300093 0.00102 
0.0412685 -0.0295104 0.00102 -0.0401314 -0.0280847 0.00102 -0.0346801 -0.0287009 0.00102 
-0.0240024 -0.0280603 0.00102 -0.015788 -0.0282898 0.00102 0.00577088 -0.0287415 0.00102 
0.0153133 -0.0285941 0.00102 0.0156293 -0.0283842 0.00102 0.0164647 -0.0275391 0.00102 
-0.0432264 -0.0264101 0.00102 -0.0430551 -0.0267583 0.00102 -0.0240719 -0.0268296 0.001075 
-0.00580099 -0.0272788 0.00102 0.000892701 -0.0263701 0.00102 0.0101031 -0.0273014 0.00102 
0.03382 -0.0268981 0.00102 -0.0419519 -0.0259749 0.00102 -0.0338231 -0.0250135 0.00102 
-0.0207679 -0.0256315 0.00102 -0.00446216 -0.0255279 0.00102 0.0054016 -0.025334 0.00102 
0.0306875 -0.0259396 0.00102 0.033456 -0.0256735 0.00102 0.032808 -0.025967 0.00102 
0.0347572 -0.0260666 0.00102 0.0350196 -0.0250011 0.00102 -0.0336946 -0.0248459 0.00102 
-0.00863888 -0.0237376 0.00102 0.00179778 -0.0247441 0.00102 0.00538025 -0.0241403 0.00102 
0.00558373 -0.0242787 0.00102 0.0102479 -0.024092 0.00102 0.0155599 -0.0240909 0.00102 
0.0210005 -0.0239559 0.00102 -0.0408326 -0.0234295 0.00102 -0.038621 -0.0229432 0.00102 
-0.0350278 -0.0224863 0.00102 -0.0328109 -0.0226975 0.00102 -0.0139777 -0.0223984 0.00102 
-0.0127621 -0.0231756 0.00102 0.0115492 -0.0227248 0.00102 0.0109547 -0.0235646 0.00102 
0.0240101 -0.0228809 0.00102 0.035159 -0.023363 0.00102 -0.0329608 -0.0218045 0.00102 
-0.0323128 -0.0219837 0.00102 -0.0291427 -0.0219343 0.00102 -0.0225401 -0.0213878 0.00102 
-0.0164034 -0.0216001 0.00102 0.00623721 -0.0211799 0.00102 0.0233461 -0.0214624 0.00102 
0.0262592 -0.0217201 0.00102 0.039775 -0.0211058 0.00102 0.0394323 -0.021923 0.00102 
0.0436787 -0.0219137 0.00102 -0.0210835 -0.0209207 0.00102 -0.00827992 -0.020547 0.00102 
-0.0033641 -0.0204173 0.00102 0.00548761 -0.0197918 0.00102 0.0336491 -0.0197505 0.00102 
-0.0296942 -0.0196153 0.00102 -0.0207996 -0.0190456 0.00102 -0.0108877 -0.0188832 0.00102 
0.00156248 -0.0194187 0.00102 0.0134129 -0.0192809 0.00102 0.0204492 -0.0194639 0.00102 
0.0218308 -0.0192565 0.00102 0.0272875 -0.0186725 0.001075 0.0363266 -0.0194176 0.00102 
-0.0328213 -0.0176588 0.00102 -0.0317771 -0.0175651 0.00102 -0.0204621 -0.0172006 0.00102 
-0.0183202 -0.0175475 0.00102 -0.0100897 -0.0180162 0.00102 0.0030191 -0.0179247 0.00102 
0.0184681 -0.0172117 0.00102 0.0282033 -0.0178095 0.00102 0.0404767 -0.0183151 0.00102 
0.0414834 -0.0181367 0.00102 -0.0426154 -0.0165053 0.00102 -0.0405162 -0.0161033 0.00102 
-0.0393221 -0.0167834 0.00102 -0.0339565 -0.0167518 0.00102 -0.0257955 -0.0157834 0.00102 
-0.0147645 -0.0165889 0.00102 0.0223879 -0.0163393 0.00102 0.0252581 -0.0163235 0.00102 
0.0296492 -0.015918 0.00102 0.038292 -0.016257 0.00102 -0.0420316 -0.0145538 0.00102 
-0.0408642 -0.0154151 0.00102 -0.015814 -0.0152491 0.00102 -0.00444012 -0.0151621 0.00102 
0.0132043 -0.01541 0.00102 0.0198229 -0.0156851 0.00102 0.0249316 -0.014475 0.00102 
0.0268005 -0.0146468 0.00102 0.0302919 -0.0148257 0.00102 0.0323803 -0.0150629 0.00102 
0.0375745 -0.0151367 0.00102 -0.0388614 -0.0136303 0.00102 -0.0329121 -0.0139828 0.00102 
-0.0313057 -0.0141988 0.00102 -0.0279963 -0.0141356 0.00102 -0.0227164 -0.0141288 0.00102 
-0.0186412 -0.0134353 0.00102 -0.0117656 -0.0138394 0.00102 -0.00710141 -0.0133745 0.00102 
0.00886689 -0.0141191 0.00102 0.0144468 -0.013247 0.00102 0.0323804 -0.0132471 0.00102 
0.0403752 -0.0143085 0.00102 0.0433204 -0.0141837 0.00102 -0.0341597 -0.0122829 0.00102 
-0.0327621 -0.0121928 0.00102 -0.0269092 -0.0125643 0.001075 -0.00528066 -0.0121118 0.00102 
0.0176437 -0.0119747 0.00102 0.0322358 -0.0130621 0.00102 0.0347312 -0.012978 0.00102 
-0.0207563 -0.0111167 0.00102 0.00689113 -0.0107816 0.00102 0.0223025 -0.0112244 0.00102 
0.0253763 -0.011051 0.00102 0.0277003 -0.0107969 0.00102 0.0342493 -0.0115037 0.00102 
0.0414517 -0.0114994 0.00102 -0.0449336 -0.00957357 0.00102 -0.038829 -0.00978443 0.001075 
-0.0386256 -0.00983966 0.00102 -0.0326334 -0.00963456 0.00102 -0.0253401 -0.0103599 0.00102 
-0.0222502 -0.00974669 0.00102 -0.0196799 -0.00931279 0.00102 -0.0136128 -0.00979682 0.00102 
-0.0112192 -0.0104501 0.00102 0.00743742 -0.00926665 0.00102 0.013874 -0.00963069 0.00102 
0.0218314 -0.00971151 0.00102 0.0251729 -0.00985964 0.00102 0.0286804 -0.00919085 0.00102 
0.0313953 -0.00974065 0.00102 0.0334462 -0.00930086 0.00102 0.0350526 -0.0102353 0.00102 
0.0352883 -0.0103067 0.001075 0.0406218 -0.0100941 0.00102 -0.042331 -0.00792816 0.00102 
-0.024842 -0.00884532 0.00102 -0.00553214 -0.00871323 0.00102 -0.00254943 -0.00825679 0.00102 
0.00357123 -0.00830953 0.00102 0.0282359 -0.00877456 0.00102 -0.0344646 -0.00725539 0.00102 
-0.0343844 -0.0078404 0.00102 -0.0304645 -0.00701594 0.00102 -0.0211095 -0.00770044 0.00102 
-0.0214415 -0.007536 0.001075 -0.0198564 -0.00683511 0.00102 -0.0150798 -0.00698339 0.00102 
-0.0135858 -0.00672635 0.00102 -0.0101373 -0.00698039 0.00102 -0.00433253 -0.00676057 0.001075 
-0.00401126 -0.00720159 0.00102 0.0109664 -0.00760095 0.00102 0.0129906 -0.00677597 0.00102 
0.0127657 -0.00746761 0.00102 0.0161928 -0.00760918 0.00102 0.0275881 -0.00673863 0.00102 
0.0404774 -0.00688032 0.00102 -0.0129003 -0.00574839 0.00102 -0.00747582 -0.00609419 0.00102 
-0.00720807 -0.00608605 0.00102 -0.00474481 -0.00600267 0.00102 0.00523139 -0.00599236 0.00102 
0.0387156 -0.00624884 0.00102 -0.040885 -0.00406647 0.00102 -0.0253129 -0.0039775 0.00102 
0.00937085 -0.00418454 0.00102 0.0131353 -0.00504642 0.00102 0.0180565 -0.00487531 0.001075 
0.0180458 -0.00470109 0.00102 0.0200271 -0.00425623 0.00102 0.021323 -0.00444137 0.00102 
0.0386193 -0.00496685 0.00102 0.0414788 -0.00521487 0.00102 0.0448793 -0.00396119 0.00102 
-0.042786 -0.00359954 0.00102 -0.0179231 -0.00300678 0.00102 -0.0141425 -0.00311887 0.00102 
-0.0120059 -0.00345367 0.00102 -0.0107529 -0.00365687 0.00102 -0.00941413 -0.00330341 0.00102 
-0.00254916 -0.00379952 0.00102 0.00975646 -0.00313231 0.00102 0.0293019 -0.00298432 0.00102 
-0.0408474 -0.00214648 0.00102 -0.0395569 -0.00227866 0.00102 -0.0198668 -0.00211416 0.00102 
-0.00896956 -0.00131708 0.00102 0.00664535 -0.00164817 0.00102 0.0154702 -0.00154679 0.00102 
0.0168839 -0.00210364 0.00102 -0.0376932 -0.000132947 0.00102 -0.0356048 -0.000104637 0.00102 
-0.0281455 -0.00127675 0.00102 -0.0283489 -0.000417126 0.00102 -0.0153419 -0.00108619 0.00102 
-0.00783961 -0.000387029 0.00102 -0.00702036 -0.00121172 0.00102 -0.000610522 -0.00103491 0.00102 
0.00127443 -0.000618905 0.00102 0.00643655 -0.000956063 0.00102 0.0140084 -6.89735e-05 0.00102 
0.0290986 -0.000251763 0.00102 0.039455 -0.000236508 0.00115 0.0420414 -0.00101026 0.00102 
-0.0416237 0.00110806 0.00102 -0.0332593 0.000859011 0.00102 -0.0260142 0.00017485 0.00102 
0.00635633 0.000852437 0.00102 0.0384376 0.000848974 0.00102 0.0407777 0.000744206 0.00102 
-0.0131355 0.00164571 0.00102 -0.00967086 0.00179773 0.00102 -0.00229178 0.0020129 0.00102 
0.00417698 0.0024455 0.00102 0.0116524 0.00206193 0.00102 0.0147261 0.00139147 0.00102 
0.0188762 0.00181355 0.00102 0.0189244 0.00254502 0.00102 0.032558 0.00153523 0.00102 
0.0362421 0.00170773 0.00102 -0.0325416 0.00283857 0.00102 -0.0261639 0.00337815 0.00102 
-0.0233311 0.00384073 0.00102 -0.0137512 0.00384646 0.00102 0.00243665 0.00282786 0.00102 
0.00265626 0.00371614 0.00102 0.00347554 0.00338662 0.00102 0.0183943 0.00266245 0.00102 
0.0449494 0.00392273 0.00102 -0.027449 0.00511055 0.00102 -0.025141 0.00447188 0.00102 
-0.00757157 0.00454821 0.00102 0.00314898 0.00491531 0.00102 0.0260144 0.00429017 0.00102 
0.0277548 0.0042931 0.00102 0.0292006 0.00433004 0.00102 0.0305447 0.00486582 0.00102 
0.0323225 0.00436429 0.00102 0.0404406 0.00462082 0.00102 -0.0406381 0.00555966 0.00102 
-0.0403489 0.00598291 0.00102 -0.037077 0.00611456 0.00102 -0.0287984 0.00559412 0.00102 
-0.0170872 0.00564833 0.00102 -0.01547 0.00642247 0.00102 -0.00723413 0.00605583 0.00102 
-0.00552594 0.00555795 0.00102 0.0011249 0.00615697 0.00102 0.0101693 0.00555192 0.00102 
0.0133448 0.00646544 0.00109331 0.021602 0.00540593 0.00102 0.0228765 0.00606581 0.00102 
0.0246705 0.0064451 0.00102 0.0250346 0.00641518 0.00102 0.030759 0.00580352 0.00102 
0.0332757 0.00539899 0.00102 0.0358407 0.00533501 0.00102 -0.0426568 0.00723228 0.00102 
-0.0429246 0.00657681 0.00102 -0.009285 0.00693532 0.00102 -0.00598638 0.00689803 0.00102 
0.00533928 0.00728904 0.00102 0.0110904 0.00657535 0.00102 0.0221269 0.00728552 0.00102 
0.0320014 0.00756294 0.00102 -0.0442311 0.00821601 0.00102 -0.019893 0.00878872 0.00102 
-0.0105861 0.00898083 0.00102 0.0142017 0.0079404 0.00102 0.0202046 0.00840095 0.00102 
0.023953 0.00820576 0.00102 0.0283387 0.00890506 0.00102 0.0324887 0.00836074 0.00102 
0.0340899 0.00882812 0.00102 -0.0408306 0.00999374 0.00102 -0.0408092 0.00981999 0.001075 
-0.0392616 0.00972366 0.00102 -0.0349081 0.00917553 0.00102 -0.0214351 0.00957734 0.00102 
-0.0101256 0.00978275 0.00102 0.00474506 0.0103043 0.00102 0.00978397 0.00922321 0.00102 
0.0197977 0.00963841 0.00102 0.0212596 0.00979192 0.00102 0.0211953 0.00966092 0.00102 
0.0234497 0.00978487 0.00102 0.027557 0.009967 0.00102 -0.0394276 0.0109375 0.00102 
-0.0371624 0.011326 0.00102 -0.00808524 0.0113378 0.00102 -0.00071691 0.0108932 0.00102 
0.00418285 0.0112423 0.00102 0.0399323 0.0117688 0.00102 0.0398091 0.011618 0.00102 
-0.0365733 0.0119208 0.00102 -0.0350204 0.0121089 0.00102 -0.00831541 0.0129665 0.00102 
-0.00279986 0.0127222 0.00102 0.00243185 0.0120975 0.00102 0.00861143 0.0123591 0.00102 
0.0128044 0.0127337 0.00102 0.014866 0.0127598 0.00102 0.0261916 0.0119357 0.00102 
0.0379188 0.0120326 0.00102 -0.0429188 0.0135204 0.00102 -0.034865 0.0142961 0.00102 
-0.0310202 0.0131063 0.00102 -0.00867948 0.0139924 0.00102 -0.00841171 0.0143034 0.00102 
8.23501e-07 0.0138406 0.00102 0.00789931 0.0136568 0.00102 0.0114764 0.0140289 0.00102 
0.012949 0.0143048 0.00102 0.0143092 0.0139794 0.00102 0.0248423 0.0143007 0.00102 
0.0287781 0.014071 0.00102 0.0311878 0.014057 0.00102 0.0336082 0.013194 0.00102 
0.0396593 0.013993 0.00102 0.0441199 0.0136981 0.00102 -0.0287818 0.014969 0.00102 
-0.0231109 0.0157017 0.00102 -0.0196462 0.0155185 0.00102 -0.0081225 0.0151775 0.00102 
-0.00307286 0.0144526 0.00102 0.000954082 0.0152563 0.00102 0.0121458 0.0151918 0.00102 
0.012585 0.0155082 0.00102 0.0153641 0.0146287 0.00102 0.0440772 0.0154938 0.00102 
-0.0408838 0.0159645 0.00102 -0.0286532 0.0159811 0.00102 -0.0161548 0.0159009 0.00102 
-0.00443291 0.0160613 0.00102 -0.00317984 0.0164631 0.00102 0.00517921 0.0169249 0.00102 
0.00976298 0.0163696 0.001075 0.0418335 0.0161761 0.00102 -0.0360536 0.0173104 0.00102 
-0.0193355 0.018129 0.00102 -0.0122189 0.0175978 0.001075 0.00546842 0.0177814 0.00102 
0.0215224 0.0171285 0.00102 0.0226738 0.0181095 0.00102 0.0256029 0.0175394 0.00102 
0.0407412 0.0174253 0.00102 -0.0436896 0.0195853 0.00102 -0.0363159 0.0185996 0.00102 
-0.0245993 0.0193658 0.00102 -0.0214239 0.0189608 0.00102 0.00395304 0.0187088 0.00102 
0.00757299 0.0192258 0.00102 0.0090081 0.0191686 0.00102 0.0122157 0.0191756 0.00102 
0.018015 0.0183735 0.00102 0.0323341 0.0191974 0.00102 0.0388885 0.0193682 0.00102 
-0.0431379 0.0208085 0.00102 -0.023041 0.0197144 0.00102 -0.022709 0.0198803 0.00102 
-0.0153727 0.020636 0.00102 -0.0144089 0.0201081 0.00102 0.00153271 0.0201988 0.00102 
0.00742845 0.0199749 0.00102 0.00976854 0.0197772 0.00102 0.0350116 0.0207306 0.00102 
-0.0282566 0.021284 0.00102 -0.0287332 0.0215601 0.00102 -0.0256005 0.0215871 0.00102 
-0.0122989 0.0222019 0.00102 0.00128112 0.0217131 0.00102 0.0123926 0.0218243 0.00102 
0.0362273 0.0220011 0.00102 0.0398418 0.0217469 0.00102 -0.0421793 0.0225172 0.00102 
-0.0349287 0.0230684 0.00102 -0.0324762 0.0230005 0.00102 -0.0295899 0.0232577 0.00102 
-0.0170112 0.0231088 0.00104145 -0.0148746 0.0223253 0.00102 0.00126512 0.0228658 0.00102 
0.0146363 0.0223077 0.00102 0.03506 0.0228899 0.00102 -0.0436572 0.0238848 0.00102 
-0.0267196 0.0236159 0.00102 -0.0138035 0.0240512 0.00102 -0.00782209 0.0241861 0.001075 
0.00264144 0.0247174 0.00102 0.0181332 0.0246356 0.001075 0.021223 0.0244832 0.00102 
0.0258603 0.0235991 0.00102 0.0307708 0.0242663 0.00102 0.0438582 0.0244724 0.00102 
-0.0386663 0.0253433 0.00102 -0.0132251 0.0252506 0.00102 -0.00739359 0.0259593 0.00102 
0.000162142 0.0251126 0.001075 0.0167463 0.0251763 0.00102 0.0226957 0.0260881 0.00102 
-0.0267569 0.0263983 0.00102 -0.0269229 0.0267788 0.00102 -0.0190887 0.0269029 0.00102 
-0.0128609 0.0265935 0.00102 -0.0114472 0.026715 0.00102 -0.0102477 0.0267602 0.00102 
-0.00563177 0.0268155 0.00102 0.00953871 0.0271324 0.00102 0.0395905 0.0272142 0.00102 
-0.0357156 0.0282031 0.00102 -0.0296003 0.0277025 0.00102 -0.0214233 0.0285543 0.00102 
-0.014478 0.0275162 0.00102 0.00834461 0.0278725 0.00102 0.0397191 0.0283771 0.00102 
-0.0406313 0.0295913 0.00102 -0.0376379 0.0294143 0.00102 -0.0152062 0.0294088 0.00102 
-0.0127911 0.0299546 0.00102 0.0191509 0.0299648 0.00102 0.0434247 0.0295768 0.00102 
-0.0409258 0.0305044 0.00102 -0.0368667 0.0306348 0.00102 -0.032208 0.0306075 0.00102 
-0.0313244 0.0314049 0.00102 -0.0260391 0.0304395 0.00102 -0.0219587 0.0304934 0.00102 
-0.0200898 0.0311527 0.00102 -0.0108954 0.0304 0.00102 0.00372347 0.0304157 0.00102 
0.0038092 0.0311583 0.00102 0.00519606 0.0301696 0.00102 0.0040127 0.0314243 0.00102 
0.0104707 0.0313218 0.00102 0.026696 0.03017 0.00102 0.0364634 0.0310238 0.00102 
0.0354139 0.0312817 0.00102 0.0444958 0.0309554 0.00102 -0.0213481 0.0319153 0.00102 
-0.0073504 0.0318329 0.00102 -0.00435696 0.0325462 0.00102 0.00390562 0.0317225 0.00102 
0.01325 0.0319187 0.00102 0.0191028 0.0315895 0.00102 0.0193546 0.0324404 0.00102 
0.0337272 0.0324898 0.00102 0.0372507 0.0318783 0.00102 0.0380057 0.0324307 0.00102 
-0.0425374 0.0333781 0.00102 -0.0359241 0.0337864 0.00102 -0.0337286 0.0337045 0.00102 
-0.0264781 0.032823 0.00102 0.00727395 0.0332762 0.00102 0.0152528 0.033152 0.00102 
0.0214431 0.0335886 0.00102 -0.0422696 0.0340949 0.00102 -0.0197415 0.0344175 0.00102 
-0.00472634 0.0344449 0.00102 0.00284552 0.0345861 0.00102 0.00317215 0.0343196 0.00102 
0.0132394 0.0345575 0.00102 0.0164577 0.0353116 0.00102 0.0231674 0.0340949 0.00102 
0.0278529 0.0342296 0.00102 -0.041477 0.0364172 0.00102 -0.0407273 0.0358476 0.00102 
-0.0155539 0.0359545 0.00102 -0.00750544 0.0361316 0.00102 -0.00196307 0.0366495 0.00102 
0.00888594 0.0360502 0.00102 -0.0245447 0.0378537 0.00102 0.0030545 0.0369981 0.00102 
0.00367032 0.0371324 0.00102 0.0297434 0.0373158 0.00102 0.0311732 0.0371467 0.00102 
0.0439232 0.0371117 0.00102 -0.00973825 0.0391656 0.00102 -0.00883869 0.0381834 0.00102 
-0.00647711 0.0391566 0.00102 -0.00585061 0.0388609 0.00102 0.0165329 0.0385374 0.00102 
0.0238959 0.0383247 0.00102 0.0281745 0.039089 0.00102 -0.039126 0.0399637 0.00102 
-0.0375088 0.0393741 0.00102 -0.0379532 0.0399341 0.00102 -0.0312382 0.0393096 0.00102 
-0.0112537 0.0395394 0.00102 0.00201585 0.0404036 0.00102 0.00308146 0.0401468 0.00102 
0.0221021 0.0401282 0.00102 0.0251972 0.0393087 0.00102 -0.0437633 0.0406561 0.00102 
-0.0281804 0.0418824 0.00102 -0.0133259 0.0414802 0.00102 -0.00785852 0.041878 0.00102 
0.0131273 0.040817 0.00102 0.0163992 0.0415262 0.00102 0.0222253 0.0407186 0.00102 
-0.0390027 0.0421086 0.00102 0.00805094 0.0422278 0.00102 0.0170579 0.0421878 0.00102 
0.0294278 0.0431452 0.00102 0.0430506 0.0422314 0.00102 -0.0205282 0.0432397 0.00102 
-0.0181988 0.0434549 0.00102 0.00513794 0.0433856 0.00102 0.00528787 0.0432844 0.00102 
0.0114086 0.0440135 0.00102 0.0352701 0.0439749 0.00102 0.0352379 0.0438995 0.00102 
0.0405446 0.0433429 0.00102 0.0399235 0.0434757 0.00102 -0.0440308 0.0448256 0.00102 
-0.0390775 0.0447256 0.00102 -0.0190394 0.0446837 0.00102 -0.0160353 0.0448572 0.00102 
0.0171919 0.0449185 0.00102 0.0211706 0.0445491 0.00102 0.0242571 -0.0100823 0.00423892 

VERTICES 649 648
OFFSETS vtktypeint64
0 1 2 3 4 5 6 7 8 
9 10 11 12 13 14 15 16 17 
18 19 20 21 22 23 24 25 26 
27 28 29 30 31 32 33 34 35 
36 37 38 39 40 41 42 43 44 
45 46 47 48 49 50 51 52 53 
54 55 56 57 58 59 60 61 62 
63 64 65 66 67 68 69 70 71 
72 73 74 75 76 77 78 79 80 
81 82 83 84 85 86 87 88 89 
90 91 92 93 94 95 96 97 98 
99 100 101 102 103 104 105 106 107 
108 109 110 111 112 113 114 115 116 
117 118 119 120 121 122 123 124 125 
126 127 128 129 130 131 132 133 134 
135 136 137 138 139 140 141 142 143 
144 145 146 147 148 149 150 151 152 
153 154 155 156 157 158 159 160 161 
162 163 164 165 166 167 168 169 170 
171 172 173 174 175 176 177 178 179 
180 181 182 183 184 185 186 187 188 
189 190 191 192 193 194 195 196 197 
198 199 200 201 202 203 204 205 206 
207 208 209 210 211 212 213 214 215 
216 217 218 219 220 221 222 223 224 
225 226 227 228 229 230 231 232 233 
234 235 236 237 238 239 240 241 242 
243 244 245 246 247 248 249 250 251 
252 253 254 255 256 257 258 259 260 
261 262 263 264 265 266 267 268 269 
270 271 272 273 274 275 276 277 278 
279 280 281 282 283 284 285 286 287 
288 289 290 291 292 293 294 295 296 
297 298 299 300 301 302 303 304 305 
306 307 308 309 310 311 312 313 314 
315 316 317 318 319 320 321 322 323 
324 325 326 327 328 329 330 331 332 
333 334 335 336 337 338 339 340 341 
342 343 344 345 346 347 348 349 350 
351 352 353 354 355 356 357 358 359 
360 361 362 363 364 365 366 367 368 
369 370 371 372 373 374 375 376 377 
378 379 380 381 382 383 384 385 386 
387 388 389 390 391 392 393 394 395 
396 397 398 399 400 401 402 403 404 
405 406 407 408 409 410 411 412 413 
414 415 416 417 418 419 420 421 422 
423 424 425 426 427 428 429 430 431 
432 433 434 435 436 437 438 439 440 
441 442 443 444 445 446 447 448 449 
450 451 452 453 454 455 456 457 458 
459 460 461 462 463 464 465 466 467 
468 469 470 471 472 473 474 475 476 
477 478 479 480 481 482 483 484 485 
486 487 488 489 490 491 492 493 494 
495 496 497 498 499 500 501 502 503 
504 505 506 507 508 509 510 511 512 
513 514 515 516 517 518 519 520 521 
522 523 524 525 526 527 528 529 530 
531 532 533 534 535 536 537 538 539 
540 541 542 543 544 545 546 547 548 
549 550 551 552 553 554 555 556 557 
558 559 560 561 562 563 564 565 566 
567 568 569 570 571 572 573 574 575 
576 577 578 579 580 581 582 583 584 
585 586 587 588 589 590 591 592 593 
594 595 596 597 598 599 600 601 602 
603 604 605 606 607 608 609 610 611 
612 613 614 615 616 617 618 619 620 
621 622 623 624 625 626 627 628 629 
630 631 632 633 634 635 636 637 638 
639 640 641 642 643 644 645 646 647 
648 
CONNECTIVITY vtktypeint64
0 1 2 3 4 5 6 7 8 
9 10 11 12 13 14 15 16 17 
18 19 20 21 22 23 24 25 26 
27 28 29 30 31 32 33 34 35 
36 37 38 39 40 41 42 43 44 
45 46 47 48 49 50 51 52 53 
54 55 56 57 58 59 60 61 62 
63 64 65 66 67 68 69 70 71 
72 73 74 75 76 77 78 79 80 
81 82 83 84 85 86 87 88 89 
90 91 92 93 94 95 96 97 98 
99 100 101 102 103 104 105 106 107 
108 109 110 111 112 113 114 115 116 
117 118 119 120 121 122 123 124 125 
126 127 128 129 130 131 132 133 134 
135 136 137 138 139 140 141 142 143 
144 145 146 147 148 149 150 151 152 
153 154 155 156 157 158 159 160 161 
162 163 164 165 166 167 168 169 170 
171 172 173 174 175 176 177 178 179 
180 181 182 183 184 185 186 187 188 
189 190 191 192 193 194 195 196 197 
198 199 200 201 202 203 204 205 206 
207 208 209 210 211 212 213 214 215 
216 217 218 219 220 221 222 223 224 
225 226 227 228 229 230 231 232 233 
234 235 236 237 238 239 240 241 242 
243 244 245 246 247 248 249 250 251 
252 253 254 255 256 257 258 259 260 
261 262 263 264 265 266 267 268 269 
270 271 272 273 274 275 276 277 278 
279 280 281 282 283 284 285 286 287 
288 289 290 291 292 293 294 295 296 
297 298 299 300 301 302 303 304 305 
306 307 308 309 310 311 312 313 314 
315 316 317 318 319 320 321 322 323 
324 325 326 327 328 329 330 331 332 
333 334 335 336 337 338 339 340 341 
342 343 344 345 346 347 348 349 350 
351 352 353 354 355 356 357 358 359 
360 361 362 363 364 365 366 367 368 
369 370 371 372 373 374 375 376 377 
378 379 380 381 382 383 384 385 386 
387 388 389 390 391 392 393 394 395 
396 397 398 399 400 401 402 403 404 
405 406 407 408 409 410 411 412 413 
414 415 416 417 418 419 420 421 422 
423 424 425 426 427 428 429 430 431 
432 433 434 435 436 437 438 439 440 
441 442 443 444 445 446 447 448 449 
450 451 452 453 454 455 456 457 458 
459 460 461 462 463 464 465 466 467 
468 469 470 471 472 473 474 475 476 
477 478 479 480 481 482 483 484 485 
486 487 488 489 490 491 492 493 494 
495 496 497 498 499 500 501 502 503 
504 505 506 507 508 509 510 511 512 
513 514 515 516 517 518 519 520 521 
522 523 524 525 526 527 528 529 530 
531 532 533 534 535 536 537 538 539 
540 541 542 543 544 545 546 547 548 
549 550 551 552 553 554 555 556 557 
558 559 560 561 562 563 564 565 566 
567 568 569 570 571 572 573 574 575 
576 577 578 579 580 581 582 583 584 
585 586 587 588 589 590 591 592 593 
594 595 596 597 598 599 600 601 602 
603 604 605 606 607 608 609 610 611 
612 613 614 615 616 617 618 619 620 
621 622 623 624 625 626 627 628 629 
630 631 632 633 634 635 636 637 638 
639 640 641 642 643 644 645 646 647 

POINT_DATA 648
FIELD FieldData 12
id 1 648 int
164 275 242 98 241 534 463 366 200 
188 230 89 84 346 93 31 258 113 
414 635 203 390 140 218 471 562 68 
457 632 591 52 429 577 597 207 271 
134 549 648 256 87 35 99 314 136 
326 508 312 173 210 34 92 459 359 
411 115 102 356 626 122 22 487 82 
226 67 159 24 436 492 344 518 402 
388 367 489 319 88 69 47 584 605 
229 350 156 571 616 51 347 589 634 
477 303 404 239 307 570 505 5 543 
525 333 304 250 185 398 283 636 107 
352 137 393 295 139 640 103 294 533 
548 502 354 96 629 331 147 120 445 
527 128 13 409 291 645 183 574 415 
627 604 532 121 190 267 430 335 581 
493 116 484 79 223 71 234 282 37 
526 541 513 416 449 192 323 329 578 
576 547 64 160 167 472 573 237 111 
317 403 174 25 28 470 479 177 154 
440 44 448 558 516 238 274 439 298 
539 247 289 551 517 355 603 496 572 
618 73 176 462 444 553 422 170 590 
143 374 381 376 168 240 290 537 74 
194 58 500 306 276 612 59 215 490 
441 460 530 211 644 380 146 8 43 
349 566 259 585 106 599 340 292 628 
638 554 16 544 617 23 227 248 264 
231 428 127 101 427 483 157 38 293 
3 311 95 569 324 260 608 602 53 
563 399 511 10 72 522 32 39 6 
42 336 580 27 278 615 368 383 243 
224 557 377 299 567 285 370 515 11 
252 105 125 133 647 50 263 57 385 
257 171 142 642 20 592 360 382 405 
151 135 610 371 204 568 542 205 217 
132 66 564 365 621 265 341 2 80 
75 389 83 630 465 196 499 36 565 
175 208 90 186 77 538 61 334 519 
212 300 244 598 641 305 86 284 56 
631 593 379 613 418 458 216 141 503 
501 495 407 478 245 486 545 456 546 
512 396 467 353 474 454 126 153 450 
301 425 213 426 528 423 556 316 124 
144 424 112 510 129 145 165 453 4 
261 400 197 288 338 497 255 214 420 
296 480 601 595 442 221 464 432 373 
345 181 262 60 273 401 378 21 446 
620 384 297 169 119 17 322 46 633 
41 150 491 310 395 236 363 63 48 
70 178 619 202 469 308 560 622 358 
315 228 468 220 473 193 15 40 433 
184 7 587 339 54 118 392 152 485 
582 110 417 443 364 447 117 607 161 
357 521 149 166 625 561 281 514 33 
49 138 646 431 337 18 529 279 287 
330 130 254 588 325 394 104 219 191 
109 97 14 520 12 78 507 189 206 
100 131 162 9 195 163 408 637 498 
266 30 535 280 199 461 410 609 209 
369 509 179 524 451 540 504 321 114 
506 594 596 488 269 419 187 343 201 
158 81 332 611 268 26 623 327 583 
253 222 148 29 481 65 180 94 466 
455 494 348 270 225 579 235 550 600 
387 85 313 391 552 251 421 233 309 
624 452 232 286 437 182 482 362 198 
531 320 559 413 45 246 328 536 523 
76 249 318 155 123 643 435 386 575 
555 361 277 606 412 62 372 91 434 
108 19 406 375 586 342 302 397 475 
272 351 639 476 172 614 55 438 1 

type 1 648 int
1 1 1 1 1 1 1 1 1 
1 1 1 1 1 1 1 1 1 
1 1 1 1 1 1 1 1 1 
1 1 1 1 1 1 1 1 1 
1 1 1 1 1 1 1 1 1 
1 1 1 1 1 1 1 1 1 
1 1 1 1 1 1 1 1 1 
1 1 1 1 1 1 1 1 1 
1 1 1 1 1 1 1 1 1 
1 1 1 1 1 1 1 1 2 
1 1 1 1 1 1 1 2 1 
1 1 1 1 1 1 1 1 1 
1 1 1 1 1 1 1 1 1 
1 1 1 1 1 1 1 1 1 
1 1 2 1 1 1 1 1 1 
1 1 1 1 1 1 1 1 1 
1 1 1 1 1 1 1 1 1 
1 1 1 1 1 1 1 1 1 
1 1 1 1 1 1 1 1 1 
1 1 1 1 1 1 1 1 1 
1 1 1 1 2 1 1 1 1 
1 1 1 1 1 1 1 1 1 
1 1 1 1 1 1 1 1 1 
1 1 1 1 1 1 1 1 1 
1 1 1 1 1 1 1 1 1 
1 1 1 1 1 1 1 2 1 
1 1 1 1 1 1 1 1 1 
1 1 2 1 1 1 1 1 1 
1 1 1 1 1 1 1 1 1 
2 1 1 1 1 1 1 1 1 
1 1 1 2 1 1 1 1 2 
1 1 1 1 1 1 1 1 1 
1 1 1 1 1 1 1 1 2 
1 1 1 1 1 1 1 1 1 
1 1 1 1 1 1 1 1 1 
1 1 1 1 1 1 1 1 1 
1 1 1 1 1 1 1 3 1 
1 1 1 1 1 1 1 1 1 
1 1 1 1 1 1 1 1 1 
1 1 1 1 1 1 1 1 1 
1 1 1 1 1 1 1 1 1 
1 1 1 1 1 1 1 1 1 
2 1 1 1 1 1 1 1 1 
1 1 1 1 1 1 1 1 1 
1 1 1 1 1 1 1 1 2 
1 1 1 1 1 1 1 1 1 
1 1 1 1 1 1 1 1 1 
1 1 1 1 1 1 1 1 1 
1 1 1 1 1 1 1 1 1 
1 1 1 1 1 1 1 1 1 
1 1 1 1 1 1 1 1 1 
1 1 1 1 1 1 2 1 1 
1 2 1 1 1 1 1 1 1 
1 1 1 1 1 1 1 1 1 
1 1 1 1 1 1 1 1 1 
1 1 1 1 1 1 1 1 1 
1 1 1 1 1 1 1 1 1 
1 1 2 1 2 1 1 1 1 
1 1 1 2 1 1 1 1 1 
1 1 1 1 1 1 1 1 1 
1 1 1 1 1 1 1 1 1 
1 1 1 1 1 1 1 1 1 
1 1 1 1 1 1 1 1 1 
1 1 1 1 1 1 1 1 1 
1 1 1 1 1 1 1 1 1 
1 1 1 1 1 1 1 1 1 
1 1 1 1 1 1 1 1 1 
1 1 1 1 1 1 1 1 1 
1 1 1 1 1 1 1 1 1 
1 1 1 1 1 1 1 1 1 
1 1 1 1 1 1 1 1 1 
1 1 1 1 1 1 1 1 4 

i 3 648 int
0 0 0 0 0 0 0 0 0 
0 0 0 0 0 0 0 0 0 
0 0 0 0 0 0 0 0 0 
0 0 0 0 0 0 0 0 0 
0 0 0 0 0 0 0 0 0 
0 0 0 0 0 0 0 0 0 
0 0 0 0 0 0 0 0 0 
0 0 0 0 0 0 0 0 0 
0 0 0 0 0 0 0 0 0 
0 0 0 0 0 0 0 0 0 
0 0 0 0 0 0 0 0 0 
0 0 0 0 0 0 0 0 0 
0 0 0 0 0 0 0 0 0 
0 0 0 0 0 0 0 0 0 
0 0 0 0 0 0 0 0 0 
0 0 0 0 0 0 0 0 0 
0 0 0 0 0 0 0 0 0 
0 0 0 0 0 0 0 0 0 
0 0 0 0 0 0 0 0 0 
0 0 0 0 0 0 0 0 0 
0 0 0 0 0 0 0 0 0 
0 0 0 0 0 0 0 0 0 
0 0 0 0 0 0 0 0 0 
0 0 0 0 0 0 0 0 0 
0 0 0 0 0 0 0 0 0 
0 0 0 0 0 0 0 0 0 
0 0 0 0 0 0 0 0 0 
0 0 0 0 0 0 0 0 0 
0 0 0 0 0 0 0 0 0 
0 0 0 0 0 0 0 0 0 
0 0 0 0 0 0 0 0 0 
0 0 0 0 0 0 0 0 0 
0 0 0 0 0 0 0 0 0 
0 0 0 0 0 0 0 0 0 
0 0 0 0 0 0 0 0 0 
0 0 0 0 0 0 0 0 0 
0 0 0 0 0 0 0 0 0 
0 0 0 0 0 0 0 0 0 
0 0 0 0 0 0 0 0 0 
0 0 0 0 0 0 0 0 0 
0 0 0 0 0 0 0 0 0 
0 0 0 0 0 0 0 0 0 
0 0 0 0 0 0 0 0 0 
0 0 0 0 0 0 0 0 0 
0 0 0 0 0 0 0 0 0 
0 0 0 0 0 0 0 0 0 
0 0 0 0 0 0 0 0 0 
0 0 0 0 0 0 0 0 0 
0 0 0 0 0 0 0 0 0 
0 0 0 0 0 0 0 0 0 
0 0 0 0 0 0 0 0 0 
0 0 0 0 0 0 0 0 0 
0 0 0 0 0 0 0 0 0 
0 0 0 0 0 0 0 0 0 
0 0 0 0 0 0 0 0 0 
0 0 0 0 0 0 0 0 0 
0 0 0 0 0 0 0 0 0 
0 0 0 0 0 0 0 0 0 
0 0 0 0 0 0 0 0 0 
0 0 0 0 0 0 0 0 0 
0 0 0 0 0 0 0 0 0 
0 0 0 0 0 0 0 0 0 
0 0 0 0 0 0 0 0 0 
0 0 0 0 0 0 0 0 0 
0 0 0 0 0 0 0 0 0 
0 0 0 0 0 0 0 0 0 
0 0 0 0 0 0 0 0 0 
0 0 0 0 0 0 0 0 0 
0 0 0 0 0 0 0 0 0 
0 0 0 0 0 0 0 0 0 
0 0 0 0 0 0 0 0 0 
0 0 0 0 0 0 0 0 0 
0 0 0 0 0 0 0 0 0 
0 0 0 0 0 0 0 0 0 
0 0 0 0 0 0 0 0 0 
0 0 0 0 0 0 0 0 0 
0 0 0 0 0 0 0 0 0 
0 0 0 0 0 0 0 0 0 
0 0 0 0 0 0 0 0 0 
0 0 0 0 0 0 0 0 0 
0 0 0 0 0 0 0 0 0 
0 0 0 0 0 0 0 0 0 
0 0 0 0 0 0 0 0 0 
0 0 0 0 0 0 0 0 0 
0 0 0 0 0 0 0 0 0 
0 0 0 0 0 0 0 0 0 
0 0 0 0 0 0 0 0 0 
0 0 0 0 0 0 0 0 0 
0 0 0 0 0 0 0 0 0 
0 0 0 0 0 0 0 0 0 
0 0 0 0 0 0 0 0 0 
0 0 0 0 0 0 0 0 0 
0 0 0 0 0 0 0 0 0 
0 0 0 0 0 0 0 0 0 
0 0 0 0 0 0 0 0 0 
0 0 0 0 0 0 0 0 0 
0 0 0 0 0 0 0 0 0 
0 0 0 0 0 0 0 0 0 
0 0 0 0 0 0 0 0 0 
0 0 0 0 0 0 0 0 0 
0 0 0 0 0 0 0 0 0 
0 0 0 0 0 0 0 0 0 
0 0 0 0 0 0 0 0 0 
0 0 0 0 0 0 0 0 0 
0 0 0 0 0 0 0 0 0 
0 0 0 0 0 0 0 0 0 
0 0 0 0 0 0 0 0 0 
0 0 0 0 0 0 0 0 0 
0 0 0 0 0 0 0 0 0 
0 0 0 0 0 0 0 0 0 
0 0 0 0 0 0 0 0 0 
0 0 0 0 0 0 0 0 0 
0 0 0 0 0 0 0 0 0 
0 0 0 0 0 0 0 0 0 
0 0 0 0 0 0 0 0 0 
0 0 0 0 0 0 0 0 0 
0 0 0 0 0 0 0 0 0 
0 0 0 0 0 0 0 0 0 
0 0 0 0 0 0 0 0 0 
0 0 0 0 0 0 0 0 0 
0 0 0 0 0 0 0 0 0 
0 0 0 0 0 0 0 0 0 
0 0 0 0 0 0 0 0 0 
0 0 0 0 0 0 0 0 0 
0 0 0 0 0 0 0 0 0 
0 0 0 0 0 0 0 0 0 
0 0 0 0 0 0 0 0 0 
0 0 0 0 0 0 0 0 0 
0 0 0 0 0 0 0 0 0 
0 0 0 0 0 0 0 0 0 
0 0 0 0 0 0 0 0 0 
0 0 0 0 0 0 0 0 0 
0 0 0 0 0 0 0 0 0 
0 0 0 0 0 0 0 0 0 
0 0 0 0 0 0 0 0 0 
0 0 0 0 0 0 0 0 0 
0 0 0 0 0 0 0 0 0 
0 0 0 0 0 0 0 0 0 
0 0 0 0 0 0 0 0 0 
0 0 0 0 0 0 0 0 0 
0 0 0 0 0 0 0 0 0 
0 0 0 0 0 0 0 0 0 
0 0 0 0 0 0 0 0 0 
0 0 0 0 0 0 0 0 0 
0 0 0 0 0 0 0 0 0 
0 0 0 0 0 0 0 0 0 
0 0 0 0 0 0 0 0 0 
0 0 0 0 0 0 0 0 0 
0 0 0 0 0 0 0 0 0 
0 0 0 0 0 0 0 0 0 
0 0 0 0 0 0 0 0 0 
0 0 0 0 0 0 0 0 0 
0 0 0 0 0 0 0 0 0 
0 0 0 0 0 0 0 0 0 
0 0 0 0 0 0 0 0 0 
0 0 0 0 0 0 0 0 0 
0 0 0 0 0 0 0 0 0 
0 0 0 0 0 0 0 0 0 
0 0 0 0 0 0 0 0 0 
0 0 0 0 0 0 0 0 0 
0 0 0 0 0 0 0 0 0 
0 0 0 0 0 0 0 0 0 
0 0 0 0 0 0 0 0 0 
0 0 0 0 0 0 0 0 0 
0 0 0 0 0 0 0 0 0 
0 0 0 0 0 0 0 0 0 
0 0 0 0 0 0 0 0 0 
0 0 0 0 0 0 0 0 0 
0 0 0 0 0 0 0 0 0 
0 0 0 0 0 0 0 0 0 
0 0 0 0 0 0 0 0 0 
0 0 0 0 0 0 0 0 0 
0 0 0 0 0 0 0 0 0 
0 0 0 0 0 0 0 0 0 
0 0 0 0 0 0 0 0 0 
0 0 0 0 0 0 0 0 0 
0 0 0 0 0 0 0 0 0 
0 0 0 0 0 0 0 0 0 
0 0 0 0 0 0 0 0 0 
0 0 0 0 0 0 0 0 0 
0 0 0 0 0 0 0 0 0 
0 0 0 0 0 0 0 0 0 
0 0 0 0 0 0 0 0 0 
0 0 0 0 0 0 0 0 0 
0 0 0 0 0 0 0 0 0 
0 0 0 0 0 0 0 0 0 
0 0 0 0 0 0 0 0 0 
0 0 0 0 0 0 0 0 0 
0 0 0 0 0 0 0 0 0 
0 0 0 0 0 0 0 0 0 
0 0 0 0 0 0 0 0 0 
0 0 0 0 0 0 0 0 0 
0 0 0 0 0 0 0 0 0 
0 0 0 0 0 0 0 0 0 
0 0 0 0 0 0 0 0 0 
0 0 0 0 0 0 0 0 0 
0 0 0 0 0 0 0 0 0 
0 0 0 0 0 0 0 0 0 
0 0 0 0 0 0 0 0 0 
0 0 0 0 0 0 0 0 0 
0 0 0 0 0 0 0 0 0 
0 0 0 0 0 0 0 0 0 
0 0 0 0 0 0 0 0 0 
0 0 0 0 0 0 0 0 0 
0 0 0 0 0 0 0 0 0 
0 0 0 0 0 0 0 0 0 
0 0 0 0 0 0 0 0 0 
0 0 0 0 0 0 0 0 0 
0 0 0 0 0 0 0 0 0 
0 0 0 0 0 0 0 0 0 
0 0 0 0 0 0 0 0 0 
0 0 0 0 0 0 0 0 0 
0 0 0 0 0 0 0 0 0 
0 0 0 0 0 0 0 0 0 
0 0 0 0 0 0 0 0 0 
0 0 0 0 0 0 0 0 0 

v 3 648 double
0 0 3.2413285931e-14 0 0 3.2413289883e-14 0 0 -6.3625037538e-14 
0 0 -1.5605880046e-14 0 0 -6.3625041509e-14 0 0 3.2413289946e-14 
0 0 3.2413285929e-14 0 0 8.0432447451e-14 0 0 3.2413290076e-14 
0 0 3.2413289856e-14 0 0 -6.3625041504e-14 0 0 -6.3625041548e-14 
0 0 3.2413289922e-14 0 0 8.0432447445e-14 0 0 8.0432443553e-14 
0 0 8.0432447453e-14 0 0 -6.3625037742e-14 0 0 8.0432447407e-14 
0 0 3.2413290034e-14 0 0 3.241328997e-14 0 0 3.2413289901e-14 
0 0 8.0432447423e-14 0 0 8.0432443483e-14 0 0 8.0432443462e-14 
0 0 -6.3625037644e-14 0 0 8.0432443484e-14 0 0 -1.5605880116e-14 
0 0 8.0432443502e-14 0 0 3.2413289941e-14 0 0 3.2413286069e-14 
0 0 -6.3625037552e-14 0 0 -1.5605880184e-14 0 0 3.2413289858e-14 
0 0 -1.5605880022e-14 0 0 -1.5605880166e-14 0 0 -1.5605879983e-14 
0 0 8.0432447366e-14 0 0 3.2413289876e-14 0 0 -1.5605880065e-14 
0 0 8.0432443586e-14 0 0 -1.5605880071e-14 0 0 8.0432443653e-14 
0 0 8.0432443501e-14 0 0 8.0432447523e-14 0 0 -6.3625037556e-14 
0 0 8.0432443558e-14 0 0 3.241328596e-14 0 0 3.2413290029e-14 
0 0 3.2413289865e-14 0 0 -6.3625037535e-14 0 0 8.0432443647e-14 
0 0 3.2413286072e-14 0 0 3.2413289944e-14 0 0 -6.3625041602e-14 
0 0 3.2413289992e-14 0 0 3.2413286006e-14 0 0 -1.5605880146e-14 
0 0 -1.5605879955e-14 0 0 8.0432443574e-14 0 0 8.0432447447e-14 
0 0 -1.5605879966e-14 0 0 3.241329004e-14 0 0 3.241328992e-14 
0 0 3.2413290075e-14 0 0 3.2413290065e-14 0 0 3.2413290073e-14 
0 0 3.2413286102e-14 0 0 -1.5605880187e-14 0 0 -1.5605880177e-14 
0 0 -1.5605880175e-14 0 0 -1.5605880053e-14 0 0 -6.3625037656e-14 
0 0 -1.5605880188e-14 0 0 8.0432447578e-14 0 0 -6.3625037542e-14 
0 0 -1.560588001e-14 0 0 8.0432443439e-14 0 0 3.2413289871e-14 
0 0 8.0432447571e-14 0 0 8.0432447364e-14 0 0 -1.560588394e-14 
0 0 -6.3625041662e-14 0 0 -1.560588008e-14 0 0 8.0432447406e-14 
0 0 8.043244362e-14 0 0 -6.3625037659e-14 0 0 8.0432447536e-14 
0 0 3.241329003e-14 0 0 8.043244348e-14 0 0 0.0031497806523 
0 0 3.241329004e-14 0 0 3.2413289948e-14 0 0 3.2413290061e-14 
0 0 -6.3625037699e-14 0 0 -1.5605880035e-14 0 0 8.0432443556e-14 
0 0 8.0432447391e-14 0 0 2.380718036e-14 0 0 8.0432443566e-14 
0 0 -1.5605880062e-14 0 0 -6.3625037751e-14 0 0 3.2413289938e-14 
0 0 -6.362504164e-14 0 0 8.0432447378e-14 0 0 -6.3625041633e-14 
0 0 -1.5605880175e-14 0 0 3.2413290025e-14 0 0 8.0432447469e-14 
0 0 3.2413289892e-14 0 0 8.0432443568e-14 0 0 -6.3625037667e-14 
0 0 -6.3625037735e-14 0 0 -1.5605880029e-14 0 0 -0.00084821888595 
0 0 3.2413290009e-14 0 0 3.2413290012e-14 0 0 8.0432447387e-14 
0 0 8.0432443586e-14 0 0 3.2413289907e-14 0 0 8.0432447589e-14 
0 0 -6.3625037657e-14 0 0 3.2413290019e-14 0 0 8.0432443464e-14 
0 0 -6.3625037706e-14 0 0 -6.3625037675e-14 0 0 8.043244351e-14 
0 0 -1.5605880084e-14 0 0 3.2413286112e-14 0 0 2.3807180484e-14 
0 0 3.2413290006e-14 0 0 3.2413289856e-14 0 0 3.241328614e-14 
0 0 8.0432447413e-14 0 0 -1.5605880022e-14 0 0 -6.3625037691e-14 
0 0 8.0432443552e-14 0 0 8.0432443659e-14 0 0 8.0432447504e-14 
0 0 8.0432443435e-14 0 0 3.2413289933e-14 0 0 3.2413285961e-14 
0 0 -1.5605880164e-14 0 0 -6.3625037658e-14 0 0 -1.5605880109e-14 
0 0 -6.362503768e-14 0 0 8.0432447389e-14 0 0 -1.5605880115e-14 
0 0 -6.3625037641e-14 0 0 -6.3625041621e-14 0 0 8.0432447527e-14 
0 0 -6.3625037645e-14 0 0 8.0432447432e-14 0 0 -1.5605880109e-14 
0 0 3.2413290071e-14 0 0 -6.3625037711e-14 0 0 -6.3625037671e-14 
0 0 8.0432447405e-14 0 0 3.2413289981e-14 0 0 8.0432443634e-14 
0 0 -1.5605879974e-14 0 0 3.2413289921e-14 0 0 3.2413289927e-14 
0 0 -1.5605879988e-14 0 0 -6.3625037651e-14 0 0 3.241328999e-14 
0 0 -6.362503768e-14 0 0 3.2413289859e-14 0 0 8.043244354e-14 
0 0 -1.5605879955e-14 0 0 -1.5605880089e-14 0 0 -6.3625037676e-14 
0 0 8.0432447426e-14 0 0 -1.5605880079e-14 0 0 3.2413289861e-14 
0 0 -1.560588018e-14 0 0 -6.362503768e-14 0 0 8.0432443599e-14 
0 0 -1.5605879998e-14 0 0 -1.5605880035e-14 0 0 8.0432443456e-14 
0 0 -1.5605880009e-14 0 0 8.0432443508e-14 0 0 -6.3625037595e-14 
0 0 -6.362503769e-14 0 0 -1.6355057168e-14 0 0 3.2413289963e-14 
0 0 8.0432443578e-14 0 0 8.0432443441e-14 0 0 -1.5605880132e-14 
0 0 -1.5605879979e-14 0 0 3.2413290005e-14 0 0 -1.5605879989e-14 
0 0 -6.3625037548e-14 0 0 3.2413289936e-14 0 0 3.2413286097e-14 
0 0 -6.3625037574e-14 0 0 3.2413289993e-14 0 0 3.2413286103e-14 
0 0 -6.3625041492e-14 0 0 3.2413289869e-14 0 0 8.0432447375e-14 
0 0 8.0432447378e-14 0 0 8.0432443553e-14 0 0 -1.5605880013e-14 
0 0 3.2413289842e-14 0 0 8.0432447562e-14 0 0 -1.5605880079e-14 
0 0 8.0432447456e-14 0 0 8.0432443617e-14 0 0 3.2413289871e-14 
0 0 -6.3625041627e-14 0 0 8.0432447444e-14 0 0 8.0432447374e-14 
0 0 -6.3625037551e-14 0 0 -1.560588015e-14 0 0 -1.5605880007e-14 
0 0 8.0432443571e-14 0 0 3.241328991e-14 0 0 -6.3625037546e-14 
0 0 8.043244366e-14 0 0 -6.3625037523e-14 0 0 3.2413286155e-14 
0 0 3.2413289957e-14 0 0 -1.5605880133e-14 0 0 -1.5605880127e-14 
0 0 -1.5605879964e-14 0 0 -1.5605880071e-14 0 0 3.2413290079e-14 
0 0 -6.3625041469e-14 0 0 -1.560587999e-14 0 0 8.0432443478e-14 
0 0 -6.3625041551e-14 0 0 6.3969433919e-14 0 0 -6.3625041555e-14 
0 0 8.0432443486e-14 0 0 3.2413289951e-14 0 0 -6.3625041646e-14 
0 0 -6.362504168e-14 0 0 3.2413290023e-14 0 0 -6.3625037644e-14 
0 0 -6.3625037729e-14 0 0 8.043244346e-14 0 0 3.2413289904e-14 
0 0 8.0432443547e-14 0 0 -1.5605880091e-14 0 0 6.396943398e-14 
0 0 -6.3625041676e-14 0 0 8.0432447503e-14 0 0 3.2413289948e-14 
0 0 8.0432443472e-14 0 0 3.2413289933e-14 0 0 3.2413289879e-14 
0 0 3.2413289993e-14 0 0 8.0432447411e-14 0 0 3.241328986e-14 
0 0 -1.5605880178e-14 0 0 8.0432447466e-14 0 0 -1.5605879967e-14 
0 0 8.0432443515e-14 0 0 3.2413289997e-14 0 0 8.0432443474e-14 
0 0 -1.6355057242e-14 0 0 -1.560587999e-14 0 0 8.0432447535e-14 
0 0 -1.5605879997e-14 0 0 3.2413290061e-14 0 0 8.0432447569e-14 
0 0 -6.3625041638e-14 0 0 -6.3625037717e-14 0 0 3.2413289861e-14 
0 0 3.2413289908e-14 0 0 -6.3625037717e-14 0 0 -6.3625037684e-14 
0 0 3.7260695781e-15 0 0 8.0432443602e-14 0 0 -6.3625037603e-14 
0 0 3.2413289991e-14 0 0 -6.3625037532e-14 0 0 8.4050544615e-14 
0 0 -1.5605880012e-14 0 0 -1.5605880027e-14 0 0 -1.5605880001e-14 
0 0 -6.3625037549e-14 0 0 8.0432447417e-14 0 0 -1.5605883972e-14 
0 0 8.0432443515e-14 0 0 3.2413285982e-14 0 0 8.043244364e-14 
0 0 -6.3625037573e-14 0 0 3.2413289987e-14 0 0 -1.5605880165e-14 
0 0 8.043244362e-14 0 0 8.0432447427e-14 0 0 -1.5605880121e-14 
0 0 8.0432447573e-14 0 0 8.0432443539e-14 0 0 2.3807180391e-14 
0 0 -1.5605880012e-14 0 0 -6.3625037556e-14 0 0 3.2413289846e-14 
0 0 -6.3625037632e-14 0 0 -1.5605880044e-14 0 0 -1.560588403e-14 
0 0 -1.5605880018e-14 0 0 8.0432443644e-14 0 0 -1.5605880028e-14 
0 0 -6.3625037734e-14 0 0 -6.3625037758e-14 0 0 -1.5605880115e-14 
0 0 -1.5605879988e-14 0 0 8.0432443443e-14 0 0 8.0432443475e-14 
0 0 8.0432443608e-14 0 0 -1.5605880127e-14 0 0 -1.5605880014e-14 
0 0 8.0432447469e-14 0 0 8.0432443463e-14 0 0 -6.3625041667e-14 
0 0 -1.5605880012e-14 0 0 -1.5605880097e-14 0 0 -1.5605879983e-14 
0 0 8.0432443597e-14 0 0 -1.5605880138e-14 0 0 -6.3625037572e-14 
0 0 3.2413286008e-14 0 0 3.2413289914e-14 0 0 8.0432443577e-14 
0 0 -1.5605880129e-14 0 0 -1.5605879975e-14 0 0 -1.5605880051e-14 
0 0 3.2413290042e-14 0 0 6.8874062535e-15 0 0 -6.3625037715e-14 
0 0 -6.3625041613e-14 0 0 8.0432447396e-14 0 0 8.0432447404e-14 
0 0 -1.5605880086e-14 0 0 -1.560588404e-14 0 0 -1.5605880059e-14 
0 0 -6.362504165e-14 0 0 8.0432443503e-14 0 0 3.2413289963e-14 
0 0 3.24132899e-14 0 0 -1.5605880073e-14 0 0 3.2413290015e-14 
0 0 3.2413289968e-14 0 0 -6.3625041604e-14 0 0 8.0432443482e-14 
0 0 -6.3625041444e-14 0 0 8.0432443528e-14 0 0 3.2413289948e-14 
0 0 -1.5605880048e-14 0 0 -6.3625041669e-14 0 0 3.2413289993e-14 
0 0 8.0432447461e-14 0 0 8.0432447505e-14 0 0 -6.3625037571e-14 
0 0 -1.5605879994e-14 0 0 -6.3625037594e-14 0 0 3.2413290066e-14 
0 0 3.2413289891e-14 0 0 8.0432443667e-14 0 0 8.0432447426e-14 
0 0 3.2413289871e-14 0 0 8.0432443491e-14 0 0 8.0432443537e-14 
0 0 8.0432447581e-14 0 0 8.0432443641e-14 0 0 8.0432443594e-14 
0 0 8.0432447439e-14 0 0 3.2413290052e-14 0 0 8.0432443498e-14 
0 0 3.2413285952e-14 0 0 -1.5605880089e-14 0 0 3.2413290046e-14 
0 0 -1.5605880141e-14 0 0 8.0432443535e-14 0 0 8.0432447553e-14 
0 0 -0.0086355990259 0 0 8.0432443665e-14 0 0 8.0432447559e-14 
0 0 3.2413289844e-14 0 0 -6.3625041574e-14 0 0 8.0432447454e-14 
0 0 3.2413289945e-14 0 0 -6.3625037692e-14 0 0 8.0432447373e-14 
0 0 -6.362503753e-14 0 0 -6.362503754e-14 0 0 3.2413290029e-14 
0 0 3.2413289885e-14 0 0 8.0432447581e-14 0 0 -1.5605880048e-14 
0 0 -1.5605880051e-14 0 0 -6.362503771e-14 0 0 8.0432447496e-14 
0 0 -1.5605880138e-14 0 0 -6.3625037706e-14 0 0 8.0432447358e-14 
0 0 3.2413289929e-14 0 0 3.2413285933e-14 0 0 3.2413290026e-14 
0 0 -1.5605880065e-14 0 0 8.0432447584e-14 0 0 3.7260696598e-15 
0 0 8.0432443639e-14 0 0 3.241329003e-14 0 0 3.2413289894e-14 
0 0 3.2413286133e-14 0 0 -1.5605880057e-14 0 0 3.241329006e-14 
0 0 3.241328603e-14 0 0 3.2413286034e-14 0 0 3.2413290022e-14 
0 0 -1.5605880171e-14 0 0 -1.5605880163e-14 0 0 -1.5605884023e-14 
0 0 -6.362504148e-14 0 0 -6.3625037655e-14 0 0 3.2413290079e-14 
0 0 -6.3625037534e-14 0 0 8.0432443489e-14 0 0 8.0432447365e-14 
0 0 3.2413290005e-14 0 0 8.0432443454e-14 0 0 3.2413290001e-14 
0 0 8.0432443515e-14 0 0 8.0432443624e-14 0 0 8.0432443578e-14 
0 0 -1.5605880142e-14 0 0 3.2413289941e-14 0 0 3.2413289953e-14 
0 0 8.0432447379e-14 0 0 8.0432447533e-14 0 0 8.0432443443e-14 
0 0 3.2413285951e-14 0 0 3.2413289924e-14 0 0 -1.5605884107e-14 
0 0 3.2413290037e-14 0 0 8.0432443621e-14 0 0 3.2413285932e-14 
0 0 8.0432447567e-14 0 0 8.0432447588e-14 0 0 8.043244739e-14 
0 0 8.0432443526e-14 0 0 -1.5605879986e-14 0 0 8.0432447381e-14 
0 0 3.2413289936e-14 0 0 -1.5605880068e-14 0 0 -6.3625037589e-14 
0 0 3.2413289855e-14 0 0 3.2413289923e-14 0 0 3.2413289968e-14 
0 0 8.0432443646e-14 0 0 8.0432447503e-14 0 0 -6.362503774e-14 
0 0 -6.3625037708e-14 0 0 3.2413289924e-14 0 0 8.0432447384e-14 
0 0 3.2413289875e-14 0 0 -1.5605880148e-14 0 0 8.0432447494e-14 
0 0 3.2413290079e-14 0 0 -1.5605879956e-14 0 0 8.0432443436e-14 
0 0 3.7260697123e-15 0 0 8.0432447496e-14 0 0 8.043244366e-14 
0 0 3.2413289997e-14 0 0 -3.6436183864e-14 0 0 8.0432443452e-14 
0 0 8.0432443654e-14 0 0 8.0432447583e-14 0 0 3.2413289899e-14 
0 0 8.0432443467e-14 0 0 -1.5605880105e-14 0 0 -1.5605879987e-14 
0 0 3.2413290069e-14 0 0 8.0432443436e-14 0 0 3.2413290025e-14 
0 0 8.0432443666e-14 0 0 3.2413290061e-14 0 0 -1.5605880095e-14 
0 0 8.0432447543e-14 0 0 8.0432447386e-14 0 0 8.0432447472e-14 
0 0 8.0432443564e-14 0 0 3.2413285938e-14 0 0 8.0432447477e-14 
0 0 -1.5605883967e-14 0 0 -6.3625041576e-14 0 0 -6.3625037579e-14 
0 0 -6.3625041549e-14 0 0 3.2413290024e-14 0 0 8.0432447518e-14 
0 0 8.043244349e-14 0 0 -6.3625037654e-14 0 0 -1.5605880028e-14 
0 0 3.2413289877e-14 0 0 -1.5605880059e-14 0 0 8.0432447524e-14 
0 0 8.0432447502e-14 0 0 8.0432447466e-14 0 0 -1.5605880017e-14 
0 0 8.0432443459e-14 0 0 -6.3625037706e-14 0 0 3.2413289921e-14 
0 0 -0.01601971906 0 0 3.2413289967e-14 0 0 -6.3625037647e-14 
0 0 -1.5605880135e-14 0 0 3.2413286037e-14 0 0 -6.3625037633e-14 
0 0 8.0432447382e-14 0 0 -1.5605879955e-14 0 0 2.3807180375e-14 
0 0 8.0432447577e-14 0 0 6.3969434033e-14 0 0 8.0432447366e-14 
0 0 8.0432447499e-14 0 0 -1.5605880188e-14 0 0 8.0432443669e-14 
0 0 3.2413289937e-14 0 0 3.2413290012e-14 0 0 8.0432447571e-14 
0 0 4.3888323211e-14 0 0 3.2413286009e-14 0 0 3.2413289873e-14 
0 0 -6.3625037569e-14 0 0 3.2413289937e-14 0 0 3.2413289963e-14 
0 0 3.2413290003e-14 0 0 3.2413289974e-14 0 0 8.0432443661e-14 
0 0 3.241329005e-14 0 0 8.0432447478e-14 0 0 8.0432447579e-14 
0 0 8.0432443667e-14 0 0 -1.5605880036e-14 0 0 3.2413289872e-14 
0 0 -1.5605880081e-14 0 0 3.2413290042e-14 0 0 -1.5605880169e-14 
0 0 8.0432447486e-14 0 0 3.2413289974e-14 0 0 -6.3625037711e-14 
0 0 8.0432443539e-14 0 0 3.2413290049e-14 0 0 -6.3625037625e-14 
0 0 8.0432447534e-14 0 0 8.0432447377e-14 0 0 -1.5605880101e-14 
0 0 8.0432443664e-14 0 0 -6.3625041599e-14 0 0 8.0432447509e-14 
0 0 3.2413290066e-14 0 0 -6.3625037602e-14 0 0 3.2413285974e-14 
0 0 3.2413289863e-14 0 0 8.0432447491e-14 0 0 -6.3625037672e-14 
0 0 8.0432443524e-14 0 0 -1.5605880153e-14 0 0 -1.5605880032e-14 
0 0 -6.3625041492e-14 0 0 8.0432447369e-14 0 0 8.0432443595e-14 
0 0 8.0432447474e-14 0 0 3.2413289972e-14 0 0 8.0432447568e-14 
0 0 -6.3625037731e-14 0 0 8.0432447354e-14 0 0 -6.362503761e-14 
0 0 -6.362503753e-14 0 0 3.2413289938e-14 0 0 -6.3625037557e-14 
0 0 -1.5605880104e-14 0 0 -1.5605879978e-14 0 0 8.043244754e-14 
0 0 8.0432443508e-14 0 0 -6.3625037552e-14 0 0 -1.5605880191e-14 
0 0 8.0432447463e-14 0 0 -1.5605880131e-14 0 0 8.0432443497e-14 
0 0 -1.5605879989e-14 0 0 3.2413285921e-14 0 0 8.0432447428e-14 
0 0 -6.3625041684e-14 0 0 8.0432447539e-14 0 0 8.0432447538e-14 
0 0 -6.36250376e-14 0 0 8.0432443667e-14 0 0 3.2413289951e-14 
0 0 -1.560587997e-14 0 0 8.0432447431e-14 0 0 3.2413289871e-14 
0 0 3.2413289918e-14 0 0 8.0432443615e-14 0 0 -1.5605880077e-14 
0 0 -1.5605880034e-14 0 0 3.2413289953e-14 0 0 -6.3625037658e-14 
0 0 -6.3625037524e-14 0 0 8.0432443615e-14 0 0 3.2413286033e-14 
0 0 8.0432447549e-14 0 0 -6.3625037636e-14 0 0 8.0432447367e-14 
0 0 3.2413285923e-14 0 0 8.0432447452e-14 0 0 -6.3625037573e-14 
0 0 -1.5605880156e-14 0 0 -6.362503761e-14 0 0 8.0432447546e-14 
0 0 3.2413289965e-14 0 0 -1.560588015e-14 0 0 8.0432447508e-14 
0 0 8.0432447525e-14 0 0 8.04324474e-14 0 0 -1.5605880172e-14 
0 0 3.2413289965e-14 0 0 8.0432443473e-14 0 0 -6.3625037716e-14 
0 0 -6.362503767e-14 0 0 8.0432443557e-14 0 0 8.0432443442e-14 
0 0 3.241328594e-14 0 0 -1.5605880037e-14 0 0 -1.5605879989e-14 
0 0 8.0432443544e-14 0 0 -6.3625037664e-14 0 0 3.2413290002e-14 
0 0 8.0432443535e-14 0 0 -1.5605879953e-14 0 0 -6.3625041594e-14 
0 0 -1.5605880127e-14 0 0 3.2413289962e-14 0 0 -6.3625041556e-14 
0 0 -1.5605880188e-14 0 0 -1.560588017e-14 0 0 8.0432447434e-14 
0 0 -1.5605880191e-14 0 0 -6.3625037755e-14 0 0 3.2413285919e-14 
0 0 8.0432447378e-14 0 0 8.0432447416e-14 0 0 0.032594680352 

f 3 648 double
0 0 0 0 0 0 0 0 0 
0 0 0 0 0 0 0 0 0 
0 0 0 0 0 0 0 0 0 
0 0 0 0 0 0 0 0 0 
0 0 0 0 0 0 0 0 0 
0 0 0 0 0 0 0 0 0 
0 0 0 0 0 0 0 0 0 
0 0 0 0 0 0 0 0 0 
0 0 0 0 0 0 0 0 0 
0 0 0 0 0 0 0 0 0 
0 0 0 0 0 0 0 0 0 
0 0 0 0 0 0 0 0 0 
0 0 0 0 0 0 0 0 0 
0 0 0 0 0 0 0 0 0 
0 0 0 0 0 0 0 0 0 
0 0 0 0 0 0 0 0 0 
0 0 0 0 0 0 0 0 0 
0 0 0 0 0 0 0 0 0 
0 0 0 0 0 0 0 0 0 
0 0 0 0 0 0 0 0 0 
0 0 0 0 0 0 0 0 0 
0 0 0 0 0 0 0 0 0 
0 0 0 0 0 0 0 0 0 
0 0 0 0 0 0 0 0 0 
0 0 0 0 0 0 0 0 0 
0 0 0 0 0 0 0 0 0 
0 0 0 0 0 0 0 0 0 
0 0 0 0 0 0 0 0 0 
0 0 0 0 0 0 0 0 0 
0 0 0 0 0 0 0 0 -8.9019973083e-09 
0 0 0 0 0 0 0 0 0 
0 0 0 0 0 0 0 0 0 
0 0 0 0 0 0 0 0 0 
0 0 0 0 0 0 0 0 0 
0 0 0 0 0 0 0 0 0 
0 0 0 0 0 0 0 0 0 
0 0 0 0 0 0 0 0 0 
0 0 0 0 0 0 0 0 -1.7425367252e-10 
0 0 0 0 0 0 0 0 0 
0 0 0 0 0 0 0 0 0 
0 0 0 0 0 0 0 0 0 
0 0 0 0 0 0 0 0 0 
0 0 0 0 0 0 0 0 0 
0 0 0 0 0 0 0 0 0 
0 0 0 0 0 0 0 0 0 
0 0 0 0 0 0 0 0 0 
0 0 0 0 0 0 0 0 0 
0 0 0 0 0 0 0 0 0 
0 0 0 0 0 0 0 0 0 
0 0 0 0 0 0 0 0 0 
0 0 0 0 0 0 0 0 0 
0 0 0 0 0 0 0 0 0 
0 0 0 0 0 0 0 0 0 
0 0 0 0 0 0 0 0 0 
0 0 0 0 0 0 0 0 0 
0 0 0 0 0 0 0 0 0 
0 0 0 0 0 0 0 0 0 
0 0 0 0 0 0 0 0 0 
0 0 0 0 0 0 0 0 0 
0 0 0 0 0 0 0 0 0 
0 0 0 0 0 0 0 0 0 
0 0 0 0 0 0 0 0 0 
0 0 0 0 0 0 0 0 0 
0 0 0 0 0 0 0 0 0 
0 0 0 0 0 0 0 0 0 
0 0 0 0 0 0 0 0 0 
0 0 0 0 0 0 0 0 0 
0 0 0 0 0 0 0 0 0 
0 0 0 0 0 0 0 0 0 
0 0 0 0 0 0 0 0 0 
0 0 0 0 0 0 0 0 0 
0 0 0 0 0 0 0 0 0 
0 0 0 0 0 0 0 0 0 
0 0 0 0 0 0 0 0 0 
0 0 0 0 0 0 0 0 0 
0 0 0 0 0 0 0 0 0 
0 0 0 0 0 0 0 0 0 
0 0 0 0 0 0 0 0 0 
0 0 0 0 0 0 0 0 0 
0 0 0 0 0 0 0 0 0 
0 0 0 0 0 0 0 0 0 
0 0 0 0 0 0 0 0 0 
0 0 0 0 0 0 0 0 0 
0 0 0 0 0 0 0 0 0 
0 0 0 0 0 0 0 0 0 
0 0 0 0 0 0 0 0 0 
0 0 0 0 0 0 0 0 0 
0 0 0 0 0 0 0 0 0 
0 0 0 0 0 0 0 0 0 
0 0 0 0 0 0 0 0 0 
0 0 0 0 0 0 0 0 0 
0 0 0 0 0 0 0 0 0 
0 0 0 0 0 0 0 0 0 
0 0 0 0 0 0 0 0 0 
0 0 0 0 0 0 0 0 0 
0 0 0 0 0 0 0 0 0 
0 0 0 0 0 0 0 0 0 
0 0 0 0 0 0 0 0 0 
0 0 0 0 0 0 0 0 0 
0 0 0 0 0 0 0 0 0 
0 0 0 0 0 0 0 0 0 
0 0 0 0 0 0 0 0 0 
0 0 0 0 0 0 0 0 0 
0 0 0 0 0 0 0 0 0 
0 0 0 0 0 0 0 0 0 
0 0 0 0 0 0 0 0 0 
0 0 0 0 0 0 0 0 0 
0 0 0 0 0 0 0 0 0 
0 0 0 0 0 0 0 0 0 
0 0 0 0 0 0 0 0 0 
0 0 0 0 0 0 0 0 0 
0 0 0 0 0 0 0 0 0 
0 0 0 0 0 0 0 0 0 
0 0 0 0 0 0 0 0 0 
0 0 0 0 0 0 0 0 0 
0 0 0 0 0 0 0 0 0 
0 0 0 0 0 0 0 0 0 
0 0 0 0 0 0 0 0 0 
0 0 0 0 0 0 0 0 0 
0 0 0 0 0 0 0 0 0 
0 0 0 0 0 0 0 0 0 
0 0 0 0 0 0 0 0 0 
0 0 0 0 0 0 0 0 0 
0 0 0 0 0 0 0 0 0 
0 0 0 0 0 0 0 0 0 
0 0 0 0 0 0 0 0 0 
0 0 -8.9019973083e-09 0 0 0 0 0 0 
0 0 0 0 0 0 0 0 0 
0 0 0 0 0 0 0 0 0 
0 0 0 0 0 0 0 0 0 
0 0 0 0 0 0 0 0 0 
0 0 0 0 0 0 0 0 0 
0 0 0 0 0 0 0 0 0 
0 0 0 0 0 0 0 0 0 
0 0 0 0 0 0 0 0 0 
0 0 0 0 0 0 0 0 0 
0 0 0 0 0 0 0 0 0 
0 0 0 0 0 0 0 0 0 
0 0 0 0 0 0 0 0 0 
0 0 0 0 0 0 0 0 0 
0 0 0 0 0 0 0 0 0 
0 0 0 0 0 0 0 0 0 
0 0 0 0 0 0 0 0 0 
0 0 0 0 0 0 0 0 0 
0 0 0 0 0 0 0 0 0 
0 0 0 0 0 0 0 0 0 
0 0 0 0 0 0 0 0 0 
0 0 0 0 0 0 0 0 0 
0 0 0 0 0 0 0 0 0 
0 0 0 0 0 0 0 0 0 
0 0 0 0 0 0 0 0 0 
0 0 0 0 0 0 0 0 0 
0 0 0 0 0 0 0 0 0 
0 0 0 0 0 0 0 0 0 
0 0 0 0 0 0 0 0 0 
0 0 0 0 0 0 0 0 0 
0 0 0 0 0 0 0 0 0 
0 0 0 0 0 0 0 0 0 
0 0 0 0 0 0 0 0 0 
0 0 0 0 0 0 0 0 0 
0 0 0 0 0 0 0 0 0 
0 0 0 0 0 0 0 0 0 
0 0 0 0 0 0 0 0 0 
0 0 0 0 0 0 0 0 0 
0 0 0 0 0 0 0 0 0 
0 0 0 0 0 0 0 0 0 
0 0 0 0 0 0 0 0 0 
0 0 0 0 0 0 0 0 0 
0 0 0 0 0 0 0 0 0 
0 0 -1.7425367252e-10 0 0 0 0 0 0 
0 0 0 0 0 0 0 0 0 
0 0 0 0 0 0 0 0 0 
0 0 0 0 0 0 0 0 0 
0 0 0 0 0 0 0 0 0 
0 0 0 0 0 0 0 0 0 
0 0 0 0 0 0 0 0 0 
0 0 0 0 0 0 0 0 0 
0 0 0 0 0 0 0 0 0 
0 0 0 0 0 0 0 0 0 
0 0 0 0 0 0 0 0 0 
0 0 0 0 0 0 0 0 0 
0 0 0 0 0 0 0 0 0 
0 0 0 0 0 0 0 0 0 
0 0 0 0 0 0 0 0 0 
0 0 0 0 0 0 0 0 0 
0 0 0 0 0 0 0 0 0 
0 0 0 0 0 0 0 0 0 
0 0 0 0 0 0 0 0 0 
0 0 0 0 0 0 0 0 0 
0 0 0 0 0 0 0 0 0 
0 0 0 0 0 0 0 0 0 
0 0 0 0 0 0 0 0 0 
0 0 0 0 0 0 0 0 0 
0 0 0 0 0 0 0 0 0 
0 0 0 0 0 0 0 0 0 
0 0 0 0 0 0 0 0 0 
0 0 0 0 0 0 0 0 0 
0 0 0 0 0 0 0 0 0 
0 0 0 0 0 0 0 0 0 
0 0 0 0 0 0 0 0 0 
0 0 0 0 0 0 0 0 0 
0 0 0 0 0 0 0 0 0 
0 0 0 0 0 0 0 0 0 
0 0 0 0 0 0 0 0 0 
0 0 0 0 0 0 0 0 0 
0 0 0 0 0 0 0 0 0 
0 0 0 0 0 0 0 0 0 
0 0 0 0 0 0 0 0 0 
0 0 0 0 0 0 0 0 0 
0 0 0 0 0 0 0 0 0 
0 0 0 0 0 0 0 0 0 
0 0 0 0 0 0 0 0 0 
0 0 0 0 0 0 0 0 0 
0 0 0 0 0 0 0 0 0 
0 0 0 0 0 0 0 0 0 
0 0 0 0 0 0 0 0 -5.3297119368e-07 

radius 1 648 double
2e-05 2e-05 2e-05 2e-05 2e-05 2e-05 2e-05 2e-05 2e-05 
2e-05 2e-05 2e-05 2e-05 2e-05 2e-05 2e-05 2e-05 2e-05 
2e-05 2e-05 2e-05 2e-05 2e-05 2e-05 2e-05 2e-05 2e-05 
2e-05 2e-05 2e-05 2e-05 2e-05 2e-05 2e-05 2e-05 2e-05 
2e-05 2e-05 2e-05 2e-05 2e-05 2e-05 2e-05 2e-05 2e-05 
2e-05 2e-05 2e-05 2e-05 2e-05 2e-05 2e-05 2e-05 2e-05 
2e-05 2e-05 2e-05 2e-05 2e-05 2e-05 2e-05 2e-05 2e-05 
2e-05 2e-05 2e-05 2e-05 2e-05 2e-05 2e-05 2e-05 2e-05 
2e-05 2e-05 2e-05 2e-05 2e-05 2e-05 2e-05 2e-05 2e-05 
2e-05 2e-05 2e-05 2e-05 2e-05 2e-05 2e-05 2e-05 7.5e-05 
2e-05 2e-05 2e-05 2e-05 2e-05 2e-05 2e-05 7.5e-05 2e-05 
2e-05 2e-05 2e-05 2e-05 2e-05 2e-05 2e-05 2e-05 2e-05 
2e-05 2e-05 2e-05 2e-05 2e-05 2e-05 2e-05 2e-05 2e-05 
2e-05 2e-05 2e-05 2e-05 2e-05 2e-05 2e-05 2e-05 2e-05 
2e-05 2e-05 7.5e-05 2e-05 2e-05 2e-05 2e-05 2e-05 2e-05 
2e-05 2e-05 2e-05 2e-05 2e-05 2e-05 2e-05 2e-05 2e-05 
2e-05 2e-05 2e-05 2e-05 2e-05 2e-05 2e-05 2e-05 2e-05 
2e-05 2e-05 2e-05 2e-05 2e-05 2e-05 2e-05 2e-05 2e-05 
2e-05 2e-05 2e-05 2e-05 2e-05 2e-05 2e-05 2e-05 2e-05 
2e-05 2e-05 2e-05 2e-05 2e-05 2e-05 2e-05 2e-05 2e-05 
2e-05 2e-05 2e-05 2e-05 7.5e-05 2e-05 2e-05 2e-05 2e-05 
2e-05 2e-05 2e-05 2e-05 2e-05 2e-05 2e-05 2e-05 2e-05 
2e-05 2e-05 2e-05 2e-05 2e-05 2e-05 2e-05 2e-05 2e-05 
2e-05 2e-05 2e-05 2e-05 2e-05 2e-05 2e-05 2e-05 2e-05 
2e-05 2e-05 2e-05 2e-05 2e-05 2e-05 2e-05 2e-05 2e-05 
2e-05 2e-05 2e-05 2e-05 2e-05 2e-05 2e-05 7.5e-05 2e-05 
2e-05 2e-05 2e-05 2e-05 2e-05 2e-05 2e-05 2e-05 2e-05 
2e-05 2e-05 7.5e-05 2e-05 2e-05 2e-05 2e-05 2e-05 2e-05 
2e-05 2e-05 2e-05 2e-05 2e-05 2e-05 2e-05 2e-05 2e-05 
7.5e-05 2e-05 2e-05 2e-05 2e-05 2e-05 2e-05 2e-05 2e-05 
2e-05 2e-05 2e-05 7.5e-05 2e-05 2e-05 2e-05 2e-05 7.5e-05 
2e-05 2e-05 2e-05 2e-05 2e-05 2e-05 2e-05 2e-05 2e-05 
2e-05 2e-05 2e-05 2e-05 2e-05 2e-05 2e-05 2e-05 7.5e-05 
2e-05 2e-05 2e-05 2e-05 2e-05 2e-05 2e-05 2e-05 2e-05 
2e-05 2e-05 2e-05 2e-05 2e-05 2e-05 2e-05 2e-05 2e-05 
2e-05 2e-05 2e-05 2e-05 2e-05 2e-05 2e-05 2e-05 2e-05 
2e-05 2e-05 2e-05 2e-05 2e-05 2e-05 2e-05 0.00015 2e-05 
2e-05 2e-05 2e-05 2e-05 2e-05 2e-05 2e-05 2e-05 2e-05 
2e-05 2e-05 2e-05 2e-05 2e-05 2e-05 2e-05 2e-05 2e-05 
2e-05 2e-05 2e-05 2e-05 2e-05 2e-05 2e-05 2e-05 2e-05 
2e-05 2e-05 2e-05 2e-05 2e-05 2e-05 2e-05 2e-05 2e-05 
2e-05 2e-05 2e-05 2e-05 2e-05 2e-05 2e-05 2e-05 2e-05 
7.5e-05 2e-05 2e-05 2e-05 2e-05 2e-05 2e-05 2e-05 2e-05 
2e-05 2e-05 2e-05 2e-05 2e-05 2e-05 2e-05 2e-05 2e-05 
2e-05 2e-05 2e-05 2e-05 2e-05 2e-05 2e-05 2e-05 7.5e-05 
2e-05 2e-05 2e-05 2e-05 2e-05 2e-05 2e-05 2e-05 2e-05 
2e-05 2e-05 2e-05 2e-05 2e-05 2e-05 2e-05 2e-05 2e-05 
2e-05 2e-05 2e-05 2e-05 2e-05 2e-05 2e-05 2e-05 2e-05 
2e-05 2e-05 2e-05 2e-05 2e-05 2e-05 2e-05 2e-05 2e-05 
2e-05 2e-05 2e-05 2e-05 2e-05 2e-05 2e-05 2e-05 2e-05 
2e-05 2e-05 2e-05 2e-05 2e-05 2e-05 2e-05 2e-05 2e-05 
2e-05 2e-05 2e-05 2e-05 2e-05 2e-05 7.5e-05 2e-05 2e-05 
2e-05 7.5e-05 2e-05 2e-05 2e-05 2e-05 2e-05 2e-05 2e-05 
2e-05 2e-05 2e-05 2e-05 2e-05 2e-05 2e-05 2e-05 2e-05 
2e-05 2e-05 2e-05 2e-05 2e-05 2e-05 2e-05 2e-05 2e-05 
2e-05 2e-05 2e-05 2e-05 2e-05 2e-05 2e-05 2e-05 2e-05 
2e-05 2e-05 2e-05 2e-05 2e-05 2e-05 2e-05 2e-05 2e-05 
2e-05 2e-05 7.5e-05 2e-05 7.5e-05 2e-05 2e-05 2e-05 2e-05 
2e-05 2e-05 2e-05 7.5e-05 2e-05 2e-05 2e-05 2e-05 2e-05 
2e-05 2e-05 2e-05 2e-05 2e-05 2e-05 2e-05 2e-05 2e-05 
2e-05 2e-05 2e-05 2e-05 2e-05 2e-05 2e-05 2e-05 2e-05 
2e-05 2e-05 2e-05 2e-05 2e-05 2e-05 2e-05 2e-05 2e-05 
2e-05 2e-05 2e-05 2e-05 2e-05 2e-05 2e-05 2e-05 2e-05 
2e-05 2e-05 2e-05 2e-05 2e-05 2e-05 2e-05 2e-05 2e-05 
2e-05 2e-05 2e-05 2e-05 2e-05 2e-05 2e-05 2e-05 2e-05 
2e-05 2e-05 2e-05 2e-05 2e-05 2e-05 2e-05 2e-05 2e-05 
2e-05 2e-05 2e-05 2e-05 2e-05 2e-05 2e-05 2e-05 2e-05 
2e-05 2e-05 2e-05 2e-05 2e-05 2e-05 2e-05 2e-05 2e-05 
2e-05 2e-05 2e-05 2e-05 2e-05 2e-05 2e-05 2e-05 2e-05 
2e-05 2e-05 2e-05 2e-05 2e-05 2e-05 2e-05 2e-05 2e-05 
2e-05 2e-05 2e-05 2e-05 2e-05 2e-05 2e-05 2e-05 2e-05 
2e-05 2e-05 2e-05 2e-05 2e-05 2e-05 2e-05 2e-05 0.0003 

omega 3 648 double
0 0 0 0 0 0 0 0 0 
0 0 0 0 0 0 0 0 0 
0 0 0 0 0 0 0 0 0 
0 0 0 0 0 0 0 0 0 
0 0 0 0 0 0 0 0 0 
0 0 0 0 0 0 0 0 0 
0 0 0 0 0 0 0 0 0 
0 0 0 0 0 0 0 0 0 
0 0 0 0 0 0 0 0 0 
0 0 0 0 0 0 0 0 0 
0 0 0 0 0 0 0 0 0 
0 0 0 0 0 0 0 0 0 
0 0 0 0 0 0 0 0 0 
0 0 0 0 0 0 0 0 0 
0 0 0 0 0 0 0 0 0 
0 0 0 0 0 0 0 0 0 
0 0 0 0 0 0 0 0 0 
0 0 0 0 0 0 0 0 0 
0 0 0 0 0 0 0 0 0 
0 0 0 0 0 0 0 0 0 
0 0 0 0 0 0 0 0 0 
0 0 0 0 0 0 0 0 0 
0 0 0 0 0 0 0 0 0 
0 0 0 0 0 0 0 0 0 
0 0 0 0 0 0 0 0 0 
0 0 0 0 0 0 0 0 0 
0 0 0 0 0 0 0 0 0 
0 0 0 0 0 0 0 0 0 
0 0 0 0 0 0 0 0 0 
0 0 0 0 0 0 0 0 0 
0 0 0 0 0 0 0 0 0 
0 0 0 0 0 0 0 0 0 
0 0 0 0 0 0 0 0 0 
0 0 0 0 0 0 0 0 0 
0 0 0 0 0 0 0 0 0 
0 0 0 0 0 0 0 0 0 
0 0 0 0 0 0 0 0 0 
0 0 0 0 0 0 0 0 0 
0 0 0 0 0 0 0 0 0 
0 0 0 0 0 0 0 0 0 
0 0 0 0 0 0 0 0 0 
0 0 0 0 0 0 0 0 0 
0 0 0 0 0 0 0 0 0 
0 0 0 0 0 0 0 0 0 
0 0 0 0 0 0 0 0 0 
0 0 0 0 0 0 0 0 0 
0 0 0 0 0 0 0 0 0 
0 0 0 0 0 0 0 0 0 
0 0 0 0 0 0 0 0 0 
0 0 0 0 0 0 0 0 0 
0 0 0 0 0 0 0 0 0 
0 0 0 0 0 0 0 0 0 
0 0 0 0 0 0 0 0 0 
0 0 0 0 0 0 0 0 0 
0 0 0 0 0 0 0 0 0 
0 0 0 0 0 0 0 0 0 
0 0 0 0 0 0 0 0 0 
0 0 0 0 0 0 0 0 0 
0 0 0 0 0 0 0 0 0 
0 0 0 0 0 0 0 0 0 
0 0 0 0 0 0 0 0 0 
0 0 0 0 0 0 0 0 0 
0 0 0 0 0 0 0 0 0 
0 0 0 0 0 0 0 0 0 
0 0 0 0 0 0 0 0 0 
0 0 0 0 0 0 0 0 0 
0 0 0 0 0 0 0 0 0 
0 0 0 0 0 0 0 0 0 
0 0 0 0 0 0 0 0 0 
0 0 0 0 0 0 0 0 0 
0 0 0 0 0 0 0 0 0 
0 0 0 0 0 0 0 0 0 
0 0 0 0 0 0 0 0 0 
0 0 0 0 0 0 0 0 0 
0 0 0 0 0 0 0 0 0 
0 0 0 0 0 0 0 0 0 
0 0 0 0 0 0 0 0 0 
0 0 0 0 0 0 0 0 0 
0 0 0 0 0 0 0 0 0 
0 0 0 0 0 0 0 0 0 
0 0 0 0 0 0 0 0 0 
0 0 0 0 0 0 0 0 0 
0 0 0 0 0 0 0 0 0 
0 0 0 0 0 0 0 0 0 
0 0 0 0 0 0 0 0 0 
0 0 0 0 0 0 0 0 0 
0 0 0 0 0 0 0 0 0 
0 0 0 0 0 0 0 0 0 
0 0 0 0 0 0 0 0 0 
0 0 0 0 0 0 0 0 0 
0 0 0 0 0 0 0 0 0 
0 0 0 0 0 0 0 0 0 
0 0 0 0 0 0 0 0 0 
0 0 0 0 0 0 0 0 0 
0 0 0 0 0 0 0 0 0 
0 0 0 0 0 0 0 0 0 
0 0 0 0 0 0 0 0 0 
0 0 0 0 0 0 0 0 0 
0 0 0 0 0 0 0 0 0 
0 0 0 0 0 0 0 0 0 
0 0 0 0 0 0 0 0 0 
0 0 0 0 0 0 0 0 0 
0 0 0 0 0 0 0 0 0 
0 0 0 0 0 0 0 0 0 
0 0 0 0 0 0 0 0 0 
0 0 0 0 0 0 0 0 0 
0 0 0 0 0 0 0 0 0 
0 0 0 0 0 0 0 0 0 
0 0 0 0 0 0 0 0 0 
0 0 0 0 0 0 0 0 0 
0 0 0 0 0 0 0 0 0 
0 0 0 0 0 0 0 0 0 
0 0 0 0 0 0 0 0 0 
0 0 0 0 0 0 0 0 0 
0 0 0 0 0 0 0 0 0 
0 0 0 0 0 0 0 0 0 
0 0 0 0 0 0 0 0 0 
0 0 0 0 0 0 0 0 0 
0 0 0 0 0 0 0 0 0 
0 0 0 0 0 0 0 0 0 
0 0 0 0 0 0 0 0 0 
0 0 0 0 0 0 0 0 0 
0 0 0 0 0 0 0 0 0 
0 0 0 0 0 0 0 0 0 
0 0 0 0 0 0 0 0 0 
0 0 0 0 0 0 0 0 0 
0 0 0 0 0 0 0 0 0 
0 0 0 0 0 0 0 0 0 
0 0 0 0 0 0 0 0 0 
0 0 0 0 0 0 0 0 0 
0 0 0 0 0 0 0 0 0 
0 0 0 0 0 0 0 0 0 
0 0 0 0 0 0 0 0 0 
0 0 0 0 0 0 0 0 0 
0 0 0 0 0 0 0 0 0 
0 0 0 0 0 0 0 0 0 
0 0 0 0 0 0 0 0 0 
0 0 0 0 0 0 0 0 0 
0 0 0 0 0 0 0 0 0 
0 0 0 0 0 0 0 0 0 
0 0 0 0 0 0 0 0 0 
0 0 0 0 0 0 0 0 0 
0 0 0 0 0 0 0 0 0 
0 0 0 0 0 0 0 0 0 
0 0 0 0 0 0 0 0 0 
0 0 0 0 0 0 0 0 0 
0 0 0 0 0 0 0 0 0 
0 0 0 0 0 0 0 0 0 
0 0 0 0 0 0 0 0 0 
0 0 0 0 0 0 0 0 0 
0 0 0 0 0 0 0 0 0 
0 0 0 0 0 0 0 0 0 
0 0 0 0 0 0 0 0 0 
0 0 0 0 0 0 0 0 0 
0 0 0 0 0 0 0 0 0 
0 0 0 0 0 0 0 0 0 
0 0 0 0 0 0 0 0 0 
0 0 0 0 0 0 0 0 0 
0 0 0 0 0 0 0 0 0 
0 0 0 0 0 0 0 0 0 
0 0 0 0 0 0 0 0 0 
0 0 0 0 0 0 0 0 0 
0 0 0 0 0 0 0 0 0 
0 0 0 0 0 0 0 0 0 
0 0 0 0 0 0 0 0 0 
0 0 0 0 0 0 0 0 0 
0 0 0 0 0 0 0 0 0 
0 0 0 0 0 0 0 0 0 
0 0 0 0 0 0 0 0 0 
0 0 0 0 0 0 0 0 0 
0 0 0 0 0 0 0 0 0 
0 0 0 0 0 0 0 0 0 
0 0 0 0 0 0 0 0 0 
0 0 0 0 0 0 0 0 0 
0 0 0 0 0 0 0 0 0 
0 0 0 0 0 0 0 0 0 
0 0 0 0 0 0 0 0 0 
0 0 0 0 0 0 0 0 0 
0 0 0 0 0 0 0 0 0 
0 0 0 0 0 0 0 0 0 
0 0 0 0 0 0 0 0 0 
0 0 0 0 0 0 0 0 0 
0 0 0 0 0 0 0 0 0 
0 0 0 0 0 0 0 0 0 
0 0 0 0 0 0 0 0 0 
0 0 0 0 0 0 0 0 0 
0 0 0 0 0 0 0 0 0 
0 0 0 0 0 0 0 0 0 
0 0 0 0 0 0 0 0 0 
0 0 0 0 0 0 0 0 0 
0 0 0 0 0 0 0 0 0 
0 0 0 0 0 0 0 0 0 
0 0 0 0 0 0 0 0 0 
0 0 0 0 0 0 0 0 0 
0 0 0 0 0 0 0 0 0 
0 0 0 0 0 0 0 0 0 
0 0 0 0 0 0 0 0 0 
0 0 0 0 0 0 0 0 0 
0 0 0 0 0 0 0 0 0 
0 0 0 0 0 0 0 0 0 
0 0 0 0 0 0 0 0 0 
0 0 0 0 0 0 0 0 0 
0 0 0 0 0 0 0 0 0 
0 0 0 0 0 0 0 0 0 
0 0 0 0 0 0 0 0 0 
0 0 0 0 0 0 0 0 0 
0 0 0 0 0 0 0 0 0 
0 0 0 0 0 0 0 0 0 
0 0 0 0 0 0 0 0 0 
0 0 0 0 0 0 0 0 0 
0 0 0 0 0 0 0 0 0 
0 0 0 0 0 0 0 0 0 
0 0 0 0 0 0 0 0 0 
0 0 0 0 0 0 0 0 0 
0 0 0 0 0 0 0 0 0 
0 0 0 0 0 0 0 0 0 

fx_mag_viz 1 648 double
1.7905665222e-07 2.0014264525e-08 1.5691047196e-09 9.7264844906e-41 1.7660894218e-22 5.3752563251e-12 1.1283217498e-07 8.5042837145e-09 5.8193865847e-10 
6.8644812126e-12 1.4090605986e-15 9.5444463761e-40 9.4296758195e-23 8.3559220837e-19 2.1219454463e-17 2.025166733e-07 1.4558707044e-07 1.0574489897e-13 
1.8959757047e-24 1.9875586899e-18 8.3675531735e-17 5.8410610133e-13 3.8627903401e-08 1.70232668e-07 2.0854374418e-07 1.8485154388e-08 2.7644698271e-25 
3.3794955445e-35 9.5821402641e-38 2.4692889908e-44 1.6157352796e-20 7.7601745758e-14 1.7401796747e-08 2.0811384576e-08 1.4636349021e-07 1.210668858e-07 
1.1020215076e-07 1.2523001302e-07 8.6779927781e-08 3.5523646868e-09 6.2275866603e-14 9.4206972128e-20 1.9315752806e-21 1.5060812015e-35 4.9836426062e-31 
1.9435752428e-13 1.3312082049e-07 1.9937212933e-11 2.3534792825e-15 6.7007027471e-19 1.924699327e-29 6.4576102346e-42 7.5019544126e-22 2.1870394808e-09 
1.0857766116e-08 2.0813925017e-32 1.0880901812e-29 4.0514004329e-10 4.4658337921e-09 4.173262791e-08 8.2736217509e-09 3.450695929e-11 4.4247706791e-13 
1.8369412344e-22 7.802613275e-42 2.7632610947e-45 2.3149865967e-44 3.5390657827e-18 2.3882354359e-10 9.6251084915e-09 7.1003895383e-22 1.0439884668e-21 
8.1456623635e-46 1.48099269e-35 1.3761777869e-32 4.231086378e-31 3.5379418897e-09 3.876817894e-08 3.1469772589e-08 3.3274121092e-08 2.0036676575e-08 
1.4428872503e-09 4.5681084456e-22 5.2267234366e-24 1.9113555651e-38 8.0091632307e-41 8.1902896866e-15 9.7662688795e-14 8.7316528729e-12 2.7663265131e-09 
1.3288958551e-10 4.3231970154e-15 1.5146513942e-17 1.3785887987e-17 1.3962343625e-19 1.1098003422e-24 1.0039258403e-31 4.6001518384e-10 1.7271269926e-08 
8.0889450678e-11 1.357718549e-10 6.7469662411e-16 2.8074164704e-19 2.7884527975e-32 6.8466739709e-38 1.8015273656e-28 3.9483137754e-18 4.938849552e-11 
5.7855365128e-08 1.8786196851e-11 1.6887589669e-11 1.3367110669e-16 7.8194597489e-41 1.8197122818e-32 2.6168355504e-14 4.0460487088e-08 1.8741062308e-07 
2.0335610074e-07 4.3318910649e-12 1.0064350692e-12 5.0617539612e-19 4.7813041678e-27 5.3470932404e-35 7.8776104028e-22 1.8371290545e-21 1.5970957276e-20 
3.541940154e-13 6.1325156528e-13 5.3705587744e-18 8.7341579648e-42 2.1462852665e-43 1.7019259084e-28 2.4012053613e-08 2.1787205198e-13 2.4451228109e-15 
2.1229819942e-23 3.6096140432e-45 1.0394692093e-35 1.4363219375e-09 1.5555035632e-08 9.9977172364e-09 3.9434843017e-08 3.6793389027e-08 1.6796309841e-15 
1.0221171127e-39 6.6254967987e-42 6.911413794e-36 1.5390648393e-35 1.4572288165e-28 8.1291407531e-22 2.7805460453e-16 3.3721522934e-15 9.7923780053e-16 
7.6372836698e-17 1.9476442167e-17 2.5238162045e-33 2.7292025804e-34 5.0881966553e-27 1.1375663894e-27 5.5683708565e-14 2.3437504113e-08 4.2719204054e-18 
3.2824187341e-18 8.3072668019e-20 5.3785464413e-25 4.9151711437e-31 4.2482294598e-35 8.5069624186e-15 1.2115858298e-12 3.1384508549e-08 4.7964322946e-08 
2.7011313884e-08 1.045031049e-26 7.6941849948e-43 4.9590781688e-51 1.1141493827e-36 1.2587733751e-09 1.7120678271e-21 1.2211831224e-28 1.697228304e-40 
1.7357689892e-43 1.6677132657e-25 8.0019418087e-18 1.1593999305e-16 3.7443664204e-11 4.5267688857e-09 7.2153882507e-22 2.1389053005e-22 9.9668853588e-31 
1.4536539476e-32 1.8643850539e-42 1.9587909915e-41 1.5345642947e-20 1.1842035897e-12 4.4588790081e-09 3.5748658466e-09 2.214162598e-21 9.0711420117e-22 
3.7413366534e-21 2.3835988185e-22 1.1355571633e-27 1.3299022691e-37 2.7260126342e-17 4.1786565724e-15 1.1429551409e-12 5.5289782376e-10 2.0821964688e-23 
1.7758392357e-22 9.9907037704e-38 2.8870006441e-54 2.745159547e-27 7.3036331923e-20 3.3929441342e-16 7.3505978853e-15 7.1822970391e-13 6.8929281444e-12 
1.4286426236e-10 1.476677576e-24 1.1605538923e-25 4.1454399298e-26 5.7249560879e-28 6.9653810569e-32 1.4746153813e-36 1.9838376438e-44 7.5903195698e-52 
8.3742181197e-34 7.4306204283e-27 8.1215971922e-13 8.402985172e-11 5.5653132234e-11 3.7572993644e-27 9.1177887992e-28 1.0010821814e-28 2.8565536721e-56 
5.5237539583e-24 5.6838264559e-13 3.1370761375e-12 3.7077664979e-37 1.0851229562e-38 4.7591505748e-20 8.2210834133e-18 1.7263836128e-16 3.2223976261e-13 
3.3285962522e-12 1.4013061639e-29 1.9752909825e-27 4.1583336533e-29 6.0070896713e-31 3.318733511e-34 1.7415850495e-37 1.8297044247e-40 8.6904003286e-47 
3.5478030898e-49 7.3789849242e-39 9.1925731492e-30 1.9900692635e-21 1.0013942261e-18 5.2271993814e-17 2.4347577834e-15 6.8450508053e-15 8.2448973275e-14 
5.5117440995e-12 5.7878465448e-13 1.9095686107e-31 1.658359209e-36 4.5102578543e-60 4.1942437185e-57 8.9435362841e-46 1.5192481081e-17 2.0418331942e-33 
1.1830166744e-32 2.1958209894e-35 3.4114511256e-41 2.1992672008e-39 1.4026683966e-43 1.171227484e-48 7.0197184101e-51 3.0596635027e-55 3.9431551672e-60 
7.5571905043e-61 5.6334200499e-35 5.9382234769e-33 1.051053576e-32 1.7026045205e-28 1.9298820859e-19 -6.0038878259e-13 3.8746670031e-53 1.7626378069e-60 
6.5010167465e-61 2.6175536013e-63 8.4747972749e-45 -1.6115828213e-13 7.4597988498e-37 6.4146500686e-43 5.3579918949e-40 3.4962438915e-34 5.7005068474e-27 
7.4684405962e-29 2.7495492647e-27 6.0259632091e-26 -5.337656829e-13 -1.0186361101e-11 -4.6542322978e-10 1.3596560924e-37 4.0103970415e-51 2.1925705603e-55 
1.1151945462e-57 4.0931654253e-59 1.3919639318e-61 1.0038126748e-60 2.1438176272e-40 -2.1589637765e-19 9.2851215404e-40 1.2744774158e-39 1.8019153754e-50 
2.6204698002e-65 1.9754541573e-46 1.440306593e-34 1.8994690017e-32 2.9922958597e-43 9.5051731172e-44 3.8907267867e-45 2.193390596e-46 4.6619850103e-57 
1.6206376429e-68 1.7395839538e-68 1.4114921426e-59 1.6758326037e-56 1.929284191e-47 8.2075367861e-38 -8.6038386595e-19 -2.2551085638e-08 -5.0068224898e-10 
5.4466524607e-45 4.4380912709e-46 7.0794651876e-49 1.947585482e-49 -2.6491266072e-11 -3.8333424823e-10 2.6523704541e-64 2.2974721572e-69 4.8236666449e-66 
1.0039804505e-54 -6.163348512e-43 -1.5287926263e-37 -6.1612811756e-31 -9.3650752479e-31 -2.9027517871e-15 -1.7481613751e-12 1.0221939803e-49 3.3973052668e-54 
3.4677549525e-57 2.5908581091e-67 3.838505781e-58 8.5910055866e-59 5.4127158514e-57 -1.6028687492e-31 -3.3489133821e-08 2.0121527089e-56 7.0635671813e-57 
2.3972876826e-77 1.5218997583e-60 -2.3464190206e-21 -1.8883597401e-19 -5.6883814863e-18 -1.185105364e-16 -4.1152347748e-15 -8.8146592557e-10 8.5556599546e-53 
1.3861909414e-53 3.1831957799e-54 1.762786968e-56 1.4774107564e-66 7.2274001769e-70 1.6224115818e-80 7.6857632695e-77 -4.986440592e-64 -4.2267274687e-45 
-1.1513216766e-37 -9.3142585354e-27 -4.4906713307e-25 -7.5074923164e-23 -2.0353963594e-22 -2.0121974379e-16 -2.8195789312e-14 -2.2071280545e-12 6.0642430479e-56 
9.9765727536e-55 3.9679739932e-79 1.5821382116e-79 -1.1082088959e-54 -2.1717547585e-43 -4.5843499617e-26 -2.3911732604e-15 5.5592254217e-58 1.5417247218e-69 
3.625835314e-81 -5.5925062225e-38 -9.5979335152e-29 -8.6312025958e-24 -6.7468150182e-19 -5.5120252617e-15 -9.5239591715e-14 2.7744227329e-61 3.2458817814e-59 
7.7422186199e-61 1.3134787357e-60 1.2970240555e-69 2.0623385185e-83 -3.2435030477e-56 -5.6386065956e-46 -1.9104892418e-29 -1.9633259192e-27 -1.6691865713e-27 
-1.4185307867e-24 -7.7177247101e-20 2.9106014308e-63 2.2587691868e-64 -1.9961488632e-87 -1.3758013063e-68 -1.4284602836e-57 -1.5653707427e-10 -1.4593858115e-10 
1.018909958e-65 1.6623191256e-66 -2.1037440617e-88 -5.2151935122e-74 -1.4219833562e-61 -9.5868482466e-49 -4.2666954588e-41 -1.3439799218e-37 -1.124895251e-21 
-1.146129259e-11 1.298380495e-68 3.5102860058e-71 3.9148712599e-70 -1.1311548149e-89 -4.9645396173e-89 -1.4661753066e-67 -1.8340832423e-50 -8.4648753819e-44 
-2.8911619132e-41 -7.6012984319e-39 -7.7456408264e-24 -1.9017666173e-19 -3.7616966374e-17 -6.9434417775e-15 -3.2748603638e-11 -2.390658055e-09 2.555930602e-75 
5.716283433e-81 9.087922423e-84 -1.6214952546e-88 -3.736400275e-75 -8.7754485631e-66 -5.8817910132e-43 -2.7515518724e-42 -2.7051633999e-37 -6.4951752149e-10 
7.1736392341e-74 1.2731407223e-77 2.1025473404e-88 -4.1350842384e-79 -4.1961890569e-76 -4.2507987278e-57 -5.1074934027e-46 -6.1128465546e-11 1.5760122619e-77 
5.86451701e-90 1.9024205156e-95 -7.636717041e-57 -4.9655930383e-29 -6.3095439194e-28 -4.204784529e-24 -6.8048858694e-12 2.835703814e-82 2.0150924306e-80 
4.1575056867e-88 7.4215023966e-90 -1.7978699202e-60 -3.3115901573e-53 -2.2690998585e-50 -1.9248190901e-44 -1.4778019581e-34 -3.9880538099e-18 -1.1037963137e-13 
3.9830874785e-85 3.4275018799e-90 7.2341690647e-91 3.0565658382e-100 3.6449485975e-100 -1.4745176002e-66 -7.2815932926e-54 -3.2198519176e-49 -8.1745811136e-17 
3.7801519254e-90 1.5570922481e-90 1.1791556723e-92 -1.6795701498e-103 -5.9253333412e-68 -1.5933857961e-45 -1.0993718625e-16 -1.8921532539e-14 3.2190519169e-89 
1.6446195414e-91 3.2987518165e-92 3.1858103146e-94 2.3216852112e-104 6.1191275362e-105 -1.1287217562e-68 -5.8491143062e-42 -5.0686917369e-18 9.9295141848e-93 
7.2031871651e-97 -4.2013920779e-109 -1.8790221004e-90 -8.897873375e-67 -3.4490614679e-36 -2.1580293684e-33 -5.1489770447e-27 -2.1184619207e-22 -1.5434159124e-14 
1.80700851e-96 -3.4542989691e-108 -2.9634268385e-92 -5.6864415848e-71 -2.0736434278e-40 -1.4217274598e-32 5.9820741301e-104 7.8373013818e-105 8.2701824899e-112 
-4.3077639073e-108 -4.4578548921e-104 -1.0629888019e-100 -3.0977872029e-88 -2.4722526877e-54 -2.9188099103e-18 1.5913715068e-104 1.2008560681e-105 6.5047648677e-114 
-1.2974823191e-113 -3.2402606472e-57 -4.0091399442e-19 1.4894814022e-107 2.2468699493e-107 -2.2493289717e-117 -1.2614409405e-110 -1.4766377243e-40 -1.3436689604e-18 
4.7651492473e-110 7.2857435347e-111 2.9740269088e-112 7.382804308e-115 2.8103362977e-115 1.0566390073e-118 2.7511679854e-122 -1.5342049696e-105 -6.7584989963e-69 
-2.1950419684e-69 -1.556228073e-65 -3.4245366324e-69 -3.8185413847e-56 -4.3159789309e-31 -2.7158461977e-23 -3.0745647133e-24 -1.6909390565e-19 3.231297403e-123 
-4.6463941194e-97 -6.3610706319e-90 -1.0571735417e-69 -1.0010416604e-51 -4.2176333677e-42 -1.5096212933e-42 -1.2479822047e-26 -1.3648363959e-23 -1.1383353534e-23 
3.7159973494e-118 5.724456151e-120 2.1498906387e-120 1.2115376655e-121 -3.3770483106e-64 -1.4686873306e-49 -9.0445056218e-41 3.3215125442e-120 6.5390522415e-132 
-8.8468652767e-93 -7.2014650789e-75 -7.1561361961e-74 -2.2241598193e-54 -7.3513547074e-50 -4.9383216915e-39 -9.617284093e-34 5.3605381784e-127 2.5764297812e-125 
-7.7380169989e-125 -6.9130525078e-102 -2.8505325471e-88 -6.0593324913e-64 7.828022719e-138 -4.801033919e-77 -7.4831285467e-76 -3.2633820687e-35 -1.0865080584e-33 
-5.3984684659e-26 -1.5635244275e-111 -7.348008475e-108 -1.1648594258e-102 -1.1765025835e-100 -2.1049497265e-53 -8.2251390476e-43 -7.0808549809e-39 6.7523028604e-138 
2.6927870118e-136 5.891185319e-138 4.0761701899e-138 -2.8223467041e-116 -1.9140867478e-83 -9.4265385286e-81 -2.672979921e-47 -1.9726254361e-42 4.3776332772e-140 
8.095983415e-148 -9.0656760596e-125 -8.3501039448e-110 -7.4343000227e-62 -2.3749964377e-57 -6.9539002584e-48 1.1623938618e-144 -4.3281935642e-73 -3.4290293148e-57 
-7.531192486e-43 -1.3066627395e-32 -1.2330006228e-149 -2.1902318068e-142 -1.3807062485e-80 -3.9251305854e-80 -3.5168864631e-69 -4.4424448669e-39 -5.370605924e-39 
-3.9999723246e-35 -1.3296377634e-35 1.6681240727e-153 4.0297952233e-153 -8.4453160675e-147 -1.4302731128e-137 -9.3861328458e-61 -1.8867361155e-54 1.0368627644e-15 

fy_mag_viz 1 648 double
1.7881212144e-07 1.9986931814e-08 1.5669618537e-09 9.7132014049e-41 -1.7626918438e-22 -5.3649154778e-12 1.1267808442e-07 8.4926697415e-09 5.8114392724e-10 
6.8551066548e-12 1.4071362987e-15 9.531411893e-40 -9.4115352629e-23 -8.3398471736e-19 -2.1178632892e-17 -2.005595047e-07 1.4538824778e-07 1.0560048724e-13 
-1.8923283035e-24 -1.983735145e-18 -8.3514560426e-17 -5.8298241864e-13 -3.8553232356e-08 -1.6641234511e-07 -2.072539422e-07 1.8459909924e-08 2.7606944971e-25 
3.3748802975e-35 9.5690543039e-38 -2.4631947841e-44 -1.6126273252e-20 -7.7452481414e-14 -1.7368231632e-08 -2.0771262717e-08 -1.4311991445e-07 -1.1370712525e-07 
1.1005165192e-07 1.2505899121e-07 8.6661415773e-08 3.5475133591e-09 6.2190818849e-14 9.4078317292e-20 1.9289374026e-21 1.5040244043e-35 -4.9740578324e-31 
-1.9398380655e-13 -1.3213984029e-07 1.9909985449e-11 2.3502652264e-15 6.6915518553e-19 1.9220708392e-29 6.4487913207e-42 -7.4875500824e-22 -2.182856226e-09 
1.0842938083e-08 -2.0775521636e-32 -1.0860828115e-29 -4.0436897212e-10 -4.4573852038e-09 -4.1081644564e-08 8.2623227841e-09 3.4459834464e-11 4.4187279401e-13 
1.8344325944e-22 7.791957546e-42 2.7582869368e-45 -2.3107693272e-44 -3.5325505156e-18 -2.3840816987e-10 -9.6068366016e-09 7.0906928096e-22 1.0425627319e-21 
-8.1061606455e-46 -1.4784608733e-35 -1.3738756236e-32 -4.2240180108e-31 -3.532021854e-09 -3.7700430427e-08 -1.8403300501e-08 -2.805619336e-08 -3.4345070002e-09 
1.4409167547e-09 4.5618699557e-22 5.2195855016e-24 1.9087453004e-38 -7.9959314473e-41 -8.1767238171e-15 -9.7501844637e-14 -8.71721945e-12 -2.7617444021e-09 
1.3270810332e-10 4.3172929916e-15 1.512582893e-17 1.376706113e-17 1.394327579e-19 1.1082847306e-24 -1.0022805826e-31 -4.5926128386e-10 -1.7242524701e-08 
8.0778983068e-11 1.3558643651e-10 6.7377521689e-16 2.8035824898e-19 2.7846447148e-32 6.8373237318e-38 -1.7985756029e-28 -3.9418445654e-18 -4.9307567078e-11 
-3.4700082657e-09 1.8760541265e-11 1.6864526938e-11 1.3348855721e-16 -7.8066494858e-41 -1.8167311167e-32 -2.6125485206e-14 -4.0393818901e-08 -1.8677453727e-07 
-2.0018657554e-07 4.325975168e-12 1.0050606195e-12 5.0548413186e-19 4.7747745247e-27 -5.3383334671e-35 -7.8647050789e-22 -1.8341194232e-21 -1.5944793348e-20 
3.5371030626e-13 6.1241407122e-13 5.363224409e-18 8.7222300614e-42 -2.1427691855e-43 -1.6991377821e-28 -2.3972627515e-08 2.1757451251e-13 2.4417836008e-15 
2.1200827194e-23 3.604684519e-45 -1.0377663337e-35 -1.4339687265e-09 -1.5529505234e-08 -9.9813245612e-09 -3.9369779921e-08 -3.6732371796e-08 1.6773371767e-15 
1.0207212467e-39 -6.614642801e-42 -6.9000914027e-36 -1.5365435181e-35 -1.4548415604e-28 -8.1158234615e-22 -2.7759909091e-16 3.3675470747e-15 9.7790049315e-16 
7.6268537255e-17 1.9449843939e-17 2.5203695258e-33 2.7254754135e-34 -5.0798610883e-27 -1.1357028095e-27 -5.5592486587e-14 -2.3398145567e-08 4.2660864081e-18 
3.2779360612e-18 8.2959218873e-20 5.3712011674e-25 4.9084586836e-31 -4.2412699408e-35 -8.4930261715e-15 -1.2096009838e-12 -3.0781011783e-08 -4.7501477091e-08 
-4.8136589972e-09 1.0436038903e-26 7.6836773424e-43 4.6848274834e-51 -1.112324165e-36 -1.2566473581e-09 1.709729722e-21 1.2195153996e-28 1.6949104647e-40 
-1.732925424e-43 -1.6649811905e-25 -7.9888328964e-18 -1.1575005824e-16 -3.7382319225e-11 -4.5139947638e-09 7.2055344727e-22 2.1359842798e-22 9.953273967e-31 
1.4516687483e-32 1.861838935e-42 -1.955582068e-41 -1.5320503464e-20 -1.1822628643e-12 -3.3003309859e-09 -3.5242437081e-10 2.2111388014e-21 9.0587539021e-22 
3.7362272539e-21 2.3803436294e-22 1.1340063766e-27 1.3280860727e-37 -2.7215468234e-17 -4.1718105933e-15 -1.1410613725e-12 -4.6198865382e-10 2.0793528932e-23 
1.7734140404e-22 9.9770598508e-38 2.865610901e-54 -2.7406623817e-27 -7.291668257e-20 -3.387384108e-16 -7.3385331561e-15 -7.1697003018e-13 -6.8755784223e-12 
-1.093303742e-10 1.4746609342e-24 1.1589689685e-25 4.139778662e-26 5.7171377357e-28 6.9558687041e-32 1.4726015558e-36 1.9811283931e-44 7.5799537624e-52 
-8.3604993386e-34 -7.4184474641e-27 -8.0601967111e-13 8.8840297376e-10 1.4491185806e-08 3.7521681652e-27 9.1053369859e-28 9.9971504201e-29 2.8519228113e-56 
-5.5147048406e-24 -5.6395254527e-13 -2.8121420674e-12 3.7027029439e-37 -1.0833452901e-38 -4.7513498986e-20 -8.2073697093e-18 -1.7227043471e-16 -2.2824183884e-13 
1.5597670103e-09 1.399392454e-29 1.9725934036e-27 4.1526547771e-29 5.9988860201e-31 3.3142012443e-34 1.7392066338e-37 1.8272056678e-40 8.6785321833e-47 
3.5429579916e-49 -7.3668965503e-39 -9.1775137209e-30 -1.9868038534e-21 -9.9966797581e-19 -5.1768826149e-17 -2.2230371854e-15 1.8868004258e-15 1.3976221434e-13 
1.2267334975e-11 3.8714319538e-10 1.9069607864e-31 1.6560944516e-36 4.4908888951e-60 -4.187372624e-57 -8.9288848366e-46 -1.505082405e-17 2.0390447412e-33 
1.181401074e-32 2.1928222412e-35 3.4067922381e-41 2.1962637463e-39 1.4007528264e-43 1.1696279837e-48 7.0101318508e-51 3.055485038e-55 -3.9258894247e-60 
-7.5425083412e-61 -5.624191288e-35 -5.9284953581e-33 -1.0493317213e-32 -1.6998151942e-28 -1.8619150673e-19 5.0406184698e-11 3.8693755195e-53 1.7602306322e-60 
6.4921382465e-61 -2.5220335426e-63 -8.4609137233e-45 4.1404441794e-12 7.4496112896e-37 6.4058898278e-43 -5.3492143382e-40 -3.4905161827e-34 -5.6911245053e-27 
-7.4561374853e-29 -2.7446944108e-27 -6.0135090853e-26 1.7404982237e-12 4.6653377908e-11 6.2911307863e-10 1.3577992624e-37 4.0049201966e-51 2.1895762511e-55 
1.1136715679e-57 4.0875755468e-59 1.3900629802e-61 -1.0021682125e-60 -2.1403055771e-40 2.2849190318e-19 9.2724412072e-40 1.272736911e-39 1.7994545689e-50 
2.6168911254e-65 -1.9722179333e-46 -1.4379119535e-34 -1.8962639275e-32 2.9882093964e-43 9.4921922681e-44 3.8854133709e-45 2.1903951669e-46 4.6556183168e-57 
1.6184236528e-68 1.7368799501e-68 -1.4091798131e-59 -1.6730872272e-56 -1.9261235983e-47 -8.1928705554e-38 8.6103540324e-19 2.2567931696e-08 5.0162662519e-10 
5.4392141771e-45 4.4320303404e-46 7.0697970345e-49 -1.9443940425e-49 2.6502848726e-11 3.8350579099e-10 2.6487482139e-64 2.2943345879e-69 -4.8157644301e-66 
-1.0023314064e-54 6.1749711789e-43 1.5297831099e-37 6.163732866e-31 9.3687400611e-31 2.9039206433e-15 1.7488588602e-12 1.0207980093e-49 3.3926656977e-54 
3.463019173e-57 2.5873198739e-67 -3.8322099336e-58 -8.5766402266e-59 -5.4036776291e-57 1.6034953754e-31 3.3502172086e-08 2.0094047894e-56 7.0539207395e-57 
2.3845052146e-77 -1.4758597354e-60 2.3473323588e-21 1.8890947789e-19 5.6905956423e-18 1.1855665993e-16 4.1168365769e-15 8.8180900079e-10 8.543975819e-53 
1.3842978737e-53 3.178848612e-54 1.7603795977e-56 1.4753931134e-66 7.2175299946e-70 8.8459161443e-81 -7.6731294151e-77 4.9919039784e-64 4.2283730804e-45 
1.1517697327e-37 9.3178834164e-27 4.4924189566e-25 7.510413981e-23 2.0361884676e-22 2.0129805248e-16 2.8206762425e-14 2.2079870178e-12 6.0559613445e-56 
9.9629481322e-55 3.9625549499e-79 -1.5794330768e-79 1.1086403885e-54 2.1725999385e-43 4.5861340317e-26 2.3921038217e-15 5.5516334015e-58 1.5396192476e-69 
3.6208836502e-81 5.5946826306e-38 9.6016686951e-29 8.634561558e-24 6.7494406424e-19 5.5141703492e-15 9.527665563e-14 2.7706338105e-61 3.2414490056e-59 
7.7316453698e-61 1.3116849684e-60 1.2952527596e-69 2.0595220616e-83 3.2447653056e-56 5.6408009439e-46 1.9112327373e-29 1.9640899769e-27 1.6698361603e-27 
1.4190828292e-24 7.7207281782e-20 2.9066265344e-63 2.2556844726e-64 2.0237677085e-87 1.3763367253e-68 1.4290161904e-57 1.5659799302e-10 1.4599537533e-10 
1.0175184719e-65 1.6600489603e-66 2.1048129388e-88 5.2172230838e-74 1.4225367423e-61 9.5905791121e-49 4.2683559072e-41 1.3445029517e-37 1.1253330208e-21 
1.1465752924e-11 1.2966073468e-68 3.5054921433e-71 3.9095248709e-70 1.1316539235e-89 4.9664765897e-89 1.4667458906e-67 1.8347970032e-50 8.4681696149e-44 
2.8922870522e-41 7.604256591e-39 7.7486551586e-24 1.9025067183e-19 3.7631605579e-17 6.9461439218e-15 3.2761348248e-11 2.3915884153e-09 2.5524400659e-75 
5.7084769247e-81 9.0755113971e-84 1.6221262861e-88 3.7378543511e-75 8.7788636603e-66 5.8840800002e-43 2.7526226801e-42 2.7062161548e-37 6.4977029095e-10 
7.163842471e-74 1.271402043e-77 2.0996759724e-88 4.1366934683e-79 4.1978220667e-76 4.2524529898e-57 5.1094810603e-46 6.1152254603e-11 1.5738599626e-77 
5.8565080648e-90 1.9004593045e-95 7.6396889837e-57 4.9675254732e-29 6.3119993729e-28 4.2064208839e-24 6.8075340926e-12 2.8318312024e-82 2.0123404964e-80 
4.1518279411e-88 7.4113671364e-90 1.7985695882e-60 3.3128789122e-53 2.2699829127e-50 1.9255681623e-44 1.4783770668e-34 3.9896058207e-18 1.1042258726e-13 
3.9776479293e-85 3.4228210724e-90 7.2242896384e-91 3.0523916039e-100 3.6399708586e-100 1.4750914308e-66 7.2844270336e-54 3.2211049712e-49 8.1777623743e-17 
3.7749895174e-90 1.5549657871e-90 1.1775453448e-92 1.6803435833e-103 5.9276392734e-68 1.5940058861e-45 1.0997996995e-16 1.8928896137e-14 3.2146557816e-89 
1.6423735478e-91 3.2942468381e-92 3.1814595761e-94 2.3185145751e-104 6.1107771879e-105 1.1291610152e-68 5.8513905766e-42 5.0706642942e-18 9.9159538294e-93 
7.1933500496e-97 4.4890016972e-109 1.87975335e-90 8.9013361156e-67 3.4504037218e-36 2.1588691978e-33 5.1509808462e-27 2.1192863519e-22 1.5440165558e-14 
1.804540748e-96 3.4556478688e-108 2.9645801004e-92 5.6886545487e-71 2.0744504172e-40 1.4222807463e-32 5.9739046417e-104 7.8265982809e-105 8.2588882199e-112 
4.3094403387e-108 4.4595897331e-104 1.0634024799e-100 3.0989927531e-88 2.4732148019e-54 2.9199458089e-18 1.589198232e-104 1.1992161052e-105 6.4958815606e-114 
1.2980100258e-113 3.2415216431e-57 4.010700161e-19 1.4874472747e-107 2.2438014855e-107 2.2502193112e-117 1.2619318491e-110 1.47721238e-40 1.3441918693e-18 
4.7586416664e-110 7.2757936751e-111 2.9699653948e-112 7.3727218963e-115 2.8064983296e-115 1.0551959961e-118 2.7474108211e-122 1.5348020284e-105 6.7611291674e-69 
2.1958962019e-69 1.5568337025e-65 3.4258693421e-69 3.8200274272e-56 4.3176585587e-31 2.7169031099e-23 3.0757612262e-24 1.6915971107e-19 3.2268845445e-123 
4.6482023333e-97 6.3635461377e-90 1.0575849566e-69 1.0014312308e-51 4.2192747229e-42 1.510208785e-42 1.2484678757e-26 1.3653675424e-23 1.1387783536e-23 
3.7109225548e-118 5.7166384815e-120 2.1469546158e-120 1.2098831151e-121 3.3783625395e-64 1.4692588922e-49 9.0480254266e-41 3.3169764823e-120 6.5305241116e-132 
8.8503081668e-93 7.2042676369e-75 7.1589211137e-74 2.2250253844e-54 7.3542155972e-50 4.9402435133e-39 9.6210268031e-34 5.3532174978e-127 2.5729112502e-125 
7.7410283641e-125 6.9157428257e-102 2.8516418746e-88 6.0616905713e-64 7.8173322896e-138 4.8029023132e-77 7.4860407182e-76 3.2646520627e-35 1.0869308893e-33 
5.4005693607e-26 1.5641328964e-111 7.3508680625e-108 1.1653127483e-102 1.1769604371e-100 2.1057688992e-53 8.2283399836e-43 7.0836106017e-39 6.7430815003e-138 
2.6891095762e-136 5.8831399539e-138 4.0706035212e-138 2.8234450626e-116 1.9148316434e-83 9.4302070073e-81 2.6740201512e-47 1.9733931128e-42 4.3716549119e-140 
8.0849270421e-148 9.0692041032e-125 8.3533535128e-110 7.4371931919e-62 2.3759207031e-57 6.9566064728e-48 1.1608064253e-144 4.3298779455e-73 3.4303637729e-57 
7.5341233623e-43 1.3071712469e-32 1.2334804704e-149 2.1910841683e-142 1.381243571e-80 3.9266581087e-80 3.5182551121e-69 4.4441737109e-39 5.3726959757e-39 
4.0015289737e-35 1.3301552118e-35 1.6658459799e-153 4.0242918871e-153 8.4486026887e-147 1.430829725e-137 9.3897855999e-61 1.8874703671e-54 -1.0351383494e-15 

fz_mag_viz 1 648 double
0 0 0 0 0 0 0 0 0 
0 0 0 0 0 0 0 0 0 
0 0 0 0 0 0 0 0 0 
0 0 0 0 0 0 0 0 0 
0 0 0 0 0 0 0 0 0 
0 0 0 0 0 0 0 0 0 
0 0 0 0 0 0 0 0 0 
0 0 0 0 0 0 0 0 0 
0 0 0 0 0 0 0 0 0 
0 0 0 0 0 0 0 0 0 
0 0 0 0 0 0 0 0 0 
0 0 0 0 0 0 0 0 0 
0 0 0 0 0 0 0 0 0 
0 0 0 0 0 0 0 0 0 
0 0 0 0 0 0 0 0 0 
0 0 0 0 0 0 0 0 0 
0 0 0 0 0 0 0 0 0 
0 0 0 0 0 0 0 0 0 
0 0 0 0 0 0 0 0 0 
0 0 0 0 0 0 0 0 0 
0 0 0 0 0 0 0 0 0 
0 0 0 0 0 0 0 0 0 
0 0 0 0 0 0 0 0 0 
0 0 0 0 0 0 0 0 0 
0 0 0 0 0 0 0 0 0 
0 0 0 0 0 0 0 0 0 
0 0 0 0 0 0 0 0 0 
0 0 0 0 0 0 0 0 0 
0 0 0 0 0 0 0 0 0 
0 0 0 0 0 0 0 0 0 
0 0 0 0 0 0 0 0 0 
0 0 0 0 0 0 0 0 0 
0 0 0 0 0 0 0 0 0 
0 0 0 0 0 0 0 0 0 
0 0 0 0 0 0 0 0 0 
0 0 0 0 0 0 0 0 0 
0 0 0 0 0 0 0 0 0 
0 0 0 0 0 0 0 0 0 
0 0 0 0 0 0 0 0 0 
0 0 0 0 0 0 0 0 0 
0 0 0 0 0 0 0 0 0 
0 0 0 0 0 0 0 0 0 
0 0 0 0 0 0 0 0 0 
0 0 0 0 0 0 0 0 0 
0 0 0 0 0 0 0 0 0 
0 0 0 0 0 0 0 0 0 
0 0 0 0 0 0 0 0 0 
0 0 0 0 0 0 0 0 0 
0 0 0 0 0 0 0 0 0 
0 0 0 0 0 0 0 0 0 
0 0 0 0 0 0 0 0 0 
0 0 0 0 0 0 0 0 0 
0 0 0 0 0 0 0 0 0 
0 0 0 0 0 0 0 0 0 
0 0 0 0 0 0 0 0 0 
0 0 0 0 0 0 0 0 0 
0 0 0 0 0 0 0 0 0 
0 0 0 0 0 0 0 0 0 
0 0 0 0 0 0 0 0 0 
0 0 0 0 0 0 0 0 0 
0 0 0 0 0 0 0 0 0 
0 0 0 0 0 0 0 0 0 
0 0 0 0 0 0 0 0 0 
0 0 0 0 0 0 0 0 0 
0 0 0 0 0 0 0 0 0 
0 0 0 0 0 0 0 0 0 
0 0 0 0 0 0 0 0 0 
0 0 0 0 0 0 0 0 0 
0 0 0 0 0 0 0 0 0 
0 0 0 0 0 0 0 0 0 
0 0 0 0 0 0 0 0 0 
0 0 0 0 0 0 0 0 0 

B_magnitude 1 648 double
29540.978042 9876.4178887 2765.3850077 6.8850577759e-13 0.00095155800181 166.00779659 23450.176702 6437.9634963 1684.1014274 
182.90833653 2.6205622172 2.1567758443e-12 0.00069530903916 0.065452557493 0.32983464992 32369.608487 26637.351599 22.701750848 
9.8593091643e-05 0.10094643219 0.65498219252 54.723736673 14072.90843 29744.388121 32750.531475 9491.6383141 3.6705873771e-05 
4.0584068167e-10 2.1610305257e-11 1.1251701723e-14 0.0091017378668 19.947059098 9445.830315 10329.638521 27559.906189 25348.590844 
23175.263191 24704.942791 20565.50043 4160.9108586 17.421659827 0.021427483159 0.0030682126708 2.7092796415e-10 5.0550601852e-08 
31.5697978 26167.916739 311.71798721 3.3867631791 0.057146523578 3.0627467445e-07 1.7740487667e-13 0.0019619180936 3353.6807606 
7274.4452719 1.0412983774e-08 2.3808963519e-07 1444.3545499 4817.5477461 14734.436146 6350.0547642 410.09359411 46.438162132 
0.00094618764128 1.9500676636e-13 3.6698225696e-15 1.1019062679e-14 0.13583847534 1127.3436753 7164.9267296 0.0018602474907 0.0022556800065 
2.0982109784e-15 2.8152847038e-10 8.6126859338e-09 4.7766559357e-08 4371.2160763 14538.750585 14395.330301 13918.671781 12434.58196 
2651.8309658 0.0014920996976 0.00015960423101 9.6516237263e-12 6.5837249047e-13 6.6550075941 23.00164655 217.36433147 532.6045251 
804.7761792 4.5902057582 0.27169771385 0.25920717113 0.026086078734 7.354481619e-05 2.3339213588e-08 217.55710007 9678.546778 
627.87845758 813.45684008 1.8133594849 0.036989891839 1.1657657409e-08 1.8267094e-11 9.8871327939e-07 0.14637129714 517.67570571 
21649.056997 302.58616984 286.88872057 0.80713914702 6.5139991431e-13 9.9371162466e-09 11.916473055 14817.555495 31904.69449 
33340.293971 145.30093303 70.036191306 0.049668398325 4.8272837323e-06 5.3866552647e-10 0.0020675578219 0.0031574055766 0.0093094981284 
41.548012071 54.66998722 0.022278834893 2.0631944496e-13 3.41275107e-14 9.6101718221e-07 11415.000479 32.585951107 3.4520730577 
0.00032166424946 4.1943051483e-15 2.3750169981e-10 2791.8161346 9187.487347 7365.6568824 14628.583157 14130.191849 2.8611233282 
2.231926915e-12 1.8961388432e-13 1.9366197653e-10 2.8899436211e-10 8.8925187121e-07 0.0021003091964 1.2283608271 4.0539951957 2.1846090304 
0.61009729657 0.30809485966 3.507183602e-09 1.1533139e-09 5.2546386671e-06 2.4845588546e-06 17.383010366 11277.7163 0.14429165536 
0.12648139037 0.020121424298 5.1199073392e-05 4.8943943899e-08 4.8013669261e-10 6.7943539961 81.084530548 13108.565665 16166.151719 
14421.002814 7.1366473432e-06 6.1236583368e-14 4.9237314305e-18 7.7755769813e-11 2613.60688 0.0028886180638 7.7147176566e-07 9.0949386219e-13 
3.0690705791e-14 3.0083031959e-05 0.2083812351 0.79319058109 62.073065667 4957.7533487 0.001875251373 0.0010209992382 6.9696243515e-08 
8.417054819e-09 9.5322943819e-14 3.2602804699e-13 0.0091254325201 80.163038148 5228.3883214 5307.0663364 0.0032849925944 0.0021026191847 
0.0042701490464 0.0010778199561 2.3525244203e-06 2.545889226e-11 0.38461378524 4.7618889648 78.754890343 1801.1586412 0.00031855944972 
0.00093031808435 2.2066206634e-11 1.186390349e-19 3.8596214259e-06 0.019908126437 1.3569046179 6.3157158514 62.431692457 193.44516911 
930.23345671 8.4834495141e-05 2.3782762334e-05 1.4213955545e-05 1.6703816854e-06 1.84247702e-08 8.4775238344e-11 9.8329244674e-15 1.9233559716e-18 
2.1317341752e-09 6.3499960043e-06 66.484589224 1756.2334209 6294.6609841 4.2792488161e-06 2.1080184312e-06 9.6187271112e-08 1.1799238641e-20 
0.00017313229125 55.621906283 133.7439427 4.2509483446e-11 7.6736217678e-12 0.016070364624 0.2112169039 0.96801668756 44.733886263 
2059.182532 2.6133414441e-07 4.2726594465e-07 4.5018322308e-07 5.4108026886e-08 1.2717912421e-09 2.9134125293e-11 9.4432200262e-13 6.5080297739e-16 
4.1582384843e-17 6.3278944278e-12 2.2334665918e-07 0.0032862098605 0.073717858649 0.53365135872 3.7112631605 7.7917464829 32.361746075 
38.436909108 1024.9278718 3.0506843439e-08 8.9901915068e-11 1.4827449226e-22 4.7707619276e-21 2.2030053409e-15 0.287677295 3.1545671e-09 
7.593204084e-09 3.2713582419e-10 4.0775492616e-13 4.5083926881e-13 2.6146113716e-14 7.5552748361e-17 5.8491059102e-18 3.86159277e-20 2.0142138889e-23 
6.403799478e-23 5.5290049787e-10 5.6766116309e-09 7.5521975321e-09 9.6120895979e-07 0.032648007331 371.44063206 4.3455708177e-19 9.2685368357e-23 
5.6288578686e-23 3.7654966904e-24 6.7814969779e-15 107.68925988 6.0296651973e-11 5.5913428681e-14 1.7051474531e-12 1.3774054016e-09 7.6590209731e-07 
6.3661905345e-07 3.8636093794e-06 1.8093811978e-05 77.215480936 387.53073402 1670.7763921 2.5742112039e-11 4.421028609e-18 3.2689360828e-20 
2.3313364728e-21 4.466417209e-22 2.6046155601e-23 7.3805249202e-23 1.0785862145e-12 0.033677158972 2.1272740199e-12 2.4922735686e-12 9.37123514e-18 
3.573709274e-25 1.0353673726e-15 8.8749841318e-10 1.0188725679e-08 3.8188438921e-14 2.1523339455e-14 4.3545673019e-15 1.0339216472e-15 4.7666698861e-21 
8.8873566021e-27 9.2077742713e-27 2.7675797614e-22 9.5362194369e-21 3.2356349561e-16 2.2387647449e-11 0.065897004049 519.40875004 1590.1249805 
5.152220865e-15 1.4707124009e-15 5.8739448537e-17 3.2516192676e-17 365.6222999 1390.8212833 1.1369640437e-24 3.3462221383e-27 1.6178929203e-25 
7.3961785531e-20 8.8581592445e-14 3.0987135981e-11 5.577801619e-08 6.8746169493e-08 3.8272095484 93.922062483 2.2320108387e-17 1.2867581448e-19 
4.1110602341e-21 3.5534601889e-26 1.4446001487e-21 6.9371862551e-22 5.5004978071e-21 2.8441092179e-08 12999.53126 9.9028478962e-21 5.8673457325e-21 
3.4185240127e-31 4.8290761114e-22 0.0034409511819 0.030868682382 0.1694221085 0.77331102423 4.5569370901 2109.0092561 6.457380788e-19 
2.5992087951e-19 1.2455504267e-19 9.2689289954e-21 8.485555298e-26 1.8768116504e-27 9.0066789601e-33 6.4610921903e-31 2.0822869136e-24 4.6186365015e-15 
3.3191527089e-12 6.8556693274e-06 4.7602674294e-05 0.00061549306596 0.0010134450671 1.0076530242 11.928005916 105.53329138 1.7191664974e-20 
6.9730106202e-20 4.3975830358e-32 2.9716596564e-32 7.4787649444e-20 3.3104098906e-14 1.5209488122e-05 3.4736114607 1.6460263453e-21 2.7411516185e-27 
4.2037189928e-33 1.6798826886e-11 6.9592844002e-07 0.00020869467679 0.058347884921 5.2738930191 21.922217321 3.6771890384e-23 5.4770800354e-23 
6.1427431304e-23 8.0009427489e-23 2.5142221903e-27 3.1703675668e-34 1.2793308829e-20 1.6867923198e-15 3.1049028391e-07 3.1475447709e-06 2.9022054766e-06 
8.4604818699e-05 0.019734237831 3.7663528894e-24 1.0492176e-24 3.1998551673e-36 8.3320991039e-27 2.6847867924e-21 888.7596361 858.14519688 
2.2284225421e-25 9.0009187308e-26 1.0303989402e-36 1.6222245501e-29 2.6786931903e-23 6.9552643772e-17 4.6400380189e-13 2.6041866401e-11 0.0023824936834 
240.48750464 7.9548250194e-27 4.1361939118e-28 1.3813011778e-27 2.3891776471e-37 5.0051326845e-37 2.7199985136e-26 9.6202251795e-18 2.0667407411e-14 
3.8195475701e-13 6.1932642133e-12 0.00019769896398 0.030978067811 0.4356799766 5.9192013768 406.51082009 3473.2372259 3.5294267144e-30 
5.2782081982e-33 2.1045630696e-34 9.0455206108e-37 4.3421259258e-30 2.1043131965e-25 5.4479173583e-14 1.1783235797e-13 3.6946428915e-11 1810.3858721 
1.8698182989e-29 2.4909662565e-31 1.0122843699e-36 4.5679137688e-32 1.455134842e-30 4.6313860927e-21 2.2107148158e-16 555.38924228 2.7714652383e-31 
1.6906190753e-37 4.1938220531e-41 6.2076763478e-21 5.0056591971e-07 1.7843280392e-06 0.00014566244284 185.30457384 1.1756013424e-33 9.9100792041e-33 
1.4234626152e-36 1.9018469118e-37 9.5247777223e-23 4.0878411185e-19 1.0700461792e-17 9.8553187428e-15 8.6354273553e-10 0.14185878014 23.600444673 
4.4059499765e-35 1.2924641051e-37 5.937778143e-38 1.2205245437e-42 1.332831798e-42 8.6258260654e-26 1.9168535137e-19 4.0308224211e-17 0.64225644342 
1.3573263086e-37 8.7113770395e-38 7.5808030177e-39 2.9113205203e-44 1.7291477741e-26 2.8355426694e-15 0.744814332 9.7713342761 3.9608977399e-37 
2.8311466299e-38 1.2679568109e-38 1.2460618415e-39 1.0637297539e-44 5.4610307264e-45 7.5469098861e-27 1.7179905498e-13 0.15992768693 6.956545659e-39 
5.9250495881e-41 4.7559983631e-47 1.340894961e-38 6.7006792076e-26 1.816683542e-11 3.2999274476e-09 5.0972530459e-06 0.0010339178833 8.8250505753 
9.3844697469e-41 1.3202493507e-46 1.2228489673e-38 7.3764789208e-29 1.0229225581e-12 8.4700093949e-09 1.7074796442e-44 6.1803477688e-45 2.0076462229e-48 
1.4743536282e-46 1.4998184095e-44 7.3238604563e-43 1.2502633683e-36 1.1169201992e-19 0.12136085357 8.8067451439e-45 2.4192186294e-45 1.780514197e-49 
2.5587637432e-49 4.0435767375e-21 0.044978122641 2.6943076371e-46 3.3091664119e-46 3.3690202925e-51 7.9782782242e-48 8.6320251279e-13 0.082342084807 
1.5239400877e-47 5.9589066154e-48 1.2039323563e-48 5.9984676103e-50 3.7009122336e-50 7.1761739808e-52 1.1579456997e-53 2.7823861882e-45 5.8398385825e-27 
3.3281058486e-27 2.8022852373e-25 4.1569674544e-27 1.3881118673e-20 4.6667590054e-08 0.00037019308492 0.00012455682675 0.029210547284 3.9684243471e-54 
4.8420998263e-41 1.791599057e-37 2.3096642856e-27 2.2475108252e-18 1.4588482827e-13 8.7278992168e-14 7.9356026279e-06 0.00026243153087 0.0002396684285 
1.345759138e-51 1.67030875e-52 1.0236177874e-52 2.4299542663e-53 1.3054022382e-24 2.7223276267e-17 6.7556654219e-13 1.2723236155e-52 1.7852565494e-58 
6.6814453899e-39 6.0281790839e-30 1.9002687e-29 1.0593969337e-19 1.9260138479e-17 4.9918945758e-12 2.2029362977e-09 5.1113290046e-56 3.5435518754e-55 
6.2487126797e-55 1.8677151605e-43 1.1993300581e-36 1.7485904746e-24 1.9532403097e-61 4.9220169319e-31 1.9431991824e-30 4.0579779016e-10 2.3414893787e-09 
1.6504827918e-05 2.8088467938e-48 1.9255754509e-46 7.6667707163e-44 7.7049914091e-43 3.2590916994e-19 6.4423948735e-14 5.9774859805e-12 1.8140764957e-61 
1.1455937659e-60 1.6944586764e-61 1.4094698618e-61 1.1933858868e-50 3.1078247748e-34 6.8968668193e-33 3.6725994466e-16 9.9769553969e-14 1.4606606453e-62 
1.9863896541e-66 6.7635672801e-55 2.0526819202e-47 1.936848975e-23 3.4618416406e-21 1.8732249983e-16 7.5267292446e-65 4.673358027e-29 4.1596933433e-21 
6.1646381566e-14 8.1200269334e-09 2.4943498452e-67 1.0512857e-63 8.3469221199e-33 1.4073521184e-32 4.212645268e-27 4.7346375658e-12 5.2057985669e-12 
4.4926667925e-10 2.5902542014e-10 2.8513059118e-69 4.4317079085e-69 6.528052976e-66 2.6864898466e-61 6.8820696656e-23 9.7573368343e-20 0.040830749753 

B_gradient_mag 1 648 double
27112.660268 3030.5489792 237.59297776 1.4727789576e-29 2.6734567716e-11 0.81369126827 17084.986174 1287.7139851 88.11683313 
1.0394159878 0.00021335918456 1.4452148459e-28 1.4274379612e-11 1.2648961219e-07 3.2121416775e-06 30537.992017 22044.714516 0.016011834721 
2.8700750319e-13 3.0087108255e-07 1.2666568154e-05 0.088420348893 5847.3567905 25506.353483 31501.583395 2799.0119592 4.1859450804e-14 
5.1172136551e-24 1.4509224338e-26 3.7369236314e-33 2.4458551597e-09 0.011747137109 2634.2286769 3150.3627411 21933.056516 17795.554894 
16686.749347 18962.260024 13140.169164 537.89711642 0.0094297776331 1.4264768154e-08 2.924780717e-10 2.2804999114e-24 7.5441008258e-20 
0.029421312401 20096.667295 3.0188818693 0.00035636254473 1.0146167422e-07 2.9143691858e-18 9.7780780671e-31 1.135626983e-10 331.06974695 
1644.0770021 3.1508777473e-21 1.6471854886e-18 61.329597237 676.03623146 6274.3224495 1252.7872768 5.2250248877 0.066999635424 
2.7814863622e-11 1.1814674312e-30 4.1832060452e-34 3.5045407962e-33 5.3575606751e-07 36.155775942 1457.0405288 1.0751370973e-10 1.580801622e-10 
1.2312651652e-34 2.2421254823e-24 2.0834808189e-21 6.4057111515e-20 535.63082799 5793.9367721 3905.9825448 4663.259308 2178.0966176 
218.48119764 6.9170048038e-11 7.9142760182e-13 2.8941641346e-27 1.2125694487e-29 0.0012399889519 0.014785951283 1.3219521612 7.9419688146 
20.122068299 0.00065461612569 2.2934768503e-06 2.087451613e-06 2.1141704291e-08 1.6804536035e-13 1.5199314042e-20 1.3206894589 2614.8157182 
12.248236345 20.558499952 0.00010216219351 4.2509746525e-08 4.2222599627e-21 1.036719625e-26 2.727490799e-17 5.9776996561e-07 7.4773584257 
6209.9284925 2.8445956442 2.5571095839 2.0240405808e-05 1.1838569488e-29 2.7550228414e-21 0.0039618580528 6125.6408056 28348.847865 
30573.91761 0.6559325739 0.15239384728 7.6644801415e-08 7.2398245994e-16 8.0954359583e-24 1.1926609045e-10 2.7813916797e-10 2.4179840666e-09 
0.053631863936 0.092858216339 1.5420815548e-08 1.3225214182e-30 3.249450545e-32 2.5766957231e-17 3635.3898096 0.032990066855 0.00037023915764 
3.214607715e-12 5.4656578162e-34 1.5737441067e-24 217.45742954 2355.0103995 1513.6415035 5970.3538169 5570.4195001 0.00025432880423 
1.5476841373e-28 1.0030923906e-30 1.0463798861e-24 2.3301259904e-24 2.2062272184e-17 1.2307423095e-10 4.2097138744e-05 0.00051060945444 0.00014827565175 
1.1564333129e-05 2.9491122121e-06 3.8215486822e-22 4.1325436084e-23 7.7034696448e-16 1.722262079e-16 0.0084304477135 3548.3375573 6.4685184946e-07 
4.9702204802e-07 1.257881792e-08 8.1441655808e-14 7.4425252416e-20 6.4317692308e-24 0.0012879440634 0.18343266328 4709.9713197 7232.7115701 
2939.6657286 1.5823802942e-15 1.1650492803e-31 7.3093156241e-40 1.6868090074e-25 190.57196724 2.5924037325e-10 1.8491087995e-17 2.5699338078e-29 
2.6279337503e-32 2.5248981887e-14 1.2114845396e-06 1.7553178022e-05 0.10749963805 684.94196448 1.0925501394e-10 3.2387186982e-11 1.5091803254e-19 
2.2011148506e-21 2.8230416435e-31 2.9655864279e-30 2.3233122191e-09 0.17928696865 594.36563672 384.8780932 3.3526728863e-10 1.3735473581e-10 
5.6651114816e-10 3.6092322839e-11 1.719454441e-16 2.0137307363e-26 4.1271509248e-06 0.00063264363713 0.17304044154 77.197117848 3.1528504957e-12 
2.6889660503e-11 1.5127868963e-26 4.3582915224e-43 4.1561391339e-16 1.1057614395e-08 5.1368761e-05 0.0011128701084 0.10873284169 1.0431227245 
19.274796975 2.2359771026e-13 1.7573043511e-14 6.2770024508e-15 8.6686971715e-17 1.054694187e-20 2.2328545387e-25 3.0039161013e-33 1.1493220345e-40 
1.2678467334e-22 1.1249871573e-15 0.12259648476 95.610869942 1552.6385015 5.6892821312e-16 1.3806105892e-16 2.8744688061e-19 4.3248254594e-45 
8.3628982474e-13 0.085788002173 0.4513931206 5.614279736e-26 1.6428633405e-27 7.2052946175e-09 1.2446437137e-06 2.6130802225e-05 0.042308922443 
167.11827458 2.1218501231e-18 5.6717744233e-18 6.2965260564e-18 9.0959022992e-20 5.0252081165e-23 2.637098549e-26 2.7705284246e-29 1.3158956609e-35 
5.3720640189e-38 1.117169603e-27 1.3917447181e-18 3.0129373911e-10 1.5160341212e-07 7.8823746111e-06 0.00035324562593 0.00076075002252 0.017385991165 
0.027324289899 41.479674454 2.891458338e-20 2.5110784369e-25 6.8194142615e-49 6.3500354441e-46 1.3540408311e-34 2.2913015078e-06 3.0917326462e-22 
1.7913173728e-21 3.3249001229e-24 5.1656006212e-30 6.3148911073e-30 2.1239128083e-32 1.7734662454e-37 1.0629219193e-39 4.6329257282e-44 1.1305179813e-50 
1.1439754822e-49 8.5289314245e-24 8.9904001959e-22 1.5912827e-21 2.5777230669e-17 2.8731816193e-08 5.4010457377 5.8669995673e-42 2.668976513e-49 
9.843803737e-50 3.8944976973e-52 1.2830742987e-33 0.44395493273 1.1295586586e-25 9.7130280219e-32 8.1119364463e-29 5.2932718819e-23 1.636592257e-17 
1.1307079242e-17 4.1625197992e-16 9.1212825651e-15 0.19505414892 5.1163374559 83.845844051 2.0587838127e-26 6.0725212485e-40 3.319978341e-44 
1.6886214776e-46 6.1978486822e-48 2.1077041664e-50 1.5197605347e-49 3.2457145594e-29 3.3681017225e-08 1.4059480212e-28 1.9298067268e-28 2.7284503982e-39 
3.9679010278e-54 2.9908142621e-35 2.1805805973e-23 2.8757029844e-21 4.5309180119e-32 1.4392681106e-32 5.8913172038e-34 3.3212200345e-35 7.0591521843e-46 
2.453960082e-57 2.6338199421e-57 2.1369824343e-48 2.5371907705e-45 2.9209134746e-36 1.2425189881e-26 1.3041721354e-07 8.1025943768 75.936398222 
8.2472913427e-34 6.7201335096e-35 1.0719687436e-37 2.9486207579e-38 4.0149105913 58.096907752 4.0162048233e-53 3.4788197648e-58 7.3029743293e-55 
1.5200112848e-43 9.3476929259e-32 2.3172211697e-26 9.3376084117e-20 1.4193008682e-19 0.00043992187898 0.26493929709 1.5478005298e-38 5.1441810391e-43 
5.2508555676e-46 3.9230631672e-56 5.8114467088e-47 1.3006460387e-47 8.1946584133e-46 2.4291877071e-20 5075.3579583 3.0467906179e-45 1.0695614762e-45 
3.6227681426e-66 2.2714136214e-49 3.5560537439e-10 2.8618540265e-08 8.6208771935e-07 1.796055272e-05 0.00062367359886 133.58825162 1.2954933472e-41 
2.0989627358e-42 4.8199776261e-43 2.669202378e-45 2.2370872805e-55 1.0943689787e-58 1.9798891634e-69 1.1636122338e-65 7.5597387559e-53 6.4057061254e-34 
3.3087625852e-28 1.4115979477e-15 6.8057187662e-14 1.1377782417e-11 3.0846913901e-11 3.0495328803e-05 0.0042731386699 0.33449548587 9.1824436292e-45 
1.5106471855e-43 6.0082843996e-68 2.3952528394e-68 1.6795169919e-43 3.2913457777e-32 6.9476909408e-15 0.00036238797074 8.4177487039e-47 2.3344711348e-58 
5.4902199857e-70 8.4755756297e-27 1.4545895554e-17 1.308079195e-12 1.0224957947e-07 0.00083536048274 0.014433785684 4.2010157158e-50 9.3200998901e-50 
1.1723225056e-49 1.9888623121e-49 1.9639467253e-58 3.1227816957e-72 4.9156056858e-45 8.5454418367e-35 2.8953916926e-18 2.9754669287e-16 2.5296917807e-16 
2.1498170028e-13 1.1696394579e-08 4.4072167547e-52 3.4202159388e-53 3.0456185969e-76 2.0850594673e-57 2.1648653905e-46 23.723564338 22.117337604 
1.5428278811e-54 2.5170745209e-55 3.1884635268e-77 7.9037492816e-63 2.1550494536e-50 1.4529095566e-37 6.4662780173e-30 2.0368334014e-26 1.7048053941e-10 
1.7369860362 1.9660006386e-57 5.3152558558e-60 5.9278766329e-59 1.7143365463e-78 7.5238811158e-78 2.222023401e-56 2.7795965909e-39 1.2828719118e-32 
4.3816243518e-30 1.1519947798e-27 1.1738702115e-12 2.8821723487e-08 5.7009403434e-06 0.0010522950458 4.9631284409 362.3098901 3.8701761271e-64 
8.655565085e-70 1.3760882388e-72 2.4574144625e-77 5.6626031071e-64 1.3299400129e-54 8.9139935808e-32 4.1700420286e-31 4.0997391999e-26 98.435918655 
1.0862285262e-62 1.9277827129e-66 3.1836656741e-77 6.2668180958e-68 6.3594238955e-65 6.4421861451e-46 1.4678333088e-36 9.264163726 2.3863891403e-66 
8.8800195559e-79 5.4634513633e-86 1.1573625538e-45 7.5254738513e-18 9.5622632408e-17 6.372450537e-13 1.0312965697 4.2938071934e-71 3.0512419284e-69 
6.2952723538e-77 1.1237598306e-78 2.7247144436e-49 5.0187933129e-42 3.4388745755e-39 2.9171089172e-33 2.2396438667e-23 6.0439899992e-07 0.01672829455 
6.0311692578e-74 5.1899045853e-79 1.09539392e-79 4.6282352615e-89 5.5191612355e-89 2.2346663445e-55 1.1035427087e-42 4.879761838e-38 1.2388771279e-05 
5.723885354e-79 2.357740559e-79 1.7854710646e-81 2.545519124e-92 8.9799830101e-57 2.4148139107e-34 1.6661240944e-05 0.0028676030688 4.8742707925e-78 
2.4902739074e-80 4.9949519441e-81 4.8239365403e-83 3.5154830386e-93 9.2655541974e-94 1.7106045534e-57 8.8644712575e-31 7.6817223708e-07 1.5035216027e-81 
1.0907026577e-85 6.5875722224e-98 5.4000876937e-81 1.3484937831e-55 9.9121954887e-27 3.2705446171e-22 7.8033966561e-16 3.2105792131e-11 0.0023390833684 
2.7361623948e-85 5.2350753883e-97 4.4911435575e-81 1.6342161817e-61 3.1426557256e-29 2.1546616365e-21 9.0580239037e-93 1.1867198853e-93 1.2522665058e-100 
6.5285182241e-97 6.7559846658e-93 1.6109847044e-89 4.6947698718e-77 3.7467574994e-43 4.4235255462e-07 2.4096460249e-93 1.8183296852e-94 9.8494793575e-103 
1.9663824391e-102 4.9106917509e-46 6.0759465351e-08 2.2553645862e-96 3.4021981785e-96 3.4089226791e-106 1.9117436204e-99 2.2378794429e-29 2.0363621321e-07 
7.2153629072e-99 1.103203298e-99 4.5032552664e-101 1.1179001872e-103 4.2553958391e-104 1.5999570012e-107 4.1658035044e-111 2.3251239665e-94 1.0242665293e-57 
3.326638089e-58 2.3585005013e-54 5.1899663708e-58 5.7870899042e-45 6.5409682865e-20 4.1159292328e-12 4.6595756389e-13 2.5626581871e-08 4.8928128405e-112 
7.0417203301e-86 9.6403531939e-79 1.6021715398e-58 1.5171023443e-40 6.3919232564e-31 2.2878668228e-31 1.8913465876e-15 2.0684418819e-12 1.7251741876e-12 
5.6267428461e-107 8.6679401699e-109 3.2553526372e-109 1.8345037015e-110 5.1179966944e-53 2.2258304329e-38 1.3707162474e-29 5.0294161134e-109 9.9017014704e-121 
1.340763385e-81 1.0913990882e-63 1.0845293886e-62 3.3707668817e-43 1.1141152164e-38 7.4841434793e-28 1.4575221812e-22 8.1168975678e-116 3.901215872e-114 
1.1727148024e-113 1.04768948e-90 4.3200495853e-77 9.1830618958e-53 1.1853149153e-126 7.2760806086e-66 1.1340858538e-64 4.9457328128e-24 1.6466286947e-22 
8.1815068137e-15 2.3695582993e-100 1.1136080869e-96 1.7653720476e-91 1.7830175288e-89 3.1901011627e-42 1.2465393025e-31 1.0731203422e-27 1.0224300031e-126 
4.0774033538e-125 8.9204005634e-127 6.1721145898e-127 4.2773332727e-105 2.9008437983e-72 1.4286142392e-69 4.0509643754e-36 2.9895605667e-31 6.6285883464e-129 
1.2258893772e-136 1.3739246774e-113 1.2654780287e-98 1.1266857753e-50 3.5993633491e-46 1.0538800533e-36 1.760090423e-133 6.5594798525e-62 5.1967751374e-46 
1.1413700576e-31 1.9802783279e-21 1.8686416506e-138 3.3193481751e-131 2.0924930193e-69 5.9486283623e-69 5.3299247264e-58 6.7326304077e-28 8.1392804717e-28 
6.0620527906e-24 2.0150975206e-24 2.5258643401e-142 6.1018938693e-142 1.2799076513e-135 2.167612776e-126 1.4224906623e-49 2.8593932672e-43 4.6511953853e-08 

