# vtk DataFile Version 5.1
Generated by LIGGGHTS
ASCII
DATASET POLYDATA
POINTS 1838 float
-0.0428902 -0.0449088 0.00102 -0.0346971 -0.0446764 0.00102 -0.0317519 -0.0446953 0.00102 
-0.00340304 -0.0448428 0.00102 0.0262096 -0.0449372 0.00102 -0.044759 -0.0437614 0.00102 
-0.0335565 -0.0442122 0.00102 -0.0308094 -0.0435702 0.00102 -0.027409 -0.0433703 0.00102 
-0.0225361 -0.0441701 0.00145595 -0.00396528 -0.0444182 0.00102 0.0145521 -0.0432303 0.00102 
0.0181024 -0.0433049 0.00102 0.0195053 -0.043722 0.00102 0.0416479 -0.0439733 0.00102 
-0.0389435 -0.0425966 0.00102 -0.0248654 -0.0427111 0.00102 0.0131812 -0.0427533 0.00102 
0.0185094 -0.042363 0.00125425 0.0201641 -0.0426709 0.00102 0.0248068 -0.0428986 0.00102 
0.0348044 -0.042095 0.00102 0.0418836 -0.0421436 0.00102 0.0406519 -0.0427256 0.00102 
-0.0349861 -0.0412827 0.00102 -0.0136468 -0.0412372 0.00102 -0.00674967 -0.0416523 0.00102 
0.000425919 -0.0415728 0.00102 0.0166138 -0.0412108 0.00102 0.0238162 -0.0409762 0.00102 
0.0338942 -0.0410147 0.00102 0.0339316 -0.041715 0.00102102 0.0414821 -0.0410789 0.00102 
0.0424299 -0.0409921 0.00102 -0.042922 -0.0404536 0.00102 -0.0406141 -0.0405112 0.00102 
-0.0334706 -0.0396012 0.00102 -0.0248652 -0.040212 0.00102 -0.018434 -0.0405477 0.00102 
-0.0169239 -0.0402939 0.00102 -0.00670669 -0.0394183 0.00102 0.00849583 -0.0405939 0.00102 
0.0244803 -0.0401788 0.00102 0.040047 -0.0404588 0.00102 -0.0289295 -0.0389067 0.00102 
-0.0234086 -0.038644 0.00102314 -0.0195638 -0.0385913 0.00102 -0.0108246 -0.0388127 0.00102 
-0.00302782 -0.0385948 0.00102 0.0156715 -0.0391733 0.00102 0.0325128 -0.03812 0.00102 
-0.0370475 -0.0370945 0.00102 0.00798734 -0.0367051 0.00102 0.00985621 -0.0367022 0.00102 
0.0308099 -0.0378456 0.00102 0.0341086 -0.0368686 0.00102 0.0397687 -0.0374633 0.00102 
-0.0439713 -0.0357399 0.00102 -0.0309963 -0.0355024 0.00102 -0.0273176 -0.0361067 0.00102 
-0.0168273 -0.0360331 0.00102 -0.00338111 -0.0363358 0.00102 -0.00161929 -0.0353994 0.00102 
0.000822496 -0.0363122 0.00102 0.0195647 -0.0366528 0.00102 0.0307351 -0.0355434 0.00102 
0.0355384 -0.0354155 0.00102 -0.0177429 -0.0346724 0.00102 -0.0179089 -0.0346335 0.00102 
-8.23525e-05 -0.034098 0.00102 0.00594186 -0.0351889 0.00102 0.0077947 -0.0345433 0.00102 
0.00879071 -0.0344865 0.00102 0.0333162 -0.0342631 0.00102 0.0403097 -0.0347888 0.00102 
0.043014 -0.0343178 0.00102 0.0433459 -0.0353282 0.00102 -0.0427235 -0.0332389 0.00102 
-0.0177803 -0.0340186 0.00102 -0.0161578 -0.0337243 0.00102 -0.00586029 -0.0338127 0.00102 
0.00264867 -0.0338128 0.00102905 0.023158 -0.0340207 0.00102 0.0244271 -0.0334586 0.00102 
0.027474 -0.0338615 0.00102 -0.0376897 -0.0314333 0.00102 -0.0262624 -0.032473 0.00102 
-0.0232422 -0.0321576 0.00102 -0.0233761 -0.031813 0.00102 -0.0210092 -0.0320472 0.00102 
-0.0160452 -0.0323821 0.00102 0.00802514 -0.031483 0.00102 0.0268369 -0.0315202 0.001075 
0.0346336 -0.0325969 0.00102 -0.0396817 -0.0304797 0.00102219 -0.0386911 -0.0311434 0.00102 
-0.0266532 -0.0301716 0.00102 -0.0220587 -0.0306349 0.00102 -0.0105296 -0.0314142 0.00102 
0.010226 -0.0308634 0.00102 0.0280204 -0.0311414 0.00102 0.0449741 -0.0303513 0.00102 
-0.0448384 -0.0296834 0.00102 -0.0414327 -0.0290659 0.00102 -0.0263426 -0.0292431 0.00102 
0.00231692 -0.0294453 0.00102 0.023019 -0.0293484 0.00102 0.0346338 -0.0290927 0.00102 
0.0392765 -0.0300093 0.00102 0.0412685 -0.0295104 0.00105602 -0.0401314 -0.0280847 0.00102 
-0.0346801 -0.0287009 0.00102 -0.0240024 -0.0280603 0.00102 0.00577088 -0.0287415 0.00102 
0.0153133 -0.0285941 0.00102 0.0156293 -0.0283842 0.00108315 0.0164647 -0.0275391 0.00102 
-0.0432264 -0.0264101 0.00102208 -0.0430551 -0.0267583 0.00102 -0.0240719 -0.0268296 0.001075 
-0.00580099 -0.0272788 0.00102 0.000892701 -0.0263701 0.00102 0.0101031 -0.0273014 0.00102 
0.03382 -0.0268981 0.00102 -0.0419519 -0.0259749 0.00103357 -0.0338231 -0.0250135 0.00102 
-0.00446216 -0.0255279 0.00102 0.0054016 -0.025334 0.00102 0.0306875 -0.0259396 0.00102 
0.033456 -0.0256735 0.00102 0.032808 -0.025967 0.00102 0.0347572 -0.0260666 0.00102 
0.0350196 -0.0250011 0.00102 -0.00863888 -0.0237376 0.00102 0.00179778 -0.0247441 0.00102 
0.00538025 -0.0241403 0.00102 0.00558373 -0.0242787 0.00102 0.0102479 -0.024092 0.00102 
0.0155599 -0.0240909 0.00102 0.0210005 -0.0239559 0.00102 -0.0408326 -0.0234295 0.00102 
-0.038621 -0.0229432 0.00102 -0.0350278 -0.0224863 0.00102 -0.0328109 -0.0226975 0.00126587 
-0.0139777 -0.0223984 0.0010632 -0.0127621 -0.0231756 0.00102 0.0115492 -0.0227248 0.00102 
0.0109547 -0.0235646 0.00102 0.0240101 -0.0228809 0.00102 0.035159 -0.023363 0.00102 
-0.0323128 -0.0219837 0.00102 -0.0291427 -0.0219343 0.00102 -0.0225401 -0.0213878 0.00102 
-0.0164034 -0.0216001 0.00102 0.00623721 -0.0211799 0.00102 0.0233461 -0.0214624 0.00102 
0.0262592 -0.0217201 0.0010201 0.039775 -0.0211058 0.00102 0.0394323 -0.021923 0.00102 
0.0436787 -0.0219137 0.00102 -0.0210835 -0.0209207 0.00102 -0.00827992 -0.020547 0.00102 
-0.0033641 -0.0204173 0.00102 0.00548761 -0.0197918 0.00102 0.0336491 -0.0197505 0.00102 
-0.0296942 -0.0196153 0.00102 -0.0207996 -0.0190456 0.00102 -0.0108877 -0.0188832 0.00102 
0.00156248 -0.0194187 0.00102 0.0134129 -0.0192809 0.00102 0.0204492 -0.0194639 0.00102 
0.0272875 -0.0186725 0.00141809 0.0363266 -0.0194176 0.00102 -0.0328213 -0.0176588 0.00102 
-0.0317771 -0.0175651 0.00102 -0.0204621 -0.0172006 0.00102 -0.0183202 -0.0175475 0.00102627 
-0.0100897 -0.0180162 0.00102 0.0030191 -0.0179247 0.00102 0.0184681 -0.0172117 0.00102 
0.0282033 -0.0178095 0.00102 0.0404767 -0.0183151 0.00102 -0.0426154 -0.0165053 0.00102 
-0.0405162 -0.0161033 0.00102 -0.0339565 -0.0167518 0.00102 -0.0257955 -0.0157834 0.00102 
-0.0147645 -0.0165889 0.00102 0.0223879 -0.0163393 0.00102 0.0252581 -0.0163235 0.00102 
0.0296492 -0.015918 0.00102 0.038292 -0.016257 0.00102 -0.0408642 -0.0154151 0.00102 
-0.015814 -0.0152491 0.00102 -0.00444012 -0.0151621 0.00102 0.0132043 -0.01541 0.00102 
0.0198229 -0.0156851 0.00102 0.0249316 -0.014475 0.00102 0.0268005 -0.0146468 0.00102 
0.0302919 -0.0148257 0.00134859 0.0323803 -0.0150629 0.00102 0.0375745 -0.0151367 0.00102 
-0.0388614 -0.0136303 0.00102 -0.0329121 -0.0139828 0.00102 -0.0313057 -0.0141988 0.00102 
-0.0279963 -0.0141356 0.00102 -0.0227164 -0.0141288 0.00102 -0.0186412 -0.0134353 0.00102 
-0.0117656 -0.0138394 0.00102 -0.00710141 -0.0133745 0.00102 0.00886689 -0.0141191 0.00102 
0.0144468 -0.013247 0.00102 0.0323804 -0.0132471 0.00104943 0.0403752 -0.0143085 0.00102 
-0.0341597 -0.0122829 0.00102 -0.0327621 -0.0121928 0.00102 -0.0269092 -0.0125643 0.001075 
-0.00528066 -0.0121118 0.00102 0.0176437 -0.0119747 0.00102 0.0322358 -0.0130621 0.00102 
0.0347312 -0.012978 0.00102155 0.00689113 -0.0107816 0.00102 0.0253763 -0.011051 0.00102 
0.0277003 -0.0107969 0.00102 0.0342493 -0.0115037 0.00102606 0.0414517 -0.0114994 0.00102 
-0.0449336 -0.00957357 0.00135765 -0.038829 -0.00978443 0.001075 -0.0326334 -0.00963456 0.0011388 
-0.0253401 -0.0103599 0.00102 -0.0222502 -0.00974669 0.00102 -0.0196799 -0.00931279 0.00102 
-0.0136128 -0.00979682 0.00102 -0.0112192 -0.0104501 0.00102 0.00743742 -0.00926665 0.00102 
0.013874 -0.00963069 0.00102 0.0218314 -0.00971151 0.00102575 0.0251729 -0.00985964 0.00102 
0.0286804 -0.00919085 0.00102 0.0313953 -0.00974065 0.00102 0.0334462 -0.00930086 0.00102 
0.0350526 -0.0102353 0.00102 0.0406218 -0.0100941 0.00102 -0.042331 -0.00792816 0.00102 
-0.024842 -0.00884532 0.00137484 -0.00553214 -0.00871323 0.00102 -0.00254943 -0.00825679 0.00102 
-0.0344646 -0.00725539 0.00102 -0.0343844 -0.0078404 0.00102 -0.0304645 -0.00701594 0.00102 
-0.0211095 -0.00770044 0.00102 -0.0214415 -0.007536 0.001075 -0.0198564 -0.00683511 0.00102 
-0.0150798 -0.00698339 0.00102 -0.0135858 -0.00672635 0.00102 -0.0101373 -0.00698039 0.00102672 
-0.00433253 -0.00676057 0.001075 -0.00401126 -0.00720159 0.00102 0.0109664 -0.00760095 0.00102 
0.0129906 -0.00677597 0.00102 0.0161928 -0.00760918 0.00102 0.0275881 -0.00673863 0.00102 
0.0404774 -0.00688032 0.00102 -0.0129003 -0.00574839 0.00102 -0.00747582 -0.00609419 0.00102 
-0.00720807 -0.00608605 0.00106744 -0.00474481 -0.00600267 0.00104465 0.00523139 -0.00599236 0.00102 
0.0387156 -0.00624884 0.00102 -0.040885 -0.00406647 0.00102 -0.0253129 -0.0039775 0.00102 
0.00937085 -0.00418454 0.00102 0.0131353 -0.00504642 0.00102 0.0180565 -0.00487531 0.001075 
0.0180458 -0.00470109 0.00102 0.0200271 -0.00425623 0.00102 0.021323 -0.00444137 0.00102 
0.0448793 -0.00396119 0.00103537 -0.042786 -0.00359954 0.00102 -0.0179231 -0.00300678 0.00102 
-0.0141425 -0.00311887 0.00102 -0.0120059 -0.00345367 0.00102 -0.0107529 -0.00365687 0.00102 
-0.00941413 -0.00330341 0.00102 0.00975646 -0.00313231 0.00102 0.0293019 -0.00298432 0.00102 
-0.0408474 -0.00214648 0.00102 -0.0395569 -0.00227866 0.00102 -0.0198668 -0.00211416 0.00102 
-0.00896956 -0.00131708 0.00102 0.00664535 -0.00164817 0.00102 0.0168839 -0.00210364 0.00102 
-0.0376932 -0.000132947 0.00102 -0.0281455 -0.00127675 0.00102 -0.0283489 -0.000417126 0.00102 
-0.0153419 -0.00108619 0.00102 -0.00783961 -0.000387029 0.00102 -0.00702036 -0.00121172 0.00102 
-0.000610522 -0.00103491 0.00102 0.00127443 -0.000618905 0.00102 0.0140084 -6.89735e-05 0.00102 
0.0290986 -0.000251763 0.00102 0.0420414 -0.00101026 0.00102 -0.0416237 0.00110806 0.00102 
-0.0332593 0.000859011 0.00102 -0.0260142 0.00017485 0.00102 0.0384376 0.000848974 0.00102 
0.0407777 0.000744206 0.00102 -0.0131355 0.00164571 0.00108488 -0.00967086 0.00179773 0.00102 
-0.00229178 0.0020129 0.00102 0.00417698 0.0024455 0.00102 0.0116524 0.00206193 0.00102 
0.0147261 0.00139147 0.00102 0.0188762 0.00181355 0.00102 0.0189244 0.00254502 0.00102 
0.032558 0.00153523 0.00102 0.0362421 0.00170773 0.00102 -0.0325416 0.00283857 0.00102 
-0.0261639 0.00337815 0.00102 -0.0233311 0.00384073 0.00102 -0.0137512 0.00384646 0.00108444 
0.00243665 0.00282786 0.00102 0.00265626 0.00371614 0.00102 0.0183943 0.00266245 0.00102 
0.0449494 0.00392273 0.00102 -0.027449 0.00511055 0.00102 -0.025141 0.00447188 0.00102 
0.00314898 0.00491531 0.00102 0.0260144 0.00429017 0.00102 0.0277548 0.0042931 0.00112483 
0.0292006 0.00433004 0.00102 0.0305447 0.00486582 0.00102 0.0323225 0.00436429 0.00102 
0.0404406 0.00462082 0.00102 -0.0406381 0.00555966 0.00102 -0.0403489 0.00598291 0.00102 
-0.037077 0.00611456 0.00102 -0.0287984 0.00559412 0.00102 -0.0170872 0.00564833 0.00102 
-0.01547 0.00642247 0.00102014 -0.00723413 0.00605583 0.00102 -0.00552594 0.00555795 0.00102 
0.0011249 0.00615697 0.00102 0.0101693 0.00555192 0.00102 0.021602 0.00540593 0.00102 
0.0228765 0.00606581 0.00102 0.0246705 0.0064451 0.00102 0.0250346 0.00641518 0.00102 
0.030759 0.00580352 0.00102 0.0332757 0.00539899 0.00102 0.0358407 0.00533501 0.00102 
-0.0426568 0.00723228 0.00102 -0.0429246 0.00657681 0.00102 -0.009285 0.00693532 0.00102 
-0.00598638 0.00689803 0.00102 0.00533928 0.00728904 0.00102 0.0110904 0.00657535 0.00102 
0.0221269 0.00728552 0.00102 0.0320014 0.00756294 0.00102139 -0.019893 0.00878872 0.00102 
-0.0105861 0.00898083 0.00102 0.0142017 0.0079404 0.00102 0.0202046 0.00840095 0.00102 
0.023953 0.00820576 0.00106103 0.0283387 0.00890506 0.00102 0.0324887 0.00836074 0.00102 
0.0340899 0.00882812 0.00102 -0.0408306 0.00999374 0.00102 -0.0408092 0.00981999 0.00113064 
-0.0392616 0.00972366 0.00102 -0.0349081 0.00917553 0.00102 -0.0214351 0.00957734 0.00102 
-0.0101256 0.00978275 0.00102 0.00474506 0.0103043 0.00102 0.00978397 0.00922321 0.00102 
0.0197977 0.00963841 0.00102 0.0212596 0.00979192 0.00102 0.0211953 0.00966092 0.00102 
0.0234497 0.00978487 0.00102 0.027557 0.009967 0.00102 -0.0394276 0.0109375 0.00102 
-0.00808524 0.0113378 0.00102 -0.00071691 0.0108932 0.00102 0.00418285 0.0112423 0.00108565 
0.0399323 0.0117688 0.00102 0.0398091 0.011618 0.00102 -0.0365733 0.0119208 0.00102 
-0.0350204 0.0121089 0.00102 -0.00831541 0.0129665 0.00102 -0.00279986 0.0127222 0.00102 
0.00243185 0.0120975 0.00102 0.00861143 0.0123591 0.00102 0.0128044 0.0127337 0.00102 
0.014866 0.0127598 0.00102 0.0261916 0.0119357 0.00102 -0.0429188 0.0135204 0.00102 
-0.034865 0.0142961 0.00102 -0.0310202 0.0131063 0.00102 -0.00867948 0.0139924 0.00102 
-0.00841171 0.0143034 0.00102 8.23501e-07 0.0138406 0.00102 0.00789931 0.0136568 0.00102 
0.0114764 0.0140289 0.00102 0.012949 0.0143048 0.00102 0.0143092 0.0139794 0.00102 
0.0248423 0.0143007 0.00102 0.0287781 0.014071 0.00102 0.0311878 0.014057 0.00102 
0.0336082 0.013194 0.00102 0.0396593 0.013993 0.00102 0.0441199 0.0136981 0.00102 
-0.0287818 0.014969 0.00102 -0.0231109 0.0157017 0.00102 -0.0196462 0.0155185 0.00102 
-0.00307286 0.0144526 0.00102 0.000954082 0.0152563 0.00102 0.0121458 0.0151918 0.00102 
0.0153641 0.0146287 0.00107898 0.0440772 0.0154938 0.00102 -0.0408838 0.0159645 0.00102 
-0.0286532 0.0159811 0.00102 -0.0161548 0.0159009 0.00102 -0.00443291 0.0160613 0.00102 
-0.00317984 0.0164631 0.00102 0.00517921 0.0169249 0.00102 0.00976298 0.0163696 0.00119538 
0.0418335 0.0161761 0.00102 -0.0360536 0.0173104 0.00102 -0.0193355 0.018129 0.00102 
0.00546842 0.0177814 0.00102 0.0215224 0.0171285 0.00102 0.0226738 0.0181095 0.00102 
0.0256029 0.0175394 0.00102 0.0407412 0.0174253 0.00102 -0.0436896 0.0195853 0.00102 
-0.0363159 0.0185996 0.00102 -0.0214239 0.0189608 0.00102 0.00395304 0.0187088 0.00102 
0.00757299 0.0192258 0.00102 0.0090081 0.0191686 0.00102 0.0122157 0.0191756 0.00102 
0.018015 0.0183735 0.00102 0.0323341 0.0191974 0.00135175 0.0388885 0.0193682 0.00102 
-0.0431379 0.0208085 0.00102 -0.023041 0.0197144 0.00102 -0.022709 0.0198803 0.00102 
-0.0153727 0.020636 0.00102 0.00742845 0.0199749 0.00102 0.00976854 0.0197772 0.00102 
0.0350116 0.0207306 0.00102 -0.0282566 0.021284 0.00102 -0.0287332 0.0215601 0.00102 
-0.0122989 0.0222019 0.00102 0.00128112 0.0217131 0.00102 0.0123926 0.0218243 0.00102 
0.0362273 0.0220011 0.00102 0.0398418 0.0217469 0.00102 -0.0421793 0.0225172 0.00102 
-0.0349287 0.0230684 0.00102 -0.0324762 0.0230005 0.00102 -0.0295899 0.0232577 0.00102 
-0.0148746 0.0223253 0.00102 0.00126512 0.0228658 0.00102 0.0146363 0.0223077 0.00102 
0.03506 0.0228899 0.00102 -0.0436572 0.0238848 0.00102 -0.0267196 0.0236159 0.00102 
-0.0138035 0.0240512 0.00102615 -0.00782209 0.0241861 0.001075 0.00264144 0.0247174 0.00102 
0.0181332 0.0246356 0.001075 0.021223 0.0244832 0.00102 0.0258603 0.0235991 0.00102 
0.0307708 0.0242663 0.00102 0.0438582 0.0244724 0.00102 -0.0386663 0.0253433 0.00102 
-0.0132251 0.0252506 0.00102 -0.00739359 0.0259593 0.00102 0.000162142 0.0251126 0.001075 
0.0167463 0.0251763 0.00102 0.0226957 0.0260881 0.00102 -0.0267569 0.0263983 0.00102 
-0.0269229 0.0267788 0.00104104 -0.0190887 0.0269029 0.00102 -0.0128609 0.0265935 0.00102 
-0.0114472 0.026715 0.00102 -0.0102477 0.0267602 0.00102 -0.00563177 0.0268155 0.00102 
0.00953871 0.0271324 0.00102 0.0395905 0.0272142 0.00102 -0.0357156 0.0282031 0.00102 
-0.0214233 0.0285543 0.00102 0.00834461 0.0278725 0.00102 0.0397191 0.0283771 0.00102 
-0.0406313 0.0295913 0.00102 -0.0376379 0.0294143 0.00102 -0.0152062 0.0294088 0.00102194 
-0.0127911 0.0299546 0.00102 0.0191509 0.0299648 0.00102 0.0434247 0.0295768 0.00102 
-0.0409258 0.0305044 0.00102 -0.0368667 0.0306348 0.00103137 -0.032208 0.0306075 0.00108021 
-0.0313244 0.0314049 0.00102 -0.0219587 0.0304934 0.00102 -0.0200898 0.0311527 0.00102 
-0.0108954 0.0304 0.00102 0.00372347 0.0304157 0.00102 0.0038092 0.0311583 0.00102 
0.00519606 0.0301696 0.00102 0.0040127 0.0314243 0.00102 0.0104707 0.0313218 0.00124779 
0.026696 0.03017 0.00102 0.0364634 0.0310238 0.00102 0.0354139 0.0312817 0.00108928 
0.0444958 0.0309554 0.00102 -0.0213481 0.0319153 0.00102 -0.0073504 0.0318329 0.00102 
-0.00435696 0.0325462 0.00102 0.00390562 0.0317225 0.00102 0.01325 0.0319187 0.00102 
0.0191028 0.0315895 0.00102 0.0193546 0.0324404 0.00102 0.0337272 0.0324898 0.00102 
0.0372507 0.0318783 0.00102 0.0380057 0.0324307 0.00102 -0.0425374 0.0333781 0.00102 
-0.0359241 0.0337864 0.00105357 -0.0337286 0.0337045 0.00102 -0.0264781 0.032823 0.00102 
0.00727395 0.0332762 0.00102 0.0152528 0.033152 0.00102 0.0214431 0.0335886 0.00102 
-0.0422696 0.0340949 0.00104144 -0.0197415 0.0344175 0.00126135 -0.00472634 0.0344449 0.00102 
0.00284552 0.0345861 0.00102 0.00317215 0.0343196 0.00102 0.0132394 0.0345575 0.00108561 
0.0164577 0.0353116 0.00102 0.0231674 0.0340949 0.00102 0.0278529 0.0342296 0.00102 
-0.041477 0.0364172 0.00102 -0.0407273 0.0358476 0.00102 -0.00750544 0.0361316 0.00102 
-0.00196307 0.0366495 0.00102 0.00888594 0.0360502 0.00102 -0.0245447 0.0378537 0.00102 
0.0030545 0.0369981 0.00102 0.00367032 0.0371324 0.00102 0.0297434 0.0373158 0.00102 
0.0311732 0.0371467 0.00102 -0.00973825 0.0391656 0.00102 -0.00883869 0.0381834 0.00102 
-0.00647711 0.0391566 0.00102 -0.00585061 0.0388609 0.00102 0.0165329 0.0385374 0.00102 
0.0238959 0.0383247 0.00102 0.0281745 0.039089 0.00102 -0.039126 0.0399637 0.00102 
-0.0375088 0.0393741 0.00102 -0.0379532 0.0399341 0.00109376 -0.0312382 0.0393096 0.00102 
-0.0112537 0.0395394 0.00102 0.00201585 0.0404036 0.00102 0.00308146 0.0401468 0.00125181 
0.0221021 0.0401282 0.00102 0.0251972 0.0393087 0.00102 -0.0133259 0.0414802 0.00102 
-0.00785852 0.041878 0.00108449 0.0163992 0.0415262 0.00102 0.0222253 0.0407186 0.00102 
-0.0390027 0.0421086 0.00102 0.00805094 0.0422278 0.00102 0.0170579 0.0421878 0.00102 
0.0294278 0.0431452 0.00102 0.0430506 0.0422314 0.00108433 -0.0205282 0.0432397 0.00102 
-0.0181988 0.0434549 0.00102 0.00528787 0.0432844 0.00102 0.0114086 0.0440135 0.00102 
0.0352701 0.0439749 0.00102 0.0352379 0.0438995 0.00102 0.0405446 0.0433429 0.00102 
0.0399235 0.0434757 0.00102 -0.0440308 0.0448256 0.00125792 -0.0390775 0.0447256 0.00102 
-0.0190394 0.0446837 0.0010783 -0.0160353 0.0448572 0.00102 0.0171919 0.0449185 0.00102 
0.0211706 0.0445491 0.00102 0.0147823 -0.0446949 0.00133203 0.0419483 -0.0348097 0.00152574 
-0.00682403 -0.0314098 0.00121112 0.00741479 -0.0295782 0.00163441 -0.015788 -0.0282898 0.00184475 
-0.0336946 -0.0248459 0.00118438 -0.0329608 -0.0218045 0.00138448 0.0218308 -0.0192565 0.00142361 
0.0414834 -0.0181367 0.00142299 -0.0393221 -0.0167834 0.00144171 -0.0207563 -0.0111167 0.00144091 
0.0223025 -0.0112244 0.00139621 0.0352883 -0.0103067 0.00171077 0.0127657 -0.00746761 0.00142201 
0.0386193 -0.00496685 0.0013 -0.00254916 -0.00379952 0.00273086 0.039455 -0.000236508 0.00259026 
-0.0442311 0.00821601 0.00137239 -0.0371624 0.011326 0.00112292 0.0379188 0.0120326 0.00130278 
0.012585 0.0155082 0.00139215 -0.0122189 0.0175978 0.00171011 -0.0245993 0.0193658 0.00112093 
0.00153271 0.0201988 0.00122635 -0.014478 0.0275162 0.00125157 -0.0260391 0.0304395 0.00157014 
-0.0155539 0.0359545 0.00145933 0.0439232 0.0371117 0.00103535 -0.0281804 0.0418824 0.00131563 
0.00513794 0.0433856 0.00139633 -0.00521279 -0.0413279 0.00280715 -0.0385899 -0.0405251 0.00361815 
0.0188903 -0.0308528 0.00315454 -0.0207679 -0.0256315 0.00308489 -0.0420316 -0.0145538 0.00265716 
-0.0386256 -0.00983966 0.00328155 0.0282359 -0.00877456 0.00399027 0.0414788 -0.00521487 0.00345029 
-0.0356048 -0.000104637 0.00368044 0.00643655 -0.000956063 0.00305368 0.00635633 0.000852437 0.00366279 
0.00347554 0.00338662 0.00272189 -0.00757157 0.00454821 0.00326485 -0.0081225 0.0151775 0.00300034 
-0.0144089 0.0201081 0.00360724 -0.0256005 0.0215871 0.00382143 -0.0170112 0.0231088 0.00351249 
-0.0296003 0.0277025 0.00274979 -0.0437633 0.0406561 0.00280769 0.0289145 -0.0340196 0.00525116 
0.0433204 -0.0141837 0.0039889 0.00357123 -0.00830953 0.00439828 0.0154702 -0.00154679 0.00389892 
0.0131273 0.040817 0.00400778 0.0133448 0.00646544 0.00605023 0.0242571 -0.0100823 0.0118155 
-0.05 -0.05 0.0001 -0.047 -0.05 0.0001 -0.044 -0.05 0.0001 
-0.041 -0.05 0.0001 -0.038 -0.05 0.0001 -0.035 -0.05 0.0001 
-0.032 -0.05 0.0001 -0.029 -0.05 0.0001 -0.026 -0.05 0.0001 
-0.023 -0.05 0.0001 -0.02 -0.05 0.0001 -0.017 -0.05 0.0001 
-0.014 -0.05 0.0001 -0.011 -0.05 0.0001 -0.008 -0.05 0.0001 
-0.005 -0.05 0.0001 -0.002 -0.05 0.0001 0.001 -0.05 0.0001 
0.004 -0.05 0.0001 0.007 -0.05 0.0001 0.01 -0.05 0.0001 
0.013 -0.05 0.0001 0.016 -0.05 0.0001 0.019 -0.05 0.0001 
0.022 -0.05 0.0001 0.025 -0.05 0.0001 0.028 -0.05 0.0001 
0.031 -0.05 0.0001 0.034 -0.05 0.0001 0.037 -0.05 0.0001 
0.04 -0.05 0.0001 0.043 -0.05 0.0001 0.046 -0.05 0.0001 
0.049 -0.05 0.0001 -0.05 -0.047 0.0001 -0.047 -0.047 0.0001 
-0.044 -0.047 0.0001 -0.041 -0.047 0.0001 -0.038 -0.047 0.0001 
-0.035 -0.047 0.0001 -0.032 -0.047 0.0001 -0.029 -0.047 0.0001 
-0.026 -0.047 0.0001 -0.023 -0.047 0.0001 -0.02 -0.047 0.0001 
-0.017 -0.047 0.0001 -0.014 -0.047 0.0001 -0.011 -0.047 0.0001 
-0.008 -0.047 0.0001 -0.005 -0.047 0.0001 -0.002 -0.047 0.0001 
0.001 -0.047 0.0001 0.004 -0.047 0.0001 0.007 -0.047 0.0001 
0.01 -0.047 0.0001 0.013 -0.047 0.0001 0.016 -0.047 0.0001 
0.019 -0.047 0.0001 0.022 -0.047 0.0001 0.025 -0.047 0.0001 
0.028 -0.047 0.0001 0.031 -0.047 0.0001 0.034 -0.047 0.0001 
0.037 -0.047 0.0001 0.04 -0.047 0.0001 0.043 -0.047 0.0001 
0.046 -0.047 0.0001 0.049 -0.047 0.0001 -0.05 -0.044 0.0001 
-0.047 -0.044 0.0001 -0.044 -0.044 0.0001 -0.041 -0.044 0.0001 
-0.038 -0.044 0.0001 -0.035 -0.044 0.0001 -0.032 -0.044 0.0001 
-0.029 -0.044 0.0001 -0.026 -0.044 0.0001 -0.023 -0.044 0.0001 
-0.02 -0.044 0.0001 -0.017 -0.044 0.0001 -0.014 -0.044 0.0001 
-0.011 -0.044 0.0001 -0.008 -0.044 0.0001 -0.005 -0.044 0.0001 
-0.002 -0.044 0.0001 0.001 -0.044 0.0001 0.004 -0.044 0.0001 
0.007 -0.044 0.0001 0.01 -0.044 0.0001 0.013 -0.044 0.0001 
0.016 -0.044 0.0001 0.019 -0.044 0.0001 0.022 -0.044 0.0001 
0.025 -0.044 0.0001 0.028 -0.044 0.0001 0.031 -0.044 0.0001 
0.034 -0.044 0.0001 0.037 -0.044 0.0001 0.04 -0.044 0.0001 
0.043 -0.044 0.0001 0.046 -0.044 0.0001 0.049 -0.044 0.0001 
-0.05 -0.041 0.0001 -0.047 -0.041 0.0001 -0.044 -0.041 0.0001 
-0.041 -0.041 0.0001 -0.038 -0.041 0.0001 -0.035 -0.041 0.0001 
-0.032 -0.041 0.0001 -0.029 -0.041 0.0001 -0.026 -0.041 0.0001 
-0.023 -0.041 0.0001 -0.02 -0.041 0.0001 -0.017 -0.041 0.0001 
-0.014 -0.041 0.0001 -0.011 -0.041 0.0001 -0.008 -0.041 0.0001 
-0.005 -0.041 0.0001 -0.002 -0.041 0.0001 0.001 -0.041 0.0001 
0.004 -0.041 0.0001 0.007 -0.041 0.0001 0.01 -0.041 0.0001 
0.013 -0.041 0.0001 0.016 -0.041 0.0001 0.019 -0.041 0.0001 
0.022 -0.041 0.0001 0.025 -0.041 0.0001 0.028 -0.041 0.0001 
0.031 -0.041 0.0001 0.034 -0.041 0.0001 0.037 -0.041 0.0001 
0.04 -0.041 0.0001 0.043 -0.041 0.0001 0.046 -0.041 0.0001 
0.049 -0.041 0.0001 -0.05 -0.038 0.0001 -0.047 -0.038 0.0001 
-0.044 -0.038 0.0001 -0.041 -0.038 0.0001 -0.038 -0.038 0.0001 
-0.035 -0.038 0.0001 -0.032 -0.038 0.0001 -0.029 -0.038 0.0001 
-0.026 -0.038 0.0001 -0.023 -0.038 0.0001 -0.02 -0.038 0.0001 
-0.017 -0.038 0.0001 -0.014 -0.038 0.0001 -0.011 -0.038 0.0001 
-0.008 -0.038 0.0001 -0.005 -0.038 0.0001 -0.002 -0.038 0.0001 
0.001 -0.038 0.0001 0.004 -0.038 0.0001 0.007 -0.038 0.0001 
0.01 -0.038 0.0001 0.013 -0.038 0.0001 0.016 -0.038 0.0001 
0.019 -0.038 0.0001 0.022 -0.038 0.0001 0.025 -0.038 0.0001 
0.028 -0.038 0.0001 0.031 -0.038 0.0001 0.034 -0.038 0.0001 
0.037 -0.038 0.0001 0.04 -0.038 0.0001 0.043 -0.038 0.0001 
0.046 -0.038 0.0001 0.049 -0.038 0.0001 -0.05 -0.035 0.0001 
-0.047 -0.035 0.0001 -0.044 -0.035 0.0001 -0.041 -0.035 0.0001 
-0.038 -0.035 0.0001 -0.035 -0.035 0.0001 -0.032 -0.035 0.0001 
-0.029 -0.035 0.0001 -0.026 -0.035 0.0001 -0.023 -0.035 0.0001 
-0.02 -0.035 0.0001 -0.017 -0.035 0.0001 -0.014 -0.035 0.0001 
-0.011 -0.035 0.0001 -0.008 -0.035 0.0001 -0.005 -0.035 0.0001 
-0.002 -0.035 0.0001 0.001 -0.035 0.0001 0.004 -0.035 0.0001 
0.007 -0.035 0.0001 0.01 -0.035 0.0001 0.013 -0.035 0.0001 
0.016 -0.035 0.0001 0.019 -0.035 0.0001 0.022 -0.035 0.0001 
0.025 -0.035 0.0001 0.028 -0.035 0.0001 0.031 -0.035 0.0001 
0.034 -0.035 0.0001 0.037 -0.035 0.0001 0.04 -0.035 0.0001 
0.043 -0.035 0.0001 0.046 -0.035 0.0001 0.049 -0.035 0.0001 
-0.05 -0.032 0.0001 -0.047 -0.032 0.0001 -0.044 -0.032 0.0001 
-0.041 -0.032 0.0001 -0.038 -0.032 0.0001 -0.035 -0.032 0.0001 
-0.032 -0.032 0.0001 -0.029 -0.032 0.0001 -0.026 -0.032 0.0001 
-0.023 -0.032 0.0001 -0.02 -0.032 0.0001 -0.017 -0.032 0.0001 
-0.014 -0.032 0.0001 -0.011 -0.032 0.0001 -0.008 -0.032 0.0001 
-0.005 -0.032 0.0001 -0.002 -0.032 0.0001 0.001 -0.032 0.0001 
0.004 -0.032 0.0001 0.007 -0.032 0.0001 0.01 -0.032 0.0001 
0.013 -0.032 0.0001 0.016 -0.032 0.0001 0.019 -0.032 0.0001 
0.022 -0.032 0.0001 0.025 -0.032 0.0001 0.028 -0.032 0.0001 
0.031 -0.032 0.0001 0.034 -0.032 0.0001 0.037 -0.032 0.0001 
0.04 -0.032 0.0001 0.043 -0.032 0.0001 0.046 -0.032 0.0001 
0.049 -0.032 0.0001 -0.05 -0.029 0.0001 -0.047 -0.029 0.0001 
-0.044 -0.029 0.0001 -0.041 -0.029 0.0001 -0.038 -0.029 0.0001 
-0.035 -0.029 0.0001 -0.032 -0.029 0.0001 -0.029 -0.029 0.0001 
-0.026 -0.029 0.0001 -0.023 -0.029 0.0001 -0.02 -0.029 0.0001 
-0.017 -0.029 0.0001 -0.014 -0.029 0.0001 -0.011 -0.029 0.0001 
-0.008 -0.029 0.0001 -0.005 -0.029 0.0001 -0.002 -0.029 0.0001 
0.001 -0.029 0.0001 0.004 -0.029 0.0001 0.007 -0.029 0.0001 
0.01 -0.029 0.0001 0.013 -0.029 0.0001 0.016 -0.029 0.0001 
0.019 -0.029 0.0001 0.022 -0.029 0.0001 0.025 -0.029 0.0001 
0.028 -0.029 0.0001 0.031 -0.029 0.0001 0.034 -0.029 0.0001 
0.037 -0.029 0.0001 0.04 -0.029 0.0001 0.043 -0.029 0.0001 
0.046 -0.029 0.0001 0.049 -0.029 0.0001 -0.05 -0.026 0.0001 
-0.047 -0.026 0.0001 -0.044 -0.026 0.0001 -0.041 -0.026 0.0001 
-0.038 -0.026 0.0001 -0.035 -0.026 0.0001 -0.032 -0.026 0.0001 
-0.029 -0.026 0.0001 -0.026 -0.026 0.0001 -0.023 -0.026 0.0001 
-0.02 -0.026 0.0001 -0.017 -0.026 0.0001 -0.014 -0.026 0.0001 
-0.011 -0.026 0.0001 -0.008 -0.026 0.0001 -0.005 -0.026 0.0001 
-0.002 -0.026 0.0001 0.001 -0.026 0.0001 0.004 -0.026 0.0001 
0.007 -0.026 0.0001 0.01 -0.026 0.0001 0.013 -0.026 0.0001 
0.016 -0.026 0.0001 0.019 -0.026 0.0001 0.022 -0.026 0.0001 
0.025 -0.026 0.0001 0.028 -0.026 0.0001 0.031 -0.026 0.0001 
0.034 -0.026 0.0001 0.037 -0.026 0.0001 0.04 -0.026 0.0001 
0.043 -0.026 0.0001 0.046 -0.026 0.0001 0.049 -0.026 0.0001 
-0.05 -0.023 0.0001 -0.047 -0.023 0.0001 -0.044 -0.023 0.0001 
-0.041 -0.023 0.0001 -0.038 -0.023 0.0001 -0.035 -0.023 0.0001 
-0.032 -0.023 0.0001 -0.029 -0.023 0.0001 -0.026 -0.023 0.0001 
-0.023 -0.023 0.0001 -0.02 -0.023 0.0001 -0.017 -0.023 0.0001 
-0.014 -0.023 0.0001 -0.011 -0.023 0.0001 -0.008 -0.023 0.0001 
-0.005 -0.023 0.0001 -0.002 -0.023 0.0001 0.001 -0.023 0.0001 
0.004 -0.023 0.0001 0.007 -0.023 0.0001 0.01 -0.023 0.0001 
0.013 -0.023 0.0001 0.016 -0.023 0.0001 0.019 -0.023 0.0001 
0.022 -0.023 0.0001 0.025 -0.023 0.0001 0.028 -0.023 0.0001 
0.031 -0.023 0.0001 0.034 -0.023 0.0001 0.037 -0.023 0.0001 
0.04 -0.023 0.0001 0.043 -0.023 0.0001 0.046 -0.023 0.0001 
0.049 -0.023 0.0001 -0.05 -0.02 0.0001 -0.047 -0.02 0.0001 
-0.044 -0.02 0.0001 -0.041 -0.02 0.0001 -0.038 -0.02 0.0001 
-0.035 -0.02 0.0001 -0.032 -0.02 0.0001 -0.029 -0.02 0.0001 
-0.026 -0.02 0.0001 -0.023 -0.02 0.0001 -0.02 -0.02 0.0001 
-0.017 -0.02 0.0001 -0.014 -0.02 0.0001 -0.011 -0.02 0.0001 
-0.008 -0.02 0.0001 -0.005 -0.02 0.0001 -0.002 -0.02 0.0001 
0.001 -0.02 0.0001 0.004 -0.02 0.0001 0.007 -0.02 0.0001 
0.01 -0.02 0.0001 0.013 -0.02 0.0001 0.016 -0.02 0.0001 
0.019 -0.02 0.0001 0.022 -0.02 0.0001 0.025 -0.02 0.0001 
0.028 -0.02 0.0001 0.031 -0.02 0.0001 0.034 -0.02 0.0001 
0.037 -0.02 0.0001 0.04 -0.02 0.0001 0.043 -0.02 0.0001 
0.046 -0.02 0.0001 0.049 -0.02 0.0001 -0.05 -0.017 0.0001 
-0.047 -0.017 0.0001 -0.044 -0.017 0.0001 -0.041 -0.017 0.0001 
-0.038 -0.017 0.0001 -0.035 -0.017 0.0001 -0.032 -0.017 0.0001 
-0.029 -0.017 0.0001 -0.026 -0.017 0.0001 -0.023 -0.017 0.0001 
-0.02 -0.017 0.0001 -0.017 -0.017 0.0001 -0.014 -0.017 0.0001 
-0.011 -0.017 0.0001 -0.008 -0.017 0.0001 -0.005 -0.017 0.0001 
-0.002 -0.017 0.0001 0.001 -0.017 0.0001 0.004 -0.017 0.0001 
0.007 -0.017 0.0001 0.01 -0.017 0.0001 0.013 -0.017 0.0001 
0.016 -0.017 0.0001 0.019 -0.017 0.0001 0.022 -0.017 0.0001 
0.025 -0.017 0.0001 0.028 -0.017 0.0001 0.031 -0.017 0.0001 
0.034 -0.017 0.0001 0.037 -0.017 0.0001 0.04 -0.017 0.0001 
0.043 -0.017 0.0001 0.046 -0.017 0.0001 0.049 -0.017 0.0001 
-0.05 -0.014 0.0001 -0.047 -0.014 0.0001 -0.044 -0.014 0.0001 
-0.041 -0.014 0.0001 -0.038 -0.014 0.0001 -0.035 -0.014 0.0001 
-0.032 -0.014 0.0001 -0.029 -0.014 0.0001 -0.026 -0.014 0.0001 
-0.023 -0.014 0.0001 -0.02 -0.014 0.0001 -0.017 -0.014 0.0001 
-0.014 -0.014 0.0001 -0.011 -0.014 0.0001 -0.008 -0.014 0.0001 
-0.005 -0.014 0.0001 -0.002 -0.014 0.0001 0.001 -0.014 0.0001 
0.004 -0.014 0.0001 0.007 -0.014 0.0001 0.01 -0.014 0.0001 
0.013 -0.014 0.0001 0.016 -0.014 0.0001 0.019 -0.014 0.0001 
0.022 -0.014 0.0001 0.025 -0.014 0.0001 0.028 -0.014 0.0001 
0.031 -0.014 0.0001 0.034 -0.014 0.0001 0.037 -0.014 0.0001 
0.04 -0.014 0.0001 0.043 -0.014 0.0001 0.046 -0.014 0.0001 
0.049 -0.014 0.0001 -0.05 -0.011 0.0001 -0.047 -0.011 0.0001 
-0.044 -0.011 0.0001 -0.041 -0.011 0.0001 -0.038 -0.011 0.0001 
-0.035 -0.011 0.0001 -0.032 -0.011 0.0001 -0.029 -0.011 0.0001 
-0.026 -0.011 0.0001 -0.023 -0.011 0.0001 -0.02 -0.011 0.0001 
-0.017 -0.011 0.0001 -0.014 -0.011 0.0001 -0.011 -0.011 0.0001 
-0.008 -0.011 0.0001 -0.005 -0.011 0.0001 -0.002 -0.011 0.0001 
0.001 -0.011 0.0001 0.004 -0.011 0.0001 0.007 -0.011 0.0001 
0.01 -0.011 0.0001 0.013 -0.011 0.0001 0.016 -0.011 0.0001 
0.019 -0.011 0.0001 0.022 -0.011 0.0001 0.025 -0.011 0.0001 
0.028 -0.011 0.0001 0.031 -0.011 0.0001 0.034 -0.011 0.0001 
0.037 -0.011 0.0001 0.04 -0.011 0.0001 0.043 -0.011 0.0001 
0.046 -0.011 0.0001 0.049 -0.011 0.0001 -0.05 -0.008 0.0001 
-0.047 -0.008 0.0001 -0.044 -0.008 0.0001 -0.041 -0.008 0.0001 
-0.038 -0.008 0.0001 -0.035 -0.008 0.0001 -0.032 -0.008 0.0001 
-0.029 -0.008 0.0001 -0.026 -0.008 0.0001 -0.023 -0.008 0.0001 
-0.02 -0.008 0.0001 -0.017 -0.008 0.0001 -0.014 -0.008 0.0001 
-0.011 -0.008 0.0001 -0.008 -0.008 0.0001 -0.005 -0.008 0.0001 
-0.002 -0.008 0.0001 0.001 -0.008 0.0001 0.004 -0.008 0.0001 
0.007 -0.008 0.0001 0.01 -0.008 0.0001 0.013 -0.008 0.0001 
0.016 -0.008 0.0001 0.019 -0.008 0.0001 0.022 -0.008 0.0001 
0.025 -0.008 0.0001 0.028 -0.008 0.0001 0.031 -0.008 0.0001 
0.034 -0.008 0.0001 0.037 -0.008 0.0001 0.04 -0.008 0.0001 
0.043 -0.008 0.0001 0.046 -0.008 0.0001 0.049 -0.008 0.0001 
-0.05 -0.005 0.0001 -0.047 -0.005 0.0001 -0.044 -0.005 0.0001 
-0.041 -0.005 0.0001 -0.038 -0.005 0.0001 -0.035 -0.005 0.0001 
-0.032 -0.005 0.0001 -0.029 -0.005 0.0001 -0.026 -0.005 0.0001 
-0.023 -0.005 0.0001 -0.02 -0.005 0.0001 -0.017 -0.005 0.0001 
-0.014 -0.005 0.0001 -0.011 -0.005 0.0001 -0.008 -0.005 0.0001 
-0.005 -0.005 0.0001 -0.002 -0.005 0.0001 0.001 -0.005 0.0001 
0.004 -0.005 0.0001 0.007 -0.005 0.0001 0.01 -0.005 0.0001 
0.013 -0.005 0.0001 0.016 -0.005 0.0001 0.019 -0.005 0.0001 
0.022 -0.005 0.0001 0.025 -0.005 0.0001 0.028 -0.005 0.0001 
0.031 -0.005 0.0001 0.034 -0.005 0.0001 0.037 -0.005 0.0001 
0.04 -0.005 0.0001 0.043 -0.005 0.0001 0.046 -0.005 0.0001 
0.049 -0.005 0.0001 -0.05 -0.002 0.0001 -0.047 -0.002 0.0001 
-0.044 -0.002 0.0001 -0.041 -0.002 0.0001 -0.038 -0.002 0.0001 
-0.035 -0.002 0.0001 -0.032 -0.002 0.0001 -0.029 -0.002 0.0001 
-0.026 -0.002 0.0001 -0.023 -0.002 0.0001 -0.02 -0.002 0.0001 
-0.017 -0.002 0.0001 -0.014 -0.002 0.0001 -0.011 -0.002 0.0001 
-0.008 -0.002 0.0001 -0.005 -0.002 0.0001 -0.002 -0.002 0.0001 
0.001 -0.002 0.0001 0.004 -0.002 0.0001 0.007 -0.002 0.0001 
0.01 -0.002 0.0001 0.013 -0.002 0.0001 0.016 -0.002 0.0001 
0.019 -0.002 0.0001 0.022 -0.002 0.0001 0.025 -0.002 0.0001 
0.028 -0.002 0.0001 0.031 -0.002 0.0001 0.034 -0.002 0.0001 
0.037 -0.002 0.0001 0.04 -0.002 0.0001 0.043 -0.002 0.0001 
0.046 -0.002 0.0001 0.049 -0.002 0.0001 -0.05 0.001 0.0001 
-0.047 0.001 0.0001 -0.044 0.001 0.0001 -0.041 0.001 0.0001 
-0.038 0.001 0.0001 -0.035 0.001 0.0001 -0.032 0.001 0.0001 
-0.029 0.001 0.0001 -0.026 0.001 0.0001 -0.023 0.001 0.0001 
-0.02 0.001 0.0001 -0.017 0.001 0.0001 -0.014 0.001 0.0001 
-0.011 0.001 0.0001 -0.008 0.001 0.0001 -0.005 0.001 0.0001 
-0.002 0.001 0.0001 0.001 0.001 0.0001 0.004 0.001 0.0001 
0.007 0.001 0.0001 0.01 0.001 0.0001 0.013 0.001 0.0001 
0.016 0.001 0.0001 0.019 0.001 0.0001 0.022 0.001 0.0001 
0.025 0.001 0.0001 0.028 0.001 0.0001 0.031 0.001 0.0001 
0.034 0.001 0.0001 0.037 0.001 0.0001 0.04 0.001 0.0001 
0.043 0.001 0.0001 0.046 0.001 0.0001 0.049 0.001 0.0001 
-0.05 0.004 0.0001 -0.047 0.004 0.0001 -0.044 0.004 0.0001 
-0.041 0.004 0.0001 -0.038 0.004 0.0001 -0.035 0.004 0.0001 
-0.032 0.004 0.0001 -0.029 0.004 0.0001 -0.026 0.004 0.0001 
-0.023 0.004 0.0001 -0.02 0.004 0.0001 -0.017 0.004 0.0001 
-0.014 0.004 0.0001 -0.011 0.004 0.0001 -0.008 0.004 0.0001 
-0.005 0.004 0.0001 -0.002 0.004 0.0001 0.001 0.004 0.0001 
0.004 0.004 0.0001 0.007 0.004 0.0001 0.01 0.004 0.0001 
0.013 0.004 0.0001 0.016 0.004 0.0001 0.019 0.004 0.0001 
0.022 0.004 0.0001 0.025 0.004 0.0001 0.028 0.004 0.0001 
0.031 0.004 0.0001 0.034 0.004 0.0001 0.037 0.004 0.0001 
0.04 0.004 0.0001 0.043 0.004 0.0001 0.046 0.004 0.0001 
0.049 0.004 0.0001 -0.05 0.007 0.0001 -0.047 0.007 0.0001 
-0.044 0.007 0.0001 -0.041 0.007 0.0001 -0.038 0.007 0.0001 
-0.035 0.007 0.0001 -0.032 0.007 0.0001 -0.029 0.007 0.0001 
-0.026 0.007 0.0001 -0.023 0.007 0.0001 -0.02 0.007 0.0001 
-0.017 0.007 0.0001 -0.014 0.007 0.0001 -0.011 0.007 0.0001 
-0.008 0.007 0.0001 -0.005 0.007 0.0001 -0.002 0.007 0.0001 
0.001 0.007 0.0001 0.004 0.007 0.0001 0.007 0.007 0.0001 
0.01 0.007 0.0001 0.013 0.007 0.0001 0.016 0.007 0.0001 
0.019 0.007 0.0001 0.022 0.007 0.0001 0.025 0.007 0.0001 
0.028 0.007 0.0001 0.031 0.007 0.0001 0.034 0.007 0.0001 
0.037 0.007 0.0001 0.04 0.007 0.0001 0.043 0.007 0.0001 
0.046 0.007 0.0001 0.049 0.007 0.0001 -0.05 0.01 0.0001 
-0.047 0.01 0.0001 -0.044 0.01 0.0001 -0.041 0.01 0.0001 
-0.038 0.01 0.0001 -0.035 0.01 0.0001 -0.032 0.01 0.0001 
-0.029 0.01 0.0001 -0.026 0.01 0.0001 -0.023 0.01 0.0001 
-0.02 0.01 0.0001 -0.017 0.01 0.0001 -0.014 0.01 0.0001 
-0.011 0.01 0.0001 -0.008 0.01 0.0001 -0.005 0.01 0.0001 
-0.002 0.01 0.0001 0.001 0.01 0.0001 0.004 0.01 0.0001 
0.007 0.01 0.0001 0.01 0.01 0.0001 0.013 0.01 0.0001 
0.016 0.01 0.0001 0.019 0.01 0.0001 0.022 0.01 0.0001 
0.025 0.01 0.0001 0.028 0.01 0.0001 0.031 0.01 0.0001 
0.034 0.01 0.0001 0.037 0.01 0.0001 0.04 0.01 0.0001 
0.043 0.01 0.0001 0.046 0.01 0.0001 0.049 0.01 0.0001 
-0.05 0.013 0.0001 -0.047 0.013 0.0001 -0.044 0.013 0.0001 
-0.041 0.013 0.0001 -0.038 0.013 0.0001 -0.035 0.013 0.0001 
-0.032 0.013 0.0001 -0.029 0.013 0.0001 -0.026 0.013 0.0001 
-0.023 0.013 0.0001 -0.02 0.013 0.0001 -0.017 0.013 0.0001 
-0.014 0.013 0.0001 -0.011 0.013 0.0001 -0.008 0.013 0.0001 
-0.005 0.013 0.0001 -0.002 0.013 0.0001 0.001 0.013 0.0001 
0.004 0.013 0.0001 0.007 0.013 0.0001 0.01 0.013 0.0001 
0.013 0.013 0.0001 0.016 0.013 0.0001 0.019 0.013 0.0001 
0.022 0.013 0.0001 0.025 0.013 0.0001 0.028 0.013 0.0001 
0.031 0.013 0.0001 0.034 0.013 0.0001 0.037 0.013 0.0001 
0.04 0.013 0.0001 0.043 0.013 0.0001 0.046 0.013 0.0001 
0.049 0.013 0.0001 -0.05 0.016 0.0001 -0.047 0.016 0.0001 
-0.044 0.016 0.0001 -0.041 0.016 0.0001 -0.038 0.016 0.0001 
-0.035 0.016 0.0001 -0.032 0.016 0.0001 -0.029 0.016 0.0001 
-0.026 0.016 0.0001 -0.023 0.016 0.0001 -0.02 0.016 0.0001 
-0.017 0.016 0.0001 -0.014 0.016 0.0001 -0.011 0.016 0.0001 
-0.008 0.016 0.0001 -0.005 0.016 0.0001 -0.002 0.016 0.0001 
0.001 0.016 0.0001 0.004 0.016 0.0001 0.007 0.016 0.0001 
0.01 0.016 0.0001 0.013 0.016 0.0001 0.016 0.016 0.0001 
0.019 0.016 0.0001 0.022 0.016 0.0001 0.025 0.016 0.0001 
0.028 0.016 0.0001 0.031 0.016 0.0001 0.034 0.016 0.0001 
0.037 0.016 0.0001 0.04 0.016 0.0001 0.043 0.016 0.0001 
0.046 0.016 0.0001 0.049 0.016 0.0001 -0.05 0.019 0.0001 
-0.047 0.019 0.0001 -0.044 0.019 0.0001 -0.041 0.019 0.0001 
-0.038 0.019 0.0001 -0.035 0.019 0.0001 -0.032 0.019 0.0001 
-0.029 0.019 0.0001 -0.026 0.019 0.0001 -0.023 0.019 0.0001 
-0.02 0.019 0.0001 -0.017 0.019 0.0001 -0.014 0.019 0.0001 
-0.011 0.019 0.0001 -0.008 0.019 0.0001 -0.005 0.019 0.0001 
-0.002 0.019 0.0001 0.001 0.019 0.0001 0.004 0.019 0.0001 
0.007 0.019 0.0001 0.01 0.019 0.0001 0.013 0.019 0.0001 
0.016 0.019 0.0001 0.019 0.019 0.0001 0.022 0.019 0.0001 
0.025 0.019 0.0001 0.028 0.019 0.0001 0.031 0.019 0.0001 
0.034 0.019 0.0001 0.037 0.019 0.0001 0.04 0.019 0.0001 
0.043 0.019 0.0001 0.046 0.019 0.0001 0.049 0.019 0.0001 
-0.05 0.022 0.0001 -0.047 0.022 0.0001 -0.044 0.022 0.0001 
-0.041 0.022 0.0001 -0.038 0.022 0.0001 -0.035 0.022 0.0001 
-0.032 0.022 0.0001 -0.029 0.022 0.0001 -0.026 0.022 0.0001 
-0.023 0.022 0.0001 -0.02 0.022 0.0001 -0.017 0.022 0.0001 
-0.014 0.022 0.0001 -0.011 0.022 0.0001 -0.008 0.022 0.0001 
-0.005 0.022 0.0001 -0.002 0.022 0.0001 0.001 0.022 0.0001 
0.004 0.022 0.0001 0.007 0.022 0.0001 0.01 0.022 0.0001 
0.013 0.022 0.0001 0.016 0.022 0.0001 0.019 0.022 0.0001 
0.022 0.022 0.0001 0.025 0.022 0.0001 0.028 0.022 0.0001 
0.031 0.022 0.0001 0.034 0.022 0.0001 0.037 0.022 0.0001 
0.04 0.022 0.0001 0.043 0.022 0.0001 0.046 0.022 0.0001 
0.049 0.022 0.0001 -0.05 0.025 0.0001 -0.047 0.025 0.0001 
-0.044 0.025 0.0001 -0.041 0.025 0.0001 -0.038 0.025 0.0001 
-0.035 0.025 0.0001 -0.032 0.025 0.0001 -0.029 0.025 0.0001 
-0.026 0.025 0.0001 -0.023 0.025 0.0001 -0.02 0.025 0.0001 
-0.017 0.025 0.0001 -0.014 0.025 0.0001 -0.011 0.025 0.0001 
-0.008 0.025 0.0001 -0.005 0.025 0.0001 -0.002 0.025 0.0001 
0.001 0.025 0.0001 0.004 0.025 0.0001 0.007 0.025 0.0001 
0.01 0.025 0.0001 0.013 0.025 0.0001 0.016 0.025 0.0001 
0.019 0.025 0.0001 0.022 0.025 0.0001 0.025 0.025 0.0001 
0.028 0.025 0.0001 0.031 0.025 0.0001 0.034 0.025 0.0001 
0.037 0.025 0.0001 0.04 0.025 0.0001 0.043 0.025 0.0001 
0.046 0.025 0.0001 0.049 0.025 0.0001 -0.05 0.028 0.0001 
-0.047 0.028 0.0001 -0.044 0.028 0.0001 -0.041 0.028 0.0001 
-0.038 0.028 0.0001 -0.035 0.028 0.0001 -0.032 0.028 0.0001 
-0.029 0.028 0.0001 -0.026 0.028 0.0001 -0.023 0.028 0.0001 
-0.02 0.028 0.0001 -0.017 0.028 0.0001 -0.014 0.028 0.0001 
-0.011 0.028 0.0001 -0.008 0.028 0.0001 -0.005 0.028 0.0001 
-0.002 0.028 0.0001 0.001 0.028 0.0001 0.004 0.028 0.0001 
0.007 0.028 0.0001 0.01 0.028 0.0001 0.013 0.028 0.0001 
0.016 0.028 0.0001 0.019 0.028 0.0001 0.022 0.028 0.0001 
0.025 0.028 0.0001 0.028 0.028 0.0001 0.031 0.028 0.0001 
0.034 0.028 0.0001 0.037 0.028 0.0001 0.04 0.028 0.0001 
0.043 0.028 0.0001 0.046 0.028 0.0001 0.049 0.028 0.0001 
-0.05 0.031 0.0001 -0.047 0.031 0.0001 -0.044 0.031 0.0001 
-0.041 0.031 0.0001 -0.038 0.031 0.0001 -0.035 0.031 0.0001 
-0.032 0.031 0.0001 -0.029 0.031 0.0001 -0.026 0.031 0.0001 
-0.023 0.031 0.0001 -0.02 0.031 0.0001 -0.017 0.031 0.0001 
-0.014 0.031 0.0001 -0.011 0.031 0.0001 -0.008 0.031 0.0001 
-0.005 0.031 0.0001 -0.002 0.031 0.0001 0.001 0.031 0.0001 
0.004 0.031 0.0001 0.007 0.031 0.0001 0.01 0.031 0.0001 
0.013 0.031 0.0001 0.016 0.031 0.0001 0.019 0.031 0.0001 
0.022 0.031 0.0001 0.025 0.031 0.0001 0.028 0.031 0.0001 
0.031 0.031 0.0001 0.034 0.031 0.0001 0.037 0.031 0.0001 
0.04 0.031 0.0001 0.043 0.031 0.0001 0.046 0.031 0.0001 
0.049 0.031 0.0001 -0.05 0.034 0.0001 -0.047 0.034 0.0001 
-0.044 0.034 0.0001 -0.041 0.034 0.0001 -0.038 0.034 0.0001 
-0.035 0.034 0.0001 -0.032 0.034 0.0001 -0.029 0.034 0.0001 
-0.026 0.034 0.0001 -0.023 0.034 0.0001 -0.02 0.034 0.0001 
-0.017 0.034 0.0001 -0.014 0.034 0.0001 -0.011 0.034 0.0001 
-0.008 0.034 0.0001 -0.005 0.034 0.0001 -0.002 0.034 0.0001 
0.001 0.034 0.0001 0.004 0.034 0.0001 0.007 0.034 0.0001 
0.01 0.034 0.0001 0.013 0.034 0.0001 0.016 0.034 0.0001 
0.019 0.034 0.0001 0.022 0.034 0.0001 0.025 0.034 0.0001 
0.028 0.034 0.0001 0.031 0.034 0.0001 0.034 0.034 0.0001 
0.037 0.034 0.0001 0.04 0.034 0.0001 0.043 0.034 0.0001 
0.046 0.034 0.0001 0.049 0.034 0.0001 -0.05 0.037 0.0001 
-0.047 0.037 0.0001 -0.044 0.037 0.0001 -0.041 0.037 0.0001 
-0.038 0.037 0.0001 -0.035 0.037 0.0001 -0.032 0.037 0.0001 
-0.029 0.037 0.0001 -0.026 0.037 0.0001 -0.023 0.037 0.0001 
-0.02 0.037 0.0001 -0.017 0.037 0.0001 -0.014 0.037 0.0001 
-0.011 0.037 0.0001 -0.008 0.037 0.0001 -0.005 0.037 0.0001 
-0.002 0.037 0.0001 0.001 0.037 0.0001 0.004 0.037 0.0001 
0.007 0.037 0.0001 0.01 0.037 0.0001 0.013 0.037 0.0001 
0.016 0.037 0.0001 0.019 0.037 0.0001 0.022 0.037 0.0001 
0.025 0.037 0.0001 0.028 0.037 0.0001 0.031 0.037 0.0001 
0.034 0.037 0.0001 0.037 0.037 0.0001 0.04 0.037 0.0001 
0.043 0.037 0.0001 0.046 0.037 0.0001 0.049 0.037 0.0001 
-0.05 0.04 0.0001 -0.047 0.04 0.0001 -0.044 0.04 0.0001 
-0.041 0.04 0.0001 -0.038 0.04 0.0001 -0.035 0.04 0.0001 
-0.032 0.04 0.0001 -0.029 0.04 0.0001 -0.026 0.04 0.0001 
-0.023 0.04 0.0001 -0.02 0.04 0.0001 -0.017 0.04 0.0001 
-0.014 0.04 0.0001 -0.011 0.04 0.0001 -0.008 0.04 0.0001 
-0.005 0.04 0.0001 -0.002 0.04 0.0001 0.001 0.04 0.0001 
0.004 0.04 0.0001 0.007 0.04 0.0001 0.01 0.04 0.0001 
0.013 0.04 0.0001 0.016 0.04 0.0001 0.019 0.04 0.0001 
0.022 0.04 0.0001 0.025 0.04 0.0001 0.028 0.04 0.0001 
0.031 0.04 0.0001 0.034 0.04 0.0001 0.037 0.04 0.0001 
0.04 0.04 0.0001 0.043 0.04 0.0001 0.046 0.04 0.0001 
0.049 0.04 0.0001 -0.05 0.043 0.0001 -0.047 0.043 0.0001 
-0.044 0.043 0.0001 -0.041 0.043 0.0001 -0.038 0.043 0.0001 
-0.035 0.043 0.0001 -0.032 0.043 0.0001 -0.029 0.043 0.0001 
-0.026 0.043 0.0001 -0.023 0.043 0.0001 -0.02 0.043 0.0001 
-0.017 0.043 0.0001 -0.014 0.043 0.0001 -0.011 0.043 0.0001 
-0.008 0.043 0.0001 -0.005 0.043 0.0001 -0.002 0.043 0.0001 
0.001 0.043 0.0001 0.004 0.043 0.0001 0.007 0.043 0.0001 
0.01 0.043 0.0001 0.013 0.043 0.0001 0.016 0.043 0.0001 
0.019 0.043 0.0001 0.022 0.043 0.0001 0.025 0.043 0.0001 
0.028 0.043 0.0001 0.031 0.043 0.0001 0.034 0.043 0.0001 
0.037 0.043 0.0001 0.04 0.043 0.0001 0.043 0.043 0.0001 
0.046 0.043 0.0001 0.049 0.043 0.0001 -0.05 0.046 0.0001 
-0.047 0.046 0.0001 -0.044 0.046 0.0001 -0.041 0.046 0.0001 
-0.038 0.046 0.0001 -0.035 0.046 0.0001 -0.032 0.046 0.0001 
-0.029 0.046 0.0001 -0.026 0.046 0.0001 -0.023 0.046 0.0001 
-0.02 0.046 0.0001 -0.017 0.046 0.0001 -0.014 0.046 0.0001 
-0.011 0.046 0.0001 -0.008 0.046 0.0001 -0.005 0.046 0.0001 
-0.002 0.046 0.0001 0.001 0.046 0.0001 0.004 0.046 0.0001 
0.007 0.046 0.0001 0.01 0.046 0.0001 0.013 0.046 0.0001 
0.016 0.046 0.0001 0.019 0.046 0.0001 0.022 0.046 0.0001 
0.025 0.046 0.0001 0.028 0.046 0.0001 0.031 0.046 0.0001 
0.034 0.046 0.0001 0.037 0.046 0.0001 0.04 0.046 0.0001 
0.043 0.046 0.0001 0.046 0.046 0.0001 0.049 0.046 0.0001 
-0.05 0.049 0.0001 -0.047 0.049 0.0001 -0.044 0.049 0.0001 
-0.041 0.049 0.0001 -0.038 0.049 0.0001 -0.035 0.049 0.0001 
-0.032 0.049 0.0001 -0.029 0.049 0.0001 -0.026 0.049 0.0001 
-0.023 0.049 0.0001 -0.02 0.049 0.0001 -0.017 0.049 0.0001 
-0.014 0.049 0.0001 -0.011 0.049 0.0001 -0.008 0.049 0.0001 
-0.005 0.049 0.0001 -0.002 0.049 0.0001 0.001 0.049 0.0001 
0.004 0.049 0.0001 0.007 0.049 0.0001 0.01 0.049 0.0001 
0.013 0.049 0.0001 0.016 0.049 0.0001 0.019 0.049 0.0001 
0.022 0.049 0.0001 0.025 0.049 0.0001 0.028 0.049 0.0001 
0.031 0.049 0.0001 0.034 0.049 0.0001 0.037 0.049 0.0001 
0.04 0.049 0.0001 0.043 0.049 0.0001 0.046 0.049 0.0001 
0.049 0.049 0.0001 -0.05 0.052 0.0001 -0.047 0.052 0.0001 
-0.044 0.052 0.0001 -0.041 0.052 0.0001 -0.038 0.052 0.0001 
-0.035 0.052 0.0001 -0.032 0.052 0.0001 -0.029 0.052 0.0001 
-0.026 0.052 0.0001 -0.023 0.052 0.0001 -0.02 0.052 0.0001 
-0.017 0.052 0.0001 -0.014 0.052 0.0001 -0.011 0.052 0.0001 
-0.008 0.052 0.0001 -0.005 0.052 0.0001 -0.002 0.052 0.0001 
0.001 0.052 0.0001 0.004 0.052 0.0001 0.007 0.052 0.0001 
0.01 0.052 0.0001 0.013 0.052 0.0001 0.016 0.052 0.0001 
0.019 0.052 0.0001 0.022 0.052 0.0001 0.025 0.052 0.0001 
0.028 0.052 0.0001 0.031 0.052 0.0001 0.034 0.052 0.0001 
0.037 0.052 0.0001 0.04 0.052 0.0001 0.043 0.052 0.0001 
0.046 0.052 0.0001 0.049 0.052 0.0001 
VERTICES 1839 1838
OFFSETS vtktypeint64
0 1 2 3 4 5 6 7 8 
9 10 11 12 13 14 15 16 17 
18 19 20 21 22 23 24 25 26 
27 28 29 30 31 32 33 34 35 
36 37 38 39 40 41 42 43 44 
45 46 47 48 49 50 51 52 53 
54 55 56 57 58 59 60 61 62 
63 64 65 66 67 68 69 70 71 
72 73 74 75 76 77 78 79 80 
81 82 83 84 85 86 87 88 89 
90 91 92 93 94 95 96 97 98 
99 100 101 102 103 104 105 106 107 
108 109 110 111 112 113 114 115 116 
117 118 119 120 121 122 123 124 125 
126 127 128 129 130 131 132 133 134 
135 136 137 138 139 140 141 142 143 
144 145 146 147 148 149 150 151 152 
153 154 155 156 157 158 159 160 161 
162 163 164 165 166 167 168 169 170 
171 172 173 174 175 176 177 178 179 
180 181 182 183 184 185 186 187 188 
189 190 191 192 193 194 195 196 197 
198 199 200 201 202 203 204 205 206 
207 208 209 210 211 212 213 214 215 
216 217 218 219 220 221 222 223 224 
225 226 227 228 229 230 231 232 233 
234 235 236 237 238 239 240 241 242 
243 244 245 246 247 248 249 250 251 
252 253 254 255 256 257 258 259 260 
261 262 263 264 265 266 267 268 269 
270 271 272 273 274 275 276 277 278 
279 280 281 282 283 284 285 286 287 
288 289 290 291 292 293 294 295 296 
297 298 299 300 301 302 303 304 305 
306 307 308 309 310 311 312 313 314 
315 316 317 318 319 320 321 322 323 
324 325 326 327 328 329 330 331 332 
333 334 335 336 337 338 339 340 341 
342 343 344 345 346 347 348 349 350 
351 352 353 354 355 356 357 358 359 
360 361 362 363 364 365 366 367 368 
369 370 371 372 373 374 375 376 377 
378 379 380 381 382 383 384 385 386 
387 388 389 390 391 392 393 394 395 
396 397 398 399 400 401 402 403 404 
405 406 407 408 409 410 411 412 413 
414 415 416 417 418 419 420 421 422 
423 424 425 426 427 428 429 430 431 
432 433 434 435 436 437 438 439 440 
441 442 443 444 445 446 447 448 449 
450 451 452 453 454 455 456 457 458 
459 460 461 462 463 464 465 466 467 
468 469 470 471 472 473 474 475 476 
477 478 479 480 481 482 483 484 485 
486 487 488 489 490 491 492 493 494 
495 496 497 498 499 500 501 502 503 
504 505 506 507 508 509 510 511 512 
513 514 515 516 517 518 519 520 521 
522 523 524 525 526 527 528 529 530 
531 532 533 534 535 536 537 538 539 
540 541 542 543 544 545 546 547 548 
549 550 551 552 553 554 555 556 557 
558 559 560 561 562 563 564 565 566 
567 568 569 570 571 572 573 574 575 
576 577 578 579 580 581 582 583 584 
585 586 587 588 589 590 591 592 593 
594 595 596 597 598 599 600 601 602 
603 604 605 606 607 608 609 610 611 
612 613 614 615 616 617 618 619 620 
621 622 623 624 625 626 627 628 629 
630 631 632 633 634 635 636 637 638 
639 640 641 642 643 644 645 646 647 
648 649 650 651 652 653 654 655 656 
657 658 659 660 661 662 663 664 665 
666 667 668 669 670 671 672 673 674 
675 676 677 678 679 680 681 682 683 
684 685 686 687 688 689 690 691 692 
693 694 695 696 697 698 699 700 701 
702 703 704 705 706 707 708 709 710 
711 712 713 714 715 716 717 718 719 
720 721 722 723 724 725 726 727 728 
729 730 731 732 733 734 735 736 737 
738 739 740 741 742 743 744 745 746 
747 748 749 750 751 752 753 754 755 
756 757 758 759 760 761 762 763 764 
765 766 767 768 769 770 771 772 773 
774 775 776 777 778 779 780 781 782 
783 784 785 786 787 788 789 790 791 
792 793 794 795 796 797 798 799 800 
801 802 803 804 805 806 807 808 809 
810 811 812 813 814 815 816 817 818 
819 820 821 822 823 824 825 826 827 
828 829 830 831 832 833 834 835 836 
837 838 839 840 841 842 843 844 845 
846 847 848 849 850 851 852 853 854 
855 856 857 858 859 860 861 862 863 
864 865 866 867 868 869 870 871 872 
873 874 875 876 877 878 879 880 881 
882 883 884 885 886 887 888 889 890 
891 892 893 894 895 896 897 898 899 
900 901 902 903 904 905 906 907 908 
909 910 911 912 913 914 915 916 917 
918 919 920 921 922 923 924 925 926 
927 928 929 930 931 932 933 934 935 
936 937 938 939 940 941 942 943 944 
945 946 947 948 949 950 951 952 953 
954 955 956 957 958 959 960 961 962 
963 964 965 966 967 968 969 970 971 
972 973 974 975 976 977 978 979 980 
981 982 983 984 985 986 987 988 989 
990 991 992 993 994 995 996 997 998 
999 1000 1001 1002 1003 1004 1005 1006 1007 
1008 1009 1010 1011 1012 1013 1014 1015 1016 
1017 1018 1019 1020 1021 1022 1023 1024 1025 
1026 1027 1028 1029 1030 1031 1032 1033 1034 
1035 1036 1037 1038 1039 1040 1041 1042 1043 
1044 1045 1046 1047 1048 1049 1050 1051 1052 
1053 1054 1055 1056 1057 1058 1059 1060 1061 
1062 1063 1064 1065 1066 1067 1068 1069 1070 
1071 1072 1073 1074 1075 1076 1077 1078 1079 
1080 1081 1082 1083 1084 1085 1086 1087 1088 
1089 1090 1091 1092 1093 1094 1095 1096 1097 
1098 1099 1100 1101 1102 1103 1104 1105 1106 
1107 1108 1109 1110 1111 1112 1113 1114 1115 
1116 1117 1118 1119 1120 1121 1122 1123 1124 
1125 1126 1127 1128 1129 1130 1131 1132 1133 
1134 1135 1136 1137 1138 1139 1140 1141 1142 
1143 1144 1145 1146 1147 1148 1149 1150 1151 
1152 1153 1154 1155 1156 1157 1158 1159 1160 
1161 1162 1163 1164 1165 1166 1167 1168 1169 
1170 1171 1172 1173 1174 1175 1176 1177 1178 
1179 1180 1181 1182 1183 1184 1185 1186 1187 
1188 1189 1190 1191 1192 1193 1194 1195 1196 
1197 1198 1199 1200 1201 1202 1203 1204 1205 
1206 1207 1208 1209 1210 1211 1212 1213 1214 
1215 1216 1217 1218 1219 1220 1221 1222 1223 
1224 1225 1226 1227 1228 1229 1230 1231 1232 
1233 1234 1235 1236 1237 1238 1239 1240 1241 
1242 1243 1244 1245 1246 1247 1248 1249 1250 
1251 1252 1253 1254 1255 1256 1257 1258 1259 
1260 1261 1262 1263 1264 1265 1266 1267 1268 
1269 1270 1271 1272 1273 1274 1275 1276 1277 
1278 1279 1280 1281 1282 1283 1284 1285 1286 
1287 1288 1289 1290 1291 1292 1293 1294 1295 
1296 1297 1298 1299 1300 1301 1302 1303 1304 
1305 1306 1307 1308 1309 1310 1311 1312 1313 
1314 1315 1316 1317 1318 1319 1320 1321 1322 
1323 1324 1325 1326 1327 1328 1329 1330 1331 
1332 1333 1334 1335 1336 1337 1338 1339 1340 
1341 1342 1343 1344 1345 1346 1347 1348 1349 
1350 1351 1352 1353 1354 1355 1356 1357 1358 
1359 1360 1361 1362 1363 1364 1365 1366 1367 
1368 1369 1370 1371 1372 1373 1374 1375 1376 
1377 1378 1379 1380 1381 1382 1383 1384 1385 
1386 1387 1388 1389 1390 1391 1392 1393 1394 
1395 1396 1397 1398 1399 1400 1401 1402 1403 
1404 1405 1406 1407 1408 1409 1410 1411 1412 
1413 1414 1415 1416 1417 1418 1419 1420 1421 
1422 1423 1424 1425 1426 1427 1428 1429 1430 
1431 1432 1433 1434 1435 1436 1437 1438 1439 
1440 1441 1442 1443 1444 1445 1446 1447 1448 
1449 1450 1451 1452 1453 1454 1455 1456 1457 
1458 1459 1460 1461 1462 1463 1464 1465 1466 
1467 1468 1469 1470 1471 1472 1473 1474 1475 
1476 1477 1478 1479 1480 1481 1482 1483 1484 
1485 1486 1487 1488 1489 1490 1491 1492 1493 
1494 1495 1496 1497 1498 1499 1500 1501 1502 
1503 1504 1505 1506 1507 1508 1509 1510 1511 
1512 1513 1514 1515 1516 1517 1518 1519 1520 
1521 1522 1523 1524 1525 1526 1527 1528 1529 
1530 1531 1532 1533 1534 1535 1536 1537 1538 
1539 1540 1541 1542 1543 1544 1545 1546 1547 
1548 1549 1550 1551 1552 1553 1554 1555 1556 
1557 1558 1559 1560 1561 1562 1563 1564 1565 
1566 1567 1568 1569 1570 1571 1572 1573 1574 
1575 1576 1577 1578 1579 1580 1581 1582 1583 
1584 1585 1586 1587 1588 1589 1590 1591 1592 
1593 1594 1595 1596 1597 1598 1599 1600 1601 
1602 1603 1604 1605 1606 1607 1608 1609 1610 
1611 1612 1613 1614 1615 1616 1617 1618 1619 
1620 1621 1622 1623 1624 1625 1626 1627 1628 
1629 1630 1631 1632 1633 1634 1635 1636 1637 
1638 1639 1640 1641 1642 1643 1644 1645 1646 
1647 1648 1649 1650 1651 1652 1653 1654 1655 
1656 1657 1658 1659 1660 1661 1662 1663 1664 
1665 1666 1667 1668 1669 1670 1671 1672 1673 
1674 1675 1676 1677 1678 1679 1680 1681 1682 
1683 1684 1685 1686 1687 1688 1689 1690 1691 
1692 1693 1694 1695 1696 1697 1698 1699 1700 
1701 1702 1703 1704 1705 1706 1707 1708 1709 
1710 1711 1712 1713 1714 1715 1716 1717 1718 
1719 1720 1721 1722 1723 1724 1725 1726 1727 
1728 1729 1730 1731 1732 1733 1734 1735 1736 
1737 1738 1739 1740 1741 1742 1743 1744 1745 
1746 1747 1748 1749 1750 1751 1752 1753 1754 
1755 1756 1757 1758 1759 1760 1761 1762 1763 
1764 1765 1766 1767 1768 1769 1770 1771 1772 
1773 1774 1775 1776 1777 1778 1779 1780 1781 
1782 1783 1784 1785 1786 1787 1788 1789 1790 
1791 1792 1793 1794 1795 1796 1797 1798 1799 
1800 1801 1802 1803 1804 1805 1806 1807 1808 
1809 1810 1811 1812 1813 1814 1815 1816 1817 
1818 1819 1820 1821 1822 1823 1824 1825 1826 
1827 1828 1829 1830 1831 1832 1833 1834 1835 
1836 1837 1838 
CONNECTIVITY vtktypeint64
0 1 2 3 4 5 6 7 8 
9 10 11 12 13 14 15 16 17 
18 19 20 21 22 23 24 25 26 
27 28 29 30 31 32 33 34 35 
36 37 38 39 40 41 42 43 44 
45 46 47 48 49 50 51 52 53 
54 55 56 57 58 59 60 61 62 
63 64 65 66 67 68 69 70 71 
72 73 74 75 76 77 78 79 80 
81 82 83 84 85 86 87 88 89 
90 91 92 93 94 95 96 97 98 
99 100 101 102 103 104 105 106 107 
108 109 110 111 112 113 114 115 116 
117 118 119 120 121 122 123 124 125 
126 127 128 129 130 131 132 133 134 
135 136 137 138 139 140 141 142 143 
144 145 146 147 148 149 150 151 152 
153 154 155 156 157 158 159 160 161 
162 163 164 165 166 167 168 169 170 
171 172 173 174 175 176 177 178 179 
180 181 182 183 184 185 186 187 188 
189 190 191 192 193 194 195 196 197 
198 199 200 201 202 203 204 205 206 
207 208 209 210 211 212 213 214 215 
216 217 218 219 220 221 222 223 224 
225 226 227 228 229 230 231 232 233 
234 235 236 237 238 239 240 241 242 
243 244 245 246 247 248 249 250 251 
252 253 254 255 256 257 258 259 260 
261 262 263 264 265 266 267 268 269 
270 271 272 273 274 275 276 277 278 
279 280 281 282 283 284 285 286 287 
288 289 290 291 292 293 294 295 296 
297 298 299 300 301 302 303 304 305 
306 307 308 309 310 311 312 313 314 
315 316 317 318 319 320 321 322 323 
324 325 326 327 328 329 330 331 332 
333 334 335 336 337 338 339 340 341 
342 343 344 345 346 347 348 349 350 
351 352 353 354 355 356 357 358 359 
360 361 362 363 364 365 366 367 368 
369 370 371 372 373 374 375 376 377 
378 379 380 381 382 383 384 385 386 
387 388 389 390 391 392 393 394 395 
396 397 398 399 400 401 402 403 404 
405 406 407 408 409 410 411 412 413 
414 415 416 417 418 419 420 421 422 
423 424 425 426 427 428 429 430 431 
432 433 434 435 436 437 438 439 440 
441 442 443 444 445 446 447 448 449 
450 451 452 453 454 455 456 457 458 
459 460 461 462 463 464 465 466 467 
468 469 470 471 472 473 474 475 476 
477 478 479 480 481 482 483 484 485 
486 487 488 489 490 491 492 493 494 
495 496 497 498 499 500 501 502 503 
504 505 506 507 508 509 510 511 512 
513 514 515 516 517 518 519 520 521 
522 523 524 525 526 527 528 529 530 
531 532 533 534 535 536 537 538 539 
540 541 542 543 544 545 546 547 548 
549 550 551 552 553 554 555 556 557 
558 559 560 561 562 563 564 565 566 
567 568 569 570 571 572 573 574 575 
576 577 578 579 580 581 582 583 584 
585 586 587 588 589 590 591 592 593 
594 595 596 597 598 599 600 601 602 
603 604 605 606 607 608 609 610 611 
612 613 614 615 616 617 618 619 620 
621 622 623 624 625 626 627 628 629 
630 631 632 633 634 635 636 637 638 
639 640 641 642 643 644 645 646 647 
648 649 650 651 652 653 654 655 656 
657 658 659 660 661 662 663 664 665 
666 667 668 669 670 671 672 673 674 
675 676 677 678 679 680 681 682 683 
684 685 686 687 688 689 690 691 692 
693 694 695 696 697 698 699 700 701 
702 703 704 705 706 707 708 709 710 
711 712 713 714 715 716 717 718 719 
720 721 722 723 724 725 726 727 728 
729 730 731 732 733 734 735 736 737 
738 739 740 741 742 743 744 745 746 
747 748 749 750 751 752 753 754 755 
756 757 758 759 760 761 762 763 764 
765 766 767 768 769 770 771 772 773 
774 775 776 777 778 779 780 781 782 
783 784 785 786 787 788 789 790 791 
792 793 794 795 796 797 798 799 800 
801 802 803 804 805 806 807 808 809 
810 811 812 813 814 815 816 817 818 
819 820 821 822 823 824 825 826 827 
828 829 830 831 832 833 834 835 836 
837 838 839 840 841 842 843 844 845 
846 847 848 849 850 851 852 853 854 
855 856 857 858 859 860 861 862 863 
864 865 866 867 868 869 870 871 872 
873 874 875 876 877 878 879 880 881 
882 883 884 885 886 887 888 889 890 
891 892 893 894 895 896 897 898 899 
900 901 902 903 904 905 906 907 908 
909 910 911 912 913 914 915 916 917 
918 919 920 921 922 923 924 925 926 
927 928 929 930 931 932 933 934 935 
936 937 938 939 940 941 942 943 944 
945 946 947 948 949 950 951 952 953 
954 955 956 957 958 959 960 961 962 
963 964 965 966 967 968 969 970 971 
972 973 974 975 976 977 978 979 980 
981 982 983 984 985 986 987 988 989 
990 991 992 993 994 995 996 997 998 
999 1000 1001 1002 1003 1004 1005 1006 1007 
1008 1009 1010 1011 1012 1013 1014 1015 1016 
1017 1018 1019 1020 1021 1022 1023 1024 1025 
1026 1027 1028 1029 1030 1031 1032 1033 1034 
1035 1036 1037 1038 1039 1040 1041 1042 1043 
1044 1045 1046 1047 1048 1049 1050 1051 1052 
1053 1054 1055 1056 1057 1058 1059 1060 1061 
1062 1063 1064 1065 1066 1067 1068 1069 1070 
1071 1072 1073 1074 1075 1076 1077 1078 1079 
1080 1081 1082 1083 1084 1085 1086 1087 1088 
1089 1090 1091 1092 1093 1094 1095 1096 1097 
1098 1099 1100 1101 1102 1103 1104 1105 1106 
1107 1108 1109 1110 1111 1112 1113 1114 1115 
1116 1117 1118 1119 1120 1121 1122 1123 1124 
1125 1126 1127 1128 1129 1130 1131 1132 1133 
1134 1135 1136 1137 1138 1139 1140 1141 1142 
1143 1144 1145 1146 1147 1148 1149 1150 1151 
1152 1153 1154 1155 1156 1157 1158 1159 1160 
1161 1162 1163 1164 1165 1166 1167 1168 1169 
1170 1171 1172 1173 1174 1175 1176 1177 1178 
1179 1180 1181 1182 1183 1184 1185 1186 1187 
1188 1189 1190 1191 1192 1193 1194 1195 1196 
1197 1198 1199 1200 1201 1202 1203 1204 1205 
1206 1207 1208 1209 1210 1211 1212 1213 1214 
1215 1216 1217 1218 1219 1220 1221 1222 1223 
1224 1225 1226 1227 1228 1229 1230 1231 1232 
1233 1234 1235 1236 1237 1238 1239 1240 1241 
1242 1243 1244 1245 1246 1247 1248 1249 1250 
1251 1252 1253 1254 1255 1256 1257 1258 1259 
1260 1261 1262 1263 1264 1265 1266 1267 1268 
1269 1270 1271 1272 1273 1274 1275 1276 1277 
1278 1279 1280 1281 1282 1283 1284 1285 1286 
1287 1288 1289 1290 1291 1292 1293 1294 1295 
1296 1297 1298 1299 1300 1301 1302 1303 1304 
1305 1306 1307 1308 1309 1310 1311 1312 1313 
1314 1315 1316 1317 1318 1319 1320 1321 1322 
1323 1324 1325 1326 1327 1328 1329 1330 1331 
1332 1333 1334 1335 1336 1337 1338 1339 1340 
1341 1342 1343 1344 1345 1346 1347 1348 1349 
1350 1351 1352 1353 1354 1355 1356 1357 1358 
1359 1360 1361 1362 1363 1364 1365 1366 1367 
1368 1369 1370 1371 1372 1373 1374 1375 1376 
1377 1378 1379 1380 1381 1382 1383 1384 1385 
1386 1387 1388 1389 1390 1391 1392 1393 1394 
1395 1396 1397 1398 1399 1400 1401 1402 1403 
1404 1405 1406 1407 1408 1409 1410 1411 1412 
1413 1414 1415 1416 1417 1418 1419 1420 1421 
1422 1423 1424 1425 1426 1427 1428 1429 1430 
1431 1432 1433 1434 1435 1436 1437 1438 1439 
1440 1441 1442 1443 1444 1445 1446 1447 1448 
1449 1450 1451 1452 1453 1454 1455 1456 1457 
1458 1459 1460 1461 1462 1463 1464 1465 1466 
1467 1468 1469 1470 1471 1472 1473 1474 1475 
1476 1477 1478 1479 1480 1481 1482 1483 1484 
1485 1486 1487 1488 1489 1490 1491 1492 1493 
1494 1495 1496 1497 1498 1499 1500 1501 1502 
1503 1504 1505 1506 1507 1508 1509 1510 1511 
1512 1513 1514 1515 1516 1517 1518 1519 1520 
1521 1522 1523 1524 1525 1526 1527 1528 1529 
1530 1531 1532 1533 1534 1535 1536 1537 1538 
1539 1540 1541 1542 1543 1544 1545 1546 1547 
1548 1549 1550 1551 1552 1553 1554 1555 1556 
1557 1558 1559 1560 1561 1562 1563 1564 1565 
1566 1567 1568 1569 1570 1571 1572 1573 1574 
1575 1576 1577 1578 1579 1580 1581 1582 1583 
1584 1585 1586 1587 1588 1589 1590 1591 1592 
1593 1594 1595 1596 1597 1598 1599 1600 1601 
1602 1603 1604 1605 1606 1607 1608 1609 1610 
1611 1612 1613 1614 1615 1616 1617 1618 1619 
1620 1621 1622 1623 1624 1625 1626 1627 1628 
1629 1630 1631 1632 1633 1634 1635 1636 1637 
1638 1639 1640 1641 1642 1643 1644 1645 1646 
1647 1648 1649 1650 1651 1652 1653 1654 1655 
1656 1657 1658 1659 1660 1661 1662 1663 1664 
1665 1666 1667 1668 1669 1670 1671 1672 1673 
1674 1675 1676 1677 1678 1679 1680 1681 1682 
1683 1684 1685 1686 1687 1688 1689 1690 1691 
1692 1693 1694 1695 1696 1697 1698 1699 1700 
1701 1702 1703 1704 1705 1706 1707 1708 1709 
1710 1711 1712 1713 1714 1715 1716 1717 1718 
1719 1720 1721 1722 1723 1724 1725 1726 1727 
1728 1729 1730 1731 1732 1733 1734 1735 1736 
1737 1738 1739 1740 1741 1742 1743 1744 1745 
1746 1747 1748 1749 1750 1751 1752 1753 1754 
1755 1756 1757 1758 1759 1760 1761 1762 1763 
1764 1765 1766 1767 1768 1769 1770 1771 1772 
1773 1774 1775 1776 1777 1778 1779 1780 1781 
1782 1783 1784 1785 1786 1787 1788 1789 1790 
1791 1792 1793 1794 1795 1796 1797 1798 1799 
1800 1801 1802 1803 1804 1805 1806 1807 1808 
1809 1810 1811 1812 1813 1814 1815 1816 1817 
1818 1819 1820 1821 1822 1823 1824 1825 1826 
1827 1828 1829 1830 1831 1832 1833 1834 1835 
1836 1837 
POINT_DATA 1838
FIELD FieldData 12
id 1 1838 int
164 275 242 98 534 463 366 200 188 
230 89 84 346 93 31 258 113 414 
635 203 390 140 218 471 562 68 457 
591 52 429 577 597 207 271 134 549 
256 87 35 99 314 136 326 508 312 
173 210 34 92 459 359 411 115 102 
356 626 122 22 487 82 226 67 159 
24 436 492 344 518 402 388 367 489 
319 88 69 47 605 229 350 156 571 
616 51 347 589 477 303 404 239 307 
570 505 5 543 525 333 304 250 185 
283 107 352 137 393 295 139 103 294 
533 548 502 354 96 331 147 120 445 
527 128 13 409 291 645 183 574 415 
604 532 121 190 267 430 335 493 116 
484 79 223 71 234 282 37 526 541 
513 416 449 192 323 329 576 547 64 
160 167 472 573 237 111 317 403 174 
25 28 470 479 177 154 440 44 448 
516 238 274 439 298 539 247 289 551 
517 355 496 572 73 176 462 444 553 
422 170 143 374 381 376 168 240 290 
537 74 194 58 500 306 276 612 59 
215 490 441 460 530 211 380 146 8 
43 349 566 259 106 340 292 628 638 
554 16 617 23 227 248 264 231 428 
127 101 427 483 157 38 293 311 95 
569 324 260 53 563 399 511 10 72 
522 32 39 6 42 336 580 278 615 
368 383 243 224 557 377 299 567 285 
370 515 11 252 105 125 50 263 57 
385 257 171 142 20 592 360 382 405 
151 135 371 204 542 205 217 132 66 
564 365 265 341 80 75 389 83 465 
196 499 36 565 175 208 90 186 77 
538 61 334 519 212 300 244 598 305 
86 284 56 593 379 613 418 458 216 
141 503 501 495 407 478 245 486 545 
456 546 396 467 353 474 454 126 153 
450 301 425 213 426 528 423 556 124 
144 424 112 510 129 145 165 453 4 
261 400 197 288 338 497 255 214 420 
296 480 601 442 221 464 432 373 345 
181 262 60 273 401 378 21 446 384 
297 169 119 17 322 46 633 41 150 
491 310 395 236 363 63 48 70 178 
202 469 308 622 358 315 228 468 220 
473 193 15 40 433 184 587 339 54 
118 392 152 485 110 417 443 364 447 
117 607 161 357 521 149 166 281 514 
33 49 138 431 337 18 529 279 287 
330 130 254 325 394 104 219 191 109 
97 14 520 12 78 507 189 206 100 
131 162 9 195 163 408 637 498 266 
30 535 280 199 461 410 209 509 179 
524 451 540 504 321 114 506 594 596 
488 419 187 343 201 158 81 332 611 
268 26 623 327 583 253 222 148 29 
481 65 180 94 466 455 494 348 270 
225 579 235 550 600 387 85 313 391 
552 251 421 233 309 452 232 286 437 
182 482 362 198 320 559 413 45 246 
328 536 523 76 249 318 155 123 643 
435 386 361 277 412 62 372 91 434 
108 19 406 375 342 302 397 475 272 
351 639 476 172 614 55 438 241 584 
398 640 629 581 578 558 603 618 585 
599 3 27 133 642 2 316 595 620 
560 7 582 561 369 269 624 531 555 
586 632 648 636 627 590 544 602 647 
568 621 630 641 631 619 625 646 588 
609 575 634 644 608 610 606 512 1 
649 650 651 652 653 654 655 656 657 
658 659 660 661 662 663 664 665 666 
667 668 669 670 671 672 673 674 675 
676 677 678 679 680 681 682 683 684 
685 686 687 688 689 690 691 692 693 
694 695 696 697 698 699 700 701 702 
703 704 705 706 707 708 709 710 711 
712 713 714 715 716 717 718 719 720 
721 722 723 724 725 726 727 728 729 
730 731 732 733 734 735 736 737 738 
739 740 741 742 743 744 745 746 747 
748 749 750 751 752 753 754 755 756 
757 758 759 760 761 762 763 764 765 
766 767 768 769 770 771 772 773 774 
775 776 777 778 779 780 781 782 783 
784 785 786 787 788 789 790 791 792 
793 794 795 796 797 798 799 800 801 
802 803 804 805 806 807 808 809 810 
811 812 813 814 815 816 817 818 819 
820 821 822 823 824 825 826 827 828 
829 830 831 832 833 834 835 836 837 
838 839 840 841 842 843 844 845 846 
847 848 849 850 851 852 853 854 855 
856 857 858 859 860 861 862 863 864 
865 866 867 868 869 870 871 872 873 
874 875 876 877 878 879 880 881 882 
883 884 885 886 887 888 889 890 891 
892 893 894 895 896 897 898 899 900 
901 902 903 904 905 906 907 908 909 
910 911 912 913 914 915 916 917 918 
919 920 921 922 923 924 925 926 927 
928 929 930 931 932 933 934 935 936 
937 938 939 940 941 942 943 944 945 
946 947 948 949 950 951 952 953 954 
955 956 957 958 959 960 961 962 963 
964 965 966 967 968 969 970 971 972 
973 974 975 976 977 978 979 980 981 
982 983 984 985 986 987 988 989 990 
991 992 993 994 995 996 997 998 999 
1000 1001 1002 1003 1004 1005 1006 1007 1008 
1009 1010 1011 1012 1013 1014 1015 1016 1017 
1018 1019 1020 1021 1022 1023 1024 1025 1026 
1027 1028 1029 1030 1031 1032 1033 1034 1035 
1036 1037 1038 1039 1040 1041 1042 1043 1044 
1045 1046 1047 1048 1049 1050 1051 1052 1053 
1054 1055 1056 1057 1058 1059 1060 1061 1062 
1063 1064 1065 1066 1067 1068 1069 1070 1071 
1072 1073 1074 1075 1076 1077 1078 1079 1080 
1081 1082 1083 1084 1085 1086 1087 1088 1089 
1090 1091 1092 1093 1094 1095 1096 1097 1098 
1099 1100 1101 1102 1103 1104 1105 1106 1107 
1108 1109 1110 1111 1112 1113 1114 1115 1116 
1117 1118 1119 1120 1121 1122 1123 1124 1125 
1126 1127 1128 1129 1130 1131 1132 1133 1134 
1135 1136 1137 1138 1139 1140 1141 1142 1143 
1144 1145 1146 1147 1148 1149 1150 1151 1152 
1153 1154 1155 1156 1157 1158 1159 1160 1161 
1162 1163 1164 1165 1166 1167 1168 1169 1170 
1171 1172 1173 1174 1175 1176 1177 1178 1179 
1180 1181 1182 1183 1184 1185 1186 1187 1188 
1189 1190 1191 1192 1193 1194 1195 1196 1197 
1198 1199 1200 1201 1202 1203 1204 1205 1206 
1207 1208 1209 1210 1211 1212 1213 1214 1215 
1216 1217 1218 1219 1220 1221 1222 1223 1224 
1225 1226 1227 1228 1229 1230 1231 1232 1233 
1234 1235 1236 1237 1238 1239 1240 1241 1242 
1243 1244 1245 1246 1247 1248 1249 1250 1251 
1252 1253 1254 1255 1256 1257 1258 1259 1260 
1261 1262 1263 1264 1265 1266 1267 1268 1269 
1270 1271 1272 1273 1274 1275 1276 1277 1278 
1279 1280 1281 1282 1283 1284 1285 1286 1287 
1288 1289 1290 1291 1292 1293 1294 1295 1296 
1297 1298 1299 1300 1301 1302 1303 1304 1305 
1306 1307 1308 1309 1310 1311 1312 1313 1314 
1315 1316 1317 1318 1319 1320 1321 1322 1323 
1324 1325 1326 1327 1328 1329 1330 1331 1332 
1333 1334 1335 1336 1337 1338 1339 1340 1341 
1342 1343 1344 1345 1346 1347 1348 1349 1350 
1351 1352 1353 1354 1355 1356 1357 1358 1359 
1360 1361 1362 1363 1364 1365 1366 1367 1368 
1369 1370 1371 1372 1373 1374 1375 1376 1377 
1378 1379 1380 1381 1382 1383 1384 1385 1386 
1387 1388 1389 1390 1391 1392 1393 1394 1395 
1396 1397 1398 1399 1400 1401 1402 1403 1404 
1405 1406 1407 1408 1409 1410 1411 1412 1413 
1414 1415 1416 1417 1418 1419 1420 1421 1422 
1423 1424 1425 1426 1427 1428 1429 1430 1431 
1432 1433 1434 1435 1436 1437 1438 1439 1440 
1441 1442 1443 1444 1445 1446 1447 1448 1449 
1450 1451 1452 1453 1454 1455 1456 1457 1458 
1459 1460 1461 1462 1463 1464 1465 1466 1467 
1468 1469 1470 1471 1472 1473 1474 1475 1476 
1477 1478 1479 1480 1481 1482 1483 1484 1485 
1486 1487 1488 1489 1490 1491 1492 1493 1494 
1495 1496 1497 1498 1499 1500 1501 1502 1503 
1504 1505 1506 1507 1508 1509 1510 1511 1512 
1513 1514 1515 1516 1517 1518 1519 1520 1521 
1522 1523 1524 1525 1526 1527 1528 1529 1530 
1531 1532 1533 1534 1535 1536 1537 1538 1539 
1540 1541 1542 1543 1544 1545 1546 1547 1548 
1549 1550 1551 1552 1553 1554 1555 1556 1557 
1558 1559 1560 1561 1562 1563 1564 1565 1566 
1567 1568 1569 1570 1571 1572 1573 1574 1575 
1576 1577 1578 1579 1580 1581 1582 1583 1584 
1585 1586 1587 1588 1589 1590 1591 1592 1593 
1594 1595 1596 1597 1598 1599 1600 1601 1602 
1603 1604 1605 1606 1607 1608 1609 1610 1611 
1612 1613 1614 1615 1616 1617 1618 1619 1620 
1621 1622 1623 1624 1625 1626 1627 1628 1629 
1630 1631 1632 1633 1634 1635 1636 1637 1638 
1639 1640 1641 1642 1643 1644 1645 1646 1647 
1648 1649 1650 1651 1652 1653 1654 1655 1656 
1657 1658 1659 1660 1661 1662 1663 1664 1665 
1666 1667 1668 1669 1670 1671 1672 1673 1674 
1675 1676 1677 1678 1679 1680 1681 1682 1683 
1684 1685 1686 1687 1688 1689 1690 1691 1692 
1693 1694 1695 1696 1697 1698 1699 1700 1701 
1702 1703 1704 1705 1706 1707 1708 1709 1710 
1711 1712 1713 1714 1715 1716 1717 1718 1719 
1720 1721 1722 1723 1724 1725 1726 1727 1728 
1729 1730 1731 1732 1733 1734 1735 1736 1737 
1738 1739 1740 1741 1742 1743 1744 1745 1746 
1747 1748 1749 1750 1751 1752 1753 1754 1755 
1756 1757 1758 1759 1760 1761 1762 1763 1764 
1765 1766 1767 1768 1769 1770 1771 1772 1773 
1774 1775 1776 1777 1778 1779 1780 1781 1782 
1783 1784 1785 1786 1787 1788 1789 1790 1791 
1792 1793 1794 1795 1796 1797 1798 1799 1800 
1801 1802 1803 1804 1805 1806 1807 1808 1809 
1810 1811 1812 1813 1814 1815 1816 1817 1818 
1819 1820 1821 1822 1823 1824 1825 1826 1827 
1828 1829 1830 1831 1832 1833 1834 1835 1836 
1837 1838 
type 1 1838 int
1 1 1 1 1 1 1 1 1 
1 1 1 1 1 1 1 1 1 
1 1 1 1 1 1 1 1 1 
1 1 1 1 1 1 1 1 1 
1 1 1 1 1 1 1 1 1 
1 1 1 1 1 1 1 1 1 
1 1 1 1 1 1 1 1 1 
1 1 1 1 1 1 1 1 1 
1 1 1 1 1 1 1 1 1 
1 1 1 1 1 1 1 1 1 
1 1 2 1 1 1 1 1 1 
1 1 1 1 1 1 1 1 1 
1 1 1 1 1 1 1 1 1 
1 1 2 1 1 1 1 1 1 
1 1 1 1 1 1 1 1 1 
1 1 1 1 1 1 1 1 1 
1 1 1 1 1 1 1 1 1 
1 1 1 1 1 1 1 1 1 
1 1 1 1 1 1 1 1 1 
2 1 1 1 1 1 1 1 1 
1 1 1 1 1 1 1 1 1 
1 1 1 1 1 1 1 1 1 
1 1 1 1 1 1 1 1 1 
1 1 1 1 1 1 1 1 2 
1 1 1 1 1 1 1 1 1 
1 2 1 1 1 1 1 1 1 
1 1 1 1 1 1 1 1 1 
1 1 1 1 1 1 1 2 1 
1 1 1 2 1 1 1 1 1 
1 1 1 1 1 1 1 1 1 
1 1 2 1 1 1 1 1 1 
1 1 1 1 1 1 1 1 1 
1 1 1 1 1 1 1 1 1 
1 1 1 1 1 1 1 1 1 
1 1 1 1 1 1 1 1 1 
1 1 1 1 1 1 1 1 1 
1 1 1 1 1 1 1 1 1 
1 1 1 1 1 1 1 1 1 
1 1 1 1 1 1 1 1 1 
1 1 1 1 1 1 1 1 1 
1 1 1 1 1 1 1 1 2 
1 1 1 1 1 1 1 1 1 
1 1 1 1 1 1 1 1 1 
1 1 1 1 1 1 1 1 1 
1 1 1 1 1 1 1 1 1 
1 1 1 1 1 1 1 1 1 
1 1 1 1 1 1 1 1 1 
1 1 2 1 1 1 1 1 1 
1 1 1 1 1 1 1 1 1 
1 1 1 1 1 1 1 1 1 
1 1 1 1 1 1 1 1 1 
1 1 1 1 1 1 1 1 1 
1 2 1 2 1 1 1 1 1 
1 1 2 1 1 1 1 1 1 
1 1 1 1 1 1 1 1 1 
1 1 1 1 1 1 1 1 1 
1 1 1 1 1 1 1 1 1 
1 1 1 1 1 1 1 1 1 
1 1 1 1 1 1 1 1 1 
1 1 1 1 1 1 1 1 1 
1 1 1 1 1 1 1 1 1 
1 1 1 1 1 1 1 1 1 
1 1 1 1 1 1 1 1 1 
1 1 1 1 1 1 1 1 1 
1 1 1 1 1 1 1 1 1 
1 1 1 1 1 1 1 1 1 
1 1 1 1 1 1 1 1 1 
1 2 1 1 1 3 1 1 1 
1 2 1 1 1 1 1 1 1 
1 1 1 1 1 1 1 1 1 
1 1 1 1 1 1 1 1 1 
1 1 2 1 1 1 1 2 4 
5 5 5 5 5 5 5 5 5 
5 5 5 5 5 5 5 5 5 
5 5 5 5 5 5 5 5 5 
5 5 5 5 5 5 5 5 5 
5 5 5 5 5 5 5 5 5 
5 5 5 5 5 5 5 5 5 
5 5 5 5 5 5 5 5 5 
5 5 5 5 5 5 5 5 5 
5 5 5 5 5 5 5 5 5 
5 5 5 5 5 5 5 5 5 
5 5 5 5 5 5 5 5 5 
5 5 5 5 5 5 5 5 5 
5 5 5 5 5 5 5 5 5 
5 5 5 5 5 5 5 5 5 
5 5 5 5 5 5 5 5 5 
5 5 5 5 5 5 5 5 5 
5 5 5 5 5 5 5 5 5 
5 5 5 5 5 5 5 5 5 
5 5 5 5 5 5 5 5 5 
5 5 5 5 5 5 5 5 5 
5 5 5 5 5 5 5 5 5 
5 5 5 5 5 5 5 5 5 
5 5 5 5 5 5 5 5 5 
5 5 5 5 5 5 5 5 5 
5 5 5 5 5 5 5 5 5 
5 5 5 5 5 5 5 5 5 
5 5 5 5 5 5 5 5 5 
5 5 5 5 5 5 5 5 5 
5 5 5 5 5 5 5 5 5 
5 5 5 5 5 5 5 5 5 
5 5 5 5 5 5 5 5 5 
5 5 5 5 5 5 5 5 5 
5 5 5 5 5 5 5 5 5 
5 5 5 5 5 5 5 5 5 
5 5 5 5 5 5 5 5 5 
5 5 5 5 5 5 5 5 5 
5 5 5 5 5 5 5 5 5 
5 5 5 5 5 5 5 5 5 
5 5 5 5 5 5 5 5 5 
5 5 5 5 5 5 5 5 5 
5 5 5 5 5 5 5 5 5 
5 5 5 5 5 5 5 5 5 
5 5 5 5 5 5 5 5 5 
5 5 5 5 5 5 5 5 5 
5 5 5 5 5 5 5 5 5 
5 5 5 5 5 5 5 5 5 
5 5 5 5 5 5 5 5 5 
5 5 5 5 5 5 5 5 5 
5 5 5 5 5 5 5 5 5 
5 5 5 5 5 5 5 5 5 
5 5 5 5 5 5 5 5 5 
5 5 5 5 5 5 5 5 5 
5 5 5 5 5 5 5 5 5 
5 5 5 5 5 5 5 5 5 
5 5 5 5 5 5 5 5 5 
5 5 5 5 5 5 5 5 5 
5 5 5 5 5 5 5 5 5 
5 5 5 5 5 5 5 5 5 
5 5 5 5 5 5 5 5 5 
5 5 5 5 5 5 5 5 5 
5 5 5 5 5 5 5 5 5 
5 5 5 5 5 5 5 5 5 
5 5 5 5 5 5 5 5 5 
5 5 5 5 5 5 5 5 5 
5 5 5 5 5 5 5 5 5 
5 5 5 5 5 5 5 5 5 
5 5 5 5 5 5 5 5 5 
5 5 5 5 5 5 5 5 5 
5 5 5 5 5 5 5 5 5 
5 5 5 5 5 5 5 5 5 
5 5 5 5 5 5 5 5 5 
5 5 5 5 5 5 5 5 5 
5 5 5 5 5 5 5 5 5 
5 5 5 5 5 5 5 5 5 
5 5 5 5 5 5 5 5 5 
5 5 5 5 5 5 5 5 5 
5 5 5 5 5 5 5 5 5 
5 5 5 5 5 5 5 5 5 
5 5 5 5 5 5 5 5 5 
5 5 5 5 5 5 5 5 5 
5 5 5 5 5 5 5 5 5 
5 5 5 5 5 5 5 5 5 
5 5 5 5 5 5 5 5 5 
5 5 5 5 5 5 5 5 5 
5 5 5 5 5 5 5 5 5 
5 5 5 5 5 5 5 5 5 
5 5 5 5 5 5 5 5 5 
5 5 5 5 5 5 5 5 5 
5 5 5 5 5 5 5 5 5 
5 5 5 5 5 5 5 5 5 
5 5 5 5 5 5 5 5 5 
5 5 5 5 5 5 5 5 5 
5 5 5 5 5 5 5 5 5 
5 5 5 5 5 5 5 5 5 
5 5 5 5 5 5 5 5 5 
5 5 5 5 5 5 5 5 5 
5 5 5 5 5 5 5 5 5 
5 5 5 5 5 5 5 5 5 
5 5 5 5 5 5 5 5 5 
5 5 5 5 5 5 5 5 5 
5 5 5 5 5 5 5 5 5 
5 5 5 5 5 5 5 5 5 
5 5 5 5 5 5 5 5 5 
5 5 5 5 5 5 5 5 5 
5 5 5 5 5 5 5 5 5 
5 5 5 5 5 5 5 5 5 
5 5 5 5 5 5 5 5 5 
5 5 5 5 5 5 5 5 5 
5 5 5 5 5 5 5 5 5 
5 5 5 5 5 5 5 5 5 
5 5 5 5 5 5 5 5 5 
5 5 5 5 5 5 5 5 5 
5 5 5 5 5 5 5 5 5 
5 5 5 5 5 5 5 5 5 
5 5 5 5 5 5 5 5 5 
5 5 5 5 5 5 5 5 5 
5 5 5 5 5 5 5 5 5 
5 5 5 5 5 5 5 5 5 
5 5 5 5 5 5 5 5 5 
5 5 5 5 5 5 5 5 5 
5 5 5 5 5 5 5 5 5 
5 5 5 5 5 5 5 5 5 
5 5 5 5 5 5 5 5 5 
5 5 5 5 5 5 5 5 5 
5 5 5 5 5 5 5 5 5 
5 5 5 5 5 5 5 5 5 
5 5 5 5 5 5 5 5 5 
5 5 5 5 5 5 5 5 5 
5 5 5 5 5 5 5 5 5 
5 5 5 5 5 5 5 5 5 
5 5 5 5 5 5 5 5 5 
5 5 5 5 5 5 5 5 5 
5 5 
i 3 1838 int
0 0 0 0 0 0 0 0 0 
0 0 0 0 0 0 0 0 0 
0 0 0 0 0 0 0 0 0 
0 0 0 0 0 0 0 0 0 
0 0 0 0 0 0 0 0 0 
0 0 0 0 0 0 0 0 0 
0 0 0 0 0 0 0 0 0 
0 0 0 0 0 0 0 0 0 
0 0 0 0 0 0 0 0 0 
0 0 0 0 0 0 0 0 0 
0 0 0 0 0 0 0 0 0 
0 0 0 0 0 0 0 0 0 
0 0 0 0 0 0 0 0 0 
0 0 0 0 0 0 0 0 0 
0 0 0 0 0 0 0 0 0 
0 0 0 0 0 0 0 0 0 
0 0 0 0 0 0 0 0 0 
0 0 0 0 0 0 0 0 0 
0 0 0 0 0 0 0 0 0 
0 0 0 0 0 0 0 0 0 
0 0 0 0 0 0 0 0 0 
0 0 0 0 0 0 0 0 0 
0 0 0 0 0 0 0 0 0 
0 0 0 0 0 0 0 0 0 
0 0 0 0 0 0 0 0 0 
0 0 0 0 0 0 0 0 0 
0 0 0 0 0 0 0 0 0 
0 0 0 0 0 0 0 0 0 
0 0 0 0 0 0 0 0 0 
0 0 0 0 0 0 0 0 0 
0 0 0 0 0 0 0 0 0 
0 0 0 0 0 0 0 0 0 
0 0 0 0 0 0 0 0 0 
0 0 0 0 0 0 0 0 0 
0 0 0 0 0 0 0 0 0 
0 0 0 0 0 0 0 0 0 
0 0 0 0 0 0 0 0 0 
0 0 0 0 0 0 0 0 0 
0 0 0 0 0 0 0 0 0 
0 0 0 0 0 0 0 0 0 
0 0 0 0 0 0 0 0 0 
0 0 0 0 0 0 0 0 0 
0 0 0 0 0 0 0 0 0 
0 0 0 0 0 0 0 0 0 
0 0 0 0 0 0 0 0 0 
0 0 0 0 0 0 0 0 0 
0 0 0 0 0 0 0 0 0 
0 0 0 0 0 0 0 0 0 
0 0 0 0 0 0 0 0 0 
0 0 0 0 0 0 0 0 0 
0 0 0 0 0 0 0 0 0 
0 0 0 0 0 0 0 0 0 
0 0 0 0 0 0 0 0 0 
0 0 0 0 0 0 0 0 0 
0 0 0 0 0 0 0 0 0 
0 0 0 0 0 0 0 0 0 
0 0 0 0 0 0 0 0 0 
0 0 0 0 0 0 0 0 0 
0 0 0 0 0 0 0 0 0 
0 0 0 0 0 0 0 0 0 
0 0 0 0 0 0 0 0 0 
0 0 0 0 0 0 0 0 0 
0 0 0 0 0 0 0 0 0 
0 0 0 0 0 0 0 0 0 
0 0 0 0 0 0 0 0 0 
0 0 0 0 0 0 0 0 0 
0 0 0 0 0 0 0 0 0 
0 0 0 0 0 0 0 0 0 
0 0 0 0 0 0 0 0 0 
0 0 0 0 0 0 0 0 0 
0 0 0 0 0 0 0 0 0 
0 0 0 0 0 0 0 0 0 
0 0 0 0 0 0 0 0 0 
0 0 0 0 0 0 0 0 0 
0 0 0 0 0 0 0 0 0 
0 0 0 0 0 0 0 0 0 
0 0 0 0 0 0 0 0 0 
0 0 0 0 0 0 0 0 0 
0 0 0 0 0 0 0 0 0 
0 0 0 0 0 0 0 0 0 
0 0 0 0 0 0 0 0 0 
0 0 0 0 0 0 0 0 0 
0 0 0 0 0 0 0 0 0 
0 0 0 0 0 0 0 0 0 
0 0 0 0 0 0 0 0 0 
0 0 0 0 0 0 0 0 0 
0 0 0 0 0 0 0 0 0 
0 0 0 0 0 0 0 0 0 
0 0 0 0 0 0 0 0 0 
0 0 0 0 0 0 0 0 0 
0 0 0 0 0 0 0 0 0 
0 0 0 0 0 0 0 0 0 
0 0 0 0 0 0 0 0 0 
0 0 0 0 0 0 0 0 0 
0 0 0 0 0 0 0 0 0 
0 0 0 0 0 0 0 0 0 
0 0 0 0 0 0 0 0 0 
0 0 0 0 0 0 0 0 0 
0 0 0 0 0 0 0 0 0 
0 0 0 0 0 0 0 0 0 
0 0 0 0 0 0 0 0 0 
0 0 0 0 0 0 0 0 0 
0 0 0 0 0 0 0 0 0 
0 0 0 0 0 0 0 0 0 
0 0 0 0 0 0 0 0 0 
0 0 0 0 0 0 0 0 0 
0 0 0 0 0 0 0 0 0 
0 0 0 0 0 0 0 0 0 
0 0 0 0 0 0 0 0 0 
0 0 0 0 0 0 0 0 0 
0 0 0 0 0 0 0 0 0 
0 0 0 0 0 0 0 0 0 
0 0 0 0 0 0 0 0 0 
0 0 0 0 0 0 0 0 0 
0 0 0 0 0 0 0 0 0 
0 0 0 0 0 0 0 0 0 
0 0 0 0 0 0 0 0 0 
0 0 0 0 0 0 0 0 0 
0 0 0 0 0 0 0 0 0 
0 0 0 0 0 0 0 0 0 
0 0 0 0 0 0 0 0 0 
0 0 0 0 0 0 0 0 0 
0 0 0 0 0 0 0 0 0 
0 0 0 0 0 0 0 0 0 
0 0 0 0 0 0 0 0 0 
0 0 0 0 0 0 0 0 0 
0 0 0 0 0 0 0 0 0 
0 0 0 0 0 0 0 0 0 
0 0 0 0 0 0 0 0 0 
0 0 0 0 0 0 0 0 0 
0 0 0 0 0 0 0 0 0 
0 0 0 0 0 0 0 0 0 
0 0 0 0 0 0 0 0 0 
0 0 0 0 0 0 0 0 0 
0 0 0 0 0 0 0 0 0 
0 0 0 0 0 0 0 0 0 
0 0 0 0 0 0 0 0 0 
0 0 0 0 0 0 0 0 0 
0 0 0 0 0 0 0 0 0 
0 0 0 0 0 0 0 0 0 
0 0 0 0 0 0 0 0 0 
0 0 0 0 0 0 0 0 0 
0 0 0 0 0 0 0 0 0 
0 0 0 0 0 0 0 0 0 
0 0 0 0 0 0 0 0 0 
0 0 0 0 0 0 0 0 0 
0 0 0 0 0 0 0 0 0 
0 0 0 0 0 0 0 0 0 
0 0 0 0 0 0 0 0 0 
0 0 0 0 0 0 0 0 0 
0 0 0 0 0 0 0 0 0 
0 0 0 0 0 0 0 0 0 
0 0 0 0 0 0 0 0 0 
0 0 0 0 0 0 0 0 0 
0 0 0 0 0 0 0 0 0 
0 0 0 0 0 0 0 0 0 
0 0 0 0 0 0 0 0 0 
0 0 0 0 0 0 0 0 0 
0 0 0 0 0 0 0 0 0 
0 0 0 0 0 0 0 0 0 
0 0 0 0 0 0 0 0 0 
0 0 0 0 0 0 0 0 0 
0 0 0 0 0 0 0 0 0 
0 0 0 0 0 0 0 0 0 
0 0 0 0 0 0 0 0 0 
0 0 0 0 0 0 0 0 0 
0 0 0 0 0 0 0 0 0 
0 0 0 0 0 0 0 0 0 
0 0 0 0 0 0 0 0 0 
0 0 0 0 0 0 0 0 0 
0 0 0 0 0 0 0 0 0 
0 0 0 0 0 0 0 0 0 
0 0 0 0 0 0 0 0 0 
0 0 0 0 0 0 0 0 0 
0 0 0 0 0 0 0 0 0 
0 0 0 0 0 0 0 0 0 
0 0 0 0 0 0 0 0 0 
0 0 0 0 0 0 0 0 0 
0 0 0 0 0 0 0 0 0 
0 0 0 0 0 0 0 0 0 
0 0 0 0 0 0 0 0 0 
0 0 0 0 0 0 0 0 0 
0 0 0 0 0 0 0 0 0 
0 0 0 0 0 0 0 0 0 
0 0 0 0 0 0 0 0 0 
0 0 0 0 0 0 0 0 0 
0 0 0 0 0 0 0 0 0 
0 0 0 0 0 0 0 0 0 
0 0 0 0 0 0 0 0 0 
0 0 0 0 0 0 0 0 0 
0 0 0 0 0 0 0 0 0 
0 0 0 0 0 0 0 0 0 
0 0 0 0 0 0 0 0 0 
0 0 0 0 0 0 0 0 0 
0 0 0 0 0 0 0 0 0 
0 0 0 0 0 0 0 0 0 
0 0 0 0 0 0 0 0 0 
0 0 0 0 0 0 0 0 0 
0 0 0 0 0 0 0 0 0 
0 0 0 0 0 0 0 0 0 
0 0 0 0 0 0 0 0 0 
0 0 0 0 0 0 0 0 0 
0 0 0 0 0 0 0 0 0 
0 0 0 0 0 0 0 0 0 
0 0 0 0 0 0 0 0 0 
0 0 0 0 0 0 0 0 0 
0 0 0 0 0 0 0 0 0 
0 0 0 0 0 0 0 0 0 
0 0 0 0 0 0 0 0 0 
0 0 0 0 0 0 0 0 0 
0 0 0 0 0 0 0 0 0 
0 0 0 0 0 0 0 0 0 
0 0 0 0 0 0 0 0 0 
0 0 0 0 0 0 0 0 0 
0 0 0 0 0 0 0 0 0 
0 0 0 0 0 0 0 0 0 
0 0 0 0 0 0 0 0 0 
0 0 0 0 0 0 0 0 0 
0 0 0 0 0 0 0 0 0 
0 0 0 0 0 0 0 0 0 
0 0 0 0 0 0 0 0 0 
0 0 0 0 0 0 0 0 0 
0 0 0 0 0 0 0 0 0 
0 0 0 0 0 0 0 0 0 
0 0 0 0 0 0 0 0 0 
0 0 0 0 0 0 0 0 0 
0 0 0 0 0 0 0 0 0 
0 0 0 0 0 0 0 0 0 
0 0 0 0 0 0 0 0 0 
0 0 0 0 0 0 0 0 0 
0 0 0 0 0 0 0 0 0 
0 0 0 0 0 0 0 0 0 
0 0 0 0 0 0 0 0 0 
0 0 0 0 0 0 0 0 0 
0 0 0 0 0 0 0 0 0 
0 0 0 0 0 0 0 0 0 
0 0 0 0 0 0 0 0 0 
0 0 0 0 0 0 0 0 0 
0 0 0 0 0 0 0 0 0 
0 0 0 0 0 0 0 0 0 
0 0 0 0 0 0 0 0 0 
0 0 0 0 0 0 0 0 0 
0 0 0 0 0 0 0 0 0 
0 0 0 0 0 0 0 0 0 
0 0 0 0 0 0 0 0 0 
0 0 0 0 0 0 0 0 0 
0 0 0 0 0 0 0 0 0 
0 0 0 0 0 0 0 0 0 
0 0 0 0 0 0 0 0 0 
0 0 0 0 0 0 0 0 0 
0 0 0 0 0 0 0 0 0 
0 0 0 0 0 0 0 0 0 
0 0 0 0 0 0 0 0 0 
0 0 0 0 0 0 0 0 0 
0 0 0 0 0 0 0 0 0 
0 0 0 0 0 0 0 0 0 
0 0 0 0 0 0 0 0 0 
0 0 0 0 0 0 0 0 0 
0 0 0 0 0 0 0 0 0 
0 0 0 0 0 0 0 0 0 
0 0 0 0 0 0 0 0 0 
0 0 0 0 0 0 0 0 0 
0 0 0 0 0 0 0 0 0 
0 0 0 0 0 0 0 0 0 
0 0 0 0 0 0 0 0 0 
0 0 0 0 0 0 0 0 0 
0 0 0 0 0 0 0 0 0 
0 0 0 0 0 0 0 0 0 
0 0 0 0 0 0 0 0 0 
0 0 0 0 0 0 0 0 0 
0 0 0 0 0 0 0 0 0 
0 0 0 0 0 0 0 0 0 
0 0 0 0 0 0 0 0 0 
0 0 0 0 0 0 0 0 0 
0 0 0 0 0 0 0 0 0 
0 0 0 0 0 0 0 0 0 
0 0 0 0 0 0 0 0 0 
0 0 0 0 0 0 0 0 0 
0 0 0 0 0 0 0 0 0 
0 0 0 0 0 0 0 0 0 
0 0 0 0 0 0 0 0 0 
0 0 0 0 0 0 0 0 0 
0 0 0 0 0 0 0 0 0 
0 0 0 0 0 0 0 0 0 
0 0 0 0 0 0 0 0 0 
0 0 0 0 0 0 0 0 0 
0 0 0 0 0 0 0 0 0 
0 0 0 0 0 0 0 0 0 
0 0 0 0 0 0 0 0 0 
0 0 0 0 0 0 0 0 0 
0 0 0 0 0 0 0 0 0 
0 0 0 0 0 0 0 0 0 
0 0 0 0 0 0 0 0 0 
0 0 0 0 0 0 0 0 0 
0 0 0 0 0 0 0 0 0 
0 0 0 0 0 0 0 0 0 
0 0 0 0 0 0 0 0 0 
0 0 0 0 0 0 0 0 0 
0 0 0 0 0 0 0 0 0 
0 0 0 0 0 0 0 0 0 
0 0 0 0 0 0 0 0 0 
0 0 0 0 0 0 0 0 0 
0 0 0 0 0 0 0 0 0 
0 0 0 0 0 0 0 0 0 
0 0 0 0 0 0 0 0 0 
0 0 0 0 0 0 0 0 0 
0 0 0 0 0 0 0 0 0 
0 0 0 0 0 0 0 0 0 
0 0 0 0 0 0 0 0 0 
0 0 0 0 0 0 0 0 0 
0 0 0 0 0 0 0 0 0 
0 0 0 0 0 0 0 0 0 
0 0 0 0 0 0 0 0 0 
0 0 0 0 0 0 0 0 0 
0 0 0 0 0 0 0 0 0 
0 0 0 0 0 0 0 0 0 
0 0 0 0 0 0 0 0 0 
0 0 0 0 0 0 0 0 0 
0 0 0 0 0 0 0 0 0 
0 0 0 0 0 0 0 0 0 
0 0 0 0 0 0 0 0 0 
0 0 0 0 0 0 0 0 0 
0 0 0 0 0 0 0 0 0 
0 0 0 0 0 0 0 0 0 
0 0 0 0 0 0 0 0 0 
0 0 0 0 0 0 0 0 0 
0 0 0 0 0 0 0 0 0 
0 0 0 0 0 0 0 0 0 
0 0 0 0 0 0 0 0 0 
0 0 0 0 0 0 0 0 0 
0 0 0 0 0 0 0 0 0 
0 0 0 0 0 0 0 0 0 
0 0 0 0 0 0 0 0 0 
0 0 0 0 0 0 0 0 0 
0 0 0 0 0 0 0 0 0 
0 0 0 0 0 0 0 0 0 
0 0 0 0 0 0 0 0 0 
0 0 0 0 0 0 0 0 0 
0 0 0 0 0 0 0 0 0 
0 0 0 0 0 0 0 0 0 
0 0 0 0 0 0 0 0 0 
0 0 0 0 0 0 0 0 0 
0 0 0 0 0 0 0 0 0 
0 0 0 0 0 0 0 0 0 
0 0 0 0 0 0 0 0 0 
0 0 0 0 0 0 0 0 0 
0 0 0 0 0 0 0 0 0 
0 0 0 0 0 0 0 0 0 
0 0 0 0 0 0 0 0 0 
0 0 0 0 0 0 0 0 0 
0 0 0 0 0 0 0 0 0 
0 0 0 0 0 0 0 0 0 
0 0 0 0 0 0 0 0 0 
0 0 0 0 0 0 0 0 0 
0 0 0 0 0 0 0 0 0 
0 0 0 0 0 0 0 0 0 
0 0 0 0 0 0 0 0 0 
0 0 0 0 0 0 0 0 0 
0 0 0 0 0 0 0 0 0 
0 0 0 0 0 0 0 0 0 
0 0 0 0 0 0 0 0 0 
0 0 0 0 0 0 0 0 0 
0 0 0 0 0 0 0 0 0 
0 0 0 0 0 0 0 0 0 
0 0 0 0 0 0 0 0 0 
0 0 0 0 0 0 0 0 0 
0 0 0 0 0 0 0 0 0 
0 0 0 0 0 0 0 0 0 
0 0 0 0 0 0 0 0 0 
0 0 0 0 0 0 0 0 0 
0 0 0 0 0 0 0 0 0 
0 0 0 0 0 0 0 0 0 
0 0 0 0 0 0 0 0 0 
0 0 0 0 0 0 0 0 0 
0 0 0 0 0 0 0 0 0 
0 0 0 0 0 0 0 0 0 
0 0 0 0 0 0 0 0 0 
0 0 0 0 0 0 0 0 0 
0 0 0 0 0 0 0 0 0 
0 0 0 0 0 0 0 0 0 
0 0 0 0 0 0 0 0 0 
0 0 0 0 0 0 0 0 0 
0 0 0 0 0 0 0 0 0 
0 0 0 0 0 0 0 0 0 
0 0 0 0 0 0 0 0 0 
0 0 0 0 0 0 0 0 0 
0 0 0 0 0 0 0 0 0 
0 0 0 0 0 0 0 0 0 
0 0 0 0 0 0 0 0 0 
0 0 0 0 0 0 0 0 0 
0 0 0 0 0 0 0 0 0 
0 0 0 0 0 0 0 0 0 
0 0 0 0 0 0 0 0 0 
0 0 0 0 0 0 0 0 0 
0 0 0 0 0 0 0 0 0 
0 0 0 0 0 0 0 0 0 
0 0 0 0 0 0 0 0 0 
0 0 0 0 0 0 0 0 0 
0 0 0 0 0 0 0 0 0 
0 0 0 0 0 0 0 0 0 
0 0 0 0 0 0 0 0 0 
0 0 0 0 0 0 0 0 0 
0 0 0 0 0 0 0 0 0 
0 0 0 0 0 0 0 0 0 
0 0 0 0 0 0 0 0 0 
0 0 0 0 0 0 0 0 0 
0 0 0 0 0 0 0 0 0 
0 0 0 0 0 0 0 0 0 
0 0 0 0 0 0 0 0 0 
0 0 0 0 0 0 0 0 0 
0 0 0 0 0 0 0 0 0 
0 0 0 0 0 0 0 0 0 
0 0 0 0 0 0 0 0 0 
0 0 0 0 0 0 0 0 0 
0 0 0 0 0 0 0 0 0 
0 0 0 0 0 0 0 0 0 
0 0 0 0 0 0 0 0 0 
0 0 0 0 0 0 0 0 0 
0 0 0 0 0 0 0 0 0 
0 0 0 0 0 0 0 0 0 
0 0 0 0 0 0 0 0 0 
0 0 0 0 0 0 0 0 0 
0 0 0 0 0 0 0 0 0 
0 0 0 0 0 0 0 0 0 
0 0 0 0 0 0 0 0 0 
0 0 0 0 0 0 0 0 0 
0 0 0 0 0 0 0 0 0 
0 0 0 0 0 0 0 0 0 
0 0 0 0 0 0 0 0 0 
0 0 0 0 0 0 0 0 0 
0 0 0 0 0 0 0 0 0 
0 0 0 0 0 0 0 0 0 
0 0 0 0 0 0 0 0 0 
0 0 0 0 0 0 0 0 0 
0 0 0 0 0 0 0 0 0 
0 0 0 0 0 0 0 0 0 
0 0 0 0 0 0 0 0 0 
0 0 0 0 0 0 0 0 0 
0 0 0 0 0 0 0 0 0 
0 0 0 0 0 0 0 0 0 
0 0 0 0 0 0 0 0 0 
0 0 0 0 0 0 0 0 0 
0 0 0 0 0 0 0 0 0 
0 0 0 0 0 0 0 0 0 
0 0 0 0 0 0 0 0 0 
0 0 0 0 0 0 0 0 0 
0 0 0 0 0 0 0 0 0 
0 0 0 0 0 0 0 0 0 
0 0 0 0 0 0 0 0 0 
0 0 0 0 0 0 0 0 0 
0 0 0 0 0 0 0 0 0 
0 0 0 0 0 0 0 0 0 
0 0 0 0 0 0 0 0 0 
0 0 0 0 0 0 0 0 0 
0 0 0 0 0 0 0 0 0 
0 0 0 0 0 0 0 0 0 
0 0 0 0 0 0 0 0 0 
0 0 0 0 0 0 0 0 0 
0 0 0 0 0 0 0 0 0 
0 0 0 0 0 0 0 0 0 
0 0 0 0 0 0 0 0 0 
0 0 0 0 0 0 0 0 0 
0 0 0 0 0 0 0 0 0 
0 0 0 0 0 0 0 0 0 
0 0 0 0 0 0 0 0 0 
0 0 0 0 0 0 0 0 0 
0 0 0 0 0 0 0 0 0 
0 0 0 0 0 0 0 0 0 
0 0 0 0 0 0 0 0 0 
0 0 0 0 0 0 0 0 0 
0 0 0 0 0 0 0 0 0 
0 0 0 0 0 0 0 0 0 
0 0 0 0 0 0 0 0 0 
0 0 0 0 0 0 0 0 0 
0 0 0 0 0 0 0 0 0 
0 0 0 0 0 0 0 0 0 
0 0 0 0 0 0 0 0 0 
0 0 0 0 0 0 0 0 0 
0 0 0 0 0 0 0 0 0 
0 0 0 0 0 0 0 0 0 
0 0 0 0 0 0 0 0 0 
0 0 0 0 0 0 0 0 0 
0 0 0 0 0 0 0 0 0 
0 0 0 0 0 0 0 0 0 
0 0 0 0 0 0 0 0 0 
0 0 0 0 0 0 0 0 0 
0 0 0 0 0 0 0 0 0 
0 0 0 0 0 0 0 0 0 
0 0 0 0 0 0 0 0 0 
0 0 0 0 0 0 0 0 0 
0 0 0 0 0 0 0 0 0 
0 0 0 0 0 0 0 0 0 
0 0 0 0 0 0 0 0 0 
0 0 0 0 0 0 0 0 0 
0 0 0 0 0 0 0 0 0 
0 0 0 0 0 0 0 0 0 
0 0 0 0 0 0 0 0 0 
0 0 0 0 0 0 0 0 0 
0 0 0 0 0 0 0 0 0 
0 0 0 0 0 0 0 0 0 
0 0 0 0 0 0 0 0 0 
0 0 0 0 0 0 0 0 0 
0 0 0 0 0 0 0 0 0 
0 0 0 0 0 0 0 0 0 
0 0 0 0 0 0 0 0 0 
0 0 0 0 0 0 0 0 0 
0 0 0 0 0 0 0 0 0 
0 0 0 0 0 0 0 0 0 
0 0 0 0 0 0 0 0 0 
0 0 0 0 0 0 0 0 0 
0 0 0 0 0 0 0 0 0 
0 0 0 0 0 0 0 0 0 
0 0 0 0 0 0 0 0 0 
0 0 0 0 0 0 0 0 0 
0 0 0 0 0 0 0 0 0 
0 0 0 0 0 0 0 0 0 
0 0 0 0 0 0 0 0 0 
0 0 0 0 0 0 0 0 0 
0 0 0 0 0 0 0 0 0 
0 0 0 0 0 0 0 0 0 
0 0 0 0 0 0 0 0 0 
0 0 0 0 0 0 0 0 0 
0 0 0 0 0 0 0 0 0 
0 0 0 0 0 0 0 0 0 
0 0 0 0 0 0 0 0 0 
0 0 0 0 0 0 0 0 0 
0 0 0 0 0 0 0 0 0 
0 0 0 0 0 0 0 0 0 
0 0 0 0 0 0 0 0 0 
0 0 0 0 0 0 0 0 0 
0 0 0 0 0 0 0 0 0 
0 0 0 0 0 0 0 0 0 
0 0 0 0 0 0 0 0 0 
0 0 0 0 0 0 0 0 0 
0 0 0 0 0 0 0 0 0 
0 0 0 0 0 0 0 0 0 
0 0 0 0 0 0 0 0 0 
0 0 0 0 0 0 0 0 0 
0 0 0 0 0 0 0 0 0 
0 0 0 0 0 0 0 0 0 
0 0 0 0 0 0 0 0 0 
0 0 0 0 0 0 0 0 0 
0 0 0 0 0 0 0 0 0 
0 0 0 0 0 0 0 0 0 
0 0 0 0 0 0 0 0 0 
0 0 0 0 0 0 0 0 0 
0 0 0 0 0 0 0 0 0 
0 0 0 0 0 0 0 0 0 
0 0 0 0 0 0 0 0 0 
0 0 0 0 0 0 0 0 0 
0 0 0 0 0 0 0 0 0 
0 0 0 0 0 0 0 0 0 
0 0 0 0 0 0 0 0 0 
0 0 0 0 0 0 0 0 0 
0 0 0 0 0 0 0 0 0 
0 0 0 0 0 0 0 0 0 
0 0 0 0 0 0 0 0 0 
0 0 0 0 0 0 0 0 0 
0 0 0 0 0 0 0 0 0 
0 0 0 0 0 0 0 0 0 
0 0 0 0 0 0 0 0 0 
0 0 0 0 0 0 0 0 0 
0 0 0 0 0 0 0 0 0 
0 0 0 0 0 0 0 0 0 
0 0 0 0 0 0 0 0 0 
0 0 0 0 0 0 0 0 0 
0 0 0 0 0 0 0 0 0 
0 0 0 0 0 0 0 0 0 
0 0 0 0 0 0 0 0 0 
0 0 0 0 0 0 0 0 0 
0 0 0 0 0 0 0 0 0 
0 0 0 0 0 0 0 0 0 
0 0 0 0 0 0 0 0 0 
0 0 0 0 0 0 0 0 0 
0 0 0 0 0 0 0 0 0 
0 0 0 0 0 0 0 0 0 
0 0 0 0 0 0 0 0 0 
0 0 0 0 0 0 0 0 0 
0 0 0 0 0 0 0 0 0 
0 0 0 0 0 0 0 0 0 
0 0 0 0 0 0 0 0 0 
0 0 0 0 0 0 0 0 0 
0 0 0 0 0 0 0 0 0 
0 0 0 0 0 0 0 0 0 
0 0 0 0 0 0 0 0 0 
0 0 0 0 0 0 0 0 0 
0 0 0 0 0 0 0 0 0 
0 0 0 0 0 0 0 0 0 
0 0 0 0 0 0 0 0 0 
0 0 0 0 0 0 0 0 0 
0 0 0 0 0 0 0 0 0 
0 0 0 0 0 0 0 0 0 
0 0 0 0 0 0 0 0 0 
0 0 0 0 0 0 0 0 0 
0 0 0 0 0 0 0 0 0 
0 0 0 0 0 0 0 0 0 
0 0 0 0 0 0 0 0 0 
0 0 0 0 0 0 0 0 0 
0 0 0 0 0 0 0 0 0 
0 0 0 0 0 0 0 0 0 
0 0 0 0 0 0 0 0 0 
0 0 0 0 0 0 0 0 0 
0 0 0 0 0 0 0 0 0 
0 0 0 0 0 0 0 0 0 
0 0 0 0 0 0 0 0 0 
0 0 0 0 0 0 0 0 0 
0 0 0 0 0 0 0 0 0 
0 0 0 0 0 0 0 0 0 
0 0 0 0 0 0 0 0 0 
0 0 0 0 0 0 0 0 0 
0 0 0 0 0 0 0 0 0 
0 0 0 0 0 0 0 0 0 
0 0 0 0 0 0 
v 3 1838 double
0 0 3.2413285931e-14 0 0 3.2413289883e-14 0 0 -6.3625037538e-14 
0 0 -1.5605880046e-14 0 0 3.2413289946e-14 0 0 3.2413285929e-14 
0 0 8.0432447451e-14 0 0 3.2413290076e-14 0 0 3.2413289856e-14 
0 0 0.01818251057 0 0 -6.3625041548e-14 0 0 3.2413289922e-14 
0 0 8.0432447445e-14 0 0 8.0432443553e-14 0 0 8.0432447453e-14 
0 0 -6.3625037742e-14 0 0 8.0432447407e-14 0 0 3.2413290034e-14 
0 0 0.0080709531945 0 0 3.2413289901e-14 0 0 8.0432447423e-14 
0 0 8.0432443483e-14 0 0 8.0432443462e-14 0 0 -6.3625037644e-14 
0 0 8.0432443484e-14 0 0 -1.5605880116e-14 0 0 8.0432443502e-14 
0 0 3.2413286069e-14 0 0 -6.3625037552e-14 0 0 -1.5605880184e-14 
0 0 3.2413289858e-14 0 0 -0.00089423755187 0 0 -1.5605880166e-14 
0 0 -1.5605879983e-14 0 0 8.0432447366e-14 0 0 3.2413289876e-14 
0 0 8.0432443586e-14 0 0 -1.5605880071e-14 0 0 8.0432443653e-14 
0 0 8.0432443501e-14 0 0 8.0432447523e-14 0 0 -6.3625037556e-14 
0 0 8.0432443558e-14 0 0 3.241328596e-14 0 0 3.2413290029e-14 
0 0 0.0039553991712 0 0 -6.3625037535e-14 0 0 8.0432443647e-14 
0 0 3.2413286072e-14 0 0 3.2413289944e-14 0 0 -6.3625041602e-14 
0 0 3.2413289992e-14 0 0 3.2413286006e-14 0 0 -1.5605880146e-14 
0 0 -1.5605879955e-14 0 0 8.0432443574e-14 0 0 8.0432447447e-14 
0 0 -1.5605879966e-14 0 0 3.241329004e-14 0 0 3.241328992e-14 
0 0 3.2413290075e-14 0 0 3.2413290065e-14 0 0 3.2413290073e-14 
0 0 3.2413286102e-14 0 0 -1.5605880187e-14 0 0 -1.5605880177e-14 
0 0 -1.5605880175e-14 0 0 -1.5605880053e-14 0 0 -6.3625037656e-14 
0 0 -1.5605880188e-14 0 0 8.0432447578e-14 0 0 -6.3625037542e-14 
0 0 -1.560588001e-14 0 0 8.0432443439e-14 0 0 3.2413289871e-14 
0 0 8.0432447571e-14 0 0 -1.560588394e-14 0 0 -6.3625041662e-14 
0 0 -1.560588008e-14 0 0 8.0432447406e-14 0 0 8.043244362e-14 
0 0 0.00045798228231 0 0 8.0432447536e-14 0 0 3.241329003e-14 
0 0 8.043244348e-14 0 0 3.241329004e-14 0 0 3.2413289948e-14 
0 0 3.2413290061e-14 0 0 -6.3625037699e-14 0 0 -1.5605880035e-14 
0 0 8.0432443556e-14 0 0 8.0432447391e-14 0 0 2.380718036e-14 
0 0 8.0432443566e-14 0 0 -0.0050030737496 0 0 -6.3625037751e-14 
0 0 3.2413289938e-14 0 0 -6.362504164e-14 0 0 8.0432447378e-14 
0 0 -1.5605880175e-14 0 0 8.0432447469e-14 0 0 3.2413289892e-14 
0 0 8.0432443568e-14 0 0 -6.3625037667e-14 0 0 -6.3625037735e-14 
0 0 -1.5605880029e-14 0 0 3.2413290009e-14 0 0 3.2413290012e-14 
0 0 8.0432447387e-14 0 0 0.00042757812487 0 0 3.2413289907e-14 
0 0 8.0432447589e-14 0 0 -6.3625037657e-14 0 0 8.0432443464e-14 
0 0 -6.3625037706e-14 0 0 -0.0056561026314 0 0 8.043244351e-14 
0 0 -0.0042973315717 0 0 3.2413286112e-14 0 0 2.3807180484e-14 
0 0 3.2413290006e-14 0 0 3.2413289856e-14 0 0 3.241328614e-14 
0 0 8.0432447413e-14 0 0 0.010639398942 0 0 -6.3625037691e-14 
0 0 8.0432443659e-14 0 0 8.0432447504e-14 0 0 8.0432443435e-14 
0 0 3.2413289933e-14 0 0 3.2413285961e-14 0 0 -1.5605880164e-14 
0 0 -6.3625037658e-14 0 0 -6.362503768e-14 0 0 8.0432447389e-14 
0 0 -1.5605880115e-14 0 0 -6.3625037641e-14 0 0 -6.3625041621e-14 
0 0 8.0432447527e-14 0 0 3.1907160737e-05 0 0 8.0432447432e-14 
0 0 -1.5605880109e-14 0 0 3.2413290071e-14 0 0 0.023392722001 
0 0 0.0084870437586 0 0 8.0432447405e-14 0 0 3.2413289981e-14 
0 0 8.0432443634e-14 0 0 -1.5605879974e-14 0 0 3.2413289921e-14 
0 0 -1.5605879988e-14 0 0 -6.3625037651e-14 0 0 3.241328999e-14 
0 0 -6.362503768e-14 0 0 3.2413289859e-14 0 0 8.043244354e-14 
0 0 -0.00047835396186 0 0 -1.5605880089e-14 0 0 -6.3625037676e-14 
0 0 8.0432447426e-14 0 0 -1.5605880079e-14 0 0 3.2413289861e-14 
0 0 -1.560588018e-14 0 0 -6.362503768e-14 0 0 8.0432443599e-14 
0 0 -1.5605879998e-14 0 0 -1.5605880035e-14 0 0 8.0432443456e-14 
0 0 -1.5605880009e-14 0 0 8.0432443508e-14 0 0 -6.3625037595e-14 
0 0 0.040014214625 0 0 3.2413289963e-14 0 0 8.0432443578e-14 
0 0 8.0432443441e-14 0 0 -1.5605880132e-14 0 0 -0.00029147625383 
0 0 3.2413290005e-14 0 0 -1.5605879989e-14 0 0 -6.3625037548e-14 
0 0 3.2413289936e-14 0 0 3.2413286097e-14 0 0 3.2413289993e-14 
0 0 3.2413286103e-14 0 0 3.2413289869e-14 0 0 8.0432447375e-14 
0 0 8.0432447378e-14 0 0 8.0432443553e-14 0 0 -1.5605880013e-14 
0 0 3.2413289842e-14 0 0 8.0432447562e-14 0 0 8.0432447456e-14 
0 0 8.0432443617e-14 0 0 3.2413289871e-14 0 0 -6.3625041627e-14 
0 0 8.0432447444e-14 0 0 8.0432447374e-14 0 0 -6.3625037551e-14 
0 0 0.013227476558 0 0 -1.5605880007e-14 0 0 8.0432443571e-14 
0 0 3.241328991e-14 0 0 -6.3625037546e-14 0 0 8.043244366e-14 
0 0 -6.3625037523e-14 0 0 3.2413286155e-14 0 0 3.2413289957e-14 
0 0 -1.5605880133e-14 0 0 -1.5605880127e-14 0 0 -1.5605879964e-14 
0 0 -1.5605880071e-14 0 0 0.0072978851056 0 0 -6.3625041469e-14 
0 0 8.0432443478e-14 0 0 -6.3625041551e-14 0 0 6.3969433919e-14 
0 0 -6.3625041555e-14 0 0 8.0432443486e-14 0 0 3.2413289951e-14 
0 0 0.0063828971174 0 0 3.2413290023e-14 0 0 -6.3625037729e-14 
0 0 8.043244346e-14 0 0 0.0012840332183 0 0 8.0432443547e-14 
0 0 0.0050380279328 0 0 6.396943398e-14 0 0 -0.021785292265 
0 0 3.2413289948e-14 0 0 8.0432443472e-14 0 0 3.2413289933e-14 
0 0 3.2413289879e-14 0 0 3.2413289993e-14 0 0 8.0432447411e-14 
0 0 3.241328986e-14 0 0 0.0036634082142 0 0 8.0432447466e-14 
0 0 -1.5605879967e-14 0 0 8.0432443515e-14 0 0 3.2413289997e-14 
0 0 8.0432443474e-14 0 0 -1.560587999e-14 0 0 8.0432447535e-14 
0 0 0.0054261082708 0 0 3.2413290061e-14 0 0 8.0432447569e-14 
0 0 3.2413289861e-14 0 0 3.2413289908e-14 0 0 -6.3625037717e-14 
0 0 -6.3625037684e-14 0 0 3.7260695781e-15 0 0 8.0432443602e-14 
0 0 -6.3625037603e-14 0 0 3.2413289991e-14 0 0 -0.013914632743 
0 0 8.4050544615e-14 0 0 -1.5605880012e-14 0 0 -1.5605880027e-14 
0 0 -1.5605880001e-14 0 0 8.0432447417e-14 0 0 -1.5605883972e-14 
0 0 8.0432443515e-14 0 0 3.2413285982e-14 0 0 8.043244364e-14 
0 0 -0.0080303172253 0 0 -0.0069482717689 0 0 -1.5605880165e-14 
0 0 8.043244362e-14 0 0 8.0432447427e-14 0 0 -1.5605880121e-14 
0 0 8.0432447573e-14 0 0 8.0432443539e-14 0 0 2.3807180391e-14 
0 0 -1.5605880012e-14 0 0 -6.3625037556e-14 0 0 3.2413289846e-14 
0 0 0.014334664434 0 0 -1.5605880018e-14 0 0 8.0432443644e-14 
0 0 -1.5605880028e-14 0 0 -6.3625037734e-14 0 0 -6.3625037758e-14 
0 0 -1.5605880115e-14 0 0 8.0432443443e-14 0 0 8.0432443475e-14 
0 0 8.0432443608e-14 0 0 -1.5605880127e-14 0 0 -1.5605880014e-14 
0 0 8.0432447469e-14 0 0 8.0432443463e-14 0 0 -1.5605880012e-14 
0 0 -1.5605880097e-14 0 0 8.0432443597e-14 0 0 -1.5605880138e-14 
0 0 -6.3625037572e-14 0 0 3.2413286008e-14 0 0 3.2413289914e-14 
0 0 8.0432443577e-14 0 0 -1.35980534e-14 0 0 -1.5605880051e-14 
0 0 3.2413290042e-14 0 0 -6.3625037715e-14 0 0 -6.3625041613e-14 
0 0 8.0432447396e-14 0 0 8.0432447404e-14 0 0 -1.560588404e-14 
0 0 -1.5605880059e-14 0 0 -0.0045444933177 0 0 8.0432443503e-14 
0 0 3.2413289963e-14 0 0 3.24132899e-14 0 0 -1.5605880073e-14 
0 0 3.2413290015e-14 0 0 3.2413289968e-14 0 0 -6.3625041604e-14 
0 0 8.0432443482e-14 0 0 -6.3625041444e-14 0 0 8.0432443528e-14 
0 0 3.2413289948e-14 0 0 -1.5605880048e-14 0 0 -0.004072816014 
0 0 3.2413289993e-14 0 0 8.0432447461e-14 0 0 -6.3625037571e-14 
0 0 -1.5605879994e-14 0 0 -6.3625037594e-14 0 0 3.2413290066e-14 
0 0 8.0432443667e-14 0 0 8.0432447426e-14 0 0 -0.029652838855 
0 0 8.0432443491e-14 0 0 8.0432443537e-14 0 0 8.0432447581e-14 
0 0 8.0432443641e-14 0 0 8.0432443594e-14 0 0 8.0432447439e-14 
0 0 3.2413290052e-14 0 0 8.0432443498e-14 0 0 3.2413285952e-14 
0 0 0.0020427572546 0 0 3.2413290046e-14 0 0 -1.5605880141e-14 
0 0 8.0432443535e-14 0 0 8.0432447553e-14 0 0 8.0432443665e-14 
0 0 8.0432447559e-14 0 0 3.2413289844e-14 0 0 -6.3625041574e-14 
0 0 8.0432447454e-14 0 0 3.2413289945e-14 0 0 -6.3625037692e-14 
0 0 8.0432447373e-14 0 0 -6.362503753e-14 0 0 -6.362503754e-14 
0 0 3.2413290029e-14 0 0 3.2413289885e-14 0 0 8.0432447581e-14 
0 0 -1.5605880048e-14 0 0 0.013494857586 0 0 8.0432447496e-14 
0 0 -1.5605880138e-14 0 0 -6.3625037706e-14 0 0 8.0432447358e-14 
0 0 0.00041411155578 0 0 3.2413285933e-14 0 0 3.2413290026e-14 
0 0 -1.5605880065e-14 0 0 8.0432447584e-14 0 0 -0.018908542799 
0 0 8.0432443639e-14 0 0 3.241329003e-14 0 0 3.2413289894e-14 
0 0 3.2413286133e-14 0 0 -1.5605880057e-14 0 0 3.241329006e-14 
0 0 3.241328603e-14 0 0 3.2413286034e-14 0 0 3.2413290022e-14 
0 0 -1.5605880171e-14 0 0 -1.5605880163e-14 0 0 -1.5605884023e-14 
0 0 -6.3625037655e-14 0 0 3.2413290079e-14 0 0 0.0028815780389 
0 0 8.0432443489e-14 0 0 8.0432447365e-14 0 0 3.2413290005e-14 
0 0 8.0432443454e-14 0 0 3.2413290001e-14 0 0 8.0432443515e-14 
0 0 8.0432443624e-14 0 0 8.0432443578e-14 0 0 -1.5605880142e-14 
0 0 3.2413289941e-14 0 0 3.2413289953e-14 0 0 8.0432447533e-14 
0 0 8.0432443443e-14 0 0 3.2413285951e-14 0 0 3.2413289924e-14 
0 0 -1.5605884107e-14 0 0 3.2413290037e-14 0 0 8.0432443621e-14 
0 0 3.2413285932e-14 0 0 8.0432447567e-14 0 0 8.0432447588e-14 
0 0 8.043244739e-14 0 0 8.0432443526e-14 0 0 -1.5605879986e-14 
0 0 8.0432447381e-14 0 0 3.2413289936e-14 0 0 -1.5605880068e-14 
0 0 -6.3625037589e-14 0 0 3.2413289855e-14 0 0 3.2413289923e-14 
0 0 8.0432443646e-14 0 0 8.0432447503e-14 0 0 -6.362503774e-14 
0 0 -0.027025982818 0 0 8.0432447384e-14 0 0 3.2413289875e-14 
0 0 -1.5605880148e-14 0 0 8.0432447494e-14 0 0 3.2413290079e-14 
0 0 -1.5605879956e-14 0 0 8.0432443436e-14 0 0 0.012091757716 
0 0 8.0432447496e-14 0 0 8.043244366e-14 0 0 3.2413289997e-14 
0 0 8.0432443452e-14 0 0 8.0432443654e-14 0 0 8.0432447583e-14 
0 0 3.2413289899e-14 0 0 8.0432443467e-14 0 0 7.6917201241e-07 
0 0 -1.5605879987e-14 0 0 8.0432443436e-14 0 0 3.2413290025e-14 
0 0 8.0432443666e-14 0 0 3.2413290061e-14 0 0 -1.5605880095e-14 
0 0 8.0432447543e-14 0 0 0.009819640229 0 0 8.0432447472e-14 
0 0 8.0432443564e-14 0 0 3.2413285938e-14 0 0 8.0432447477e-14 
0 0 -1.5605883967e-14 0 0 -6.3625041549e-14 0 0 3.2413290024e-14 
0 0 8.0432447518e-14 0 0 8.043244349e-14 0 0 -6.3625037654e-14 
0 0 3.2413289877e-14 0 0 -1.5605880059e-14 0 0 8.0432447524e-14 
0 0 8.0432447502e-14 0 0 8.0432447466e-14 0 0 -1.5605880017e-14 
0 0 8.0432443459e-14 0 0 -6.3625037706e-14 0 0 3.2413289921e-14 
0 0 3.2413289967e-14 0 0 -6.3625037647e-14 0 0 -1.5605880135e-14 
0 0 3.2413286037e-14 0 0 -6.3625037633e-14 0 0 8.0432447382e-14 
0 0 -0.0026835960489 0 0 2.3807180375e-14 0 0 8.0432447577e-14 
0 0 6.3969434033e-14 0 0 8.0432447366e-14 0 0 8.0432447499e-14 
0 0 -1.5605880188e-14 0 0 8.0432443669e-14 0 0 3.2413289937e-14 
0 0 3.2413290012e-14 0 0 8.0432447571e-14 0 0 4.3888323211e-14 
0 0 3.2413286009e-14 0 0 3.2413289873e-14 0 0 -6.3625037569e-14 
0 0 -0.0076074816648 0 0 3.2413289963e-14 0 0 3.2413290003e-14 
0 0 3.2413289974e-14 0 0 8.0432443661e-14 0 0 3.241329005e-14 
0 0 8.0432447478e-14 0 0 8.0432447579e-14 0 0 8.0432443667e-14 
0 0 3.2413289872e-14 0 0 3.2413290042e-14 0 0 -1.5605880169e-14 
0 0 8.0432447486e-14 0 0 3.2413289974e-14 0 0 -0.004766604002 
0 0 8.0432443539e-14 0 0 3.2413290049e-14 0 0 -6.3625037625e-14 
0 0 8.0432447534e-14 0 0 -0.0098441679953 0 0 0.0015699484333 
0 0 8.0432443664e-14 0 0 8.0432447509e-14 0 0 3.2413290066e-14 
0 0 -6.3625037602e-14 0 0 3.2413285974e-14 0 0 3.2413289863e-14 
0 0 8.0432447491e-14 0 0 -6.3625037672e-14 0 0 0.0073315509803 
0 0 -1.5605880153e-14 0 0 -1.5605880032e-14 0 0 -0.033746311422 
0 0 8.0432447369e-14 0 0 8.0432443595e-14 0 0 8.0432447474e-14 
0 0 3.2413289972e-14 0 0 8.0432447568e-14 0 0 -6.3625037731e-14 
0 0 8.0432447354e-14 0 0 -6.362503761e-14 0 0 -6.362503753e-14 
0 0 3.2413289938e-14 0 0 -6.3625037557e-14 0 0 -1.5605880104e-14 
0 0 -0.0086538877034 0 0 8.043244754e-14 0 0 8.0432443508e-14 
0 0 -6.3625037552e-14 0 0 -1.5605880191e-14 0 0 8.0432447463e-14 
0 0 -0.0090494092543 0 0 -0.0036681107487 0 0 -1.5605879989e-14 
0 0 3.2413285921e-14 0 0 8.0432447428e-14 0 0 0.0057885228043 
0 0 8.0432447539e-14 0 0 8.0432447538e-14 0 0 -6.36250376e-14 
0 0 8.0432443667e-14 0 0 3.2413289951e-14 0 0 8.0432447431e-14 
0 0 3.2413289871e-14 0 0 3.2413289918e-14 0 0 8.0432443615e-14 
0 0 -1.5605880077e-14 0 0 -1.5605880034e-14 0 0 3.2413289953e-14 
0 0 -6.3625037658e-14 0 0 8.0432443615e-14 0 0 3.2413286033e-14 
0 0 8.0432447549e-14 0 0 -6.3625037636e-14 0 0 8.0432447367e-14 
0 0 3.2413285923e-14 0 0 8.0432447452e-14 0 0 -6.3625037573e-14 
0 0 -1.5605880156e-14 0 0 0.001446695185 0 0 8.0432447546e-14 
0 0 3.2413289965e-14 0 0 -1.560588015e-14 0 0 0.013690823775 
0 0 8.0432447525e-14 0 0 8.04324474e-14 0 0 8.0432443473e-14 
0 0 0.003648462787 0 0 8.0432443557e-14 0 0 8.0432443442e-14 
0 0 3.241328594e-14 0 0 -1.5605880037e-14 0 0 -1.5605879989e-14 
0 0 8.0432443544e-14 0 0 0.0030831584965 0 0 3.2413290002e-14 
0 0 8.0432443535e-14 0 0 -6.3625041594e-14 0 0 -1.5605880127e-14 
0 0 3.2413289962e-14 0 0 -6.3625041556e-14 0 0 -1.5605880188e-14 
0 0 -1.560588017e-14 0 0 0.0082294406739 0 0 -1.5605880191e-14 
0 0 0.0063131491334 0 0 3.2413285919e-14 0 0 8.0432447378e-14 
0 0 8.0432447416e-14 0 0 -0.025264251691 0 0 -0.080395186853 
0 0 -0.032193918086 0 0 0.09516145758 0 0 -0.075517633205 
0 0 -0.091433580959 0 0 0.0019496213469 0 0 -0.0082095800733 
0 0 -0.085139912354 0 0 0.0090166435064 0 0 0.0080987047174 
0 0 -0.013413438702 0 0 0.029718290413 0 0 0.0062437578409 
0 0 -0.026824604507 0 0 0.047716086151 0 0 0.00727270648 
0 0 -0.018788072496 0 0 0.033857914052 0 0 -0.082011220809 
0 0 -0.016380919717 0 0 0.028875910249 0 0 0.025816140834 
0 0 -0.027762594932 0 0 -0.022992573643 0 0 0.0033543227588 
0 0 -0.065969157805 0 0 0.038611551966 0 0 -0.090037175097 
0 0 -0.0070913111923 0 0 -0.030774326794 0 0 -0.028284853858 
0 0 0.020958051798 0 0 0.024625234709 0 0 -0.062771342326 
0 0 -0.050627015904 0 0 0.0078187482094 0 0 -0.029617655841 
0 0 -0.031173045771 0 0 0.031597941734 0 0 0.0088080716004 
0 0 -0.023659409512 0 0 0.0054283512078 0 0 -0.01975585274 
0 0 -0.029181953184 0 0 0.0029669610274 0 0 0.06173982977 
0 0 -0.037257199992 0 0 -0.058131565389 0 0 0.01217698833 
0 0 0.0037705990942 0 0 0.0045339077559 0 0 -0.022280213534 
0 0 0.0085967929364 0 0 -0.026816977187 0 0 0.032610739341 
0 0 0 0 0 0 0 0 0 
0 0 0 0 0 0 0 0 0 
0 0 0 0 0 0 0 0 0 
0 0 0 0 0 0 0 0 0 
0 0 0 0 0 0 0 0 0 
0 0 0 0 0 0 0 0 0 
0 0 0 0 0 0 0 0 0 
0 0 0 0 0 0 0 0 0 
0 0 0 0 0 0 0 0 0 
0 0 0 0 0 0 0 0 0 
0 0 0 0 0 0 0 0 0 
0 0 0 0 0 0 0 0 0 
0 0 0 0 0 0 0 0 0 
0 0 0 0 0 0 0 0 0 
0 0 0 0 0 0 0 0 0 
0 0 0 0 0 0 0 0 0 
0 0 0 0 0 0 0 0 0 
0 0 0 0 0 0 0 0 0 
0 0 0 0 0 0 0 0 0 
0 0 0 0 0 0 0 0 0 
0 0 0 0 0 0 0 0 0 
0 0 0 0 0 0 0 0 0 
0 0 0 0 0 0 0 0 0 
0 0 0 0 0 0 0 0 0 
0 0 0 0 0 0 0 0 0 
0 0 0 0 0 0 0 0 0 
0 0 0 0 0 0 0 0 0 
0 0 0 0 0 0 0 0 0 
0 0 0 0 0 0 0 0 0 
0 0 0 0 0 0 0 0 0 
0 0 0 0 0 0 0 0 0 
0 0 0 0 0 0 0 0 0 
0 0 0 0 0 0 0 0 0 
0 0 0 0 0 0 0 0 0 
0 0 0 0 0 0 0 0 0 
0 0 0 0 0 0 0 0 0 
0 0 0 0 0 0 0 0 0 
0 0 0 0 0 0 0 0 0 
0 0 0 0 0 0 0 0 0 
0 0 0 0 0 0 0 0 0 
0 0 0 0 0 0 0 0 0 
0 0 0 0 0 0 0 0 0 
0 0 0 0 0 0 0 0 0 
0 0 0 0 0 0 0 0 0 
0 0 0 0 0 0 0 0 0 
0 0 0 0 0 0 0 0 0 
0 0 0 0 0 0 0 0 0 
0 0 0 0 0 0 0 0 0 
0 0 0 0 0 0 0 0 0 
0 0 0 0 0 0 0 0 0 
0 0 0 0 0 0 0 0 0 
0 0 0 0 0 0 0 0 0 
0 0 0 0 0 0 0 0 0 
0 0 0 0 0 0 0 0 0 
0 0 0 0 0 0 0 0 0 
0 0 0 0 0 0 0 0 0 
0 0 0 0 0 0 0 0 0 
0 0 0 0 0 0 0 0 0 
0 0 0 0 0 0 0 0 0 
0 0 0 0 0 0 0 0 0 
0 0 0 0 0 0 0 0 0 
0 0 0 0 0 0 0 0 0 
0 0 0 0 0 0 0 0 0 
0 0 0 0 0 0 0 0 0 
0 0 0 0 0 0 0 0 0 
0 0 0 0 0 0 0 0 0 
0 0 0 0 0 0 0 0 0 
0 0 0 0 0 0 0 0 0 
0 0 0 0 0 0 0 0 0 
0 0 0 0 0 0 0 0 0 
0 0 0 0 0 0 0 0 0 
0 0 0 0 0 0 0 0 0 
0 0 0 0 0 0 0 0 0 
0 0 0 0 0 0 0 0 0 
0 0 0 0 0 0 0 0 0 
0 0 0 0 0 0 0 0 0 
0 0 0 0 0 0 0 0 0 
0 0 0 0 0 0 0 0 0 
0 0 0 0 0 0 0 0 0 
0 0 0 0 0 0 0 0 0 
0 0 0 0 0 0 0 0 0 
0 0 0 0 0 0 0 0 0 
0 0 0 0 0 0 0 0 0 
0 0 0 0 0 0 0 0 0 
0 0 0 0 0 0 0 0 0 
0 0 0 0 0 0 0 0 0 
0 0 0 0 0 0 0 0 0 
0 0 0 0 0 0 0 0 0 
0 0 0 0 0 0 0 0 0 
0 0 0 0 0 0 0 0 0 
0 0 0 0 0 0 0 0 0 
0 0 0 0 0 0 0 0 0 
0 0 0 0 0 0 0 0 0 
0 0 0 0 0 0 0 0 0 
0 0 0 0 0 0 0 0 0 
0 0 0 0 0 0 0 0 0 
0 0 0 0 0 0 0 0 0 
0 0 0 0 0 0 0 0 0 
0 0 0 0 0 0 0 0 0 
0 0 0 0 0 0 0 0 0 
0 0 0 0 0 0 0 0 0 
0 0 0 0 0 0 0 0 0 
0 0 0 0 0 0 0 0 0 
0 0 0 0 0 0 0 0 0 
0 0 0 0 0 0 0 0 0 
0 0 0 0 0 0 0 0 0 
0 0 0 0 0 0 0 0 0 
0 0 0 0 0 0 0 0 0 
0 0 0 0 0 0 0 0 0 
0 0 0 0 0 0 0 0 0 
0 0 0 0 0 0 0 0 0 
0 0 0 0 0 0 0 0 0 
0 0 0 0 0 0 0 0 0 
0 0 0 0 0 0 0 0 0 
0 0 0 0 0 0 0 0 0 
0 0 0 0 0 0 0 0 0 
0 0 0 0 0 0 0 0 0 
0 0 0 0 0 0 0 0 0 
0 0 0 0 0 0 0 0 0 
0 0 0 0 0 0 0 0 0 
0 0 0 0 0 0 0 0 0 
0 0 0 0 0 0 0 0 0 
0 0 0 0 0 0 0 0 0 
0 0 0 0 0 0 0 0 0 
0 0 0 0 0 0 0 0 0 
0 0 0 0 0 0 0 0 0 
0 0 0 0 0 0 0 0 0 
0 0 0 0 0 0 0 0 0 
0 0 0 0 0 0 0 0 0 
0 0 0 0 0 0 0 0 0 
0 0 0 0 0 0 0 0 0 
0 0 0 0 0 0 0 0 0 
0 0 0 0 0 0 0 0 0 
0 0 0 0 0 0 0 0 0 
0 0 0 0 0 0 0 0 0 
0 0 0 0 0 0 0 0 0 
0 0 0 0 0 0 0 0 0 
0 0 0 0 0 0 0 0 0 
0 0 0 0 0 0 0 0 0 
0 0 0 0 0 0 0 0 0 
0 0 0 0 0 0 0 0 0 
0 0 0 0 0 0 0 0 0 
0 0 0 0 0 0 0 0 0 
0 0 0 0 0 0 0 0 0 
0 0 0 0 0 0 0 0 0 
0 0 0 0 0 0 0 0 0 
0 0 0 0 0 0 0 0 0 
0 0 0 0 0 0 0 0 0 
0 0 0 0 0 0 0 0 0 
0 0 0 0 0 0 0 0 0 
0 0 0 0 0 0 0 0 0 
0 0 0 0 0 0 0 0 0 
0 0 0 0 0 0 0 0 0 
0 0 0 0 0 0 0 0 0 
0 0 0 0 0 0 0 0 0 
0 0 0 0 0 0 0 0 0 
0 0 0 0 0 0 0 0 0 
0 0 0 0 0 0 0 0 0 
0 0 0 0 0 0 0 0 0 
0 0 0 0 0 0 0 0 0 
0 0 0 0 0 0 0 0 0 
0 0 0 0 0 0 0 0 0 
0 0 0 0 0 0 0 0 0 
0 0 0 0 0 0 0 0 0 
0 0 0 0 0 0 0 0 0 
0 0 0 0 0 0 0 0 0 
0 0 0 0 0 0 0 0 0 
0 0 0 0 0 0 0 0 0 
0 0 0 0 0 0 0 0 0 
0 0 0 0 0 0 0 0 0 
0 0 0 0 0 0 0 0 0 
0 0 0 0 0 0 0 0 0 
0 0 0 0 0 0 0 0 0 
0 0 0 0 0 0 0 0 0 
0 0 0 0 0 0 0 0 0 
0 0 0 0 0 0 0 0 0 
0 0 0 0 0 0 0 0 0 
0 0 0 0 0 0 0 0 0 
0 0 0 0 0 0 0 0 0 
0 0 0 0 0 0 0 0 0 
0 0 0 0 0 0 0 0 0 
0 0 0 0 0 0 0 0 0 
0 0 0 0 0 0 0 0 0 
0 0 0 0 0 0 0 0 0 
0 0 0 0 0 0 0 0 0 
0 0 0 0 0 0 0 0 0 
0 0 0 0 0 0 0 0 0 
0 0 0 0 0 0 0 0 0 
0 0 0 0 0 0 0 0 0 
0 0 0 0 0 0 0 0 0 
0 0 0 0 0 0 0 0 0 
0 0 0 0 0 0 0 0 0 
0 0 0 0 0 0 0 0 0 
0 0 0 0 0 0 0 0 0 
0 0 0 0 0 0 0 0 0 
0 0 0 0 0 0 0 0 0 
0 0 0 0 0 0 0 0 0 
0 0 0 0 0 0 0 0 0 
0 0 0 0 0 0 0 0 0 
0 0 0 0 0 0 0 0 0 
0 0 0 0 0 0 0 0 0 
0 0 0 0 0 0 0 0 0 
0 0 0 0 0 0 0 0 0 
0 0 0 0 0 0 0 0 0 
0 0 0 0 0 0 0 0 0 
0 0 0 0 0 0 0 0 0 
0 0 0 0 0 0 0 0 0 
0 0 0 0 0 0 0 0 0 
0 0 0 0 0 0 0 0 0 
0 0 0 0 0 0 0 0 0 
0 0 0 0 0 0 0 0 0 
0 0 0 0 0 0 0 0 0 
0 0 0 0 0 0 0 0 0 
0 0 0 0 0 0 0 0 0 
0 0 0 0 0 0 0 0 0 
0 0 0 0 0 0 0 0 0 
0 0 0 0 0 0 0 0 0 
0 0 0 0 0 0 0 0 0 
0 0 0 0 0 0 0 0 0 
0 0 0 0 0 0 0 0 0 
0 0 0 0 0 0 0 0 0 
0 0 0 0 0 0 0 0 0 
0 0 0 0 0 0 0 0 0 
0 0 0 0 0 0 0 0 0 
0 0 0 0 0 0 0 0 0 
0 0 0 0 0 0 0 0 0 
0 0 0 0 0 0 0 0 0 
0 0 0 0 0 0 0 0 0 
0 0 0 0 0 0 0 0 0 
0 0 0 0 0 0 0 0 0 
0 0 0 0 0 0 0 0 0 
0 0 0 0 0 0 0 0 0 
0 0 0 0 0 0 0 0 0 
0 0 0 0 0 0 0 0 0 
0 0 0 0 0 0 0 0 0 
0 0 0 0 0 0 0 0 0 
0 0 0 0 0 0 0 0 0 
0 0 0 0 0 0 0 0 0 
0 0 0 0 0 0 0 0 0 
0 0 0 0 0 0 0 0 0 
0 0 0 0 0 0 0 0 0 
0 0 0 0 0 0 0 0 0 
0 0 0 0 0 0 0 0 0 
0 0 0 0 0 0 0 0 0 
0 0 0 0 0 0 0 0 0 
0 0 0 0 0 0 0 0 0 
0 0 0 0 0 0 0 0 0 
0 0 0 0 0 0 0 0 0 
0 0 0 0 0 0 0 0 0 
0 0 0 0 0 0 0 0 0 
0 0 0 0 0 0 0 0 0 
0 0 0 0 0 0 0 0 0 
0 0 0 0 0 0 0 0 0 
0 0 0 0 0 0 0 0 0 
0 0 0 0 0 0 0 0 0 
0 0 0 0 0 0 0 0 0 
0 0 0 0 0 0 0 0 0 
0 0 0 0 0 0 0 0 0 
0 0 0 0 0 0 0 0 0 
0 0 0 0 0 0 0 0 0 
0 0 0 0 0 0 0 0 0 
0 0 0 0 0 0 0 0 0 
0 0 0 0 0 0 0 0 0 
0 0 0 0 0 0 0 0 0 
0 0 0 0 0 0 0 0 0 
0 0 0 0 0 0 0 0 0 
0 0 0 0 0 0 0 0 0 
0 0 0 0 0 0 0 0 0 
0 0 0 0 0 0 0 0 0 
0 0 0 0 0 0 0 0 0 
0 0 0 0 0 0 0 0 0 
0 0 0 0 0 0 0 0 0 
0 0 0 0 0 0 0 0 0 
0 0 0 0 0 0 0 0 0 
0 0 0 0 0 0 0 0 0 
0 0 0 0 0 0 0 0 0 
0 0 0 0 0 0 0 0 0 
0 0 0 0 0 0 0 0 0 
0 0 0 0 0 0 0 0 0 
0 0 0 0 0 0 0 0 0 
0 0 0 0 0 0 0 0 0 
0 0 0 0 0 0 0 0 0 
0 0 0 0 0 0 0 0 0 
0 0 0 0 0 0 0 0 0 
0 0 0 0 0 0 0 0 0 
0 0 0 0 0 0 0 0 0 
0 0 0 0 0 0 0 0 0 
0 0 0 0 0 0 0 0 0 
0 0 0 0 0 0 0 0 0 
0 0 0 0 0 0 0 0 0 
0 0 0 0 0 0 0 0 0 
0 0 0 0 0 0 0 0 0 
0 0 0 0 0 0 0 0 0 
0 0 0 0 0 0 0 0 0 
0 0 0 0 0 0 0 0 0 
0 0 0 0 0 0 0 0 0 
0 0 0 0 0 0 0 0 0 
0 0 0 0 0 0 0 0 0 
0 0 0 0 0 0 0 0 0 
0 0 0 0 0 0 0 0 0 
0 0 0 0 0 0 0 0 0 
0 0 0 0 0 0 0 0 0 
0 0 0 0 0 0 0 0 0 
0 0 0 0 0 0 0 0 0 
0 0 0 0 0 0 0 0 0 
0 0 0 0 0 0 0 0 0 
0 0 0 0 0 0 0 0 0 
0 0 0 0 0 0 0 0 0 
0 0 0 0 0 0 0 0 0 
0 0 0 0 0 0 0 0 0 
0 0 0 0 0 0 0 0 0 
0 0 0 0 0 0 0 0 0 
0 0 0 0 0 0 0 0 0 
0 0 0 0 0 0 0 0 0 
0 0 0 0 0 0 0 0 0 
0 0 0 0 0 0 0 0 0 
0 0 0 0 0 0 0 0 0 
0 0 0 0 0 0 0 0 0 
0 0 0 0 0 0 0 0 0 
0 0 0 0 0 0 0 0 0 
0 0 0 0 0 0 0 0 0 
0 0 0 0 0 0 0 0 0 
0 0 0 0 0 0 0 0 0 
0 0 0 0 0 0 0 0 0 
0 0 0 0 0 0 0 0 0 
0 0 0 0 0 0 0 0 0 
0 0 0 0 0 0 0 0 0 
0 0 0 0 0 0 0 0 0 
0 0 0 0 0 0 0 0 0 
0 0 0 0 0 0 0 0 0 
0 0 0 0 0 0 0 0 0 
0 0 0 0 0 0 0 0 0 
0 0 0 0 0 0 0 0 0 
0 0 0 0 0 0 0 0 0 
0 0 0 0 0 0 0 0 0 
0 0 0 0 0 0 0 0 0 
0 0 0 0 0 0 0 0 0 
0 0 0 0 0 0 0 0 0 
0 0 0 0 0 0 0 0 0 
0 0 0 0 0 0 0 0 0 
0 0 0 0 0 0 0 0 0 
0 0 0 0 0 0 0 0 0 
0 0 0 0 0 0 0 0 0 
0 0 0 0 0 0 0 0 0 
0 0 0 0 0 0 0 0 0 
0 0 0 0 0 0 0 0 0 
0 0 0 0 0 0 0 0 0 
0 0 0 0 0 0 0 0 0 
0 0 0 0 0 0 0 0 0 
0 0 0 0 0 0 0 0 0 
0 0 0 0 0 0 0 0 0 
0 0 0 0 0 0 0 0 0 
0 0 0 0 0 0 0 0 0 
0 0 0 0 0 0 0 0 0 
0 0 0 0 0 0 0 0 0 
0 0 0 0 0 0 0 0 0 
0 0 0 0 0 0 0 0 0 
0 0 0 0 0 0 0 0 0 
0 0 0 0 0 0 0 0 0 
0 0 0 0 0 0 0 0 0 
0 0 0 0 0 0 0 0 0 
0 0 0 0 0 0 0 0 0 
0 0 0 0 0 0 0 0 0 
0 0 0 0 0 0 0 0 0 
0 0 0 0 0 0 0 0 0 
0 0 0 0 0 0 0 0 0 
0 0 0 0 0 0 0 0 0 
0 0 0 0 0 0 0 0 0 
0 0 0 0 0 0 0 0 0 
0 0 0 0 0 0 0 0 0 
0 0 0 0 0 0 0 0 0 
0 0 0 0 0 0 0 0 0 
0 0 0 0 0 0 0 0 0 
0 0 0 0 0 0 0 0 0 
0 0 0 0 0 0 0 0 0 
0 0 0 0 0 0 0 0 0 
0 0 0 0 0 0 0 0 0 
0 0 0 0 0 0 0 0 0 
0 0 0 0 0 0 0 0 0 
0 0 0 0 0 0 0 0 0 
0 0 0 0 0 0 0 0 0 
0 0 0 0 0 0 0 0 0 
0 0 0 0 0 0 0 0 0 
0 0 0 0 0 0 0 0 0 
0 0 0 0 0 0 0 0 0 
0 0 0 0 0 0 0 0 0 
0 0 0 0 0 0 0 0 0 
0 0 0 0 0 0 0 0 0 
0 0 0 0 0 0 0 0 0 
0 0 0 0 0 0 0 0 0 
0 0 0 0 0 0 0 0 0 
0 0 0 0 0 0 0 0 0 
0 0 0 0 0 0 0 0 0 
0 0 0 0 0 0 0 0 0 
0 0 0 0 0 0 0 0 0 
0 0 0 0 0 0 0 0 0 
0 0 0 0 0 0 
f 3 1838 double
-12932389.585 -13959272.115 502289.93885 -10773397.16 -14783811.407 552143.14358 -9926815.7205 -15057944.731 563727.74456 
-956943.10191 -16436283.539 609268.69031 8561956.634 -15485015.747 572328.87263 -13532464.5 -13458721.737 500842.99309 
-10493590.536 -14769278.905 558140.73868 -9745050.47 -14839619.885 574612.35126 -8737729.2641 -15052448.14 586976.28215 
-7170290.632 -15592186.71 868944.64226 -1142505.9454 -16315661.34 615265.58472 4985915.8737 -15690386.133 614745.65942 
6128683.277 -15548551.649 609240.73953 6562145.5839 -15590056.343 606327.00831 12982440.378 -13761411.746 512386.55975 
-12164885.295 -13823611.844 544505.57838 -7994110.1458 -15050454.021 599370.25588 4556958.4852 -15608877.452 622425.00503 
6308655.086 -15264663.919 769588.29949 6827420.9549 -15264243.788 608780.73661 8275596.8038 -15036903.888 597336.74466 
11338387.395 -14006198.236 565374.80417 13251043.944 -13283204.822 522637.59251 12872637.531 -13564673.436 527764.03223 
-11175548.636 -13864240.916 582331.37926 -4429976.8387 -15192816.253 641642.82129 -2108940.455 -15491130.779 638981.3719 
309796.82233 -15519344.291 644519.15471 5752233.8979 -15026647.827 633751.31322 8090122.98 -14564306.9 615972.00049 
11172049.879 -13796521.38 585503.82022 11119816.793 -13988060.808 576698.17144 13267526.849 -13054734.638 533870.97647 
13515819.738 -12927714.904 531685.31742 -13446704.958 -12842200.867 534735.35003 -12829991.218 -13100627.585 554157.86116 
-10875902.895 -13526294.895 592904.00981 -8154870.0835 -14337337.259 620613.18015 -6048672.1543 -14790414.762 633531.20167 
-5559411.5569 -14779343.51 641952.93597 -2131124.1734 -14815146.28 656103.86703 3058395.7867 -15117335.453 645976.16195 
8352603.7393 -14286934.845 621013.64596 12955405.242 -13041038.072 552317.00929 -9534058.8802 -13685548.115 619457.25635 
-7783545.365 -13965517.707 641553.03508 -6512133.3263 -14152746.205 649310.32998 -3552964.5523 -14545132.322 661162.43954 
-877213.46603 -14601148.577 665957.46192 5521178.6686 -14458167.244 648069.61806 11011802.771 -13098471.673 604162.56447 
-12152303.646 -12497708.827 591978.26955 2971090.0141 -13914834.841 674278.05497 3618357.4329 -13870621.745 673810.87807 
10510063.689 -13151867.181 620034.74762 11598399.372 -12598119.92 604710.9379 13178839.836 -12255882.917 571484.98464 
-14209110.785 -11474339.784 554233.50336 -10429171.144 -12513240.632 631254.23152 -9210701.962 -12948174.568 639692.13316 
-5700541.5045 -13468638.655 670100.75936 -1013111.2233 -13873722.109 679709.44268 -392764.93149 -13577582.572 692341.30361 
464216.27309 -13874705.675 682093.79168 6945736.5349 -13497379.118 656688.92814 10660402.624 -12474103.598 631353.32919 
12147865.557 -12055802.173 604039.50427 -6074400.1179 -12986810.881 677986.19246 -6132713.173 -12967608.347 676790.52405 
147047.43807 -13139717.375 695182.03809 2276063.697 -13458317.55 687941.09114 2948525.321 -13209028.501 691132.38839 
3295765.6178 -13170507.88 688651.3034 11561330.967 -11883668.213 623163.84047 13585262.06 -11452196.242 582729.3427 
14357378.24 -11065156.11 560663.11918 14349921.979 -11322399.2 554872.24911 -14110513.432 -10882861.843 571194.82563 
-6111715.5599 -12771024.093 679105.00786 -5553991.0227 -12736288.707 683129.02774 -1916532.7421 -13011748.841 695147.97983 
1124580.0892 -13033580.071 702211.97946 8289776.528 -12473807.156 662219.27262 8743272.7799 -12225406.844 661778.17423 
9728229.0358 -12169232.064 649654.28839 -12811257.432 -10760971.95 619939.47732 -9082907.7413 -11863968.802 669238.03925 
-8076649.6793 -11918865.205 682207.90504 -8140536.3809 -11795175.495 682634.72252 -7314320.2484 -11986193.095 683750.73018 
-5559963.9327 -12295706.364 692734.92812 3087403.3095 -12169808.813 706753.72729 24580717.576 -29158181.023 1788178.5735 
12101556.446 -11281389.497 625139.68693 -13479806.525 -10321010.697 606615.06868 -13138874.236 -10596321.55 611611.11509 
-9341502.3984 -11087571.116 673890.29857 -7736326.5793 -11466612.648 685362.12948 -3623950.7359 -12114579.497 707904.66064 
3890858.0548 -11910777.046 707573.41145 10078349.823 -11263830.493 663094.78045 15217702.669 -9767844.1344 552143.91934 
-14986710.134 -9672433.0654 567985.25914 -14101600.033 -9758221.6953 604562.99732 -9285781.0451 -10796257.039 684904.71851 
1034603.3306 -11532192.67 719972.49703 8480997.8862 -10945960.427 687548.97218 12354753.199 -10187324.17 641651.97186 
13688539.236 -10134761.098 604427.51714 14300895.781 -9827813.9704 613345.91986 -13790267.159 -9552705.0205 612254.88766 
-12071751.929 -10123068.362 650062.72371 -8533974.8036 -10507033.736 691567.78039 2304946.3393 -11249292.175 721867.89917 
5779133.9428 -10986390.526 712008.53793 5900930.1264 -10902052.014 760577.5452 6233112.9806 -10584210.553 711229.58597 
-14797038.475 -8821823.1603 596073.55941 -14725491.77 -8940061.8987 593276.20422 -21916605.851 -25669892.498 1876141.6474 
-1968066.3306 -10742227.19 727863.89486 518238.51503 -10442556.373 739858.47116 3922079.5751 -10670102.11 723741.93691 
12233470.463 -9541883.8757 652314.07372 -14475687.735 -8776089.5005 615378.0126 -12021573.182 -8980160.1385 661179.89645 
-1479234.2787 -10118175.265 739765.7947 2210159.5056 -10031977.448 735481.13234 11262773.098 -9406726.8236 676250.34702 
12187056.04 -9159487.8119 660473.9634 11961001.553 -9295806.7383 659741.4015 12589826.984 -9211905.4791 650835.00238 
12735401.973 -8848603.5286 649019.62693 -3069952.7669 -9428902.994 741473.95754 865560.30144 -9844206.9857 739434.21861 
2214425.1814 -9600972.9512 739150.43408 2288529.903 -9648925.9106 738335.36111 4038470.635 -9515577.1327 736565.85279 
6003327.4714 -9393323.45 727138.17546 7987474.8948 -9171796.1517 712985.64478 -14310540.655 -8059383.7519 626454.51084 
-13675902.692 -8031892.5124 642861.2058 -12554658.116 -8077002.3077 667859.99977 -11812998.756 -8263525.6003 852603.32471 
-5089568.039 -8837621.5862 775364.18607 -4617875.3065 -9151141.584 737144.98572 4548920.1488 -8989260.7574 738552.2314 
4313983.994 -9310231.9225 737299.91904 9103295.3179 -8677740.1432 708875.28251 12874775.916 -8310386.6811 654181.96349 
-11681195.755 -8046289.8624 680180.34585 -10598881.769 -8174827.6337 695225.33647 -8272305.1898 -8241697.6449 719803.26036 
-6010117.0359 -8494809.6976 734689.57623 2565869.1082 -8502324.4458 749358.21992 8923801.5496 -8204762.2342 712322.28258 
9950122.4442 -8182286.8213 701135.34432 14429821.204 -7323001.2522 628272.57652 14279909.573 -7598148.4272 628404.00649 
15500869.905 -7344003.6777 590647.1414 -7760168.8249 -8122643.2652 725031.83497 -2973812.5731 -8258357.5813 754899.13794 
-1097232.5587 -8246253.353 754397.16802 2295423.2091 -7989920.0789 754651.32272 12561418.889 -7183734.2956 677751.81781 
-10890782.283 -7350540.4035 700613.63918 -7711172.4448 -7449688.0169 731641.08621 -3985866.732 -7598120.5004 753387.61491 
795939.98737 -7870052.1342 760217.82346 5319746.2317 -7685277.4409 748237.23051 7936260.0133 -7583246.7669 728278.8042 
26530666.989 -18005751.556 2555318.2061 13447495.615 -6945867.0634 658359.56001 -12044276.542 -6555761.636 688073.4148 
-11685876.091 -6565481.4744 696883.27163 -7636106.6485 -6791413.6243 742108.74876 -6825166.9321 -6969574.8768 746608.72227 
-3690955.2055 -7289928.5152 755341.48689 1356778.6809 -7307992.9639 760763.20602 7257042.603 -6819564.5621 744227.34274 
10784824.842 -6746081.2738 706871.92513 14787653.427 -6388543.921 627648.30416 -15204848.385 -5749235.0026 621029.7879 
-14595750.43 -5709116.5153 641012.99733 -12457327.61 -6196216.9728 683819.47728 -9630192.7199 -6130439.4849 723258.03004 
-5503870.3071 -6681252.6697 754080.83478 8738996.9936 -6396125.3814 733035.7083 9784567.5542 -6308238.4549 723127.92742 
11355540.247 -6027152.9831 700399.66153 14215403.909 -5812970.2629 648323.53733 -14732161.934 -5473348.3939 638313.16961 
-5921338.2143 -6166721.489 751394.09415 -1532708.1492 -6258233.3993 767528.65937 5306455.2694 -6252943.3441 755689.2522 
7804924.0256 -6224937.6934 738634.06379 9716049.2094 -5662314.2127 730002.20085 10385375.423 -5670254.5437 716739.62721 
11612502.196 -5626380.0431 945722.95223 12327875.484 -5639523.4157 687891.87241 14036242.939 -5474485.4624 656251.77338 
-14184565.782 -4956626.55 658267.83806 -12207220.064 -5279186.7809 695634.37018 -11636433.713 -5406541.7124 704939.43903 
-10468366.13 -5480837.2968 718506.37898 -8540510.9986 -5613312.4859 743187.89653 -7027915.6553 -5437459.6123 749420.58048 
-4393559.7461 -5692435.5268 765690.95344 -2578670.6287 -5556511.4461 770045.73849 3648415.2651 -5820636.8651 765757.84078 
5814574.9693 -5419309.6096 756653.93077 12386981.829 -5007103.9509 713308.29394 14934450.05 -5092827.7687 640825.86961 
-12678665.883 -4652644.8622 688481.45962 -12207196.78 -4661639.401 696781.25976 -25756582.154 -12580945.445 1948687.7438 
-1878054.6977 -5088374.9831 773657.77493 7054117.8654 -4896487.3875 751138.80289 12343927.101 -4947303.299 692420.31731 
13189733.314 -4840570.4005 679911.70748 2906018.7591 -4558596.3639 779776.20102 9964157.1941 -4409758.4822 734648.11688 
10805499.575 -4265151.6538 725348.43658 13072621.794 -4355133.1737 692794.65021 15351090.13 -4134301.4603 629853.34585 
-16113838.301 -3432001.7575 824556.49907 -36362915.177 -9328666.1427 1781133.3559 -12225914.52 -3765247.2429 789805.02823 
-9590584.3691 -4175229.8566 735451.79713 -8452474.3477 -4005836.1939 744607.15077 -7487554.7491 -3885132.3631 753491.23474 
-5147158.6678 -4136061.3324 766727.82303 -4212995.5078 -4405187.4146 773699.66287 3132278.5093 -3976968.2926 774580.38161 
5641378.5481 -4061366.8993 763326.88395 8672397.3866 -3983183.2501 748265.74298 9910566.4989 -3977664.2878 731878.44221 
11195774.729 -3672784.9088 716496.67145 12141324.825 -3807098.5856 702630.96772 12853314.739 -3609772.1472 691177.94223 
13375130.26 -3890509.4886 680260.07866 15148474.648 -3692264.1542 639863.20173 -15414304.769 -2961740.0176 635255.76328 
-9433969.6555 -3633924.0924 1014998.3989 -1991986.7964 -3778797.352 779785.85352 -815427.40393 -3607578.998 783909.6494 
-12900398.772 -2891238.6208 695182.16092 -12860448.178 -3099392.9911 697242.10538 -11512440.723 -2876787.8239 714055.59764 
-8055749.3509 -3260956.1598 751848.15074 -20817553.73 -8130792.7659 2020903.0786 -7585366.0718 -2950068.1376 756328.85351 
-5745928.4243 -3051221.2156 766131.77251 -5162646.5358 -2964729.498 770137.27459 -3809180.407 -3083155.6091 780435.29502 
-3862522.3647 -7686103.5345 2102503.972 -1389269.5113 -3191334.5191 780307.5466 4528636.0537 -3310725.6772 773052.73617 
5321774.4126 -2980241.8256 769862.00002 6558011.115 -3268071.2091 767219.6839 10841050.277 -2805688.3301 724395.18885 
15181151.108 -2630508.46 643669.27869 -4900508.9829 -2598350.7612 771918.66528 -2763915.8365 -2757394.16 779352.2121 
-2657961.1801 -2754580.8712 818534.20166 -1683620.3626 -2730242.43 803034.4789 2275280.205 -2721127.0314 779145.83749 
14645748.353 -2455483.3203 656779.33357 -15043185.456 -1698436.1761 651925.83626 -9669265.1335 -1834029.1195 739996.29226 
3913208.3988 -2002404.0108 778323.51048 5391137.3882 -2320320.2283 777773.40635 18559651.397 -5652117.6685 2050421.8395 
7290946.7532 -2154615.5172 761008.46308 8058123.5268 -1971764.7386 754218.89284 8542488.2603 -2030219.4526 752179.21534 
16487861.734 -1601129.259 610491.42978 -15621346.376 -1523108.2662 632066.35665 -6874590.1755 -1523922.6545 763018.83525 
-5402451.0297 -1583945.5064 772589.104 -4564214.4352 -1718082.8845 774009.16795 -4067495.0515 -1799389.7049 777165.18855 
-3541522.2059 -1668729.8875 777370.17949 4070448.9348 -1600654.9146 778010.78425 11503155.16 -1435852.7633 717637.57778 
-15050238.729 -1059675.4229 658176.52046 -14647167.501 -1114025.8659 661567.20808 -7623082.5172 -1176513.7512 765853.55412 
-3372082.5399 -896478.0476 780629.45629 2840780.3581 -1026239.678 786631.73388 6865180.1524 -1179724.1807 766085.39581 
-14057581.46 -392364.58614 676469.43042 -10729883.891 -826303.98264 729984.63106 -10808066.384 -516109.18713 728074.2568 
-5877393.7363 -796718.63339 769073.85215 -2921637.1068 -539989.66685 781913.77705 -2593838.5068 -857928.51264 782299.99915 
-43518.075862 -792945.68295 784086.01927 708704.97062 -631195.2468 785195.66521 5750005.9573 -411487.11864 770184.09891 
11444955.462 -452331.48054 719287.42571 15717245.947 -662735.96739 631467.1251 -15306354.62 37009.595938 649019.44802 
-12564193.905 -50548.566868 704434.64886 -9952780.6563 -308038.34821 741081.09938 14623368.726 -51965.3255 663140.20535 
15352634.603 -87122.543852 646257.32272 -5011614.2743 251132.04114 829148.51149 -3647431.5801 311243.67998 778975.92054 
-716093.56516 398832.54745 786363.76809 1864752.0775 563882.85381 784004.58956 4823779.3713 410827.06099 774081.73382 
6027009.6284 151289.59263 769631.38072 7633389.3868 311417.02617 761781.68164 7651239.5773 582698.32808 759147.32824 
12665276.59 190945.10686 701920.79963 13908608.855 247295.60058 680097.3368 -12310364.732 651427.28983 707904.40752 
-10005178.608 870018.03581 741538.23025 -8946557.2764 1056195.0812 754039.47816 -5250260.6505 1092511.8662 832260.00311 
1171032.0779 712095.49461 783237.69659 1256614.6061 1058550.1284 784476.82559 7445753.3298 627492.69813 760029.40056 
16526587.607 943874.71671 602708.43219 -10467630.39 1503115.3801 730326.29149 -9614809.1087 1284985.5201 742712.96509 
1450405.8676 1529376.5877 783621.90488 10316596.106 1206265.4742 735036.58405 10946828.11 1197648.6609 812807.37682 
11472803.41 1200839.3451 719879.62322 11942976.363 1385405.5531 713998.82938 12573477.449 1191561.9271 703089.19455 
15232621.511 1215960.4051 648944.23769 -14972316.973 1534644.2926 652313.30446 -14876498.527 1678263.6352 654816.54256 
-13824944.507 1762984.8076 678724.45026 -10954607.131 1665932.2879 725673.70085 -6546071.6943 1768509.3177 765428.92304 
-5913665.1907 2071713.9711 767943.77257 -2673746.3868 1962574.3917 780982.10014 -2001365.7753 1774805.139 782130.36864 
647387.74939 2008041.9222 785990.15746 4233682.3353 1758256.9307 776585.58665 8657797.4567 1645750.6488 749673.6112 
9136958.2762 1878593.865 744937.02127 9797803.1945 2001483.1624 742058.7196 9935806.1146 1986635.7177 741152.3285 
12011596.449 1712154.1874 711465.28211 12890348.029 1547268.2729 696375.54597 13756608.785 1499832.701 679438.77491 
-15560464.23 2066213.2851 634103.62731 -15647605.419 1842760.8246 632420.69072 -3486660.1999 2299568.9273 778460.00412 
-2183359.5837 2294636.4074 782795.52538 2319865.1178 2447352.4468 780813.66663 4593906.9329 2147567.9151 774973.60046 
8843262.6268 2343455.8186 753258.49351 12429670.514 2326294.4886 704744.15679 -7599993.373 2932577.5668 756142.56885 
-3985974.2434 3079987.6664 775457.85882 5800852.3553 2656549.4475 766785.49963 8105025.8089 2776186.0728 750604.89129 
9513376.1616 2662315.6645 771014.632 11112672.908 2853435.1508 721453.31532 12583743.83 2598456.3645 698164.7831 
13123727.611 2732266.1372 690645.11438 -14956338.352 3017704.7809 655035.57781 -38049594.266 7528483.1394 1858549.7334 
-14476355.018 2960117.9266 660853.1607 -13054924.52 2854655.3284 693263.14693 -8178324.0593 3210841.7491 750089.90322 
-3798345.5244 3393066.9813 776384.29644 2078663.5049 3618260.2017 780780.42787 4062775.8951 3170900.8531 776726.39904 
7939420.6123 3240815.7804 754261.98166 8482165.1431 3280370.1733 750379.73692 8459991.422 3231896.5158 749969.51411 
9307542.5655 3248279.1464 740081.14574 10808062.328 3251267.3313 728749.99237 -14499823.507 3368731.0906 657040.48172 
-2992166.2518 4005990.1179 775111.50516 -84657.242688 3855421.6315 778311.81635 1850116.3754 3982454.9853 832354.90495 
14945272.692 3604461.9661 645834.04346 14911098.239 3558764.2754 646632.39752 -13552940.254 3770184.5409 676063.2886 
-13030573.964 3871222.5646 689161.5968 -3075547.6725 4628903.3522 778625.11766 -910284.05682 4556700.5686 778684.48418 
1156821.2703 4314174.3097 775970.90527 3583114.0294 4385381.2151 771161.37041 5211336.4917 4489668.178 771061.55285 
6006641.1236 4477016.3899 761385.10511 10282026.114 3986703.2248 725786.00778 -15484240.289 4126524.9667 626232.82059 
-12918022.242 4636931.9443 685447.6096 -11622825.829 4323915.5379 709455.7989 -3209995.8204 5022424.8635 770452.22379 
-3102248.8779 5142048.8593 769955.1868 194495.62201 4994038.5512 774634.27299 3298905.0762 4892385.8199 771182.13651 
4684797.7818 5000505.0319 763725.47606 5250768.8595 5087834.2085 762362.73763 5780159.8998 4947625.7092 758808.86124 
9737067.7551 4875779.0843 729223.34634 11165604.984 4698881.2239 712271.84247 12011035.135 4631411.6864 701652.44764 
12859504.814 4263596.0281 693683.86862 14794325.85 4356170.7644 646054.77614 16104486.587 4111393.284 603533.31492 
-10783734.152 5039042.7217 716851.94939 -8700705.8775 5443633.2151 742641.55107 -7404368.7692 5447782.7537 751219.05434 
-1011219.4229 5224254.949 772042.96661 569256.4457 5530211.1769 775330.34236 4927198.295 5429054.7236 762181.33472 
6172864.9991 5174456.5154 803839.21223 16028498.201 4681792.7865 602306.86223 -14794353.556 4995447.3347 647635.76767 
-10707802.215 5406395.2195 720703.7357 -6070795.8479 5655123.4614 757104.3757 -1532209.2462 5836607.2414 774252.26846 
-1048367.7923 5995925.9635 769700.68692 2214154.4371 6158443.8177 766082.56961 10162304.979 15033151.411 2316857.2784 
15364654.333 4991025.5809 623742.60834 -13215013.185 5627546.965 671676.02757 -7233709.1782 6419762.3582 743341.80854 
2319336.5173 6478956.8033 763301.27495 8446008.5105 5984335.2332 735774.90052 8850307.1871 6306175.2249 730310.23718 
9932264.9529 6021548.3108 719647.81493 14997578.784 5440100.2599 630048.79808 -15460081.847 6049908.6138 613085.12155 
-13250568.737 6050793.4874 668848.11513 -7995784.6388 6677596.99 735092.63102 1725729.1365 6838134.7369 770222.05153 
3124266.8411 7009993.7477 763611.55304 3668789.6028 6971631.5092 759448.92758 4895747.245 6929645.9354 755984.49219 
7108015.5254 6517522.5266 743311.63628 12231788.587 6374121.6873 926879.73584 14347676.303 6156164.3878 642955.17185 
-15242702.162 6459966.1199 611494.35584 -8571092.3208 6911885.8417 731485.14969 -8442558.5717 6980644.5747 730659.32353 
-5692600.259 7431543.7967 744071.14347 3058715.2194 7294710.0273 758809.3706 3954665.909 7193701.2719 758141.86931 
13060480.958 6780444.0904 665234.29827 -10392752.797 7290205.0296 706097.29031 -10550635.198 7367863.8911 707190.20316 
-4503084.8659 8069231.0027 747043.29095 686420.72879 7981986.7226 762660.01852 4917148.2257 7907899.6221 750048.56204 
13386485.215 7146840.8822 658594.08156 14522366.484 6877802.0276 636482.08444 -14879669.305 7056808.6173 617235.95622 
-12593750.024 7617890.4022 668440.59987 -11783115.767 7711936.3173 681703.64887 -10784384.803 7927036.7519 693807.4916 
-5473716.819 8066406.4721 743792.31386 676121.35853 8419863.0105 755446.43005 5754867.4096 8042914.9174 740623.2177 
12973695.844 7501324.1366 660461.62205 -15217973.296 7396566.3254 601328.68711 -9765033.2866 8167854.1666 704247.2715 
-5031032.111 8715328.002 745170.7229 -7068144.8488 22551122.392 2016245.3645 1190043.0668 9096475.0028 747171.24882 
17782156.811 22374703.875 1959228.0016 8118263.5818 8638307.472 719368.43745 9815319.964 8156546.327 703469.75597 
11481540.156 8166802.6969 683928.06811 15515868.41 7504463.0413 588844.56813 -13666145.11 8160838.0599 640446.77514 
-4786724.0753 9169697.7972 738288.2488 -2593993.2654 9525404.7739 740999.8114 627958.17518 23542060.252 2016602.6053 
6471331.1915 9030679.5992 730104.21405 8593997.2096 9154431.258 707766.23336 -9660964.1048 9132304.6573 695369.84371 
-9701586.764 9253545.088 708955.38033 -6902554.371 9602255.6018 717358.10357 -4625676.2335 9661490.1379 730115.14284 
-4101491.0321 9733028.2437 733129.58379 -3650500.408 9771166.8819 733970.41524 -1928705.9153 9851164.2043 738382.51135 
3751984.983 9898556.1468 734230.14356 14124443.336 8628115.4624 620055.19761 -12568100.618 9259509.0095 650729.73075 
-7686112.591 10102021.947 705329.56917 3299580.823 10188738.984 731568.64257 14083848.639 8989233.2894 618741.12845 
-13973818.316 9366583.1401 610179.1676 -13086244.801 9521178.4494 631655.49452 -5419270.3201 10607648.445 716521.15773 
-4523581.4836 10860708.399 717135.75257 7179183.3658 10634179.086 704649.41185 15042908.703 9080939.5909 577815.59076 
-13993445.199 9621155.056 609948.90344 -12763577.146 9956002.1326 640399.17356 -11284096.613 10249253.784 704888.55063 
-10940095.641 10568276.404 661242.77659 -7793905.0191 10744353.781 696893.29269 -7111679.693 11049990.669 705569.74331 
-3822291.682 11057051.141 723059.84153 1555366.7532 11152095.114 728073.03939 1580623.3158 11420244.203 727571.89126 
2104004.5532 11052395.078 723802.11519 1655046.6139 11514421.407 725040.62211 4015142.7779 11373444.199 890539.0115 
9799075.9606 10363306.424 677897.74437 12918364.639 10038022.624 631794.37132 12580977.688 10193138.531 679252.56414 
15214044.07 9403241.2857 563147.20055 -7522806.6587 11257972.773 690704.2938 -2501544.3805 11629868.59 716881.39868 
-1403778.4024 11908868.147 713716.59061 1612319.8971 11620794.518 721293.47641 5003097.8094 11513797.905 708733.22241 
7098823.0551 11201408.93 700683.01266 7153251.0964 11475986.821 691787.00118 11967619.634 10689651.689 637159.62916 
13101721.059 10249784.803 620725.08165 13286323.811 10358560.314 610406.24414 -14221840.137 10355519.681 581119.78025 
-12251909.215 11005760.969 649113.47141 -11566698.857 11139362.323 637320.20082 -9246672.445 11307555.838 671921.7072 
2819137.1784 12109691.183 710822.32303 5675624.6947 11867887.922 697999.49686 7823262.5614 11764810.357 684242.61523 
-14088680.206 10590370.501 594725.69694 -6852941.754 12165080.485 862734.97727 -1520503.8725 12565462.764 709036.17013 
1202600.6098 12619391.902 703793.00056 1320403.1254 12525512.452 707208.95188 4922024.2611 12414544.1 746187.44636 
6026325.558 12554165.065 683640.45821 8395531.3587 11850280.881 673939.44852 9955112.6912 11631181.533 662944.78617 
-13665627.069 11328820.852 580218.37687 -13501867.869 11232362.475 585911.19076 -2492753.9261 13093531.378 694181.02269 
-519779.78343 13320747.08 698486.24558 3338930.7114 13023074.192 690361.0615 -8315019.8331 13038224.147 650434.36947 
1256528.2197 13428004.919 691417.88045 1473918.2665 13468299.429 694650.49784 10363371.264 12473251.543 632886.48505 
10831462.596 12318554.346 634334.59953 -3218958.6236 14045505.131 670773.68966 -2930160.4606 13751577.011 678315.02452 
-2087140.2349 14103415.097 673330.16792 -1874730.1488 14016970.002 676100.38002 5924240.9453 13597802.542 663925.22505 
8402532.0376 13163858.068 646171.57367 9742126.9504 13118289.885 630264.40044 -12676808.919 12556753.042 575972.78531 
-12261412.674 12535468.412 590730.14378 -12341306.996 12656890.437 634654.73805 -10372249.994 13035430.741 620052.82429 
-3737077.8155 14125580.756 672139.40979 874683.43965 14540578.414 667905.76262 1239871.3845 14448146.252 834866.71411 
7711036.6508 13823890.528 648076.83437 8771054.7082 13382684.354 640571.0344 -4382803.6504 14673342.541 649913.63814 
-2516902.1879 14933043.418 699085.26806 5752598.366 14532299.392 643491.41995 7718221.7329 13999020.655 639500.02246 
-12434040.939 13157301.171 562355.20597 2918309.531 15015930.293 649330.16997 5942802.4433 14699965.06 637011.42101 
9829723.7392 14211912.335 595933.69415 13761394.06 12658875.131 565720.74765 -6703018.6802 14892907.76 628201.49344 
-5930590.5018 15071192.959 626949.91664 1962085.9865 15388582.587 643021.16935 3996178.0109 15460451.117 629725.49991 
11481413.9 13929592.223 563351.32841 11479688.836 13912730.654 564265.34611 12997619.124 13226988.059 542385.34941 
12814024.516 13329508.664 546906.49311 -13460097.668 13316347.59 639567.6808 -12187676.011 13842357.581 542651.9234 
-6140709.9071 15379313.054 651650.49551 -5157195.5855 15565785.196 617421.57212 5858523.6901 15486505.302 612849.96128 
7152382.7559 15173202.789 608027.73619 4998394.2685 -16082398.588 799106.23919 14021414.029 -11305077.108 864802.31123 
-2289756.4862 -12179192.914 852661.87851 2896549.9577 -11518830.296 1182494.0594 -5600418.5172 -10893194.358 1328541.7591 
-11988712.808 -8932336.4431 778194.51351 -11904766.702 -7955715.3054 936896.24589 8445926.0038 -7465478.5795 1037410.7673 
15086024.419 -6280434.6168 882388.60235 -14197949.374 -5985927.9419 937039.41271 -7870125.3383 -4539733.4458 1083834.4093 
8822361.0215 -4534632.4621 1038827.1547 34208585.548 -9947832.2427 2983064.4831 5227014.97 -3245816.7357 1100128.4582 
14633855.622 -2022578.5342 856312.11289 -814885.99944 -1870596.096 2173061.7331 61085839.543 -1707221.6122 7024753.7485 
-15995867.755 2361726.3865 849134.51798 -13759095.995 3554254.1828 747311.97617 14309765.198 3746841.5498 859014.02271 
5092732.0467 5542925.9454 1063812.9338 -11554494.117 16156782.136 3334771.6697 -9149099.6504 6737117.3893 801668.01572 
785992.14273 7415457.6355 928470.53588 -5204343.3698 9952069.627 907061.37761 -9216901.0211 10535776.778 1083216.7422 
-5336022.9724 12830692.486 1000852.9335 14519710.642 11203842.857 556127.39808 -9226533.8882 14016426.784 804950.66245 
1909506.4133 15416883.153 898311.28056 -1594815.1731 -15385312.673 1822032.5917 -12239916.588 -13271609.716 2021130.2222 
6960977.3071 -11611665.857 2196813.287 -7474130.65 -9786594.4335 2214278.388 -15090540.719 -5139777.639 1689744.4227 
-14185570.868 -3685824.7921 2187516.6777 11006896.744 -3521689.0285 2867869.3893 15458560.703 -2059000.2602 2197245.2147 
-13323733.367 -384608.93617 2542959.8154 2757756.4046 -759474.6865 2419325.1175 2724941.9168 -57283.994603 2885978.1201 
1582308.1216 929524.70693 2167131.9613 -2808461.8807 1376999.889 2579687.1812 -2977207.4658 5468976.1592 2336293.0198 
-5326321.7937 7239438.8744 2717215.062 -9414208.9247 7478026.7192 2733874.688 -6237348.088 8284340.3311 2598807.0607 
-10562021.043 9427477.5148 1891083.7875 -13829872.669 12262610.232 1516620.04 25784498.865 -30676213.403 8354542.0532 
15714086.559 -4922530.7542 2411659.0587 1605540.5699 -3610444.5684 3417403.8123 6298217.3952 -969484.31672 3002755.7765 
4666762.4098 14385452.799 2608497.457 13839571.508 5301890.0344 11530586.335 57387377.137 -24577305.623 46671253.653 
-4993532786.9 -5095778336.9 0 -4761814028.5 -5234589841.9 0 -4517826203.6 -5364323769.5 0 
-4258089156.9 -5484860113.3 0 -3985204314.6 -5596266727.1 0 -3701112000.4 -5698625623.2 0 
-3407378278.1 -5792036229.9 0 -3105332075.3 -5876605939.7 0 -2796115236.1 -5952431827 0 
-2480730645.8 -6019600412.6 0 -2160087120.7 -6078189351.7 0 -1835017394.3 -6128272853.6 0 
-1506289349.4 -6169916237.1 0 -1174622886.9 -6203173972.1 0 -840699884.59 -6228089476.3 0 
-505174781.5 -6244690410.1 0 -168694704.14 -6252987455.7 0 168091774.67 -6252993300.6 0 
504555049.31 -6244719134.9 0 840070520.91 -6228158387.1 0 1174003373.1 -6203289838.7 0 
1505701111.2 -6170077947.9 0 1834478917.3 -6128469867.4 0 2159602880.9 -6078405827.6 0 
2480292412.9 -6019825892.3 0 2795714847.7 -5952664514.7 0 3104963593.9 -5876841978.6 0 
3407028180 -5792273484 0 3700775114.1 -5698865840.3 0 3984898060.5 -5596521059.8 0 
4257835456.3 -5485141384.8 0 4517629141.3 -5364626458 0 4761662552 -5234893582.7 0 
-nan -nan 0 -5132424353.2 -4868136812.5 0 -4893441011.1 -4999845649.1 0 
-4640918644.6 -5124510005.1 0 -4372361780 -5241041726.5 0 -4090636774.9 -5349101283.8 0 
-3797737921.3 -5448580949.4 0 -3495246256.9 -5539465295.6 0 -3184532252.6 -5621803921.3 0 
-2866736036.1 -5695675243.1 0 -2542842151.2 -5761135494.3 0 -2213760203.8 -5818240378.7 0 
-1880322885.6 -5867062153.5 0 -1543284138.2 -5907658788.6 0 -1203356921.3 -5940081569.8 0 
-861211075.23 -5964376413.2 0 -517479418.92 -5980572619.2 0 -172787756.3 -5988660207.7 0 
172179582.77 -5988657213.1 0 516822781.25 -5980587444.9 0 860533253.25 -5964440419.5 0 
1202687621.7 -5940195346.7 0 1542649164.6 -5907823638.1 0 1879757609.4 -5867266117.4 0 
2213266004.1 -5818462807.5 0 2542397527.7 -5761359266.7 0 2866325225.2 -5695914079.9 0 
3184165033.4 -5622047931.5 0 3494884223.3 -5539706043 0 3797370764.5 -5448830543.1 0 
4090306901.1 -5349372831.2 0 4372105979.2 -5241348144.9 0 4640743730.9 -5124834285.6 0 
4893320140.2 -5000164405.3 0 -nan -nan 0 -5262404535.2 -4628281768.5 0 
-5018188602.5 -4751626606.5 0 -4758619919.3 -4869417334.3 0 -4482227788 -4980341567 0 
-4192335329.2 -5083705243 0 -3891154308.6 -5179147832.1 0 -3580319765.2 -5266569341 0 
-3261296551.9 -5345937503 0 -2935231864.1 -5417224450.3 0 -2603110469.1 -5480430327.8 0 
-2265860092.6 -5535614165.5 0 -1924307288 -5582812907.6 0 -1579201448.7 -5622060335 0 
-1231256912.9 -5653405871.4 0 -881133006.14 -5676900842.6 0 -529432855.14 -5692546814.1 0 
-176762277.02 -5700373246.8 0 176147870.63 -5700396043.6 0 528737604.43 -5692591841.1 0 
880407879.32 -5676973038.6 0 1230548865.2 -5653510293.7 0 1578521143.1 -5622186707.9 0 
1923716583 -5582957877.8 0 2265348808.9 -5535802701.2 0 2602657645 -5480634415.5 0 
2934799395.3 -5417455446.9 0 3260913314.2 -5346203381.5 0 3579924978.9 -5266885631.5 0 
3890747032.9 -5179480733.4 0 4191990919.6 -5084007182.9 0 4481949850.3 -4980681455.9 0 
4758485335.8 -4869772456.9 0 5018089442.4 -4751946941.7 0 -nan -nan 0 
-5383362019.1 -4372724161.6 0 -5134976123.3 -4487436728.1 0 -4869634626.9 -4597573885.5 0 
-4586455423.4 -4701896121 0 -4289217528.4 -4799578139.4 0 -3980399122.8 -4890138554.7 0 
-3661804031.8 -4973324702.5 0 -3334963492.1 -5049014791.3 0 -3001048496.7 -5117108302.7 0 
-2661064401.9 -5177582786 0 -2316013127.4 -5230432308.7 0 -1966637266.9 -5275655329.8 0 
-1613780856.2 -5313252421 0 -1258120341.7 -5343312608.3 0 -900319400.92 -5365832699.2 0 
-540919269.06 -5380847324.5 0 -180626491.84 -5388372195.9 0 179961508.61 -5388393693.7 0 
540210893.21 -5380926768.4 0 899554145.3 -5365946145 0 1257423929.2 -5343419277.1 0 
1613114027.9 -5313324272.8 0 1966027525.5 -5275699197.5 0 2315452416.2 -5230494365.2 0 
2660550697.7 -5177730361.6 0 3000570160.5 -5117336154.8 0 3334511763.8 -5049310895.1 0 
3661365652.5 -4973676943.8 0 3979989518.4 -4890454983 0 4288871587.3 -4799868900.4 0 
4586165483.7 -4702183408.3 0 4869510302.5 -4597864622.7 0 5134895362.3 -4487724549.2 0 
-nan -nan 0 -5495377926.3 -4104052394.7 0 -5243480237.6 -4210120152.3 0 
-4973257193.5 -4312288592.3 0 -4684225942 -4409456895.3 0 -4380498190.8 -4500852876.6 0 
-4064762951.4 -4585872718.1 0 -3739053300.6 -4664215105.5 0 -3404929325.6 -4735662324.6 0 
-3063641760.4 -4800067918.3 0 -2716279506.6 -4857336774.2 0 -2363815958.5 -4907451871.7 0 
-2007021893.1 -4950381972.1 0 -1646772431 -4986096583.4 0 -1283771018 -5014642612 0 
-918626184.06 -5036057056.2 0 -551939713.65 -5050348361.2 0 -184312650.76 -5057525437 0 
183585297.15 -5057569071.1 0 551161592.09 -5050466234.7 0 917854689.02 -5036225468.5 0 
1283103308.8 -5014802337.7 0 1646160213.8 -4986188520.3 0 2006424005.5 -4950425625.7 0 
2363194650.9 -4907548868.3 0 2715693170.4 -4857497449.3 0 3063084611.4 -4800289425.4 0 
3404401114 -4735962608.7 0 3738583811.5 -4664547864.8 0 4064390886.1 -4586174604.8 0 
4380171077.3 -4501100099.6 0 4683989388.4 -4409712821 0 4973128117.4 -4312546085.6 0 
5243407262 -4210376540.2 0 -nan -nan 0 -5598563180.7 -3824196172.3 0 
-5343622313.8 -3921668870.1 0 -5069215862.3 -4015762340.8 0 -4775091463.9 -4105545358.7 0 
-4465615154 -4190235925.9 0 -4143700386.6 -4269278312.7 0 -3811531325.6 -4342303310.4 0 
-3470716649.8 -4409069826.1 0 -3122606364.9 -4469388495.1 0 -2768352809.7 -4523108763.9 0 
-2408953006 -4570141472.6 0 -2045178559.9 -4610483120.9 0 -1677965528.8 -4644087792.9 0 
-1308036140.9 -4670976151.5 0 -935964330.99 -4691148647.5 0 -562353208.51 -4704595373.9 0 
-187833211.71 -4711324861.3 0 187010567.19 -4711377091.4 0 561525431.66 -4704701017.9 0 
935174623.43 -4691276355.9 0 1307404184.6 -4671108207.5 0 1677405541 -4644210136.2 0 
2044592890.4 -4610585222.6 0 2408281960.2 -4570252328.8 0 2767690906.3 -4523259035.5 0 
3121983677 -4469613609.2 0 3470156647.2 -4409346865.1 0 3811063453.7 -4342553066 0 
4143364985.8 -4269495374.6 0 4465364005 -4190409903 0 4774880411.2 -4105713919.9 0 
5069090427.1 -4015971590.6 0 5343557382.2 -3921890096.6 0 -nan -nan 0 
-5693028574.9 -3534702296.5 0 -5435408640 -3623660013.2 0 -5157378519.5 -3709661164.1 0 
-4858827834.2 -3791910338.1 0 -4544260644.8 -3869708018.7 0 -4216834398 -3942470781 0 
-3878823305.6 -4009857556.4 0 -3531957355.5 -4071603342.8 0 -3177599340.8 -4127488476.4 0 
-2816948966.1 -4177332886.8 0 -2451082942 -4221011195.5 0 -2080919863.4 -4258510186.6 0 
-1707216797.9 -4289856642 0 -1330792437.7 -4314949146.9 0 -952212242.98 -4333754659.4 0 
-572092803.33 -4346286294.1 0 -191103607.69 -4352563785.8 0 190205854.13 -4352595492 0 
571242790.3 -4346368524.8 0 951403518.63 -4333857343.9 0 1330126038.5 -4315079400.6 0 
1706634444.8 -4290036934.7 0 2080311026.5 -4258743543.9 0 2450458893 -4221205012.2 0 
2816273007.1 -4177481028 0 3176905970 -4127642184.3 0 3531394307.6 -4071794298.5 0 
3878385107.9 -4010033691.3 0 4216528691.3 -3942601840 0 4544058451 -3869800128.1 0 
4858638552.7 -3792017599.4 0 5157235998.8 -3709800080.4 0 5435327607.6 -3623838857.8 0 
-nan -nan 0 -5778878224.9 -3236865697.3 0 -5518891597.2 -3317384257.1 0 
-5237688100.6 -3395312172.4 0 -4935258003.1 -3469945372.4 0 -4616249920.6 -3540676760.3 0 
-4283945668.8 -3607045826.8 0 -3940674320 -3668597334.5 0 -3588331373.9 -3725066122.9 0 
-3228305309.2 -3776251535.1 0 -2861827773.6 -3822003325.1 0 -2490085893.9 -3862171989.6 0 
-2114001233.8 -3896718571.3 0 -1734339075 -3925576416.8 0 -1351886968.1 -3948687414.2 0 
-967283867.73 -3966035871.4 0 -581144872.22 -3977614490 0 -194133850.62 -3983403366.5 0 
193181205.68 -3983423214.4 0 580256528.79 -3977662795.1 0 966469193.01 -3966109884.7 0 
1351178956 -3948797699.4 0 1733688708.8 -3925736002.4 0 2113385615.4 -3896938687 0 
2489489649.3 -3862387858.8 0 2861186488.2 -3822191651.6 0 3227634368.9 -3776417212.6 0 
3587741487.5 -3725202969.4 0 3940227937.8 -3668745636.6 0 4283627798.8 -3607185886.5 0 
4616068674.8 -3540806771.3 0 4935093035.8 -3470053802.4 0 5237542088.2 -3395449196 0 
5518788039.5 -3317547861.3 0 -nan -nan 0 -5856207976.5 -2931810295.5 0 
-5594113660.9 -3003972900.5 0 -5310165209.3 -3073841370 0 -5004325954.1 -3140876611.3 0 
-4681472337.6 -3204544115.2 0 -4344860189.2 -3264358856.6 0 -3996886644.8 -3319926597.4 0 
-3639619623.9 -3370963263.4 0 -3274537181.3 -3417278928.2 0 -2902829111.9 -3458753591.5 0 
-2525771348.4 -3495274566.8 0 -2144284217.7 -3526683126.5 0 -1759174571.3 -3552937280.1 0 
-1371215865.5 -3573972033.9 0 -981097905.92 -3589754484 0 -589444723.35 -3600276277.9 0 
-196904844.28 -3605545626.2 0 195932580.16 -3605550518 0 588524370.49 -3600304700.2 0 
980274807.71 -3589782817 0 1370464168.8 -3574015904.7 0 1758481308.2 -3553020201 0 
2143623981.7 -3526804147.3 0 2525142528.1 -3495460214.8 0 2902203978 -3459007181.1 0 
3273888649.1 -3417517315.2 0 3639062280.4 -3371133588.2 0 3996434523.2 -3320039708.5 0 
4344511501.3 -3264448124.1 0 4681282850.8 -3204662288.3 0 5004192223.9 -3141050899.9 0 
5310002847.1 -3074051271.4 0 5594013394.5 -3004163688.7 0 -nan -nan 0 
-5925117023.9 -2620532776.9 0 -5661155808 -2684436507.3 0 -5374781983.1 -2746340445.9 0 
-5066078167.1 -2805778303.1 0 -4739824185.6 -2862314421.8 0 -4399444367.4 -2915481943.4 0 
-4047347784.7 -2964974364.6 0 -3685716116.8 -3010508365.4 0 -3316115279.7 -3051871530.2 0 
-2939824542.2 -3088969270.7 0 -2557977575.1 -3121644309.9 0 -2171637569.3 -3149780047.2 0 
-1781614560.3 -3173303677 0 -1388679553.9 -3192159119.6 0 -993565864.65 -3206314033 0 
-596934632.33 -3215753798.5 0 -199400404.22 -3220476144.9 0 198433897.91 -3220457525.5 0 
596012104.08 -3215719656.8 0 992751406.56 -3206277745.1 0 1387887422.1 -3192126739.4 0 
1780882731.5 -3173319434 0 2170918078.8 -3149843053.2 0 2557271084 -3121785244.6 0 
2939129000.5 -3089180369.8 0 3315519375.8 -3052118677.1 0 3685237526.9 -3010698473.9 0 
4046939460.5 -2965096978.7 0 4399055441.9 -2915567733.5 0 4739589394.6 -2862439167.2 0 
5065915917.4 -2805999954.2 0 5374665005.4 -2746575581.4 0 5661097747 -2684633611 0 
-nan -nan 0 -5985703096.9 -2303920138.5 0 -5720117683.1 -2359656327.7 0 
-5431653815.3 -2413679170.4 0 -5120429672.4 -2465571076.4 0 -4791265442.1 -2514934375.2 0 
-4447613723.2 -2561410076.7 0 -4091996001.1 -2604737067.2 0 -3726546739.3 -2644682348.2 0 
-3352993415.7 -2681030285.1 0 -2972637980.2 -2713620124.1 0 -2586568287 -2742367065.8 0 
-2195928521.8 -2767120733.5 0 -1801553905.4 -2787834561.6 0 -1404234950.8 -2804477162.3 0 
-1004671519.3 -2816951669.1 0 -603604704.95 -2825285161.2 0 -201607556.28 -2829442131.9 0 
200671117.31 -2829433184.4 0 602703424.66 -2825239190.9 0 1003858818.1 -2816890583.5 0 
1403409944.2 -2804427602.8 0 1800756457.9 -2787861244.2 0 2195155390.1 -2767196505.9 0 
2585799409 -2742494553.3 0 2971896239.6 -2713799699.6 0 3352378702.6 -2681222785.9 0 
3726106017.3 -2644910306 0 4091603134.4 -2604936110.2 0 4447252142.7 -2561566165.5 0 
4791016313.9 -2515065866.4 0 5120273154.9 -2465710763.5 0 5431577920.1 -2413838986.9 0 
5720090348.2 -2359811328.2 0 -nan -nan 0 -6038048806.7 -1982772438.2 0 
-5771074746.8 -2030407638.8 0 -5480840327.7 -2076594378.7 0 -5167441513.2 -2120993743.3 0 
-4835762795.3 -2163224946.2 0 -4489359875.1 -2203019951 0 -4130708026.1 -2240143040.1 0 
-3762046537.5 -2274438179.4 0 -3385072623 -2305689629.2 0 -3001167072.3 -2333704083.9 0 
-2611486583.1 -2358410908.4 0 -2217107427.9 -2379751372.7 0 -1818940087.5 -2397615180.8 0 
-1417802257.9 -2411935489.2 0 -1014383646.3 -2422730160.3 0 -609420599.63 -2429937201.7 0 
-203531829.89 -2433510251.7 0 202640547.79 -2433474110.5 0 608551861.08 -2429856764.5 0 
1013530853.8 -2422685668.9 0 1416937784.6 -2411946280.9 0 1818103608.6 -2397649689.4 0 
2216286618 -2379825706.9 0 2610679529 -2358522555.2 0 3000411616.8 -2333817800.3 0 
3384429043.3 -2305810318.1 0 3761567658.4 -2274579062.5 0 4130340715.6 -2240337376.9 0 
4489024729.6 -2203158707.5 0 4835547930.1 -2163314963.7 0 5167304350.4 -2121052318.8 0 
5480765167.2 -2076689779.3 0 5771055148.5 -2030517563.9 0 -nan -nan 0 
-6082218400.6 -1657831025.3 0 -5814070376.2 -1697419975.3 0 -5522333340 -1735791180.7 0 
-5207144815 -1772675302.3 0 -4873379567.2 -1807853632.6 0 -4524651798.4 -1840991755.6 0 
-4163489480 -1871917805.5 0 -3792150883.2 -1900511501.9 0 -3412276743.3 -1926603563.6 0 
-3025386579.5 -1950020944.6 0 -2632642879.4 -1970689997.1 0 -2235117009.3 -1988517503.2 0 
-1833755339.4 -2003476447.1 0 -1429346756.3 -2015509212.1 0 -1022676332.2 -2024561168.9 0 
-614371874.77 -2030594132.5 0 -205155350.91 -2033593362.3 0 204325104.68 -2033568317.1 0 
613502774.99 -2030544910.2 0 1021758424.5 -2024535679.2 0 1428461686.3 -2015525136.7 0 
1832865665.7 -2003537940.1 0 2234283874.7 -1988612671.7 0 2631833025.9 -1970759462.7 0 
3024631147.6 -1950084862.4 0 3411633477.7 -1926658219.3 0 3791620117.6 -1900596953.6 0 
4163078634.4 -1872031437.1 0 4524355767.6 -1841103445.2 0 4873215716.8 -1807906004.8 0 
5207021202.7 -1772750060.9 0 5522272560.3 -1735877820.5 0 5814059684.6 -1697497499.6 0 
-nan -nan 0 -6118268875.3 -1329795511.5 0 -5849161431.2 -1361396127.6 0 
-5556190095.5 -1392032035.1 0 -5239566334.5 -1421484987.7 0 -4904119303.6 -1449570503 0 
-4553498704.6 -1476022151.6 0 -4190295662.8 -1500740422.2 0 -3816783542.2 -1523605331.2 0 
-3434618775.7 -1544499871.5 0 -3045282099 -1563323512.5 0 -2649991958.3 -1579917637.3 0 
-2249908674.1 -1594228740.1 0 -1845944430.7 -1606261998.2 0 -1438860594.5 -1615929167.2 0 
-1029485736.5 -1623199259.5 0 -618454959.84 -1628063974.2 0 -206495154.24 -1630488041.9 0 
205703932.56 -1630463322.7 0 617573903.48 -1628033868.3 0 1028541885.2 -1623205110 0 
1437929759.6 -1615958804.3 0 1845012884.8 -1606332804.5 0 2249072156.1 -1594319820 0 
2649218883 -1579979913.5 0 3044520409.3 -1563379374.4 0 3433945441.7 -1544580653.4 0 
3816250012.7 -1523691363.8 0 4189892675.8 -1500793854 0 4553195777.6 -1476034316.8 0 
4903995983.8 -1449553260.7 0 5239439881.5 -1421499455.9 0 5556161486.1 -1392060427.9 0 
5849157941.8 -1361432046 0 -nan -nan 0 -6146248045.4 -999328336.41 0 
-5876394017 -1022975861.1 0 -5582484317.9 -1045905298.1 0 -5264708919.9 -1067953115.8 0 
-4927990996.2 -1088953917.6 0 -4575921364.8 -1108799549.3 0 -4211149078.3 -1127322627.3 0 
-3835931124 -1144477862.6 0 -3452013543.1 -1160130370 0 -3060820695.4 -1174239787.8 0 
-2663530344.5 -1186728723.6 0 -2261475055.4 -1197525563.6 0 -1855461654.9 -1206599915 0 
-1446302290.3 -1213885043.3 0 -1034820025.5 -1219377269.9 0 -621667636.48 -1223049932.9 0 
-207523166.8 -1224858347.8 0 206778510.17 -1224852096.7 0 620760555.45 -1223029059.9 0 
1033837927.1 -1219371387.5 0 1445308805.7 -1213931892.9 0 1854508648.6 -1206686370.3 0 
2260624280.1 -1197652183.3 0 2662799269.1 -1186862162.1 0 3060066710.7 -1174329154.8 0 
3451349359.6 -1160173618 0 3835425479.8 -1144479520.5 0 4210778459.9 -1127287711.6 0 
4575634554.5 -1108704027 0 4927827335.2 -1088901993.8 0 5264612596.3 -1067935948.6 0 
5582452289.5 -1045905416.4 0 5876398389.7 -1022981962.6 0 -nan -nan 0 
-6166196687.9 -667067816.98 0 -5895807350.4 -682807693.4 0 -5601235857.3 -698077477.1 0 
-5282642641.5 -712774253.06 0 -4945002232 -726751755.09 0 -4591904262.4 -739928230.92 0 
-4226046717.7 -752267527.12 0 -3849622214.2 -763705580.5 0 -3464409326.1 -774145276.28 0 
-3071873095.7 -783505826.62 0 -2673279192.8 -791822609.55 0 -2269779573.3 -799066366.76 0 
-1862304725.4 -805126102.13 0 -1451637026.3 -810023946.05 0 -1038626667.5 -813668907.67 0 
-623954296.62 -816089107.51 0 -208322159.22 -817371489.74 0 207525987.69 -817422277.26 0 
623043134.76 -816207608.05 0 1037643842.6 -813767099.48 0 1450636294.7 -810105181.03 0 
1861309962.7 -805213560.65 0 2268870402.9 -799185176.78 0 2672548000.7 -791987258.23 0 
3071224441.3 -783621744.25 0 3463812335.4 -774161505.6 0 3849139775 -763680936.04 0 
4225697489.8 -752225744.25 0 4591641782.7 -739834909.85 0 4944816894.5 -726619168.9 0 
5282559543.3 -712650953.03 0 5601193553.3 -698008206.08 0 5895829967.9 -682751449.93 0 
-nan -nan 0 -6178148236.9 -333625563.62 0 -5907437787.4 -341481472.43 0 
-5612467773.7 -349092648.31 0 -5293403211.2 -356419782.35 0 -4955186871.2 -363431487.4 0 
-4601482902.1 -370015079.26 0 -4234974075.3 -376164022.47 0 -3857840435.7 -381874838.14 0 
-3471818030.1 -387067624.72 0 -3078496486.7 -391735141.46 0 -2679127708.3 -395880927.84 0 
-2274774022.5 -399496357.98 0 -1866405636.4 -402535353.65 0 -1454868495.2 -404984797.01 0 
-1040913483.2 -406867838.81 0 -625344920.81 -408107100.47 0 -208860004.28 -408774168.32 0 
207954621.97 -408836538.64 0 624426469.02 -408228751.82 0 1039958262 -406981463.12 0 
1453863496.2 -405099252.06 0 1865414270.7 -402656589.2 0 2273866360.2 -399600739.39 0 
2678385179.9 -395960611.09 0 3077895769.6 -391787372.6 0 3471292878.6 -387072147.56 0 
3857365081 -381828488.83 0 4234651822.9 -376090027.02 0 4601251504 -369879470.64 0 
4955027987 -363258611.92 0 5293305001.3 -356287623.54 0 5612441079.1 -348955436.22 0 
5907464152.8 -341327413.17 0 -nan -nan 0 -6182122804.8 404180.79768 0 
-5911303052.6 415167.55877 0 -5616191044.6 427207.10696 0 -5296956923.5 443044.23958 0 
-4958585732.7 462887.17012 0 -4604672062.2 483210.71236 0 -4237920887.8 515728.31085 0 
-3860557244.6 556356.182 0 -3474283144.5 564195.66793 0 -3080689075.9 568367.19748 0 
-2681061484.7 583987.91405 0 -2276453973.4 574774.68697 0 -1867799734.1 546188.80174 0 
-1455960791.7 522677.35968 0 -1041714267.8 502451.46577 0 -625851976.06 447168.71312 0 
-209061368.2 400064.23422 0 208061955.4 365571.35303 0 624906099.85 338253.9893 0 
1040764717 389122.12789 0 1454953932 421463.13614 0 1866810043 467967.92693 0 
2275571167.1 510578.59542 0 2680343304 509468.76015 0 3080126362.3 535939.46375 0 
3473794953.9 550673.44134 0 3860128797.5 581147.01555 0 4237639422.4 605308.17968 0 
4604481428.2 644689.05139 0 4958451698.2 694001.28357 0 5296898314.8 720858.15622 0 
5616180013.3 684545.10071 0 5911322172.2 636749.25969 0 -nan -nan 0 
-6178127928.2 334436616.78 0 -5907419734.4 342312033.3 0 -5612434649.1 349934376.99 0 
-5293348946.2 357266886.37 0 -4955139473.2 364292787.44 0 -4601428742.2 370968023.96 0 
-4234920803.4 377217762.67 0 -3857804412.4 382948410.25 0 -3471801093.7 388192928.7 0 
-3078462055.5 392888801.56 0 -2679128731 397026790.83 0 -2274816316.6 400597844.82 0 
-1866455644.5 403611385.08 0 -1454924454.4 406007332.69 0 -1041002283.5 407782044.64 0 
-625422116.32 408969176.88 0 -208933458.67 409581418.76 0 207870090.76 409564425.28 0 
624475851.36 408957270.86 0 1040033086.1 407743822.58 0 1453932801.4 405942006.16 0 
1865519039.5 403585794.67 0 2273947058.9 400635405.45 0 2678403487.5 397081878.57 0 
3077910433.2 392891276.86 0 3471336324.1 388215852.06 0 3857429074.2 383045553.03 0 
4234697246 377355797.81 0 4601335011.2 371222393.04 0 4955099128.5 364663320.47 0 
5293299138.7 357666982.37 0 5612386516.2 350279007.77 0 5907417945.8 342586397.53 0 
-nan -nan 0 -6166151859.5 667888591.18 0 -5895776371.2 683656821.78 0 
-5601205440.4 698931903.17 0 -5282554416.3 713622722.68 0 -4944875347.6 727632734.48 0 
-4591764576.4 740900102.88 0 -4225948435.9 753334277.23 0 -3849561622.8 764824322.84 0 
-3464349878.8 775278702.07 0 -3071856230.9 784643774.81 0 -2673334137.2 792914036.76 0 
-2269869873.2 800103337.85 0 -1862390763.4 806104332.45 0 -1451786227.1 810899334.65 0 
-1038746787.5 814534519.19 0 -624052673.83 816959534.71 0 -208481837.32 818157891.93 0 
207429605.46 818175082.78 0 623082100.3 816954863.44 0 1037767821.2 814519804.48 0 
1450788008.7 810916112.76 0 1861506019.8 806124309.43 0 2269060177.9 800175342.75 0 
2672600081.7 793052658.4 0 3071278409.7 784796769.58 0 3463964808.6 775468209.99 0 
3849266238.8 765065404.27 0 4225776752.3 753669352.7 0 4591751920.8 741295009.95 0 
4944886159.4 728056158.45 0 5282508267.7 714017112.79 0 5601095919.9 699270009.83 0 
5895711827.3 683937079.26 0 -nan -nan 0 -6146166048.9 1000157452.1 0 
-5876320743.4 1023856885.2 0 -5582419418.5 1046842244 0 -5264612123.6 1068911378.8 0 
-4927805966.5 1089898894.1 0 -4575718816.8 1109763303.1 0 -4211019585.6 1128347605.8 0 
-3835849403.6 1145520834.9 0 -3451954393.4 1161183173.5 0 -3060823038.9 1175256514.2 0 
-2663660752.6 1187694680.5 0 -2261621170.4 1198428136.3 0 -1855636738.3 1207431723.8 0 
-1446516319.5 1214671328.6 0 -1034947091.8 1220096067.8 0 -621800598.64 1223737291.4 0 
-207728634.96 1225544402.6 0 206689142.2 1225557873.2 0 620804185.59 1223748338.2 0 
1033989796.8 1220130029.9 0 1445546667.6 1214716280.4 0 1854787998.4 1207522710.4 0 
2260900662.2 1198604929.2 0 2662993129.6 1187979021.2 0 3060297740.2 1175633729 0 
3451590803.5 1161584168 0 3835620810.9 1145949508.9 0 4210900164.3 1128808724.6 0 
4575695943.6 1110230708.3 0 4927782660.9 1090298338.9 0 5264500345.7 1069191782.8 0 
5582285023.3 1047083927.9 0 5876222536.9 1024095773.1 0 -nan -nan 0 
-6118142979.8 1330616826.9 0 -5849032917.4 1362264732.9 0 -5556070022.9 1392953001.6 0 
-5239393348.8 1422456784.5 0 -4903962143.4 1450520257.1 0 -4553299643.9 1476984185.4 0 
-4190186246.6 1501713252 0 -3816697383.8 1524551909.9 0 -3434605530.7 1545405379.2 0 
-3045351487.7 1564148261.1 0 -2650151400.1 1580702498.7 0 -2250105846.9 1594999099.3 0 
-1846155268.3 1606995554.7 0 -1439111572.9 1616650828.5 0 -1029645950.8 1623907819.1 0 
-618626283.41 1628755087.2 0 -206646383.48 1631189912.1 0 205652298.27 1631211667.3 0 
617649702.76 1628823957.1 0 1028691566.4 1623985160.1 0 1438184316.7 1616761416.4 0 
1845391495.6 1607182968.4 0 2249514603.4 1595307530.8 0 2649602548.1 1581124798.3 0 
3044873751.7 1564646547.8 0 3434250736.6 1545929102.3 0 3816469905.2 1525081460.4 0 
4190035728.5 1502194029 0 4553215732.9 1477414966.3 0 4903821127 1450874279.6 0 
5239259239.3 1422737085.9 0 5555923335 1393183675.8 0 5848941673.2 1362493145.4 0 
-nan -nan 0 -6082052995.4 1658630592.8 0 -5813895107 1698259326.3 0 
-5522135601.9 1736681810 0 -5206941684.9 1773602679.2 0 -4873225142.6 1808732858.1 0 
-4524465708.5 1841875758.7 0 -4163407052.5 1872814736.2 0 -3792129185.9 1901364220 0 
-3412338582.8 1927373398.5 0 -3025500774.5 1950760071.3 0 -2632806642.9 1971415527.7 0 
-2235333220.2 1989246106.1 0 -1833986397.8 2004188726.8 0 -1429570333.6 2016234186.4 0 
-1022841117 2025333720.1 0 -614546240.36 2031375800.6 0 -205259833.81 2034416259.2 0 
204306738.03 2034434107.4 0 613575773.96 2031409211 0 1021944588.7 2025420502.4 0 
1428764325.4 2016461989 0 1833340750 2004573746.3 0 2234803938.7 1989677384.3 0 
2632325335.6 1971879301.1 0 3025072122.8 1951268795.9 0 3412002747.8 1927921866.7 0 
3791860144.6 1901894549.3 0 4163196736.6 1873302614.3 0 4524300648.4 1842305128.2 0 
4873031980.3 1809110597.1 0 5206760252.9 1773924802.5 0 5521995836.1 1736979499.6 0 
5813800628.4 1698536344.5 0 -nan -nan 0 -6037851999.3 1983544160.6 0 
-5770873270.5 2031204980.3 0 -5480606107.1 2077386138 0 -5167207204.4 2121778453.4 0 
-4835606906 2164016792.4 0 -4489181890 2203831062.1 0 -4130670401.1 2240960105.3 0 
-3762100273.5 2275205333.8 0 -3385170192.5 2306414453.5 0 -3001283981 2334434033.5 0 
-2611647496.4 2359177222.6 0 -2217337941.8 2380475785 0 -1819174269.3 2398326547.8 0 
-1417965057.1 2412702738.8 0 -1014534777 2423521754.8 0 -609538251.1 2430767909 0 
-203601181.79 2434396514.6 0 202660990.5 2434404058.9 0 608654820.35 2430872176 0 
1013733012.4 2423727912.9 0 1417309589.4 2413013032.7 0 1818599055.3 2398718416.6 0 
2216822424 2380886543.6 0 2611226010.7 2359598745.6 0 3000896272.4 2334931188.2 0 
3384834986.8 2306934178.5 0 3761802145 2275715374.4 0 4130388079.8 2241423102.6 0 
4488954991.7 2204230312.6 0 4835377567.9 2164384484.4 0 5167045865.3 2122138764.3 0 
5480454068.3 2077733040.5 0 5770740334.5 2031496386.5 0 -nan -nan 0 
-5985477539.1 2304665103 0 -5719899072 2360432357.9 0 -5431428726.4 2414470864.4 0 
-5120174504.9 2466340096.6 0 -4791075769.6 2515679372.2 0 -4447474656.2 2562164039.7 0 
-4091980925.4 2605503493.4 0 -3726638576.6 2645455105.9 0 -3353064741.9 2681809252.3 0 
-2972729706.3 2714440123.5 0 -2586768616.7 2743149372.7 0 -2196190120.6 2767886402.7 0 
-1801764950.4 2788585042.8 0 -1404367589.2 2805218999.6 0 -1004784936.2 2817729532.1 0 
-603654129.74 2826130010 0 -201636540.04 2830347978.5 0 200760525.71 2830386588.4 0 
602912410.68 2826285947.9 0 1004098537.6 2818024983.4 0 1403764471.5 2805575066.9 0 
1801199413.8 2788953326.5 0 2195659291 2768214942.3 0 2586356097.8 2743460921.3 0 
2972399727.5 2714770708.2 0 3352775124 2682198179.8 0 3726324508.1 2645865285.4 0 
4091665029.1 2605925893.6 0 4447171886.3 2562586190.1 0 4790855690.3 2516079964 0 
5120012789.1 2466704506.9 0 5431243368.5 2414766193.2 0 5719740663.5 2360700504.2 0 
-nan -nan 0 -5924857175.5 2621244926.3 0 -5660900029.9 2685189275.5 0 
-5374529679.7 2747138199.5 0 -5065847679.5 2806544148.2 0 -4739640674.6 2862998408 0 
-4399298341.1 2916180016.4 0 -4047351581.5 2965708069.1 0 -3685781201.7 3011283108.1 0 
-3316156863.9 3052689149.5 0 -2939932318.7 3089788816.3 0 -2558193690.8 3122441309.3 0 
-2171890157.1 3150580661 0 -1781845723.9 3174105944.1 0 -1388813135.3 3192958783.4 0 
-993638141.36 3207169086.8 0 -596919800.48 3216640669.1 0 -199374791.39 3221417219.2 0 
198599967.16 3221462775.5 0 596288605.93 3216754622.2 0 993027495.06 3207324062 0 
1388252629.6 3193189390.7 0 1781256204.8 3174365540.7 0 2171328368.5 3150852287.9 0 
2557796263 3122733078.9 0 2939631740.1 3090071625.7 0 3315902866.7 3052993740.2 0 
3685481663.1 3011592801.7 0 4047049965.7 2966050121.2 0 4399011982.2 2916560850 0 
4739392970.9 2863390433.3 0 5065627729.7 2806865599.3 0 5374320156.4 2747404320.8 0 
5660736913.6 2685442863.8 0 -nan -nan 0 -5855914638.4 2932474503.5 0 
-5593815472.4 3004666876.2 0 -5309879303.8 3074559517 0 -5004148086.7 3141551257.4 0 
-4681316235.1 3205163306.4 0 -4344703063.4 3264978723.6 0 -3996843914.1 3320610542.4 0 
-3639610293.1 3371752075 0 -3274531843.2 3418151703.7 0 -2902981848.1 3459628702.4 0 
-2525980708.6 3496137361.1 0 -2144528878.5 3527568620.3 0 -1759396936.8 3553839604.5 0 
-1371328806.9 3574886792.8 0 -981120847.7 3590679138.3 0 -589403773.27 3601214738.7 0 
-196825099.05 3606497019.9 0 196097391.7 3606512799.5 0 588783208.38 3601218863.2 0 
980560791.29 3590716219.4 0 1370822828.1 3574966641.1 0 1758856569.2 3553951977.8 0 
2144016566 3527737699.9 0 2525586382.9 3496338898.4 0 2902666612.4 3459852666 0 
3274276140 3418346248.3 0 3639340596.7 3371964779.6 0 3996573032.2 3320881101 0 
4344444779.2 3265290116.7 0 4681045091.2 3205498895.7 0 5003906761.6 3141880495.7 0 
5309659031.6 3074828689.8 0 5593644783.6 3004913490.7 0 -nan -nan 0 
-5778563596.3 3237472904.7 0 -5518577416.8 3318002042.3 0 -5237424909.9 3395916026.3 0 
-4935048044.3 3470556900 0 -4616098996.3 3541302610.4 0 -4283795503.7 3607675360.8 0 
-3940563915.1 3669302633.2 0 -3588225874.7 3725853686.4 0 -3228280833.6 3777093181 0 
-2861968102.5 3822874386.6 0 -2490261621.9 3863080444.4 0 -2114213421.8 3897662468.7 0 
-1734557544 3926545623.2 0 -1352009245.2 3949654137.2 0 -967319777.44 3966960095.7 0 
-581113294.96 3978513828.4 0 -194037968.63 3984315907.7 0 193317555.66 3984328155.7 0 
580500662.36 3978546401.9 0 966797113.96 3967008272.8 0 1351494087.7 3949678761.4 0 
1734043466.3 3926562048.8 0 2113752046.2 3897723829.8 0 2489895671.4 3863175842.1 0 
2861653219.8 3822972589.6 0 3228015754.7 3777208278 0 3588003382.7 3725988461.8 0 
3940329077.4 3669480148.7 0 4283544920.4 3607903527.6 0 4615872910.6 3541562705.8 0 
4934824342.5 3470855466.6 0 5237170673.6 3396216536.4 0 5518395320.5 3318261273.6 0 
-nan -nan 0 -5692703707.7 3535257107.4 0 -5435098773.1 3624221623.8 0 
-5157122670.8 3710225240.5 0 -4858562658.2 3792450997.7 0 -4544059847.2 3870256686.9 0 
-4216656989.7 3943107735 0 -3878643179.4 4010581542.8 0 -3531815519.3 4072363885.4 0 
-3177543301.3 4128268496.6 0 -2817020687.4 4178139142 0 -2451233377.2 4221884179.7 0 
-2081107107.4 4259429288.4 0 -1707435782.6 4290760487.4 0 -1330930876.2 4315835610.3 0 
-952261261.03 4334637585.6 0 -572067775.12 4347188319.6 0 -191002262.7 4353472906.6 0 
190320951.33 4353496353.3 0 571490448.41 4347259047.7 0 951721405.07 4334732927.8 0 
1330406335.3 4315914031.5 0 1706927810 4290837411.5 0 2080674667.4 4259507683.6 0 
2450859891.3 4221969369.1 0 2816710222.2 4178210992.8 0 3177299772.1 4128329701.2 0 
3531609621.4 4072439839.4 0 3878473591.4 4010694971.3 0 4216472586.2 3943315127 0 
4543873184.1 3870538230.3 0 4858373712.2 3792733884.8 0 5156855687 3710474254.9 0 
5434887706.6 3624455299.6 0 -nan -nan 0 -5598228178.5 3824705111.4 0 
-5343300851.1 3922193200.6 0 -5068938673.6 4016311640.6 0 -4774825119.5 4106105632.9 0 
-4465334500.5 4190787970.3 0 -4143451129.9 4269904614.1 0 -3811316437.1 4342983322.8 0 
-3470569826.9 4409765267.8 0 -3122559666.4 4470076026 0 -2768373267.5 4523801572.8 0 
-2409030447 4570872051.8 0 -2045375908.8 4611230713.8 0 -1678183204.4 4644865851 0 
-1308183706.6 4671766493.9 0 -935990830.7 4691965354 0 -562282670.59 4705449378.7 0 
-187737418.63 4712206904.4 0 187100650.06 4712221684.1 0 561759905.81 4705516497.3 0 
935468346.51 4692072949.4 0 1307654031.9 4671894651.4 0 1677675956.3 4644980969.8 0 
2044922485.6 4611330437.1 0 2408657635.1 4570963371.7 0 2768059375.8 4523890389.8 0 
3122311698.2 4470159734.9 0 3470375983.3 4409866820.2 0 3811188014.6 4343108346.2 0 
4143337518.6 4270071883.4 0 4465191063.7 4191002879.3 0 4774616761.8 4106290289.7 0 
5068677413.9 4016498354.1 0 5343094305.3 3922393477.2 0 -nan -nan 0 
-5495029994.6 4104515923.4 0 -5243141952.3 4210600718.2 0 -4972943386.5 4312794700.9 0 
-4683936588.6 4409992968.5 0 -4380149952.5 4501389204.4 0 -4064450108.3 4586453446.9 0 
-3738842972.9 4664831197.4 0 -3404782517 4736269360.8 0 -3063582796.9 4800674796.5 0 
-2716304801.6 4857946774.9 0 -2363888966 4908043961.5 0 -2007172697.4 4950987528.7 0 
-1646941659.8 4986765191.8 0 -1283871047.3 5015403051.9 0 -918618246.32 5036862702.6 0 
-551848283.62 5051164057.7 0 -184254654.11 5058306920.7 0 183644760.26 5058316539.8 0 
551355765.76 5051184027.5 0 918125931.19 5036892168.7 0 1283361605.4 5015465636.9 0 
1646433796.9 4986880863.8 0 2006720594.1 4951120160.4 0 2363511796.4 4908187857.9 0 
2715981951.3 4858079753.9 0 3063352558.5 4800834189.7 0 3404606544.1 4736433379.9 0 
3738711978.7 4664973413.1 0 4064361497.8 4586590689.4 0 4380026718.5 4501525771.6 0 
4683719281.5 4410127066.1 0 4972718923.3 4312945314.2 0 5242939769 4210778113.8 0 
-nan -nan 0 -5383000237.6 4373138958.2 0 -5134617264.3 4487870677.8 0 
-4869279979.9 4598023012.7 0 -4586123688.6 4702357593.9 0 -4288845053.1 4800051482.4 0 
-3980067253.7 4890625978.8 0 -3661599242.1 4973835569.6 0 -3334836743.5 5049521316.6 0 
-3000984328.7 5117599999.7 0 -2661116494.4 5178056877.7 0 -2316088156.5 5230885724.4 0 
-1966725748.5 5276132472.7 0 -1613859931.4 5313829540.9 0 -1258154810.4 5343953665 0 
-900272555.25 5366526845.2 0 -540862312.01 5381543376.1 0 -180580699.26 5389052578.3 0 
180008168.98 5389075194.4 0 540335619.94 5381577388.5 0 899801291.62 5366560711.6 0 
1257690784.8 5344014349.4 0 1613412955 5313938836.4 0 1966306550.4 5276315286.8 0 
2315717148 5231079315.2 0 2660801211 5178249753.5 0 3000751369.7 5117787838.5 0 
3334631534.7 5049686743.5 0 3661453218.9 4973984127.2 0 3979943417 4890750209.5 0 
4288739535.1 4800162169.7 0 4585930939.5 4702471432.5 0 4869092440.4 4598173964.2 0 
5134424162.5 4488026037.2 0 -nan -nan 0 -5262033585.7 4628639667.8 0 
-5017813091.4 4751993598.3 0 -4758262520.6 4869795836.5 0 -4481888754.4 4980704939.6 0 
-4191979473.3 5084050101.7 0 -3890831194.6 5179497013.8 0 -3580118305.5 5266929822.6 0 
-3261183379.7 5346288506.8 0 -2935186479.9 5417566507.3 0 -2603144301.6 5480796517 0 
-2265931911.5 5536023718.7 0 -1924352634 5583255553 0 -1579216805.9 5622534592.5 0 
-1231243443.1 5653920015.7 0 -881072766.42 5677435096.5 0 -529357383.14 5693094603.9 0 
-176732130.24 5700927105.8 0 176202637.46 5700950352 0 528855420.91 5693159732.8 0 
880613681.47 5677519940.7 0 1230806918.5 5654024769.9 0 1578815037.8 5622661847.9 0 
1923959950.8 5583403985.2 0 2265569157.3 5536193857 0 2602839828.7 5480994232.9 0 
2934938632.8 5417758529.4 0 3260972834 5346472442.4 0 3579944203.9 5267103640.4 0 
3890683759.3 5179666876.7 0 4191854387.7 5084199233.9 0 4481728522.6 4980851468 0 
4758092344 4869931672.2 0 5017631801.4 4752136764.1 0 -nan -nan 0 
-nan -nan 0 -nan -nan 0 -nan -nan 0 
-nan -nan 0 -nan -nan 0 -nan -nan 0 
-nan -nan 0 -nan -nan 0 -nan -nan 0 
-nan -nan 0 -nan -nan 0 -nan -nan 0 
-nan -nan 0 -nan -nan 0 -nan -nan 0 
-nan -nan 0 -nan -nan 0 -nan -nan 0 
-nan -nan 0 -nan -nan 0 -nan -nan 0 
-nan -nan 0 -nan -nan 0 -nan -nan 0 
-nan -nan 0 -nan -nan 0 -nan -nan 0 
-nan -nan 0 -nan -nan 0 -nan -nan 0 
-nan -nan 0 -nan -nan 0 -nan -nan 0 
-nan -nan 0 -4993172422.9 5096022236.3 0 -4761457497.1 5234820393.8 0 
-4517482266.9 5364536988.4 0 -4257764915.7 5485053089.7 0 -3984904809.8 5596434096.4 0 
-3700854681.8 5698777320.1 0 -3407181462.5 5792188398.4 0 -3105195930.9 5876769578.9 0 
-2796030493.4 5952615869.7 0 -2480686135.3 6019814026.2 0 -2160064617.9 6078439837.6 0 
-1834996047 6128557570.6 0 -1506256711.4 6170225788.8 0 -1174574537.3 6203498758 0 
-840637330.68 6228420419.7 0 -505106239.33 6245022723.3 0 -168624331.5 6253327533.4 0 
168177339.47 6253345548.9 0 504670875.14 6245074401.4 0 840221348.35 6228500139.6 0 
1174181057 6203601143.5 0 1505886466 6170347293.3 0 1834649643 6128696880.2 0 
2159745603.8 6078596108.8 0 2480399550.4 6019983118.1 0 2795777836.7 5952790599.3 0 
3104974248.5 5876943781.6 0 3406986020.3 5792358003.9 0 3700679648.4 5698939690.6 0 
3984742631.5 5596588232.3 0 4257608368.3 5485200582.4 0 4517328030.2 5364678960.4 0 
4761306524.4 5234962946.6 0 -nan -nan 0 
radius 1 1838 double
2e-05 2e-05 2e-05 2e-05 2e-05 2e-05 2e-05 2e-05 2e-05 
2e-05 2e-05 2e-05 2e-05 2e-05 2e-05 2e-05 2e-05 2e-05 
2e-05 2e-05 2e-05 2e-05 2e-05 2e-05 2e-05 2e-05 2e-05 
2e-05 2e-05 2e-05 2e-05 2e-05 2e-05 2e-05 2e-05 2e-05 
2e-05 2e-05 2e-05 2e-05 2e-05 2e-05 2e-05 2e-05 2e-05 
2e-05 2e-05 2e-05 2e-05 2e-05 2e-05 2e-05 2e-05 2e-05 
2e-05 2e-05 2e-05 2e-05 2e-05 2e-05 2e-05 2e-05 2e-05 
2e-05 2e-05 2e-05 2e-05 2e-05 2e-05 2e-05 2e-05 2e-05 
2e-05 2e-05 2e-05 2e-05 2e-05 2e-05 2e-05 2e-05 2e-05 
2e-05 2e-05 2e-05 2e-05 2e-05 2e-05 2e-05 2e-05 2e-05 
2e-05 2e-05 7.5e-05 2e-05 2e-05 2e-05 2e-05 2e-05 2e-05 
2e-05 2e-05 2e-05 2e-05 2e-05 2e-05 2e-05 2e-05 2e-05 
2e-05 2e-05 2e-05 2e-05 2e-05 2e-05 2e-05 2e-05 2e-05 
2e-05 2e-05 7.5e-05 2e-05 2e-05 2e-05 2e-05 2e-05 2e-05 
2e-05 2e-05 2e-05 2e-05 2e-05 2e-05 2e-05 2e-05 2e-05 
2e-05 2e-05 2e-05 2e-05 2e-05 2e-05 2e-05 2e-05 2e-05 
2e-05 2e-05 2e-05 2e-05 2e-05 2e-05 2e-05 2e-05 2e-05 
2e-05 2e-05 2e-05 2e-05 2e-05 2e-05 2e-05 2e-05 2e-05 
2e-05 2e-05 2e-05 2e-05 2e-05 2e-05 2e-05 2e-05 2e-05 
7.5e-05 2e-05 2e-05 2e-05 2e-05 2e-05 2e-05 2e-05 2e-05 
2e-05 2e-05 2e-05 2e-05 2e-05 2e-05 2e-05 2e-05 2e-05 
2e-05 2e-05 2e-05 2e-05 2e-05 2e-05 2e-05 2e-05 2e-05 
2e-05 2e-05 2e-05 2e-05 2e-05 2e-05 2e-05 2e-05 2e-05 
2e-05 2e-05 2e-05 2e-05 2e-05 2e-05 2e-05 2e-05 7.5e-05 
2e-05 2e-05 2e-05 2e-05 2e-05 2e-05 2e-05 2e-05 2e-05 
2e-05 7.5e-05 2e-05 2e-05 2e-05 2e-05 2e-05 2e-05 2e-05 
2e-05 2e-05 2e-05 2e-05 2e-05 2e-05 2e-05 2e-05 2e-05 
2e-05 2e-05 2e-05 2e-05 2e-05 2e-05 2e-05 7.5e-05 2e-05 
2e-05 2e-05 2e-05 7.5e-05 2e-05 2e-05 2e-05 2e-05 2e-05 
2e-05 2e-05 2e-05 2e-05 2e-05 2e-05 2e-05 2e-05 2e-05 
2e-05 2e-05 7.5e-05 2e-05 2e-05 2e-05 2e-05 2e-05 2e-05 
2e-05 2e-05 2e-05 2e-05 2e-05 2e-05 2e-05 2e-05 2e-05 
2e-05 2e-05 2e-05 2e-05 2e-05 2e-05 2e-05 2e-05 2e-05 
2e-05 2e-05 2e-05 2e-05 2e-05 2e-05 2e-05 2e-05 2e-05 
2e-05 2e-05 2e-05 2e-05 2e-05 2e-05 2e-05 2e-05 2e-05 
2e-05 2e-05 2e-05 2e-05 2e-05 2e-05 2e-05 2e-05 2e-05 
2e-05 2e-05 2e-05 2e-05 2e-05 2e-05 2e-05 2e-05 2e-05 
2e-05 2e-05 2e-05 2e-05 2e-05 2e-05 2e-05 2e-05 2e-05 
2e-05 2e-05 2e-05 2e-05 2e-05 2e-05 2e-05 2e-05 2e-05 
2e-05 2e-05 2e-05 2e-05 2e-05 2e-05 2e-05 2e-05 2e-05 
2e-05 2e-05 2e-05 2e-05 2e-05 2e-05 2e-05 2e-05 7.5e-05 
2e-05 2e-05 2e-05 2e-05 2e-05 2e-05 2e-05 2e-05 2e-05 
2e-05 2e-05 2e-05 2e-05 2e-05 2e-05 2e-05 2e-05 2e-05 
2e-05 2e-05 2e-05 2e-05 2e-05 2e-05 2e-05 2e-05 2e-05 
2e-05 2e-05 2e-05 2e-05 2e-05 2e-05 2e-05 2e-05 2e-05 
2e-05 2e-05 2e-05 2e-05 2e-05 2e-05 2e-05 2e-05 2e-05 
2e-05 2e-05 2e-05 2e-05 2e-05 2e-05 2e-05 2e-05 2e-05 
2e-05 2e-05 7.5e-05 2e-05 2e-05 2e-05 2e-05 2e-05 2e-05 
2e-05 2e-05 2e-05 2e-05 2e-05 2e-05 2e-05 2e-05 2e-05 
2e-05 2e-05 2e-05 2e-05 2e-05 2e-05 2e-05 2e-05 2e-05 
2e-05 2e-05 2e-05 2e-05 2e-05 2e-05 2e-05 2e-05 2e-05 
2e-05 2e-05 2e-05 2e-05 2e-05 2e-05 2e-05 2e-05 2e-05 
2e-05 7.5e-05 2e-05 7.5e-05 2e-05 2e-05 2e-05 2e-05 2e-05 
2e-05 2e-05 7.5e-05 2e-05 2e-05 2e-05 2e-05 2e-05 2e-05 
2e-05 2e-05 2e-05 2e-05 2e-05 2e-05 2e-05 2e-05 2e-05 
2e-05 2e-05 2e-05 2e-05 2e-05 2e-05 2e-05 2e-05 2e-05 
2e-05 2e-05 2e-05 2e-05 2e-05 2e-05 2e-05 2e-05 2e-05 
2e-05 2e-05 2e-05 2e-05 2e-05 2e-05 2e-05 2e-05 2e-05 
2e-05 2e-05 2e-05 2e-05 2e-05 2e-05 2e-05 2e-05 2e-05 
2e-05 2e-05 2e-05 2e-05 2e-05 2e-05 2e-05 2e-05 2e-05 
2e-05 2e-05 2e-05 2e-05 2e-05 2e-05 2e-05 2e-05 2e-05 
2e-05 2e-05 2e-05 2e-05 2e-05 2e-05 2e-05 2e-05 2e-05 
2e-05 2e-05 2e-05 2e-05 2e-05 2e-05 2e-05 2e-05 2e-05 
2e-05 2e-05 2e-05 2e-05 2e-05 2e-05 2e-05 2e-05 2e-05 
2e-05 2e-05 2e-05 2e-05 2e-05 2e-05 2e-05 2e-05 2e-05 
2e-05 2e-05 2e-05 2e-05 2e-05 2e-05 2e-05 2e-05 2e-05 
2e-05 2e-05 2e-05 2e-05 2e-05 2e-05 2e-05 2e-05 2e-05 
2e-05 7.5e-05 2e-05 2e-05 2e-05 0.00015 2e-05 2e-05 2e-05 
2e-05 7.5e-05 2e-05 2e-05 2e-05 2e-05 2e-05 2e-05 2e-05 
2e-05 2e-05 2e-05 2e-05 2e-05 2e-05 2e-05 2e-05 2e-05 
2e-05 2e-05 2e-05 2e-05 2e-05 2e-05 2e-05 2e-05 2e-05 
2e-05 2e-05 7.5e-05 2e-05 2e-05 2e-05 2e-05 7.5e-05 0.0003 
0.5 0.5 0.5 0.5 0.5 0.5 0.5 0.5 0.5 
0.5 0.5 0.5 0.5 0.5 0.5 0.5 0.5 0.5 
0.5 0.5 0.5 0.5 0.5 0.5 0.5 0.5 0.5 
0.5 0.5 0.5 0.5 0.5 0.5 0.5 0.5 0.5 
0.5 0.5 0.5 0.5 0.5 0.5 0.5 0.5 0.5 
0.5 0.5 0.5 0.5 0.5 0.5 0.5 0.5 0.5 
0.5 0.5 0.5 0.5 0.5 0.5 0.5 0.5 0.5 
0.5 0.5 0.5 0.5 0.5 0.5 0.5 0.5 0.5 
0.5 0.5 0.5 0.5 0.5 0.5 0.5 0.5 0.5 
0.5 0.5 0.5 0.5 0.5 0.5 0.5 0.5 0.5 
0.5 0.5 0.5 0.5 0.5 0.5 0.5 0.5 0.5 
0.5 0.5 0.5 0.5 0.5 0.5 0.5 0.5 0.5 
0.5 0.5 0.5 0.5 0.5 0.5 0.5 0.5 0.5 
0.5 0.5 0.5 0.5 0.5 0.5 0.5 0.5 0.5 
0.5 0.5 0.5 0.5 0.5 0.5 0.5 0.5 0.5 
0.5 0.5 0.5 0.5 0.5 0.5 0.5 0.5 0.5 
0.5 0.5 0.5 0.5 0.5 0.5 0.5 0.5 0.5 
0.5 0.5 0.5 0.5 0.5 0.5 0.5 0.5 0.5 
0.5 0.5 0.5 0.5 0.5 0.5 0.5 0.5 0.5 
0.5 0.5 0.5 0.5 0.5 0.5 0.5 0.5 0.5 
0.5 0.5 0.5 0.5 0.5 0.5 0.5 0.5 0.5 
0.5 0.5 0.5 0.5 0.5 0.5 0.5 0.5 0.5 
0.5 0.5 0.5 0.5 0.5 0.5 0.5 0.5 0.5 
0.5 0.5 0.5 0.5 0.5 0.5 0.5 0.5 0.5 
0.5 0.5 0.5 0.5 0.5 0.5 0.5 0.5 0.5 
0.5 0.5 0.5 0.5 0.5 0.5 0.5 0.5 0.5 
0.5 0.5 0.5 0.5 0.5 0.5 0.5 0.5 0.5 
0.5 0.5 0.5 0.5 0.5 0.5 0.5 0.5 0.5 
0.5 0.5 0.5 0.5 0.5 0.5 0.5 0.5 0.5 
0.5 0.5 0.5 0.5 0.5 0.5 0.5 0.5 0.5 
0.5 0.5 0.5 0.5 0.5 0.5 0.5 0.5 0.5 
0.5 0.5 0.5 0.5 0.5 0.5 0.5 0.5 0.5 
0.5 0.5 0.5 0.5 0.5 0.5 0.5 0.5 0.5 
0.5 0.5 0.5 0.5 0.5 0.5 0.5 0.5 0.5 
0.5 0.5 0.5 0.5 0.5 0.5 0.5 0.5 0.5 
0.5 0.5 0.5 0.5 0.5 0.5 0.5 0.5 0.5 
0.5 0.5 0.5 0.5 0.5 0.5 0.5 0.5 0.5 
0.5 0.5 0.5 0.5 0.5 0.5 0.5 0.5 0.5 
0.5 0.5 0.5 0.5 0.5 0.5 0.5 0.5 0.5 
0.5 0.5 0.5 0.5 0.5 0.5 0.5 0.5 0.5 
0.5 0.5 0.5 0.5 0.5 0.5 0.5 0.5 0.5 
0.5 0.5 0.5 0.5 0.5 0.5 0.5 0.5 0.5 
0.5 0.5 0.5 0.5 0.5 0.5 0.5 0.5 0.5 
0.5 0.5 0.5 0.5 0.5 0.5 0.5 0.5 0.5 
0.5 0.5 0.5 0.5 0.5 0.5 0.5 0.5 0.5 
0.5 0.5 0.5 0.5 0.5 0.5 0.5 0.5 0.5 
0.5 0.5 0.5 0.5 0.5 0.5 0.5 0.5 0.5 
0.5 0.5 0.5 0.5 0.5 0.5 0.5 0.5 0.5 
0.5 0.5 0.5 0.5 0.5 0.5 0.5 0.5 0.5 
0.5 0.5 0.5 0.5 0.5 0.5 0.5 0.5 0.5 
0.5 0.5 0.5 0.5 0.5 0.5 0.5 0.5 0.5 
0.5 0.5 0.5 0.5 0.5 0.5 0.5 0.5 0.5 
0.5 0.5 0.5 0.5 0.5 0.5 0.5 0.5 0.5 
0.5 0.5 0.5 0.5 0.5 0.5 0.5 0.5 0.5 
0.5 0.5 0.5 0.5 0.5 0.5 0.5 0.5 0.5 
0.5 0.5 0.5 0.5 0.5 0.5 0.5 0.5 0.5 
0.5 0.5 0.5 0.5 0.5 0.5 0.5 0.5 0.5 
0.5 0.5 0.5 0.5 0.5 0.5 0.5 0.5 0.5 
0.5 0.5 0.5 0.5 0.5 0.5 0.5 0.5 0.5 
0.5 0.5 0.5 0.5 0.5 0.5 0.5 0.5 0.5 
0.5 0.5 0.5 0.5 0.5 0.5 0.5 0.5 0.5 
0.5 0.5 0.5 0.5 0.5 0.5 0.5 0.5 0.5 
0.5 0.5 0.5 0.5 0.5 0.5 0.5 0.5 0.5 
0.5 0.5 0.5 0.5 0.5 0.5 0.5 0.5 0.5 
0.5 0.5 0.5 0.5 0.5 0.5 0.5 0.5 0.5 
0.5 0.5 0.5 0.5 0.5 0.5 0.5 0.5 0.5 
0.5 0.5 0.5 0.5 0.5 0.5 0.5 0.5 0.5 
0.5 0.5 0.5 0.5 0.5 0.5 0.5 0.5 0.5 
0.5 0.5 0.5 0.5 0.5 0.5 0.5 0.5 0.5 
0.5 0.5 0.5 0.5 0.5 0.5 0.5 0.5 0.5 
0.5 0.5 0.5 0.5 0.5 0.5 0.5 0.5 0.5 
0.5 0.5 0.5 0.5 0.5 0.5 0.5 0.5 0.5 
0.5 0.5 0.5 0.5 0.5 0.5 0.5 0.5 0.5 
0.5 0.5 0.5 0.5 0.5 0.5 0.5 0.5 0.5 
0.5 0.5 0.5 0.5 0.5 0.5 0.5 0.5 0.5 
0.5 0.5 0.5 0.5 0.5 0.5 0.5 0.5 0.5 
0.5 0.5 0.5 0.5 0.5 0.5 0.5 0.5 0.5 
0.5 0.5 0.5 0.5 0.5 0.5 0.5 0.5 0.5 
0.5 0.5 0.5 0.5 0.5 0.5 0.5 0.5 0.5 
0.5 0.5 0.5 0.5 0.5 0.5 0.5 0.5 0.5 
0.5 0.5 0.5 0.5 0.5 0.5 0.5 0.5 0.5 
0.5 0.5 0.5 0.5 0.5 0.5 0.5 0.5 0.5 
0.5 0.5 0.5 0.5 0.5 0.5 0.5 0.5 0.5 
0.5 0.5 0.5 0.5 0.5 0.5 0.5 0.5 0.5 
0.5 0.5 0.5 0.5 0.5 0.5 0.5 0.5 0.5 
0.5 0.5 0.5 0.5 0.5 0.5 0.5 0.5 0.5 
0.5 0.5 0.5 0.5 0.5 0.5 0.5 0.5 0.5 
0.5 0.5 0.5 0.5 0.5 0.5 0.5 0.5 0.5 
0.5 0.5 0.5 0.5 0.5 0.5 0.5 0.5 0.5 
0.5 0.5 0.5 0.5 0.5 0.5 0.5 0.5 0.5 
0.5 0.5 0.5 0.5 0.5 0.5 0.5 0.5 0.5 
0.5 0.5 0.5 0.5 0.5 0.5 0.5 0.5 0.5 
0.5 0.5 0.5 0.5 0.5 0.5 0.5 0.5 0.5 
0.5 0.5 0.5 0.5 0.5 0.5 0.5 0.5 0.5 
0.5 0.5 0.5 0.5 0.5 0.5 0.5 0.5 0.5 
0.5 0.5 0.5 0.5 0.5 0.5 0.5 0.5 0.5 
0.5 0.5 0.5 0.5 0.5 0.5 0.5 0.5 0.5 
0.5 0.5 0.5 0.5 0.5 0.5 0.5 0.5 0.5 
0.5 0.5 0.5 0.5 0.5 0.5 0.5 0.5 0.5 
0.5 0.5 0.5 0.5 0.5 0.5 0.5 0.5 0.5 
0.5 0.5 0.5 0.5 0.5 0.5 0.5 0.5 0.5 
0.5 0.5 0.5 0.5 0.5 0.5 0.5 0.5 0.5 
0.5 0.5 0.5 0.5 0.5 0.5 0.5 0.5 0.5 
0.5 0.5 0.5 0.5 0.5 0.5 0.5 0.5 0.5 
0.5 0.5 0.5 0.5 0.5 0.5 0.5 0.5 0.5 
0.5 0.5 0.5 0.5 0.5 0.5 0.5 0.5 0.5 
0.5 0.5 0.5 0.5 0.5 0.5 0.5 0.5 0.5 
0.5 0.5 0.5 0.5 0.5 0.5 0.5 0.5 0.5 
0.5 0.5 0.5 0.5 0.5 0.5 0.5 0.5 0.5 
0.5 0.5 0.5 0.5 0.5 0.5 0.5 0.5 0.5 
0.5 0.5 0.5 0.5 0.5 0.5 0.5 0.5 0.5 
0.5 0.5 0.5 0.5 0.5 0.5 0.5 0.5 0.5 
0.5 0.5 0.5 0.5 0.5 0.5 0.5 0.5 0.5 
0.5 0.5 0.5 0.5 0.5 0.5 0.5 0.5 0.5 
0.5 0.5 0.5 0.5 0.5 0.5 0.5 0.5 0.5 
0.5 0.5 0.5 0.5 0.5 0.5 0.5 0.5 0.5 
0.5 0.5 0.5 0.5 0.5 0.5 0.5 0.5 0.5 
0.5 0.5 0.5 0.5 0.5 0.5 0.5 0.5 0.5 
0.5 0.5 0.5 0.5 0.5 0.5 0.5 0.5 0.5 
0.5 0.5 0.5 0.5 0.5 0.5 0.5 0.5 0.5 
0.5 0.5 0.5 0.5 0.5 0.5 0.5 0.5 0.5 
0.5 0.5 0.5 0.5 0.5 0.5 0.5 0.5 0.5 
0.5 0.5 0.5 0.5 0.5 0.5 0.5 0.5 0.5 
0.5 0.5 0.5 0.5 0.5 0.5 0.5 0.5 0.5 
0.5 0.5 0.5 0.5 0.5 0.5 0.5 0.5 0.5 
0.5 0.5 0.5 0.5 0.5 0.5 0.5 0.5 0.5 
0.5 0.5 0.5 0.5 0.5 0.5 0.5 0.5 0.5 
0.5 0.5 0.5 0.5 0.5 0.5 0.5 0.5 0.5 
0.5 0.5 0.5 0.5 0.5 0.5 0.5 0.5 0.5 
0.5 0.5 0.5 0.5 0.5 0.5 0.5 0.5 0.5 
0.5 0.5 0.5 0.5 0.5 0.5 0.5 0.5 0.5 
0.5 0.5 0.5 0.5 0.5 0.5 0.5 0.5 0.5 
0.5 0.5 
omega 3 1838 double
0 0 0 0 0 0 0 0 0 
0 0 0 0 0 0 0 0 0 
0 0 0 0 0 0 0 0 0 
0 0 0 0 0 0 0 0 0 
0 0 0 0 0 0 0 0 0 
0 0 0 0 0 0 0 0 0 
0 0 0 0 0 0 0 0 0 
0 0 0 0 0 0 0 0 0 
0 0 0 0 0 0 0 0 0 
0 0 0 0 0 0 0 0 0 
0 0 0 0 0 0 0 0 0 
0 0 0 0 0 0 0 0 0 
0 0 0 0 0 0 0 0 0 
0 0 0 0 0 0 0 0 0 
0 0 0 0 0 0 0 0 0 
0 0 0 0 0 0 0 0 0 
0 0 0 0 0 0 0 0 0 
0 0 0 0 0 0 0 0 0 
0 0 0 0 0 0 0 0 0 
0 0 0 0 0 0 0 0 0 
0 0 0 0 0 0 0 0 0 
0 0 0 0 0 0 0 0 0 
0 0 0 0 0 0 0 0 0 
0 0 0 0 0 0 0 0 0 
0 0 0 0 0 0 0 0 0 
0 0 0 0 0 0 0 0 0 
0 0 0 0 0 0 0 0 0 
0 0 0 0 0 0 0 0 0 
0 0 0 0 0 0 0 0 0 
0 0 0 0 0 0 0 0 0 
0 0 0 0 0 0 0 0 0 
0 0 0 0 0 0 0 0 0 
0 0 0 0 0 0 0 0 0 
0 0 0 0 0 0 0 0 0 
0 0 0 0 0 0 0 0 0 
0 0 0 0 0 0 0 0 0 
0 0 0 0 0 0 0 0 0 
0 0 0 0 0 0 0 0 0 
0 0 0 0 0 0 0 0 0 
0 0 0 0 0 0 0 0 0 
0 0 0 0 0 0 0 0 0 
0 0 0 0 0 0 0 0 0 
0 0 0 0 0 0 0 0 0 
0 0 0 0 0 0 0 0 0 
0 0 0 0 0 0 0 0 0 
0 0 0 0 0 0 0 0 0 
0 0 0 0 0 0 0 0 0 
0 0 0 0 0 0 0 0 0 
0 0 0 0 0 0 0 0 0 
0 0 0 0 0 0 0 0 0 
0 0 0 0 0 0 0 0 0 
0 0 0 0 0 0 0 0 0 
0 0 0 0 0 0 0 0 0 
0 0 0 0 0 0 0 0 0 
0 0 0 0 0 0 0 0 0 
0 0 0 0 0 0 0 0 0 
0 0 0 0 0 0 0 0 0 
0 0 0 0 0 0 0 0 0 
0 0 0 0 0 0 0 0 0 
0 0 0 0 0 0 0 0 0 
0 0 0 0 0 0 0 0 0 
0 0 0 0 0 0 0 0 0 
0 0 0 0 0 0 0 0 0 
0 0 0 0 0 0 0 0 0 
0 0 0 0 0 0 0 0 0 
0 0 0 0 0 0 0 0 0 
0 0 0 0 0 0 0 0 0 
0 0 0 0 0 0 0 0 0 
0 0 0 0 0 0 0 0 0 
0 0 0 0 0 0 0 0 0 
0 0 0 0 0 0 0 0 0 
0 0 0 0 0 0 0 0 0 
0 0 0 0 0 0 0 0 0 
0 0 0 0 0 0 0 0 0 
0 0 0 0 0 0 0 0 0 
0 0 0 0 0 0 0 0 0 
0 0 0 0 0 0 0 0 0 
0 0 0 0 0 0 0 0 0 
0 0 0 0 0 0 0 0 0 
0 0 0 0 0 0 0 0 0 
0 0 0 0 0 0 0 0 0 
0 0 0 0 0 0 0 0 0 
0 0 0 0 0 0 0 0 0 
0 0 0 0 0 0 0 0 0 
0 0 0 0 0 0 0 0 0 
0 0 0 0 0 0 0 0 0 
0 0 0 0 0 0 0 0 0 
0 0 0 0 0 0 0 0 0 
0 0 0 0 0 0 0 0 0 
0 0 0 0 0 0 0 0 0 
0 0 0 0 0 0 0 0 0 
0 0 0 0 0 0 0 0 0 
0 0 0 0 0 0 0 0 0 
0 0 0 0 0 0 0 0 0 
0 0 0 0 0 0 0 0 0 
0 0 0 0 0 0 0 0 0 
0 0 0 0 0 0 0 0 0 
0 0 0 0 0 0 0 0 0 
0 0 0 0 0 0 0 0 0 
0 0 0 0 0 0 0 0 0 
0 0 0 0 0 0 0 0 0 
0 0 0 0 0 0 0 0 0 
0 0 0 0 0 0 0 0 0 
0 0 0 0 0 0 0 0 0 
0 0 0 0 0 0 0 0 0 
0 0 0 0 0 0 0 0 0 
0 0 0 0 0 0 0 0 0 
0 0 0 0 0 0 0 0 0 
0 0 0 0 0 0 0 0 0 
0 0 0 0 0 0 0 0 0 
0 0 0 0 0 0 0 0 0 
0 0 0 0 0 0 0 0 0 
0 0 0 0 0 0 0 0 0 
0 0 0 0 0 0 0 0 0 
0 0 0 0 0 0 0 0 0 
0 0 0 0 0 0 0 0 0 
0 0 0 0 0 0 0 0 0 
0 0 0 0 0 0 0 0 0 
0 0 0 0 0 0 0 0 0 
0 0 0 0 0 0 0 0 0 
0 0 0 0 0 0 0 0 0 
0 0 0 0 0 0 0 0 0 
0 0 0 0 0 0 0 0 0 
0 0 0 0 0 0 0 0 0 
0 0 0 0 0 0 0 0 0 
0 0 0 0 0 0 0 0 0 
0 0 0 0 0 0 0 0 0 
0 0 0 0 0 0 0 0 0 
0 0 0 0 0 0 0 0 0 
0 0 0 0 0 0 0 0 0 
0 0 0 0 0 0 0 0 0 
0 0 0 0 0 0 0 0 0 
0 0 0 0 0 0 0 0 0 
0 0 0 0 0 0 0 0 0 
0 0 0 0 0 0 0 0 0 
0 0 0 0 0 0 0 0 0 
0 0 0 0 0 0 0 0 0 
0 0 0 0 0 0 0 0 0 
0 0 0 0 0 0 0 0 0 
0 0 0 0 0 0 0 0 0 
0 0 0 0 0 0 0 0 0 
0 0 0 0 0 0 0 0 0 
0 0 0 0 0 0 0 0 0 
0 0 0 0 0 0 0 0 0 
0 0 0 0 0 0 0 0 0 
0 0 0 0 0 0 0 0 0 
0 0 0 0 0 0 0 0 0 
0 0 0 0 0 0 0 0 0 
0 0 0 0 0 0 0 0 0 
0 0 0 0 0 0 0 0 0 
0 0 0 0 0 0 0 0 0 
0 0 0 0 0 0 0 0 0 
0 0 0 0 0 0 0 0 0 
0 0 0 0 0 0 0 0 0 
0 0 0 0 0 0 0 0 0 
0 0 0 0 0 0 0 0 0 
0 0 0 0 0 0 0 0 0 
0 0 0 0 0 0 0 0 0 
0 0 0 0 0 0 0 0 0 
0 0 0 0 0 0 0 0 0 
0 0 0 0 0 0 0 0 0 
0 0 0 0 0 0 0 0 0 
0 0 0 0 0 0 0 0 0 
0 0 0 0 0 0 0 0 0 
0 0 0 0 0 0 0 0 0 
0 0 0 0 0 0 0 0 0 
0 0 0 0 0 0 0 0 0 
0 0 0 0 0 0 0 0 0 
0 0 0 0 0 0 0 0 0 
0 0 0 0 0 0 0 0 0 
0 0 0 0 0 0 0 0 0 
0 0 0 0 0 0 0 0 0 
0 0 0 0 0 0 0 0 0 
0 0 0 0 0 0 0 0 0 
0 0 0 0 0 0 0 0 0 
0 0 0 0 0 0 0 0 0 
0 0 0 0 0 0 0 0 0 
0 0 0 0 0 0 0 0 0 
0 0 0 0 0 0 0 0 0 
0 0 0 0 0 0 0 0 0 
0 0 0 0 0 0 0 0 0 
0 0 0 0 0 0 0 0 0 
0 0 0 0 0 0 0 0 0 
0 0 0 0 0 0 0 0 0 
0 0 0 0 0 0 0 0 0 
0 0 0 0 0 0 0 0 0 
0 0 0 0 0 0 0 0 0 
0 0 0 0 0 0 0 0 0 
0 0 0 0 0 0 0 0 0 
0 0 0 0 0 0 0 0 0 
0 0 0 0 0 0 0 0 0 
0 0 0 0 0 0 0 0 0 
0 0 0 0 0 0 0 0 0 
0 0 0 0 0 0 0 0 0 
0 0 0 0 0 0 0 0 0 
0 0 0 0 0 0 0 0 0 
0 0 0 0 0 0 0 0 0 
0 0 0 0 0 0 0 0 0 
0 0 0 0 0 0 0 0 0 
0 0 0 0 0 0 0 0 0 
0 0 0 0 0 0 0 0 0 
0 0 0 0 0 0 0 0 0 
0 0 0 0 0 0 0 0 0 
0 0 0 0 0 0 0 0 0 
0 0 0 0 0 0 0 0 0 
0 0 0 0 0 0 0 0 0 
0 0 0 0 0 0 0 0 0 
0 0 0 0 0 0 0 0 0 
0 0 0 0 0 0 0 0 0 
0 0 0 0 0 0 0 0 0 
0 0 0 0 0 0 0 0 0 
0 0 0 0 0 0 0 0 0 
0 0 0 0 0 0 0 0 0 
0 0 0 0 0 0 0 0 0 
0 0 0 0 0 0 0 0 0 
0 0 0 0 0 0 0 0 0 
0 0 0 0 0 0 0 0 0 
0 0 0 0 0 0 0 0 0 
0 0 0 0 0 0 0 0 0 
0 0 0 0 0 0 0 0 0 
0 0 0 0 0 0 0 0 0 
0 0 0 0 0 0 0 0 0 
0 0 0 0 0 0 0 0 0 
0 0 0 0 0 0 0 0 0 
0 0 0 0 0 0 0 0 0 
0 0 0 0 0 0 0 0 0 
0 0 0 0 0 0 0 0 0 
0 0 0 0 0 0 0 0 0 
0 0 0 0 0 0 0 0 0 
0 0 0 0 0 0 0 0 0 
0 0 0 0 0 0 0 0 0 
0 0 0 0 0 0 0 0 0 
0 0 0 0 0 0 0 0 0 
0 0 0 0 0 0 0 0 0 
0 0 0 0 0 0 0 0 0 
0 0 0 0 0 0 0 0 0 
0 0 0 0 0 0 0 0 0 
0 0 0 0 0 0 0 0 0 
0 0 0 0 0 0 0 0 0 
0 0 0 0 0 0 0 0 0 
0 0 0 0 0 0 0 0 0 
0 0 0 0 0 0 0 0 0 
0 0 0 0 0 0 0 0 0 
0 0 0 0 0 0 0 0 0 
0 0 0 0 0 0 0 0 0 
0 0 0 0 0 0 0 0 0 
0 0 0 0 0 0 0 0 0 
0 0 0 0 0 0 0 0 0 
0 0 0 0 0 0 0 0 0 
0 0 0 0 0 0 0 0 0 
0 0 0 0 0 0 0 0 0 
0 0 0 0 0 0 0 0 0 
0 0 0 0 0 0 0 0 0 
0 0 0 0 0 0 0 0 0 
0 0 0 0 0 0 0 0 0 
0 0 0 0 0 0 0 0 0 
0 0 0 0 0 0 0 0 0 
0 0 0 0 0 0 0 0 0 
0 0 0 0 0 0 0 0 0 
0 0 0 0 0 0 0 0 0 
0 0 0 0 0 0 0 0 0 
0 0 0 0 0 0 0 0 0 
0 0 0 0 0 0 0 0 0 
0 0 0 0 0 0 0 0 0 
0 0 0 0 0 0 0 0 0 
0 0 0 0 0 0 0 0 0 
0 0 0 0 0 0 0 0 0 
0 0 0 0 0 0 0 0 0 
0 0 0 0 0 0 0 0 0 
0 0 0 0 0 0 0 0 0 
0 0 0 0 0 0 0 0 0 
0 0 0 0 0 0 0 0 0 
0 0 0 0 0 0 0 0 0 
0 0 0 0 0 0 0 0 0 
0 0 0 0 0 0 0 0 0 
0 0 0 0 0 0 0 0 0 
0 0 0 0 0 0 0 0 0 
0 0 0 0 0 0 0 0 0 
0 0 0 0 0 0 0 0 0 
0 0 0 0 0 0 0 0 0 
0 0 0 0 0 0 0 0 0 
0 0 0 0 0 0 0 0 0 
0 0 0 0 0 0 0 0 0 
0 0 0 0 0 0 0 0 0 
0 0 0 0 0 0 0 0 0 
0 0 0 0 0 0 0 0 0 
0 0 0 0 0 0 0 0 0 
0 0 0 0 0 0 0 0 0 
0 0 0 0 0 0 0 0 0 
0 0 0 0 0 0 0 0 0 
0 0 0 0 0 0 0 0 0 
0 0 0 0 0 0 0 0 0 
0 0 0 0 0 0 0 0 0 
0 0 0 0 0 0 0 0 0 
0 0 0 0 0 0 0 0 0 
0 0 0 0 0 0 0 0 0 
0 0 0 0 0 0 0 0 0 
0 0 0 0 0 0 0 0 0 
0 0 0 0 0 0 0 0 0 
0 0 0 0 0 0 0 0 0 
0 0 0 0 0 0 0 0 0 
0 0 0 0 0 0 0 0 0 
0 0 0 0 0 0 0 0 0 
0 0 0 0 0 0 0 0 0 
0 0 0 0 0 0 0 0 0 
0 0 0 0 0 0 0 0 0 
0 0 0 0 0 0 0 0 0 
0 0 0 0 0 0 0 0 0 
0 0 0 0 0 0 0 0 0 
0 0 0 0 0 0 0 0 0 
0 0 0 0 0 0 0 0 0 
0 0 0 0 0 0 0 0 0 
0 0 0 0 0 0 0 0 0 
0 0 0 0 0 0 0 0 0 
0 0 0 0 0 0 0 0 0 
0 0 0 0 0 0 0 0 0 
0 0 0 0 0 0 0 0 0 
0 0 0 0 0 0 0 0 0 
0 0 0 0 0 0 0 0 0 
0 0 0 0 0 0 0 0 0 
0 0 0 0 0 0 0 0 0 
0 0 0 0 0 0 0 0 0 
0 0 0 0 0 0 0 0 0 
0 0 0 0 0 0 0 0 0 
0 0 0 0 0 0 0 0 0 
0 0 0 0 0 0 0 0 0 
0 0 0 0 0 0 0 0 0 
0 0 0 0 0 0 0 0 0 
0 0 0 0 0 0 0 0 0 
0 0 0 0 0 0 0 0 0 
0 0 0 0 0 0 0 0 0 
0 0 0 0 0 0 0 0 0 
0 0 0 0 0 0 0 0 0 
0 0 0 0 0 0 0 0 0 
0 0 0 0 0 0 0 0 0 
0 0 0 0 0 0 0 0 0 
0 0 0 0 0 0 0 0 0 
0 0 0 0 0 0 0 0 0 
0 0 0 0 0 0 0 0 0 
0 0 0 0 0 0 0 0 0 
0 0 0 0 0 0 0 0 0 
0 0 0 0 0 0 0 0 0 
0 0 0 0 0 0 0 0 0 
0 0 0 0 0 0 0 0 0 
0 0 0 0 0 0 0 0 0 
0 0 0 0 0 0 0 0 0 
0 0 0 0 0 0 0 0 0 
0 0 0 0 0 0 0 0 0 
0 0 0 0 0 0 0 0 0 
0 0 0 0 0 0 0 0 0 
0 0 0 0 0 0 0 0 0 
0 0 0 0 0 0 0 0 0 
0 0 0 0 0 0 0 0 0 
0 0 0 0 0 0 0 0 0 
0 0 0 0 0 0 0 0 0 
0 0 0 0 0 0 0 0 0 
0 0 0 0 0 0 0 0 0 
0 0 0 0 0 0 0 0 0 
0 0 0 0 0 0 0 0 0 
0 0 0 0 0 0 0 0 0 
0 0 0 0 0 0 0 0 0 
0 0 0 0 0 0 0 0 0 
0 0 0 0 0 0 0 0 0 
0 0 0 0 0 0 0 0 0 
0 0 0 0 0 0 0 0 0 
0 0 0 0 0 0 0 0 0 
0 0 0 0 0 0 0 0 0 
0 0 0 0 0 0 0 0 0 
0 0 0 0 0 0 0 0 0 
0 0 0 0 0 0 0 0 0 
0 0 0 0 0 0 0 0 0 
0 0 0 0 0 0 0 0 0 
0 0 0 0 0 0 0 0 0 
0 0 0 0 0 0 0 0 0 
0 0 0 0 0 0 0 0 0 
0 0 0 0 0 0 0 0 0 
0 0 0 0 0 0 0 0 0 
0 0 0 0 0 0 0 0 0 
0 0 0 0 0 0 0 0 0 
0 0 0 0 0 0 0 0 0 
0 0 0 0 0 0 0 0 0 
0 0 0 0 0 0 0 0 0 
0 0 0 0 0 0 0 0 0 
0 0 0 0 0 0 0 0 0 
0 0 0 0 0 0 0 0 0 
0 0 0 0 0 0 0 0 0 
0 0 0 0 0 0 0 0 0 
0 0 0 0 0 0 0 0 0 
0 0 0 0 0 0 0 0 0 
0 0 0 0 0 0 0 0 0 
0 0 0 0 0 0 0 0 0 
0 0 0 0 0 0 0 0 0 
0 0 0 0 0 0 0 0 0 
0 0 0 0 0 0 0 0 0 
0 0 0 0 0 0 0 0 0 
0 0 0 0 0 0 0 0 0 
0 0 0 0 0 0 0 0 0 
0 0 0 0 0 0 0 0 0 
0 0 0 0 0 0 0 0 0 
0 0 0 0 0 0 0 0 0 
0 0 0 0 0 0 0 0 0 
0 0 0 0 0 0 0 0 0 
0 0 0 0 0 0 0 0 0 
0 0 0 0 0 0 0 0 0 
0 0 0 0 0 0 0 0 0 
0 0 0 0 0 0 0 0 0 
0 0 0 0 0 0 0 0 0 
0 0 0 0 0 0 0 0 0 
0 0 0 0 0 0 0 0 0 
0 0 0 0 0 0 0 0 0 
0 0 0 0 0 0 0 0 0 
0 0 0 0 0 0 0 0 0 
0 0 0 0 0 0 0 0 0 
0 0 0 0 0 0 0 0 0 
0 0 0 0 0 0 0 0 0 
0 0 0 0 0 0 0 0 0 
0 0 0 0 0 0 0 0 0 
0 0 0 0 0 0 0 0 0 
0 0 0 0 0 0 0 0 0 
0 0 0 0 0 0 0 0 0 
0 0 0 0 0 0 0 0 0 
0 0 0 0 0 0 0 0 0 
0 0 0 0 0 0 0 0 0 
0 0 0 0 0 0 0 0 0 
0 0 0 0 0 0 0 0 0 
0 0 0 0 0 0 0 0 0 
0 0 0 0 0 0 0 0 0 
0 0 0 0 0 0 0 0 0 
0 0 0 0 0 0 0 0 0 
0 0 0 0 0 0 0 0 0 
0 0 0 0 0 0 0 0 0 
0 0 0 0 0 0 0 0 0 
0 0 0 0 0 0 0 0 0 
0 0 0 0 0 0 0 0 0 
0 0 0 0 0 0 0 0 0 
0 0 0 0 0 0 0 0 0 
0 0 0 0 0 0 0 0 0 
0 0 0 0 0 0 0 0 0 
0 0 0 0 0 0 0 0 0 
0 0 0 0 0 0 0 0 0 
0 0 0 0 0 0 0 0 0 
0 0 0 0 0 0 0 0 0 
0 0 0 0 0 0 0 0 0 
0 0 0 0 0 0 0 0 0 
0 0 0 0 0 0 0 0 0 
0 0 0 0 0 0 0 0 0 
0 0 0 0 0 0 0 0 0 
0 0 0 0 0 0 0 0 0 
0 0 0 0 0 0 0 0 0 
0 0 0 0 0 0 0 0 0 
0 0 0 0 0 0 0 0 0 
0 0 0 0 0 0 0 0 0 
0 0 0 0 0 0 0 0 0 
0 0 0 0 0 0 0 0 0 
0 0 0 0 0 0 0 0 0 
0 0 0 0 0 0 0 0 0 
0 0 0 0 0 0 0 0 0 
0 0 0 0 0 0 0 0 0 
0 0 0 0 0 0 0 0 0 
0 0 0 0 0 0 0 0 0 
0 0 0 0 0 0 0 0 0 
0 0 0 0 0 0 0 0 0 
0 0 0 0 0 0 0 0 0 
0 0 0 0 0 0 0 0 0 
0 0 0 0 0 0 0 0 0 
0 0 0 0 0 0 0 0 0 
0 0 0 0 0 0 0 0 0 
0 0 0 0 0 0 0 0 0 
0 0 0 0 0 0 0 0 0 
0 0 0 0 0 0 0 0 0 
0 0 0 0 0 0 0 0 0 
0 0 0 0 0 0 0 0 0 
0 0 0 0 0 0 0 0 0 
0 0 0 0 0 0 0 0 0 
0 0 0 0 0 0 0 0 0 
0 0 0 0 0 0 0 0 0 
0 0 0 0 0 0 0 0 0 
0 0 0 0 0 0 0 0 0 
0 0 0 0 0 0 0 0 0 
0 0 0 0 0 0 0 0 0 
0 0 0 0 0 0 0 0 0 
0 0 0 0 0 0 0 0 0 
0 0 0 0 0 0 0 0 0 
0 0 0 0 0 0 0 0 0 
0 0 0 0 0 0 0 0 0 
0 0 0 0 0 0 0 0 0 
0 0 0 0 0 0 0 0 0 
0 0 0 0 0 0 0 0 0 
0 0 0 0 0 0 0 0 0 
0 0 0 0 0 0 0 0 0 
0 0 0 0 0 0 0 0 0 
0 0 0 0 0 0 0 0 0 
0 0 0 0 0 0 0 0 0 
0 0 0 0 0 0 0 0 0 
0 0 0 0 0 0 0 0 0 
0 0 0 0 0 0 0 0 0 
0 0 0 0 0 0 0 0 0 
0 0 0 0 0 0 0 0 0 
0 0 0 0 0 0 0 0 0 
0 0 0 0 0 0 0 0 0 
0 0 0 0 0 0 0 0 0 
0 0 0 0 0 0 0 0 0 
0 0 0 0 0 0 0 0 0 
0 0 0 0 0 0 0 0 0 
0 0 0 0 0 0 0 0 0 
0 0 0 0 0 0 0 0 0 
0 0 0 0 0 0 0 0 0 
0 0 0 0 0 0 0 0 0 
0 0 0 0 0 0 0 0 0 
0 0 0 0 0 0 0 0 0 
0 0 0 0 0 0 0 0 0 
0 0 0 0 0 0 0 0 0 
0 0 0 0 0 0 0 0 0 
0 0 0 0 0 0 0 0 0 
0 0 0 0 0 0 0 0 0 
0 0 0 0 0 0 0 0 0 
0 0 0 0 0 0 0 0 0 
0 0 0 0 0 0 0 0 0 
0 0 0 0 0 0 0 0 0 
0 0 0 0 0 0 0 0 0 
0 0 0 0 0 0 0 0 0 
0 0 0 0 0 0 0 0 0 
0 0 0 0 0 0 0 0 0 
0 0 0 0 0 0 0 0 0 
0 0 0 0 0 0 0 0 0 
0 0 0 0 0 0 0 0 0 
0 0 0 0 0 0 0 0 0 
0 0 0 0 0 0 0 0 0 
0 0 0 0 0 0 0 0 0 
0 0 0 0 0 0 0 0 0 
0 0 0 0 0 0 0 0 0 
0 0 0 0 0 0 0 0 0 
0 0 0 0 0 0 0 0 0 
0 0 0 0 0 0 0 0 0 
0 0 0 0 0 0 0 0 0 
0 0 0 0 0 0 0 0 0 
0 0 0 0 0 0 0 0 0 
0 0 0 0 0 0 0 0 0 
0 0 0 0 0 0 0 0 0 
0 0 0 0 0 0 0 0 0 
0 0 0 0 0 0 0 0 0 
0 0 0 0 0 0 0 0 0 
0 0 0 0 0 0 0 0 0 
0 0 0 0 0 0 0 0 0 
0 0 0 0 0 0 0 0 0 
0 0 0 0 0 0 0 0 0 
0 0 0 0 0 0 0 0 0 
0 0 0 0 0 0 0 0 0 
0 0 0 0 0 0 0 0 0 
0 0 0 0 0 0 0 0 0 
0 0 0 0 0 0 0 0 0 
0 0 0 0 0 0 0 0 0 
0 0 0 0 0 0 0 0 0 
0 0 0 0 0 0 0 0 0 
0 0 0 0 0 0 0 0 0 
0 0 0 0 0 0 0 0 0 
0 0 0 0 0 0 0 0 0 
0 0 0 0 0 0 0 0 0 
0 0 0 0 0 0 0 0 0 
0 0 0 0 0 0 0 0 0 
0 0 0 0 0 0 0 0 0 
0 0 0 0 0 0 0 0 0 
0 0 0 0 0 0 0 0 0 
0 0 0 0 0 0 0 0 0 
0 0 0 0 0 0 0 0 0 
0 0 0 0 0 0 0 0 0 
0 0 0 0 0 0 0 0 0 
0 0 0 0 0 0 0 0 0 
0 0 0 0 0 0 0 0 0 
0 0 0 0 0 0 0 0 0 
0 0 0 0 0 0 0 0 0 
0 0 0 0 0 0 0 0 0 
0 0 0 0 0 0 0 0 0 
0 0 0 0 0 0 0 0 0 
0 0 0 0 0 0 0 0 0 
0 0 0 0 0 0 0 0 0 
0 0 0 0 0 0 0 0 0 
0 0 0 0 0 0 0 0 0 
0 0 0 0 0 0 0 0 0 
0 0 0 0 0 0 0 0 0 
0 0 0 0 0 0 0 0 0 
0 0 0 0 0 0 0 0 0 
0 0 0 0 0 0 0 0 0 
0 0 0 0 0 0 0 0 0 
0 0 0 0 0 0 0 0 0 
0 0 0 0 0 0 0 0 0 
0 0 0 0 0 0 0 0 0 
0 0 0 0 0 0 0 0 0 
0 0 0 0 0 0 0 0 0 
0 0 0 0 0 0 0 0 0 
0 0 0 0 0 0 0 0 0 
0 0 0 0 0 0 0 0 0 
0 0 0 0 0 0 0 0 0 
0 0 0 0 0 0 0 0 0 
0 0 0 0 0 0 0 0 0 
0 0 0 0 0 0 0 0 0 
0 0 0 0 0 0 0 0 0 
0 0 0 0 0 0 0 0 0 
0 0 0 0 0 0 0 0 0 
0 0 0 0 0 0 0 0 0 
0 0 0 0 0 0 0 0 0 
0 0 0 0 0 0 0 0 0 
0 0 0 0 0 0 0 0 0 
0 0 0 0 0 0 0 0 0 
0 0 0 0 0 0 0 0 0 
0 0 0 0 0 0 0 0 0 
0 0 0 0 0 0 0 0 0 
0 0 0 0 0 0 0 0 0 
0 0 0 0 0 0 0 0 0 
0 0 0 0 0 0 0 0 0 
0 0 0 0 0 0 0 0 0 
0 0 0 0 0 0 0 0 0 
0 0 0 0 0 0 
fx_mag_viz 1 1838 double
-3.5299919227e-07 4.3435331647e-06 9.265722446e-07 1.3322103173e-38 1.2458943938e-08 -1.4595723239e-06 3.2708746963e-06 6.7660389019e-07 1.9433975981e-08 
5.703318199e-12 1.8740312053e-37 4.3089799789e-19 4.7793073659e-15 1.1019370992e-13 -5.8054656167e-06 1.0999328763e-05 5.9165062321e-10 8.3779135888e-21 
1.5428851281e-14 5.7946675979e-13 2.533071726e-09 1.5009644447e-05 -2.9077537336e-06 1.1327070228e-06 1.3349976248e-05 2.5659470618e-21 5.2618336759e-32 
3.2640809823e-42 1.772489061e-16 7.5845469831e-10 1.4254451236e-05 1.2961324694e-05 8.052060563e-07 -2.1747676983e-06 2.0856201126e-06 9.327064947e-06 
8.5803482277e-06 9.4382144439e-10 1.7522835945e-15 3.6901894271e-17 5.5055316102e-32 1.8242367659e-27 2.3501488926e-09 7.756860343e-06 2.3313554147e-07 
7.5271485495e-11 2.6255471147e-14 2.6736685502e-25 8.2098645228e-39 1.6169017849e-17 7.9561029491e-06 1.5461836533e-05 1.8888217459e-28 1.588776377e-25 
2.7027701679e-06 1.1295588842e-05 7.8770601005e-06 4.6960106995e-07 7.1865562775e-07 1.8589140493e-08 1.5222941567e-17 2.4309851008e-38 5.3738510888e-42 
1.428387746e-41 1.493139422e-13 1.2903646989e-06 8.884542066e-06 9.2145301157e-17 1.3795093848e-16 7.885429062e-44 3.9925898368e-32 3.9027321181e-29 
1.4950529169e-27 3.0704999217e-06 2.3718258619e-06 2.6922954617e-07 2.7566098337e-07 3.4848569937e-07 7.0913332989e-17 7.8854860025e-19 3.0976009436e-34 
1.9917705777e-38 5.8677568103e-11 3.7104585188e-10 2.7709737629e-08 6.5983784222e-07 5.8784416792e-10 3.2819566338e-12 3.1937716458e-12 3.5802725422e-14 
2.3112073039e-19 5.4051513637e-29 5.3959055279e-07 2.5701313313e-06 1.9147737082e-07 4.5100999585e-07 1.4503831205e-10 9.4026274687e-14 3.0446891775e-27 
1.8419055968e-25 4.7154007061e-08 5.417984721e-08 -1.2724163555e-08 1.6071954985e-08 3.9017356055e-11 9.3887919266e-39 9.0290202945e-11 8.8905678783e-06 
3.9060708621e-06 1.7166799878e-06 1.2581285363e-08 3.6813679917e-08 3.6505178719e-13 2.9254350237e-32 3.473530721e-18 8.8786466714e-18 1.0529469586e-16 
-1.7401826189e-07 -1.262389345e-07 1.3983880737e-11 1.5526611255e-36 3.3637075963e-41 4.7599468632e-25 1.3630009484e-05 -1.1889001449e-07 1.11256407e-08 
5.1036754831e-39 1.2795101568e-32 2.9471416179e-06 1.3872164489e-05 1.0401455866e-05 1.9522979542e-05 2.1332844891e-05 1.1681898954e-31 2.3165423427e-39 
1.1111480107e-32 2.5727328738e-32 9.3567755257e-25 1.1885974796e-17 4.67280439e-12 -1.9777990536e-07 -1.4064866951e-08 1.7131317821e-08 6.8106729927e-09 
9.1407304733e-24 2.0690768008e-25 5.6335270535e-23 9.49086781e-24 9.0023080013e-10 1.8389632799e-05 4.8765631689e-09 3.2785590778e-10 1.6531248085e-14 
9.989777061e-21 1.5861580591e-31 1.9123429919e-10 1.7196199965e-08 4.4189457714e-06 7.0328611517e-06 3.807692436e-07 8.5240724408e-16 2.7285199587e-32 
4.0809672595e-41 3.9689115431e-33 3.214153991e-06 5.6096290054e-10 4.792851087e-16 3.7618428442e-28 1.4045413221e-40 4.2910298833e-21 2.9441342829e-13 
6.6662565869e-07 4.1527692403e-06 7.0472766527e-09 3.6138555487e-09 2.4874669443e-16 1.6196479232e-18 2.3693863377e-29 3.4438559244e-38 7.2516313109e-16 
1.886075121e-08 6.2640565795e-07 -5.871787781e-07 -1.2138904509e-07 1.2688472848e-08 4.893092691e-12 1.0395406063e-22 1.2054689546e-12 1.3162784996e-10 
1.4735163774e-08 2.7901889404e-07 -1.1687271102e-07 2.1152209397e-21 5.1086353561e-39 9.5622211882e-23 3.8339242206e-15 1.2635309577e-11 1.9683929897e-10 
8.3117280264e-09 4.141346342e-08 1.0851565085e-07 1.1698610346e-08 7.2150643648e-09 2.4797366035e-09 9.2517646296e-11 2.4600521793e-14 3.4014781495e-18 
7.6786979655e-27 2.954260475e-34 1.3332518024e-29 3.8329350389e-22 6.0067163742e-09 2.0573534867e-08 1.2563978607e-08 6.3130135462e-09 1.1587704892e-09 
1.6831300096e-37 6.8162897289e-19 4.6343246367e-09 1.0690190906e-08 8.0890869399e-34 1.6858678033e-12 3.2078159584e-11 3.5876951561e-09 8.4920236035e-09 
-6.6472870282e-09 8.8168775942e-07 5.1053471061e-09 2.0384977093e-12 8.334194131e-15 3.2940382992e-17 2.5306460157e-24 1.0726786479e-27 6.8242366299e-33 
1.7979475509e-23 4.3633154237e-15 1.1954721474e-12 9.522315494e-11 8.3987999693e-10 2.4728964742e-09 3.5966167815e-09 5.7705545501e-09 2.9069803262e-09 
8.1011556893e-13 3.8741757299e-37 8.14173315e-43 9.9910624354e-09 1.0115828287e-08 8.1817997825e-10 6.7277753069e-16 7.031137441e-14 4.0490156548e-17 
1.6565921579e-22 1.8205267132e-24 1.8450298829e-29 1.0779606645e-37 5.1585600069e-40 2.7741597371e-27 2.2793485775e-24 1.6960470982e-20 5.1678862926e-11 
4.6494537617e-09 2.0578068959e-25 8.5456120402e-34 2.980780329e-34 1.1847098696e-38 2.4762815825e-36 5.927139021e-09 6.4483309636e-09 1.4318519792e-12 
2.6933008436e-29 5.6258524033e-24 2.0473328017e-16 3.9192152336e-18 3.8148835479e-16 5.3062221047e-15 -1.5785665375e-07 2.3621870359e-09 3.5625993678e-19 
9.4954019761e-24 1.0881876025e-26 1.5469606257e-28 1.2755470204e-30 1.1650424741e-28 6.2487208587e-10 5.8025264359e-09 9.6693585674e-09 3.5653594722e-17 
2.0394093128e-31 1.1307129943e-33 2.6806354226e-19 1.0708729519e-08 5.6777807269e-11 6.5135576478e-11 2.6706345801e-22 2.5119376702e-33 1.1141488828e-34 
7.8416428016e-47 1.1296761301e-43 7.277920046e-23 3.9046312089e-10 -9.8653384912e-07 3.0052222543e-09 3.7393518544e-09 2.8447603583e-12 -2.4949021016e-07 
-1.4659445646e-06 2.9269491811e-25 2.2742006819e-30 1.5230166203e-43 1.3718218691e-38 2.2580959964e-26 3.5136238736e-22 1.2288096654e-17 9.5195887191e-18 
2.3905753093e-09 -3.0460983753e-08 2.7546997168e-09 3.9650979634e-12 3.9256712706e-14 2.3453019121e-24 5.7931854669e-42 8.9035259938e-42 2.609342488e-18 
-1.8468666303e-05 2.4413912388e-11 8.8373496184e-13 3.2589021248e-41 1.260696308e-12 1.0805848482e-11 4.5962354981e-11 8.7081659903e-11 2.0176035278e-10 
-3.975473163e-06 5.7543753542e-09 6.4275371294e-09 1.2308776134e-08 1.2142815581e-10 3.4346201699e-20 3.8746078871e-22 2.6082937149e-34 2.5769084056e-37 
1.2550994429e-45 1.5266713373e-29 3.7627145796e-16 2.230142416e-15 3.0069963007e-14 5.3493503045e-14 3.7168335723e-11 -9.5477409153e-10 -4.9200623697e-08 
1.6896162871e-09 1.4673002477e-09 6.2503367769e-31 1.6490048092e-36 3.8615907095e-38 1.3536244754e-28 1.7462246473e-16 -9.9989840433e-11 3.1975912671e-17 
6.541387849e-29 5.3073573562e-25 1.1203040371e-18 1.5505366899e-15 1.8524475177e-13 -2.2109859209e-10 -2.602342129e-09 5.0489281794e-09 2.6689029635e-07 
9.0063654766e-09 8.3127951415e-09 9.431997819e-16 1.3230699888e-29 9.0733678774e-41 8.5610303936e-32 1.0345993773e-19 1.76012505e-18 1.8359798375e-18 
9.8450530679e-17 2.0695669883e-14 9.0444909397e-09 7.3820435048e-33 1.0854490025e-46 2.3017697157e-42 -4.0993183618e-07 -4.1233877049e-07 1.2506885725e-08 
9.4094078624e-09 1.7662853641e-32 1.8381104792e-42 3.1752958951e-46 1.5852941511e-35 1.189880737e-29 5.0632099201e-27 2.2846383874e-16 1.428256059e-09 
8.5659274906e-09 1.0284697983e-09 6.8024386039e-32 2.4602290036e-32 3.2698157429e-48 1.3613216812e-37 1.981265316e-32 1.2986537784e-30 1.3321393945e-28 
5.8663637799e-19 -5.4991579056e-15 -7.8022489115e-13 -1.0514406709e-10 -6.0232866901e-08 -6.3355353284e-07 1.1587079521e-10 2.6487128849e-14 1.9294952858e-17 
6.0425268528e-42 3.0239781072e-50 2.0922793162e-32 8.274612462e-28 -1.0649035718e-07 5.0899216014e-09 1.033740128e-10 2.7400099463e-21 2.4997638517e-39 
1.0316401485e-41 6.8632433988e-45 3.9991236441e-35 -2.1723128817e-08 1.2477429868e-08 1.075382679e-17 3.7042204646e-45 1.2018693654e-23 2.3332424959e-23 
5.7256472584e-21 -4.2822551883e-10 8.8226677174e-10 1.3658898878e-08 1.1176906658e-15 9.021316734e-49 6.844843735e-43 1.4906422372e-40 7.5633053377e-36 
4.2372132729e-28 1.4821997057e-13 7.4869272562e-10 1.3138858036e-09 2.6792853133e-14 1.4245607089e-14 3.3008537857e-22 4.7712711422e-43 1.7684951209e-39 
1.0395928293e-11 6.8878797447e-11 1.1707312969e-10 2.3698756656e-26 5.9303906296e-51 1.0871276869e-33 4.7976504129e-11 1.6610535731e-09 2.4191329635e-09 
8.8974083792e-09 2.8847605085e-09 2.7818473857e-10 7.1165401619e-23 8.0464565294e-51 2.7275974883e-30 1.0223649279e-11 8.0231705945e-10 9.1978095537e-12 
2.8692293146e-24 1.4219249093e-31 4.8573732976e-47 1.9340780891e-22 2.3190836649e-21 1.0207086201e-18 9.1208327752e-15 1.0634746085e-08 1.1707205693e-08 
4.9891158654e-25 5.479591229e-34 8.4740355336e-47 3.4153108294e-25 8.315375019e-19 1.0792522959e-11 1.3608931408e-11 5.9625281832e-18 1.6327012049e-25 
1.5417971689e-27 2.3981662216e-29 4.4971309455e-37 3.6201541527e-33 1.4776474398e-09 1.2011807968e-08 1.0556803774e-15 1.7288032088e-34 1.6774681657e-09 
5.4983070269e-09 1.2294570761e-08 1.8592922923e-22 9.9718086783e-26 3.7814440714e-19 1.1751088002e-08 2.8917763102e-09 6.0036022959e-09 1.2335336394e-09 
-6.7664069555e-10 1.7008697644e-15 -4.9634186164e-18 1.3411720292e-28 8.4854420549e-41 3.3516094747e-40 2.8794836574e-38 1.1286651785e-39 5.3021237699e-29 
2.9394818999e-13 4.9397408942e-10 5.6150752268e-10 1.8234988928e-08 -1.5276386497e-15 -6.5998660556e-34 -8.5821305841e-39 1.0455519222e-39 8.6256266781e-25 
3.0723308712e-18 1.5348343925e-17 1.6397556176e-09 1.4483308989e-09 2.8777744904e-09 -2.3912575655e-08 -2.1606729749e-07 -1.0066305701e-07 -4.4378123575e-11 
5.3322528327e-33 1.2219185312e-21 4.3853312833e-15 -5.8558765992e-08 -8.4483688922e-16 -3.1062356956e-37 2.5061080541e-40 8.10288998e-40 1.5112203886e-23 
2.6663197486e-19 1.7674113814e-13 1.5526890908e-10 -5.9749582886e-07 -5.9552163473e-07 -1.0203503281e-31 -7.2825656982e-42 2.9433255346e-29 -1.2373146248e-10 
4.6264342758e-39 7.3384202891e-38 1.2951495324e-08 3.4522619756e-08 -2.2494825567e-27 -5.4677940386e-29 -8.3713475452e-33 -5.7719995371e-34 3.1941549862e-18 
1.6567267915e-11 7.9139879951e-09 -8.2736847808e-06 -8.7633959583e-06 -1.0117180987e-05 -8.3831850077e-07 -5.2877550457e-25 2.7033883531e-40 2.8108947264e-38 
1.6689099111e-12 2.0427327862e-10 -7.321799743e-22 -3.6267063742e-30 7.0560083352e-18 2.5658946551e-12 -1.2227368828e-05 2.6123017768e-29 4.3627948842e-17 
8.0449861614e-08 8.4613623133e-06 -1.7308236012e-13 -7.1594533144e-16 6.0190259432e-34 3.6413114057e-24 1.6738025312e-06 1.6697492437e-06 3.3114985243e-06 
2.5578767579e-06 -8.7189060596e-08 -9.6581171244e-06 -4.6506362098e-15 -1.870270655e-18 6.3075607007e-17 5.1196386111e-13 6.2228408362e-19 8.2523905542e-07 
2.7228888137e-33 1.2891272873e-29 3.1646386491e-21 1.0609834087e-08 7.1243854841e-09 4.0759181172e-12 2.9947733265e-07 -4.3859243238e-08 4.154053429e-16 
1.1352965969e-14 1.965867796e-07 9.3691576694e-25 6.0747300587e-09 7.1329342401e-43 -0.00013749835967 4.8903779945e-10 1.2728349807e-08 -6.0954496724e-08 
4.5938964503e-32 1.0514945801e-24 4.2035061465e-13 1.7589458756e-51 2.4566712504e-23 2.1686873972e-12 -5.9503553339e-20 1.2396822458e-06 -7.1499475807e-08 
3.2697675389e-34 1.0072499392e-34 1.7857219624e-05 1.0812102686e-14 4.337505711e-16 -1.6618694663e-07 1.7547464993e-08 6.4018020784e-11 -9.1406412349e-09 
9.2086289134e-09 4.5447442938e-34 2.0501336161e-34 3.9697517287e-40 9.9887760003e-34 8.1651463414e-33 1.9960308357e-23 1.8675937373e-12 2.7938701568e-20 
3.1632501132e-10 -6.1221202637e-07 7.272553143e-06 1.7974353252e-08 1.2431678808e-39 6.0676464598e-21 5.5019740851e-22 1.0062498141e-23 9.9210630191e-10 
-0 -0 -0 0 0 0 0 0 0 
0 0 0 0 0 0 0 0 0 
0 0 0 0 0 0 0 0 0 
0 0 0 0 -0 -0 -0 -0 -0 
-0 0 0 0 0 0 0 0 0 
0 0 0 0 0 0 0 0 0 
0 0 0 0 0 0 0 0 0 
0 0 -0 -0 -0 -0 -0 -0 0 
0 0 0 0 0 0 0 0 0 
0 0 0 0 0 0 0 0 0 
0 0 0 0 0 0 0 0 0 
-0 -0 -0 -0 -0 0 0 0 0 
0 0 0 0 0 0 0 0 0 
0 0 0 0 0 0 0 0 0 
0 0 0 0 0 0 0 -0 -0 
-0 -0 -0 0 0 0 0 0 0 
0 0 0 0 0 0 0 0 0 
0 0 0 0 0 0 0 0 0 
0 0 0 0 0 0 -0 -0 -0 
0 0 0 0 0 0 0 0 0 
0 0 0 0 0 0 0 0 0 
0 0 0 0 0 0 0 0 0 
0 0 0 0 -0 -0 0 0 0 
0 0 0 0 0 0 0 0 0 
0 0 0 0 0 0 0 0 0 
0 0 0 0 0 0 0 0 0 
0 0 0 0 -0 -0 -0 0 0 
0 0 0 0 0 0 0 0 0 
0 0 0 0 0 0 0 0 0 
0 0 0 0 0 0 0 0 0 
0 0 -0 -0 -0 -0 0 0 0 
0 0 0 0 0 0 0 0 0 
0 0 0 0 0 0 0 0 0 
0 0 0 0 0 0 0 0 0 
-0 -0 -0 -0 0 0 0 0 0 
0 0 0 0 0 0 0 0 0 
0 0 0 0 0 0 0 0 0 
0 0 0 0 0 0 0 -0 -0 
-0 -0 -0 0 0 0 0 0 0 
0 0 0 0 0 0 0 0 0 
0 0 0 0 0 0 0 0 0 
0 0 0 0 0 -0 -0 -0 -0 
0 0 0 0 0 0 0 0 0 
0 0 0 0 0 0 0 0 0 
0 0 0 0 0 0 0 0 0 
0 0 0 -0 -0 -0 -0 0 0 
0 0 0 0 0 0 0 0 0 
0 0 0 0 0 0 0 0 0 
0 0 0 0 0 0 0 0 0 
0 -0 -0 -0 0 0 0 0 0 
0 0 0 0 0 0 0 0 0 
0 0 0 0 0 0 0 0 0 
0 0 0 0 0 0 0 0 -0 
-0 0 0 0 0 0 0 0 0 
0 0 0 0 0 0 0 0 0 
0 0 0 0 0 0 0 0 0 
0 0 0 0 0 0 0 0 0 
0 0 0 0 0 0 0 0 0 
0 0 0 0 0 0 0 0 0 
0 0 0 0 0 0 0 0 0 
-0 -0 -0 -0 0 0 0 0 0 
0 0 0 0 0 0 0 0 0 
0 0 0 0 0 0 0 0 0 
0 0 0 0 0 0 0 -0 -0 
-0 -0 0 0 0 0 0 0 0 
0 0 0 0 0 0 0 0 0 
0 0 0 0 0 0 0 0 0 
0 0 0 0 -0 -0 -0 -0 -0 
0 0 0 0 0 0 0 0 0 
0 0 0 0 0 0 0 0 0 
0 0 0 0 0 0 0 0 0 
0 -0 -0 -0 -0 -0 -0 0 0 
0 0 0 0 0 0 0 0 0 
0 0 0 0 0 0 0 0 0 
0 0 0 0 0 0 0 -0 -0 
-0 -0 -0 -0 -0 0 0 0 0 
0 0 0 0 0 0 0 0 0 
0 0 0 0 0 0 0 0 0 
0 0 0 0 0 -0 -0 -0 -0 
-0 -0 -0 0 0 0 0 0 0 
0 0 0 0 0 0 0 0 0 
0 0 0 0 0 0 0 0 0 
0 0 -0 -0 -0 -0 -0 -0 -0 
-0 0 0 0 0 0 0 0 0 
0 0 0 0 0 0 0 0 0 
0 0 0 0 0 0 0 0 -0 
-0 -0 -0 -0 -0 -0 -0 -0 0 
0 0 0 0 0 0 0 0 0 
0 0 0 0 0 0 0 0 0 
0 0 0 0 0 0 0 0 0 
0 0 0 0 0 0 0 0 0 
0 0 0 0 0 0 0 0 0 
0 0 0 0 0 0 0 0 0 
0 0 0 0 0 0 0 0 0 
0 0 0 0 0 0 0 0 0 
0 0 0 0 0 0 0 0 0 
0 0 0 0 0 0 0 0 0 
0 0 0 0 0 0 0 0 0 
0 0 0 0 0 0 0 0 0 
0 0 0 0 0 0 0 0 0 
0 0 0 0 0 0 0 0 0 
0 0 0 0 0 0 0 0 0 
0 0 0 0 0 0 0 0 0 
0 0 0 0 0 0 0 0 0 
0 0 0 0 0 0 0 0 0 
0 0 0 0 0 0 0 0 -0 
-0 -0 -0 -0 -0 -0 -0 -0 -0 
-0 -0 -0 -0 -0 -0 0 0 0 
0 0 0 0 0 0 0 0 0 
0 0 0 0 0 0 0 -0 -0 
-0 -0 -0 -0 -0 -0 -0 -0 -0 
-0 -0 -0 -0 0 0 0 0 0 
0 0 0 0 0 0 0 0 0 
0 0 0 0 0 -0 -0 -0 -0 
-0 -0 -0 -0 -0 -0 -0 -0 -0 
-0 -0 0 0 0 0 0 0 0 
0 0 0 0 0 0 0 0 0 
0 0 0 -0 -0 -0 -0 -0 -0 
-0 -0 -0 -0 -0 -0 -0 -0 -0 
0 0 0 0 0 0 0 0 0 
0 0 0 0 0 0 0 0 0 
0 0 -0 -0 -0 -0 -0 -0 -0 
-0 -0 -0 -0 -0 -0 -0 0 0 
0 0 0 0 0 0 0 0 0 
0 0 0 0 0 0 0 0 0 
-0 -0 -0 -0 -0 -0 -0 -0 -0 
-0 -0 -0 -0 -0 0 0 0 0 
0 0 0 0 0 0 0 0 0 
0 0 0 0 0 0 0 -0 -0 
-0 -0 -0 -0 -0 -0 -0 -0 -0 
-0 -0 -0 0 0 0 0 0 0 
0 0 0 0 0 0 0 0 0 
0 0 
fy_mag_viz 1 1838 double
7.205556154e-07 1.0072081718e-05 2.164894144e-06 3.3048207408e-38 -1.1800009636e-08 -1.3423899664e-06 6.3446984908e-06 1.0631253801e-06 2.8894376969e-08 
1.089571564e-11 3.9262355686e-37 -4.2217012534e-19 -4.6773817954e-15 -1.0710679379e-13 6.2942835085e-06 1.3854123586e-05 7.5986672964e-10 -8.2585407931e-21 
-1.5270018503e-14 -5.7173166671e-13 -2.4927196003e-09 -1.488843295e-05 3.9862265612e-06 -6.9827926216e-07 1.455491158e-05 2.7899448901e-21 5.8923673311e-32 
-3.2495165524e-42 -1.7695251698e-16 -7.5836335518e-10 -1.4248343167e-05 -1.2894828558e-05 8.8047432526e-07 4.9138320146e-06 2.1597610146e-06 9.8378433103e-06 
8.9919538875e-06 9.9076350797e-10 1.8516290085e-15 3.8784651814e-17 5.7813657095e-32 -1.8288434318e-27 -2.3637752562e-09 -6.8070655624e-06 2.4787267014e-07 
8.0893763827e-11 2.8288968389e-14 2.8525597761e-25 8.8441476541e-39 -1.6454206984e-17 -8.2975092285e-06 1.9456366337e-05 -2.1341061446e-28 -1.7955555382e-25 
-2.8472503305e-06 -1.2584376547e-05 -5.9948373898e-06 -4.2650974332e-07 1.453802338e-06 2.9852191818e-08 2.5053092981e-17 3.6390351035e-38 1.1384811904e-41 
-1.6788816108e-41 -1.6949715468e-13 -1.6950129525e-06 -1.1908815337e-05 2.8591985505e-16 4.3802804429e-16 -1.370420934e-43 -5.6224884896e-32 -6.4430832821e-29 
-2.5076217041e-27 -5.492512239e-06 1.1106211298e-06 1.7902704575e-05 1.9753839267e-05 1.5159399517e-06 3.3429255964e-16 4.5739477077e-18 1.6864292333e-33 
-4.0881212597e-38 -1.129791569e-10 -8.461944599e-10 -5.6028596847e-08 2.4533571661e-05 9.0370290445e-09 6.5618758366e-11 8.5573696232e-11 7.856973798e-13 
3.8304570736e-18 -1.2839374954e-28 -1.2941329552e-06 -6.9196068085e-06 1.6525510779e-05 2.1588374031e-05 1.6688228609e-08 7.1076063466e-12 1.152219104e-25 
-3.6481005906e-25 -1.0166328365e-07 2.6003573405e-05 -1.5225158207e-06 6.9334145962e-06 1.044208278e-08 -1.2803804557e-38 -1.2085106034e-10 -1.1364694429e-05 
-3.8691278127e-06 6.309212371e-06 1.3152454199e-05 1.5714427644e-05 2.4901625528e-10 -3.5541281421e-32 -4.14162319e-18 -1.0336596407e-17 -1.1446733452e-16 
1.7485763549e-06 2.0337054565e-06 1.5115115462e-08 1.5221968176e-33 -3.4919778062e-41 -5.1077818842e-25 -1.4370281669e-05 5.3421979575e-06 1.2319184486e-05 
5.7316108946e-36 -1.3090045612e-32 -3.0342866201e-06 -1.4230834804e-05 -1.0712921332e-05 -2.0128237084e-05 -2.1777609493e-05 1.247795427e-28 -2.3669980496e-39 
-1.1393763055e-32 -2.6347653763e-32 -9.5993556518e-25 -1.2194276565e-17 -4.8017423604e-12 1.0652881517e-05 2.2390294372e-05 1.8522192971e-05 7.1993045297e-06 
9.6341884677e-21 2.192320163e-22 -5.9728475972e-23 -9.8154426444e-24 -9.4872278957e-10 -1.9079130478e-05 5.1423569728e-06 3.4537030593e-07 1.7436118527e-11 
1.0529096327e-17 -1.890104998e-31 -2.2079414636e-10 -1.9382686851e-08 -2.0208525851e-06 -5.3003708383e-06 2.1687590897e-05 9.0119095089e-13 2.8918841392e-29 
4.3294514365e-38 -6.1678037799e-33 -5.049536818e-06 5.9903986572e-07 5.1427562845e-13 4.0420769467e-25 -2.4415970844e-40 -7.8148469159e-21 -5.043531981e-13 
-1.5444701992e-06 -7.112907483e-06 7.6679338538e-06 3.9308781985e-06 2.7145739381e-13 1.7612144265e-15 2.5651555263e-26 -1.1615622341e-37 -3.7846854566e-15 
-6.7917318823e-08 3.1649175075e-06 2.9360060295e-06 1.325187253e-05 1.3988913434e-05 5.4451196217e-09 1.1427475779e-19 -1.181397954e-11 -1.3061069373e-09 
-2.0296769024e-07 -2.0496941438e-06 1.1168567504e-05 2.3777655036e-18 5.7530812546e-36 -2.0480851506e-21 -6.4384329485e-14 -6.6481379062e-10 -8.7123680487e-09 
-3.0832544438e-07 -1.2224299403e-06 -2.530085579e-06 2.3058039855e-05 8.3583027063e-06 2.8560183217e-06 1.0672014533e-07 2.838182065e-11 3.995319003e-15 
8.9249702091e-24 3.4755181315e-31 -1.0125065919e-27 -7.2711910646e-20 -1.1389780876e-06 4.0708598567e-06 1.5195954103e-05 7.6482540443e-06 1.3914397074e-06 
2.0427373783e-34 -3.8376624573e-16 -1.05968469e-06 -2.6392606634e-06 -7.1615910943e-31 -1.4018580801e-09 -2.8310643141e-08 -2.5549777749e-06 9.3675278971e-06 
-1.5587271228e-06 0.0011389447282 6.5410865055e-06 2.5677287714e-09 1.0647604713e-11 4.2573808125e-14 3.2290957934e-21 1.3485508861e-24 -7.415175782e-30 
-1.8762765526e-20 -4.5117001892e-12 -1.215005897e-09 -1.0432804974e-07 -8.6542758917e-07 -2.6731640148e-06 -3.4463705429e-06 4.9431400095e-06 3.2734737421e-06 
1.0623031551e-09 5.1032180794e-34 1.0910041247e-39 1.3997345064e-05 1.3795494099e-05 1.1594046881e-06 9.2327140061e-13 9.7219276939e-11 5.7871172574e-14 
2.3511173748e-19 2.6153703899e-21 2.6189305871e-26 1.5461141947e-34 7.2456826808e-37 -3.5491699615e-24 -3.0744245092e-21 -2.1684737149e-17 -6.9835549672e-08 
1.727817295e-06 3.083591819e-22 1.2629131942e-30 4.4066528914e-31 1.7574940428e-35 -3.4452602442e-33 -6.8377318404e-06 9.599357148e-06 2.2516487701e-09 
-3.8579092695e-26 -7.9867887014e-21 -2.9132259602e-13 -5.5881999495e-15 -5.4615998871e-13 -7.5851976154e-12 1.0884720448e-05 2.1560499209e-06 5.6873195725e-16 
1.5134556465e-20 1.7260127751e-23 2.4459530531e-25 2.0277004128e-27 -1.6771385862e-25 -8.9992288705e-07 8.9280181907e-06 1.5438121133e-05 5.7657093503e-14 
3.3472458989e-28 -1.6317300424e-30 -3.8666525288e-16 1.814960435e-05 9.3271641095e-08 1.0950659444e-07 4.4067154437e-19 4.227126247e-30 1.8329661195e-31 
7.9453553159e-44 -1.6311454296e-40 -1.051018016e-19 -5.6396457192e-07 -1.6744963381e-07 4.5807483679e-06 6.5806115233e-06 4.8804268178e-09 -8.4998255747e-06 
-1.6532130248e-06 5.2926517132e-22 4.1311412407e-27 2.7832280693e-40 -1.9814993328e-35 -3.261624065e-23 -5.0749722293e-19 -1.7748928005e-14 -1.3750401684e-14 
-3.6806551335e-06 -8.4122900479e-06 5.1242025338e-06 7.431742129e-09 7.3912821064e-11 4.4159583146e-21 -8.3679101686e-39 -1.286074759e-38 -3.7690278242e-15 
1.8798032606e-05 4.627240668e-08 1.6707438282e-09 -4.7073671553e-38 -1.8214713081e-09 -1.5640094395e-08 -6.7193852453e-08 -1.3924280977e-07 -6.3143542962e-07 
3.6335382739e-06 1.076602441e-05 1.210471211e-05 2.3375604233e-05 2.3042926187e-07 6.5184663069e-17 7.3623227987e-19 4.9537261101e-31 4.8897174878e-34 
-1.8129093846e-42 -2.2052249882e-26 -5.4351290023e-13 -3.2214493326e-12 -4.344855497e-11 -7.7305910706e-11 -7.4770253956e-08 -4.3248059066e-07 -7.6343094887e-07 
2.9848393756e-06 2.4137300196e-06 1.1882639018e-27 3.1348558032e-33 -5.5779449843e-35 -1.9552668146e-25 -2.5224404783e-13 -2.9846747873e-08 6.0831150789e-14 
1.2443632283e-25 -7.6663103346e-22 -1.6182562234e-15 -2.2410386943e-12 -3.4326953177e-10 -1.5691456697e-08 -1.2880259878e-08 9.5850306323e-06 0.00050674284998 
1.7118912024e-05 1.5811803041e-05 1.7934569327e-12 2.515112249e-26 -1.3106196431e-37 -1.2366140356e-28 -1.4944665933e-16 -2.5426752163e-15 -2.6522133321e-15 
-1.4238967083e-13 -3.8050742984e-11 1.7140138981e-05 1.3963625652e-29 2.0575173715e-43 -3.3248344998e-39 3.203068876e-06 2.910036782e-06 2.356208298e-05 
1.7696735892e-05 3.2862454293e-29 3.4324021147e-39 -4.5866153176e-43 -2.2899079327e-32 -1.718745667e-26 -7.3136524368e-24 -4.2530915589e-13 2.6294714097e-06 
1.5474731959e-05 1.9090689189e-06 1.238966581e-28 4.4435938784e-29 5.9772285965e-45 -1.9663866958e-34 -2.8618760041e-29 -1.8758652027e-27 -1.9242351681e-25 
-1.2501973438e-15 4.6377358625e-15 3.3594857972e-11 2.3164590283e-09 2.5910933398e-06 2.1247930042e-05 2.0509044574e-07 4.5781495462e-11 3.3547652923e-14 
1.0867074251e-38 4.7587280715e-47 -3.0222325953e-29 -1.1952470926e-24 1.9421330193e-05 8.725448282e-06 1.771198386e-07 4.7063167036e-18 4.2726622418e-36 
1.7431491206e-38 -9.9137153838e-42 -5.7766084069e-32 9.1019095698e-06 2.0677975382e-05 1.7610228563e-14 -5.3497385884e-42 -1.6972325711e-20 1.2795480224e-20 
1.0955906511e-16 5.053998692e-06 1.4344001904e-06 2.2276006052e-05 1.8192687234e-12 -1.2835519403e-45 -8.3187907753e-40 -1.8842633846e-37 -9.5184050752e-33 
-5.9996554174e-25 2.7799058885e-10 1.3706482204e-06 2.147162282e-06 4.3564005405e-11 2.3169074892e-11 5.387258483e-19 -8.4407849522e-41 -6.8091772485e-37 
1.7730119174e-08 1.1307297418e-07 1.9280947581e-07 3.9376019979e-23 9.5200106804e-48 -1.9417608666e-33 8.1034221695e-08 2.8084253054e-06 4.0387874326e-06 
1.4982164641e-05 4.8525221508e-06 4.6977565638e-07 1.1846256777e-19 1.0145847869e-47 -4.7996303428e-30 1.7218944636e-08 1.3667756536e-06 1.5612963291e-08 
4.8978702446e-21 2.4310788032e-28 -8.5609946969e-47 -3.4042069811e-22 -3.7524585844e-21 2.1520133615e-16 1.4249325314e-11 1.7791870936e-05 2.0212392711e-05 
8.608912326e-22 9.4875903747e-31 1.4598402593e-43 -6.0194653817e-25 -1.4316757891e-18 1.8713682675e-08 2.3625053837e-08 1.0355434807e-14 2.8326938812e-22 
2.6759943735e-24 4.1629498862e-26 7.807972717e-34 -6.3811031399e-33 2.3716030542e-06 2.1163463643e-05 1.8832268656e-12 -3.047293326e-34 2.5424074817e-06 
1.1023435323e-05 2.3806983012e-05 3.5969142854e-19 2.2326880807e-22 -6.6653992385e-19 1.5897629929e-05 9.5178273003e-06 2.372009164e-05 4.665388388e-06 
2.4402955354e-06 5.5275693095e-12 1.0205225122e-13 3.9571518394e-25 -1.4956954505e-40 -5.9077500157e-40 -5.0755524326e-38 -1.9894536569e-39 -9.3458447416e-29 
-5.1638363862e-13 9.6725196194e-08 2.5211534051e-08 1.8792006018e-05 1.522086827e-12 7.7116508536e-31 3.1457659756e-36 -1.8429531936e-39 -1.5204052419e-24 
-5.415476348e-18 -2.7053920665e-17 -4.8886761841e-10 2.3809699527e-07 5.2780307285e-07 3.0324651943e-06 1.6909823612e-05 8.6594153018e-06 1.1200409638e-08 
-9.3989520539e-33 -2.1538276687e-21 -7.7298500561e-15 3.2362383351e-06 3.2515147978e-14 1.1600722431e-35 -4.4174179622e-40 -1.428264503e-39 -2.6637686586e-23 
-4.6998168058e-19 -3.1153451275e-13 -2.7365741699e-10 3.0549868507e-06 5.1642321921e-06 6.7503395106e-31 3.048415192e-41 -5.188083995e-29 2.2908131893e-10 
-8.1548334828e-39 -1.2935144415e-37 -2.2827602058e-08 -6.0826342488e-08 2.689497031e-27 8.7024663339e-29 1.0025924955e-32 7.3717179246e-34 -5.6302111902e-18 
-2.9202469766e-11 -1.394962029e-08 8.8859535124e-06 1.0107130155e-05 1.0901796847e-05 9.770433465e-07 5.9548691944e-25 -4.7651561761e-40 -4.9546534253e-38 
-2.9417217633e-12 -3.6006442673e-10 7.3512315214e-22 3.6196722774e-30 -1.2437347987e-17 -4.5228014392e-12 1.2153722301e-05 -4.6046014547e-29 -7.6901267108e-17 
-1.4180405379e-07 9.5136111355e-06 1.7126828114e-13 7.0806371947e-16 -1.0609499967e-33 -6.4183961993e-24 -2.9078280156e-06 -2.902414422e-06 2.1897164565e-06 
7.4761961905e-07 -8.6546334841e-07 9.4966042249e-06 4.5925566051e-15 1.846743221e-18 -1.111808882e-16 -9.0241853343e-13 -5.9269470517e-19 1.0879753182e-05 
1.0343991671e-31 -1.8064176135e-29 1.8515611506e-18 1.1682026806e-05 7.5241836451e-06 -7.4869789272e-12 7.8851378305e-06 2.0476739112e-05 5.1505354843e-13 
-8.9804900378e-12 -0.00018578305757 -1.2108180503e-21 -1.093653864e-05 1.1251723863e-39 -0.0034031755362 7.0993851444e-07 2.4078026032e-05 5.7142967956e-07 
-6.6357419154e-29 1.7339976431e-21 6.8348213137e-10 2.8394031794e-48 4.2813885992e-20 6.6497152309e-09 4.6523262929e-19 1.2640629385e-05 7.135696656e-08 
-5.7634904589e-34 1.1012633705e-34 1.885724114e-05 -2.1345221147e-14 4.8845468418e-13 5.1605541696e-06 2.2593408469e-05 -7.3346239544e-08 3.3886209158e-06 
1.5640754322e-05 -6.5613153486e-31 -2.9610305144e-31 -5.7341125913e-37 1.889130753e-30 1.435513959e-29 3.2485112281e-20 3.0768002244e-09 4.7074528197e-17 
5.5231158682e-07 3.9788236124e-07 -1.4007576754e-05 2.064375097e-05 -1.4936490547e-36 -8.756907226e-18 -9.6981130209e-22 -1.4534952296e-20 -9.8118813673e-07 
-0 -0 -0 0 0 0 0 0 0 
0 0 0 0 0 0 0 0 -0 
-0 -0 -0 -0 -0 -0 -0 -0 -0 
-0 -0 -0 0 0 0 0 -0 -0 
-0 0 0 0 0 0 0 0 0 
0 0 0 0 0 0 -0 -0 -0 
-0 -0 -0 -0 -0 -0 -0 -0 -0 
-0 0 0 0 0 -0 -0 -0 0 
0 0 0 0 0 0 0 0 0 
0 0 0 0 -0 -0 -0 -0 -0 
-0 -0 -0 -0 -0 -0 -0 -0 -0 
0 0 0 -0 -0 0 0 0 0 
0 0 0 0 0 0 0 0 0 
0 0 -0 -0 -0 -0 -0 -0 -0 
-0 -0 -0 -0 -0 -0 -0 0 0 
0 -0 -0 0 0 0 0 0 0 
0 0 0 0 0 0 0 0 0 
-0 -0 -0 -0 -0 -0 -0 -0 -0 
-0 -0 -0 -0 -0 0 0 0 -0 
-0 -0 0 0 0 0 0 0 0 
0 0 0 0 0 0 0 -0 -0 
-0 -0 -0 -0 -0 -0 -0 -0 -0 
-0 -0 -0 0 0 0 -0 -0 -0 
0 0 0 0 0 0 0 0 0 
0 0 0 0 0 -0 -0 -0 -0 
-0 -0 -0 -0 -0 -0 -0 -0 -0 
0 0 0 0 -0 -0 -0 0 0 
0 0 0 0 0 0 0 0 0 
0 0 0 -0 -0 -0 -0 -0 -0 
-0 -0 -0 -0 -0 -0 -0 -0 0 
0 0 -0 -0 0 0 0 0 0 
0 0 0 0 0 0 0 0 0 
0 -0 -0 -0 -0 -0 -0 -0 -0 
-0 -0 -0 -0 -0 -0 0 0 0 
-0 -0 -0 0 0 0 0 0 0 
0 0 0 0 0 0 0 0 -0 
-0 -0 -0 -0 -0 -0 -0 -0 -0 
-0 -0 -0 -0 0 0 0 -0 -0 
-0 0 0 0 0 0 0 0 0 
0 0 0 0 0 0 -0 -0 -0 
-0 -0 -0 -0 -0 -0 -0 -0 -0 
-0 0 0 0 0 -0 -0 -0 0 
0 0 0 0 0 0 0 0 0 
0 0 0 0 -0 -0 -0 -0 -0 
-0 -0 -0 -0 -0 -0 -0 -0 0 
0 0 0 -0 -0 -0 0 0 0 
0 0 0 0 0 0 0 0 0 
0 0 -0 -0 -0 -0 -0 -0 -0 
-0 -0 -0 -0 -0 -0 0 0 0 
0 -0 -0 -0 0 0 0 0 0 
0 0 0 0 0 0 0 0 0 
-0 -0 -0 -0 -0 -0 -0 -0 -0 
-0 -0 -0 -0 0 0 0 0 -0 
-0 -0 0 0 0 0 0 0 0 
0 0 0 0 0 0 0 -0 -0 
-0 -0 -0 -0 -0 -0 -0 -0 -0 
-0 -0 0 0 0 0 -0 -0 -0 
0 0 0 0 0 0 0 0 0 
0 0 0 0 0 -0 -0 -0 -0 
-0 -0 -0 -0 -0 -0 -0 -0 -0 
-0 0 0 0 -0 -0 -0 0 0 
0 0 0 0 0 0 0 0 0 
0 0 0 -0 -0 -0 -0 -0 -0 
-0 -0 -0 -0 -0 -0 -0 -0 0 
0 0 -0 -0 -0 0 0 0 0 
0 0 0 0 0 0 0 0 0 
0 -0 -0 -0 -0 -0 -0 -0 -0 
-0 -0 -0 -0 -0 -0 0 0 0 
-0 -0 0 0 0 0 0 0 0 
0 0 0 0 0 0 0 0 -0 
-0 -0 -0 -0 -0 -0 -0 -0 -0 
-0 -0 -0 0 0 0 0 -0 -0 
0 0 0 0 0 0 0 0 0 
0 0 0 0 0 0 -0 -0 -0 
-0 -0 -0 -0 -0 -0 -0 -0 -0 
0 0 0 0 0 -0 0 0 0 
0 0 0 0 0 0 0 0 0 
0 0 0 0 -0 -0 -0 -0 -0 
-0 -0 -0 -0 -0 -0 0 0 0 
0 0 0 -0 0 0 0 0 0 
0 0 0 0 0 0 0 0 0 
0 0 -0 -0 -0 -0 -0 -0 -0 
-0 -0 -0 0 0 0 0 0 0 
0 0 0 0 0 0 0 0 0 
0 0 0 0 0 0 0 0 0 
0 -0 -0 -0 -0 -0 -0 -0 -0 
0 0 0 0 0 0 0 0 0 
0 0 0 0 0 0 0 0 0 
0 0 0 0 0 0 0 0 -0 
-0 -0 -0 -0 -0 0 0 0 0 
0 0 0 0 0 0 0 0 0 
0 0 0 0 0 0 0 0 0 
0 0 0 0 0 0 -0 -0 -0 
-0 -0 0 0 0 0 0 0 0 
0 0 0 0 0 0 0 0 0 
0 0 0 0 0 0 0 0 0 
0 0 0 0 -0 -0 -0 -0 -0 
-0 -0 0 0 0 0 0 0 0 
0 0 0 0 0 0 0 0 0 
0 0 0 0 0 0 0 0 0 
0 0 -0 -0 -0 -0 -0 -0 -0 
-0 -0 0 0 0 0 0 0 0 
0 0 0 0 0 0 0 0 0 
0 0 0 0 0 0 0 0 -0 
-0 -0 -0 -0 -0 -0 -0 -0 -0 
-0 0 0 0 0 0 0 -0 0 
0 0 0 0 0 0 0 0 0 
0 0 0 0 0 0 -0 -0 -0 
-0 -0 -0 -0 -0 -0 -0 -0 -0 
0 0 0 0 0 -0 -0 0 0 
0 0 0 0 0 0 0 0 0 
0 0 0 0 -0 -0 -0 -0 -0 
-0 -0 -0 -0 -0 -0 -0 -0 0 
0 0 0 -0 -0 0 0 0 0 
0 0 0 0 0 0 0 0 0 
0 0 -0 -0 -0 -0 -0 -0 -0 
-0 -0 -0 -0 -0 -0 0 0 0 
0 -0 -0 -0 0 0 0 0 0 
0 0 0 0 0 0 0 0 0 
-0 -0 -0 -0 -0 -0 -0 -0 -0 
-0 -0 -0 -0 0 0 0 0 -0 
-0 -0 0 0 0 0 0 0 0 
0 0 0 0 0 0 0 -0 -0 
-0 -0 -0 -0 -0 -0 -0 -0 -0 
-0 -0 0 0 0 0 -0 -0 -0 
0 0 0 0 0 0 0 0 0 
0 0 0 0 0 -0 -0 -0 -0 
-0 -0 -0 -0 -0 -0 -0 -0 -0 
0 0 0 0 -0 -0 -0 0 0 
0 0 0 0 0 0 0 0 0 
0 0 0 -0 -0 -0 -0 -0 -0 
-0 -0 -0 -0 -0 -0 -0 0 0 
0 0 
fz_mag_viz 1 1838 double
0 0 0 0 0 0 0 0 0 
0 0 0 0 0 0 0 0 0 
0 0 0 0 0 0 0 0 0 
0 0 0 0 0 0 0 0 0 
0 0 0 0 0 0 0 0 0 
0 0 0 0 0 0 0 0 0 
0 0 0 0 0 0 0 0 0 
0 0 0 0 0 0 0 0 0 
0 0 0 0 0 0 0 0 0 
0 0 0 0 0 0 0 0 0 
0 0 0 0 0 0 0 0 0 
0 0 0 0 0 0 0 0 0 
0 0 0 0 0 0 0 0 0 
0 0 0 0 0 0 0 0 0 
0 0 0 0 0 0 0 0 0 
0 0 0 0 0 0 0 0 0 
0 0 0 0 0 0 0 0 0 
0 0 0 0 0 0 0 0 0 
0 0 0 0 0 0 0 0 0 
0 0 0 0 0 0 0 0 0 
0 0 0 0 0 0 0 0 0 
0 0 0 0 0 0 0 0 0 
0 0 0 0 0 0 0 0 0 
0 0 0 0 0 0 0 0 0 
0 0 0 0 0 0 0 0 0 
0 0 0 0 0 0 0 0 0 
0 0 0 0 0 0 0 0 0 
0 0 0 0 0 0 0 0 0 
0 0 0 0 0 0 0 0 0 
0 0 0 0 0 0 0 0 0 
0 0 0 0 0 0 0 0 0 
0 0 0 0 0 0 0 0 0 
0 0 0 0 0 0 0 0 0 
0 0 0 0 0 0 0 0 0 
0 0 0 0 0 0 0 0 0 
0 0 0 0 0 0 0 0 0 
0 0 0 0 0 0 0 0 0 
0 0 0 0 0 0 0 0 0 
0 0 0 0 0 0 0 0 0 
0 0 0 0 0 0 0 0 0 
0 0 0 0 0 0 0 0 0 
0 0 0 0 0 0 0 0 0 
0 0 0 0 0 0 0 0 0 
0 0 0 0 0 0 0 0 0 
0 0 0 0 0 0 0 0 0 
0 0 0 0 0 0 0 0 0 
0 0 0 0 0 0 0 0 0 
0 0 0 0 0 0 0 0 0 
0 0 0 0 0 0 0 0 0 
0 0 0 0 0 0 0 0 0 
0 0 0 0 0 0 0 0 0 
0 0 0 0 0 0 0 0 0 
0 0 0 0 0 0 0 0 0 
0 0 0 0 0 0 0 0 0 
0 0 0 0 0 0 0 0 0 
0 0 0 0 0 0 0 0 0 
0 0 0 0 0 0 0 0 0 
0 0 0 0 0 0 0 0 0 
0 0 0 0 0 0 0 0 0 
0 0 0 0 0 0 0 0 0 
0 0 0 0 0 0 0 0 0 
0 0 0 0 0 0 0 0 0 
0 0 0 0 0 0 0 0 0 
0 0 0 0 0 0 0 0 0 
0 0 0 0 0 0 0 0 0 
0 0 0 0 0 0 0 0 0 
0 0 0 0 0 0 0 0 0 
0 0 0 0 0 0 0 0 0 
0 0 0 0 0 0 0 0 0 
0 0 0 0 0 0 0 0 0 
0 0 0 0 0 0 0 0 0 
0 0 0 0 0 0 0 0 0 
0 0 0 0 0 0 0 0 0 
0 0 0 0 0 0 0 0 0 
0 0 0 0 0 0 0 0 0 
0 0 0 0 0 0 0 0 0 
0 0 0 0 0 0 0 0 0 
0 0 0 0 0 0 0 0 0 
0 0 0 0 0 0 0 0 0 
0 0 0 0 0 0 0 0 0 
0 0 0 0 0 0 0 0 0 
0 0 0 0 0 0 0 0 0 
0 0 0 0 0 0 0 0 0 
0 0 0 0 0 0 0 0 0 
0 0 0 0 0 0 0 0 0 
0 0 0 0 0 0 0 0 0 
0 0 0 0 0 0 0 0 0 
0 0 0 0 0 0 0 0 0 
0 0 0 0 0 0 0 0 0 
0 0 0 0 0 0 0 0 0 
0 0 0 0 0 0 0 0 0 
0 0 0 0 0 0 0 0 0 
0 0 0 0 0 0 0 0 0 
0 0 0 0 0 0 0 0 0 
0 0 0 0 0 0 0 0 0 
0 0 0 0 0 0 0 0 0 
0 0 0 0 0 0 0 0 0 
0 0 0 0 0 0 0 0 0 
0 0 0 0 0 0 0 0 0 
0 0 0 0 0 0 0 0 0 
0 0 0 0 0 0 0 0 0 
0 0 0 0 0 0 0 0 0 
0 0 0 0 0 0 0 0 0 
0 0 0 0 0 0 0 0 0 
0 0 0 0 0 0 0 0 0 
0 0 0 0 0 0 0 0 0 
0 0 0 0 0 0 0 0 0 
0 0 0 0 0 0 0 0 0 
0 0 0 0 0 0 0 0 0 
0 0 0 0 0 0 0 0 0 
0 0 0 0 0 0 0 0 0 
0 0 0 0 0 0 0 0 0 
0 0 0 0 0 0 0 0 0 
0 0 0 0 0 0 0 0 0 
0 0 0 0 0 0 0 0 0 
0 0 0 0 0 0 0 0 0 
0 0 0 0 0 0 0 0 0 
0 0 0 0 0 0 0 0 0 
0 0 0 0 0 0 0 0 0 
0 0 0 0 0 0 0 0 0 
0 0 0 0 0 0 0 0 0 
0 0 0 0 0 0 0 0 0 
0 0 0 0 0 0 0 0 0 
0 0 0 0 0 0 0 0 0 
0 0 0 0 0 0 0 0 0 
0 0 0 0 0 0 0 0 0 
0 0 0 0 0 0 0 0 0 
0 0 0 0 0 0 0 0 0 
0 0 0 0 0 0 0 0 0 
0 0 0 0 0 0 0 0 0 
0 0 0 0 0 0 0 0 0 
0 0 0 0 0 0 0 0 0 
0 0 0 0 0 0 0 0 0 
0 0 0 0 0 0 0 0 0 
0 0 0 0 0 0 0 0 0 
0 0 0 0 0 0 0 0 0 
0 0 0 0 0 0 0 0 0 
0 0 0 0 0 0 0 0 0 
0 0 0 0 0 0 0 0 0 
0 0 0 0 0 0 0 0 0 
0 0 0 0 0 0 0 0 0 
0 0 0 0 0 0 0 0 0 
0 0 0 0 0 0 0 0 0 
0 0 0 0 0 0 0 0 0 
0 0 0 0 0 0 0 0 0 
0 0 0 0 0 0 0 0 0 
0 0 0 0 0 0 0 0 0 
0 0 0 0 0 0 0 0 0 
0 0 0 0 0 0 0 0 0 
0 0 0 0 0 0 0 0 0 
0 0 0 0 0 0 0 0 0 
0 0 0 0 0 0 0 0 0 
0 0 0 0 0 0 0 0 0 
0 0 0 0 0 0 0 0 0 
0 0 0 0 0 0 0 0 0 
0 0 0 0 0 0 0 0 0 
0 0 0 0 0 0 0 0 0 
0 0 0 0 0 0 0 0 0 
0 0 0 0 0 0 0 0 0 
0 0 0 0 0 0 0 0 0 
0 0 0 0 0 0 0 0 0 
0 0 0 0 0 0 0 0 0 
0 0 0 0 0 0 0 0 0 
0 0 0 0 0 0 0 0 0 
0 0 0 0 0 0 0 0 0 
0 0 0 0 0 0 0 0 0 
0 0 0 0 0 0 0 0 0 
0 0 0 0 0 0 0 0 0 
0 0 0 0 0 0 0 0 0 
0 0 0 0 0 0 0 0 0 
0 0 0 0 0 0 0 0 0 
0 0 0 0 0 0 0 0 0 
0 0 0 0 0 0 0 0 0 
0 0 0 0 0 0 0 0 0 
0 0 0 0 0 0 0 0 0 
0 0 0 0 0 0 0 0 0 
0 0 0 0 0 0 0 0 0 
0 0 0 0 0 0 0 0 0 
0 0 0 0 0 0 0 0 0 
0 0 0 0 0 0 0 0 0 
0 0 0 0 0 0 0 0 0 
0 0 0 0 0 0 0 0 0 
0 0 0 0 0 0 0 0 0 
0 0 0 0 0 0 0 0 0 
0 0 0 0 0 0 0 0 0 
0 0 0 0 0 0 0 0 0 
0 0 0 0 0 0 0 0 0 
0 0 0 0 0 0 0 0 0 
0 0 0 0 0 0 0 0 0 
0 0 0 0 0 0 0 0 0 
0 0 0 0 0 0 0 0 0 
0 0 0 0 0 0 0 0 0 
0 0 0 0 0 0 0 0 0 
0 0 0 0 0 0 0 0 0 
0 0 0 0 0 0 0 0 0 
0 0 0 0 0 0 0 0 0 
0 0 0 0 0 0 0 0 0 
0 0 0 0 0 0 0 0 0 
0 0 0 0 0 0 0 0 0 
0 0 0 0 0 0 0 0 0 
0 0 0 0 0 0 0 0 0 
0 0 0 0 0 0 0 0 0 
0 0 0 0 0 0 0 0 0 
0 0 0 0 0 0 0 0 0 
0 0 
B_magnitude 1 1838 double
7495.1149599 17217.531004 7967.1438089 9.7006312149e-13 643.93489593 4662.0992351 14314.744205 6221.4666875 1042.8570708 
18.836753913 3.4885576688e-12 0.0043813698002 0.45956374368 2.1491940721 21747.201205 24100.718357 177.04671318 0.00062431228454 
0.85835914452 5.2081304253 341.27716761 26973.633083 19961.270965 19322.9082 25879.763551 0.0003586453142 1.6314571653e-09 
1.2700435502e-14 0.094052561029 195.04568314 26731.385206 25252.102561 18881.100089 19160.143863 10870.477744 21622.927722 
20672.067951 216.56232166 0.29523598532 0.042823833656 1.6573761602e-09 3.0346674143e-07 345.33166914 22381.150273 3424.7062991 
61.736628472 1.1538976944 3.6714210361e-06 6.4521215247e-13 0.028756403933 20229.810424 29305.55485 9.9125807692e-08 2.87494886e-06 
11800.240954 24221.4659 22039.000233 6231.3157338 7373.5472237 1096.5754396 0.031633598114 1.2259094585e-12 2.0495537247e-14 
2.7332552148e-14 2.787910552 8280.9760508 21796.071707 0.097915285611 0.12089502412 2.1486285853e-15 1.4645359516e-09 4.642413468e-08 
2.8776377011e-07 13125.838192 16379.423332 23394.997581 24551.799435 9450.1450922 0.10189234839 0.011746081976 2.2648904351e-10 
1.0728913101e-12 57.815218141 148.36122549 1263.2795652 25710.132001 500.85046756 42.420430607 48.194355026 4.6334681784 
0.010291940282 5.7781628637e-08 795.70067687 12691.575653 21073.349864 24088.399642 665.55174109 13.757202731 1.7606789309e-06 
3.3182010938e-06 1691.6523418 27394.264736 4676.6307102 13991.250134 525.85865505 7.2756025032e-13 71.2571949 22301.05026 
16934.848791 18581.027776 18766.006987 20402.967929 81.270406812 1.2745142586e-09 0.013871510048 0.022144755273 0.07594927809 
7809.7405411 8259.5646925 87.345118996 2.0115591742e-10 4.2812711385e-14 5.1026243282e-06 27279.454817 12248.884441 18140.96416 
1.2369594032e-11 8.3424887484e-10 12666.376445 27475.534852 23796.715984 32610.651662 34068.333522 5.7755018838e-08 3.5491650502e-13 
7.7734909938e-10 1.1828064288e-09 7.13344437e-06 0.025424576356 15.942095102 17086.376852 24486.826111 22245.483458 13869.954369 
0.00050731510448 7.6549905968e-05 5.5413746536e-05 2.272472327e-05 221.46713504 31647.758287 11717.77381 3036.6287107 21.566965444 
0.016762415754 2.9538268971e-09 102.43184047 970.40602103 18299.545608 21314.709382 25240.220248 4.9009981381 2.7752540141e-08 
1.0736685152e-12 4.7309352019e-10 13474.047482 3990.4101578 3.6952279303 3.2755042839e-06 8.955068027e-14 0.00049634018784 4.09650666 
865.77105913 15495.8381 14250.509682 10202.295574 2.6801069477 0.21594937479 8.2449597285e-07 1.4762810296e-12 0.22560771934 
1099.8915268 13131.066385 10544.811529 18934.407051 19230.563829 378.93598291 0.001737774507 10.24391376 107.31801855 
1222.7849526 6954.9104445 17473.425668 0.0079118797744 1.2304973123e-11 0.00011101733874 0.65626543756 55.056324662 203.3748126 
1238.9510031 2557.8966385 5338.1698306 24601.667376 14798.144141 8654.0376066 1672.6532485 27.277016844 0.32317453587 
1.5287044946e-05 3.0138226376e-09 6.5700207006e-08 0.00053870957813 2134.7964446 11947.525955 19887.546753 14106.860043 829.11520522 
7.2894837594e-11 0.04255929421 2063.5458086 3329.7862214 2.2592503502e-09 94.675526456 447.77844944 3753.9404454 16415.136673 
4256.1665335 23663.684413 13001.810252 257.82695664 16.590658806 1.0485156142 0.00028893779291 5.9092709616e-06 9.939599556e-09 
0.00046618262704 7.111775627 113.19482299 1195.2629581 3096.6420034 5937.4915393 5638.4840568 13120.440988 10314.120163 
165.52171143 1.1470194912e-10 1.6759493485e-13 18951.338296 18833.149092 5451.9405255 4.8709387545 6.881045226 1.2176730558 
0.0024549713516 0.00025881345748 8.193492017e-07 8.6660055592e-12 4.311343466e-12 8.5476658605e-06 0.00026450163221 0.021114233778 1262.6840005 
13813.487156 8.8738363525e-05 5.6816748187e-09 3.3561310975e-09 2.119237498e-11 2.8740203336e-10 14705.472999 15900.363872 239.39816632 
9.8371167557e-07 0.00044457387035 0.37039194594 0.3731036846 3.6998231847 13.772478831 17281.609037 8960.4873086 0.12024849601 
0.00062035192527 2.0953519074e-05 2.4946510233e-06 2.2709108947e-07 2.0586334581e-06 4770.1016799 15295.656117 19867.014311 1.2100593542 
9.213245591e-08 6.4328597385e-09 0.09899243014 21426.481235 1537.886996 1664.4358643 0.0033420358346 1.0340672508e-08 2.1557333268e-09 
1.7884430444e-15 6.4343407164e-14 0.0016334643094 3783.706214 11467.510406 11267.802501 12873.482687 351.02422736 15369.58346 
12651.270575 0.00011529824804 3.2205058947e-07 8.3567169796e-14 2.2432090774e-11 2.8779702522e-05 0.0035898525432 0.67135541086 0.59092341919 
9668.3705151 14711.34628 11328.823558 431.25318136 42.994801331 0.00033232806345 4.6098177361e-13 5.7149406369e-13 0.3093776639 
30671.566751 1074.9229994 204.33741126 1.0933759876e-12 215.0755461 630.23187317 1306.3214039 1880.6643396 4006.7306321 
14672.636266 16460.38103 17416.645849 24140.312135 2397.8643707 0.040328163234 0.0042825066165 3.5142656994e-09 1.1046146851e-10 
6.785388142e-15 7.4835451737e-07 3.7152306569 9.0449633221 33.217662687 44.308578992 1378.4092725 3328.9257446 4825.9425294 
8808.1371475 8105.6423993 1.7192927794e-07 2.7927090879e-10 3.7637304051e-11 2.2283545708e-06 2.5309984115 876.8112486 1.2261613943 
1.753109857e-06 0.00013953226659 0.20272397977 7.5440835808 93.400185231 649.56508831 786.69984512 15366.19949 15390.132408 
20538.615264 19755.131462 6.6489071271 7.8713424645e-07 1.8243991158e-12 5.6040059456e-08 0.061606229052 0.25411308973 0.25952894407 
1.9016118882 31.100514217 20519.012283 1.8512034987e-08 2.2482004869e-15 2.9058054789e-13 9456.9725641 9071.5382253 24032.297648 
20823.06699 2.8344459254e-08 2.8978029032e-13 3.4129325855e-15 7.6258899847e-10 6.6067417889e-07 1.3628519712e-05 3.2911858439 8010.9820586 
19399.830539 6830.2323368 5.4931922213e-08 3.2873483095e-08 3.8169284172e-16 7.0666891756e-11 2.6959195806e-08 2.1826411707e-07 2.2106022579e-06 
0.18047999006 3.6154451672 30.675898263 247.1793009 8070.5637575 23196.871849 2229.3693547 33.237583875 0.90021928957 
5.1389270295e-13 3.5681533453e-17 2.7704191123e-08 5.5094782985e-06 21830.64096 14499.377331 2065.7056993 0.010650617443 1.0143452657e-11 
6.4718839557e-13 1.5867180024e-14 1.6679041594e-10 14893.097705 22246.762355 0.64829412481 1.1655952564e-14 0.00068932177988 0.0011181800747 
0.054677020953 11045.026237 5839.3217585 23041.687661 6.5816519667 1.8054479423e-16 1.4533529294e-13 2.1873691416e-12 4.91651206e-10 
3.9443911442e-06 81.589846583 5727.5528421 7130.1029258 32.174616902 23.458522447 0.0035726535285 4.6134261679e-14 4.1527931792e-12 
650.16369226 1634.5576959 2133.0265192 3.0429777844e-05 1.4982675414e-17 9.9173085203e-11 1386.7396124 8168.2665929 9736.7241252 
18722.913943 10657.504454 3313.5629082 0.001668476254 1.5419766004e-17 4.8383726655e-09 637.77409446 5642.3849747 603.47851276 
0.00033762768115 1.0354920098e-08 2.0200815008e-17 5.5689791546e-06 0.00016524705228 0.071457490658 18.270131891 20401.801164 21631.314358 
0.00014119520262 4.6816473609e-09 2.5325672899e-16 1.6938372064e-06 0.0027877308731 657.03049397 737.75416086 0.48833165527 8.0809657867e-05 
7.8526430394e-06 9.7935445928e-07 1.3411168809e-10 1.7434918e-10 7405.0135244 22018.669611 6.5629075781 3.8100366797e-11 7649.4649375 
15838.402483 23285.795847 0.0028622646765 7.1218953813e-05 0.0017819098534 19059.255628 14687.040833 23179.934448 10280.656704 
7425.6057704 11.192886485 1.5190645604 2.9953618603e-06 2.6692768057e-14 5.3049718218e-14 4.917152591e-13 9.7350668897e-14 2.1099944231e-08 
1.5836300188 1483.8996463 770.24641745 20599.644459 5.8614034714 4.1723839278e-09 8.4246627863e-12 9.3697753658e-14 2.6912355164e-06 
0.0050791427689 0.011352386349 259.08159449 2321.1162664 3445.1811796 8278.8215535 19571.326947 14001.385544 502.74954626 
2.1159809015e-10 0.00010129254951 0.19189235298 8574.5798882 0.86118896049 1.6270124695e-11 4.5872908082e-14 8.2485260018e-14 1.1264716825e-05 
0.0014962786922 1.2182196993 36.116368825 8740.5353162 11120.674026 4.058079752e-09 2.7890210527e-14 1.5720831967e-08 82.026802091 
1.9709680084e-13 7.8497832903e-13 329.81558658 538.847383 2.9865528087e-07 5.1519472987e-08 5.7647088567e-10 1.5473740504e-10 0.0051788623649 
11.794562757 257.7842721 17487.447805 18417.490853 19350.450199 5716.0579171 4.4879938031e-06 4.7644261146e-14 4.8582366624e-13 
3.7434567906 41.415433709 0.00016087903893 1.130116485e-08 0.007697255795 4.6416863281 20744.675924 1.4810443019e-08 0.019139860772 
821.90971643 17214.466267 2.462110722 0.15832432191 7.1091795722e-11 5.5294926794e-06 3799.4795758 3792.9807408 10013.299511 
8298.026747 4781.7598675 18402.982198 0.40332738494 0.0080879982388 0.023013734367 2.0733662735 0.0046766566537 19950.787039 
1.6681651795e-09 2.7010507233e-08 0.0070059932412 17667.118854 14172.273252 15.305131534 16119.572377 23337.571971 3.6549788073 
7.3312616978 5640.9713674 0.00015949321643 17570.109607 1.6921237181e-13 15358.140879 4566.9930517 24309.233372 3955.8846892 
4.1051240659e-08 2.8038270865e-05 127.50262672 8.2110017603e-18 0.00099179917774 388.26123877 0.0033483828739 17067.97806 1586.7591722 
5.2398012686e-11 7.1116329421e-11 29812.366924 0.80371290466 3.6107020084 12617.183991 24197.02621 1073.8682902 14987.584101 
19882.241472 4.0804796169e-09 2.7420053076e-09 3.8160210719e-12 6.8707491386e-09 1.8640327132e-08 0.00087809045047 269.43394549 0.033183969379 
3560.898748 5196.9818722 2802.9761604 23714.924423 5.1654779578e-12 0.014903237095 6.7969745991e-05 8.366448857e-05 52.826169312 
1474.7136429 2337.1110382 3853.1024893 9638.1744773 15165.830363 13240.059873 6388.3484384 1703.4032593 251.00096981 
20.439126953 0.91976800502 0.022873007395 0.00031433826941 2.3872629644e-06 1.0019182295e-08 2.323770915e-11 2.978402504e-14 1.5414341813e-14 
1.2222476004e-11 5.3557811617e-09 1.2969268117e-06 0.00017355499969 0.01283476156 0.52452657431 11.846122037 147.84748167 1019.7200413 
3886.7581937 8194.452514 9870.0506134 11866.002476 22290.562638 26770.4551 17848.218042 2288.9761726 3574.3709593 
5024.5199814 11736.141394 18419.619583 16079.572587 7758.4033482 2068.7176095 304.8310039 24.822531932 1.1170227929 
0.027778385922 0.00038175171316 2.8992388618e-06 1.2167910743e-08 2.8221302149e-11 3.6171551118e-14 2.1064858427e-14 1.6702936815e-11 7.3190795637e-09 
1.7723484654e-06 0.00023717601841 0.017539671283 0.71680518951 16.188620687 202.04475249 1393.5243517 5311.5314095 11196.965683 
13429.791002 15440.891435 28477.587071 34177.767642 22786.358298 2214.8581448 3502.6344539 5661.5588152 14064.097453 
22124.705444 19315.165088 9319.5940662 2484.9970204 366.17087505 29.817466472 1.3417966293 0.03336811463 0.00045857001772 
3.4826406023e-06 1.4616408657e-08 3.390015704e-11 4.3450204359e-14 3.4090591649e-14 2.7031427217e-11 1.1844932943e-08 2.8683044831e-06 0.00038383706713 
0.028385567937 1.1600515241 26.199076639 326.98189697 2255.2283906 8595.8626058 18110.660335 21299.50135 18231.085391 
27048.302672 32128.337156 21414.000068 1379.6276394 2461.4990611 6936.9296117 19199.565312 30307.289217 26461.089932 
12767.543707 3404.3661002 501.64233832 40.848971407 1.8382182871 0.045713245344 0.00062822619619 4.7711057717e-06 2.0024010419e-08 
4.6442126359e-11 5.9525386261e-14 5.1205323162e-14 4.0602201197e-11 1.7791526383e-08 4.30829918e-06 0.00057653743921 0.042636170528 1.7424401975 
39.351979908 491.13887352 3387.435736 12911.226727 27196.832968 31728.749905 22076.655947 19980.67196 22516.059666 
14984.451122 1155.8488477 2182.6305292 6914.9968287 19328.330654 30518.981997 26646.112927 12856.820276 3428.1710199 
505.15005619 41.134606521 1.8510719692 0.046032893738 0.00063261904759 4.8044675748e-06 2.0164027666e-08 4.6766871429e-11 5.9941615246e-14 
5.070061442e-14 4.0202002378e-11 1.7616162791e-08 4.2658340872e-06 0.00057085475219 0.042215923729 1.7252656974 38.964103995 486.29792431 
3354.0472265 12783.96902 26928.989598 31425.842297 22078.512551 20913.249416 23747.683223 15807.75185 1993.7730853 
3215.1547409 6070.2095665 15786.814996 24873.277152 21715.603408 10477.820391 2793.8291114 411.67809976 33.523141171 
1.5085533129 0.037515059115 0.00051556048383 3.9154585004e-06 1.6432916301e-08 3.8113223042e-11 4.8850135332e-14 3.2394069931e-14 2.5686201341e-11 
1.1255466831e-08 2.7255625782e-06 0.0003647353175 0.026972952902 1.1023212639 24.895272902 310.70955911 2142.9963017 8168.0769007 
17208.551834 20203.557122 16655.510817 23502.082554 27828.721366 18546.64747 2383.1840756 3785.0827742 6362.6712676 
16018.645687 25211.249851 22010.034752 10619.87595 2831.7070613 417.2595155 33.977638478 1.5290058538 0.038023677721 
0.00052255030768 3.9685431841e-06 1.6655709152e-08 3.8629951386e-11 4.951242888e-14 2.2385028018e-14 1.7749728894e-11 7.7777746183e-09 1.8834235629e-06 
0.0002520401097 0.018638902465 0.76172818737 17.203179985 214.70712577 1480.8577112 5644.3537364 11894.134098 14075.891572 
13516.818423 22433.448142 26804.826863 17868.679161 1809.8358817 2948.5491655 5932.9534103 15650.218949 24669.162661 
21537.65968 10391.965505 2770.9365987 408.30482763 33.248454037 1.4961922938 0.037207662381 0.00051133600405 3.8833754068e-06 
1.6298265712e-08 3.7800924979e-11 4.8449862082e-14 3.9372540714e-14 3.1219639984e-11 1.368017083e-08 3.3127156995e-06 0.00044330826307 0.032783589434 
1.339788338 30.258326131 377.6440289 2604.650203 9927.6617677 20914.146365 24488.316535 18922.437836 23859.894238 
28016.537192 18667.468893 1383.805443 2362.4122291 5854.1212604 15974.499685 25206.114081 22007.049941 10618.454947 
2831.3282974 417.20370417 33.973093737 1.5288013388 0.038018591794 0.00052248041299 3.9680123642e-06 1.6653481337e-08 3.8624784365e-11 
4.9505819198e-14 5.6032574138e-14 4.4429876309e-11 1.946877985e-08 4.7144537494e-06 0.00063088912317 0.046655593219 1.906704567 43.061793408 
537.43981269 3706.7781458 14128.4063 29761.118467 34736.079493 24518.230701 23699.536234 26996.440585 17971.994933 
2258.29238 3608.5225843 6376.5909067 16298.922047 25665.560048 22406.966228 10811.399939 2882.7754663 424.78457999 
34.590408018 1.5565807017 0.038709415533 0.0005319742384 4.0401138549e-06 1.6956086449e-08 3.9326623037e-11 5.0405370264e-14 5.0429079852e-14 
3.9986698664e-11 1.7521818603e-08 4.2429882121e-06 0.00056779751272 0.041989834365 1.7160259558 38.755429905 483.69353309 3336.0845161 
12715.510671 26785.310293 31281.19096 22479.835302 23297.340526 26798.952942 17845.67555 2861.4123062 4483.8697979 
6579.5342666 15704.743828 24669.268329 21535.752366 10391.019644 2770.6842115 408.26763701 33.245425585 1.4960560124 
0.037204273303 0.00051128942876 3.8830216877e-06 1.6296781177e-08 3.7797481864e-11 4.8445445355e-14 2.8673285877e-14 2.2735880007e-11 9.9626620494e-09 
2.4125040097e-06 0.0003228417586 0.023874835071 0.97570846118 22.035797739 275.02140801 1896.8514572 7229.8996093 15232.719303 
17915.362315 15344.048419 22782.365478 27062.421819 18037.516734 2471.2333315 3928.6271977 6657.9829811 16805.916151 
26452.681554 23093.890148 11142.83857 2971.1509684 437.80694358 35.650825205 1.6042998535 0.039896106639 0.00054828265041 
4.1639691782e-06 1.7475898921e-08 4.05322355e-11 5.1950605154e-14 1.1444769508e-14 9.0748492784e-12 3.976518898e-09 9.6293216998e-07 0.00012885977139 
0.0095294543139 0.38944642663 8.7954169041 109.77265393 757.11417872 2885.8595252 6088.0756451 7492.8860769 10756.974223 
21342.626536 25679.936769 17122.009384 1990.0446464 3231.9938804 6383.8654519 16774.078213 26437.441992 23081.398325 
11136.821642 2969.5466749 437.57054698 35.63157532 1.6034336018 0.039874564488 0.00054798660179 4.1617208172e-06 1.7466462701e-08 
4.0510349867e-11 5.1922553643e-14 5.7300918577e-15 4.543465699e-12 1.9909065881e-09 4.8210710178e-07 6.4515666689e-05 0.0047710708439 0.19498246492 
4.4035635081 54.959407607 379.06260486 1445.0679929 3065.2709417 4409.2962929 10621.288753 22665.157795 27330.825429 
18223.79173 1740.7657975 2871.8167283 6178.8250532 16507.744166 26031.100616 22726.951226 10965.804188 2923.9462323 
430.85120142 35.084415853 1.5788112305 0.03926224956 0.0005395717042 4.0978133159e-06 1.7198247211e-08 3.9888271801e-11 5.1125229579e-14 
7.5935059309e-15 6.0210469392e-12 2.6383696528e-09 6.3889323303e-07 8.5496817449e-05 0.0063226715915 0.25839274496 5.8356471243 72.832761474 
502.3365047 1914.8587316 4049.4788013 5375.7484727 10781.670572 22624.173017 27268.452369 18181.973037 1566.3471648 
2592.6950897 5668.9690403 15187.702428 23951.544777 20911.402106 10089.798327 2690.3661001 396.43255191 32.281689045 
1.4526875242 0.036125775524 0.00049646789176 3.7704585358e-06 1.582436119e-08 3.6701787831e-11 4.7041079968e-14 1.7738695101e-14 1.4065511095e-11 
6.1633828798e-09 1.4924912475e-06 0.00019972547076 0.014770123588 0.60362027694 13.632406468 170.14149858 1173.4840729 4472.8140086 
9427.6398256 11253.515323 12225.307486 21944.996944 26310.068938 17540.462239 1529.5647946 2545.4839356 5705.5139037 
15347.98856 24207.295909 21134.760121 10197.569952 2719.1025705 400.66694677 32.626497808 1.4682040416 0.036511643933 
0.00050177078901 3.8107317429e-06 1.5993385134e-08 3.7093808771e-11 4.754354115e-14 3.2297674988e-14 2.5609767673e-11 1.1221974272e-08 2.7174522024e-06 
0.00036364998541 0.026892690285 1.0990411191 24.821192774 309.78498925 2136.6192883 8143.7480015 17155.486151 20062.354466 
14995.580559 17505.951109 20411.428509 13597.467573 1342.9256292 2267.0398331 5391.7463708 14632.704833 23085.203338 
20155.231337 9724.9468843 2593.0813248 382.09738335 31.11436953 1.4001577296 0.034819452219 0.00047851540305 3.6341171622e-06 
1.5252145604e-08 3.5374635678e-11 4.5340060552e-14 3.7357073005e-14 2.962151695e-11 1.2979887415e-08 3.1431388798e-06 0.00042061545987 0.031105408346 
1.2712050166 28.709412434 358.31255526 2471.3188032 9419.4366422 19841.062663 23125.577713 15598.661169 11652.814087 
12576.516299 8358.1556277 1275.2550663 2135.9699377 4922.5511507 13298.778475 20977.916079 18315.335194 8837.191796 
2356.3683406 347.21709978 28.274051644 1.2723424114 0.031640910779 0.00043483346834 3.302371794e-06 1.3859832579e-08 3.2145413554e-11 
4.1201128441e-14 2.6944056588e-14 2.1364726717e-11 9.3618347739e-09 2.2670109473e-06 0.00030337184852 0.022434993787 0.91686552808 20.706864943 
258.43544248 1782.4561616 6793.8567487 14312.257504 16756.14848 12907.006815 16167.731801 18973.726159 12642.0298 
1034.3295154 1864.9248747 5388.4392557 14948.309594 23598.053881 20603.337568 9941.1636366 2650.7338687 390.59263811 
31.806142119 1.4312877429 0.035593600722 0.00048915434076 3.7149152846e-06 1.5591249896e-08 3.6161127696e-11 4.634810917e-14 1.2101332087e-14 
9.5954687601e-12 4.2046497621e-09 1.0181750982e-06 0.00013625239085 0.010076154255 0.4117887698 9.3000054949 116.07025619 800.54969584 
3051.4575251 6440.3365607 8046.0462847 12653.274892 25608.495186 30832.084496 20557.530097 556.96572093 1295.3762457 
5178.2371425 14671.511522 23174.578928 20233.916443 9762.9209871 2603.2068825 383.58941125 31.235866065 1.405625117 
0.034955416496 0.0004803839276 3.6483077966e-06 1.5311702743e-08 3.5512767856e-11 4.5517098645e-14 3.3841800307e-15 2.6832946499e-12 1.1757960443e-09 
2.8472436959e-07 3.8101870847e-05 0.0028177144317 0.11515337405 2.6006707912 32.458118219 223.87159057 853.94643373 1850.3855073 
3779.1916484 12507.732911 27155.192986 32760.568502 21844.537325 210.89688453 1034.5478284 5161.4097718 14741.69113 
23290.438247 20335.190075 9811.7872788 2616.2367092 385.50939069 31.392210893 1.4126606901 0.035130378784 0.00048278839246 
3.6665686655e-06 1.5388342383e-08 3.5690519853e-11 4.5744925243e-14 5.9009443532e-16 4.6719744147e-13 2.0472179736e-10 4.9574316038e-08 6.6340446718e-06 
0.00049060172114 0.020049740789 0.45281167022 5.6514608017 38.996945169 151.23565461 481.57661335 2642.3133768 10342.742932 
22576.797998 27241.035699 18164.217749 113.63611055 1005.0154134 5191.1322475 14840.772413 23447.572203 20472.399588 
9877.991437 2633.889534 388.11058105 31.604027047 1.4221924926 0.035367417894 0.00048604596425 3.6913085118e-06 1.5492173856e-08 
3.5931338465e-11 4.605358506e-14 7.1721758854e-17 5.0647990134e-14 2.2193502474e-11 5.3742577479e-09 7.1918422365e-07 5.3185204664e-05 0.002173555796 
0.049089610478 0.61320755624 4.3666852111 30.397421252 335.24815449 2384.8886583 9421.4178005 20570.737241 24820.696331 
16550.34764 101.88269344 952.73076523 4928.7995127 14091.384391 22263.60655 19438.66337 9379.2107584 2500.8935482 
368.5132712 30.008208894 1.3503801063 0.033581570558 0.00046150349149 3.5049190646e-06 1.4709909867e-08 3.4117016446e-11 4.3728148908e-14 
3.1271411771e-17 3.4186420191e-15 1.4980187745e-12 3.6275207267e-10 4.8543557212e-08 3.5899101593e-06 0.0001467278519 0.0033279180159 0.047724739834 
1.0487794482 23.652546712 305.68841496 2185.4668242 8634.7549789 18853.202839 22748.317705 15168.493348 105.71044725 
989.62308918 5119.8068522 14637.483735 23126.413735 20191.992289 9742.6941199 2597.8135575 382.79469061 31.171151589 
1.4027129425 0.034882995855 0.00047938866805 3.6407492315e-06 1.5279979953e-08 3.5439192494e-11 4.5422796247e-14 3.2173611771e-17 1.4367387807e-16 
6.2956627777e-14 1.5245253456e-11 2.0402196319e-09 1.5114849164e-07 6.579732101e-06 0.00034773782442 0.024488207338 1.0348554736 24.225369333 
313.41352878 2240.7572939 8853.2134049 19330.187331 23323.848297 15552.254998 99.586646761 932.30050786 4823.2498072 
13789.62976 21786.851407 19022.401859 9178.3633872 2447.3391599 360.62189061 29.365610063 1.3214629297 0.032862451397 
0.00045162080887 3.4298643719e-06 1.4394910364e-08 3.3386431192e-11 4.2791749888e-14 3.0309535687e-17 2.1468567574e-17 9.4073487204e-15 2.2781532685e-12 
3.0547272122e-10 2.4230452147e-08 2.4122836341e-06 0.00030995822629 0.023708795295 1.0043247773 23.512162454 304.18699329 2174.7920618 
8592.5853328 18761.129609 22637.221946 15094.41511 103.12053 965.38367178 4994.4053123 14278.961878 22559.969057 
19697.421593 9504.062342 2534.1842512 373.41874424 30.407663869 1.3683557227 0.034028592421 0.00046764680602 3.5515748768e-06 
1.4905721176e-08 3.4571165909e-11 4.4310237186e-14 3.1391668051e-17 5.1021628071e-16 2.2357227369e-13 5.4139049629e-11 7.2449227436e-09 5.3584588635e-07 
2.2004011715e-05 0.00057954384853 0.02397552573 0.98237700533 22.977352812 297.26072796 2125.2712 8396.9286771 18333.931064 
22121.763204 14750.709145 105.89330497 991.3348105 5128.6624109 14662.8017 23166.414717 20226.917701 9759.5457311 
2602.3069084 383.45679775 31.225067285 1.4051391681 0.034943331803 0.00048021785055 3.6470465134e-06 1.5306409222e-08 3.5500490477e-11 
4.5501362534e-14 3.364843678e-17 7.6682870915e-15 3.360175756e-12 8.1368187015e-10 1.0888706876e-07 8.0524351744e-06 0.00032909140366 0.0074385361518 
0.095712246492 1.1867668026 23.527324962 302.78747575 2164.4829637 8551.8224149 18672.125642 22529.829498 15022.806225 
103.76654668 970.27299118 5019.5412064 14350.813137 22673.489563 19796.537907 9551.8862476 2546.9361234 375.2977663 
30.560673518 1.3752412115 0.034199822378 0.00046999997837 3.5694462012e-06 1.4980725925e-08 3.4745126065e-11 4.45332038e-14 9.5837316466e-17 
7.1758287761e-14 3.1443848665e-11 7.6142712268e-09 1.0189432655e-06 7.5353023282e-05 0.0030795018407 0.069549301826 0.86829296576 6.0589129962 
31.573467113 286.38118719 2019.2225394 7974.9498968 17412.406145 21009.843607 14009.285209 99.607427787 850.54042539 
4388.4688005 12545.699452 19821.472916 17306.401797 8350.3884306 2226.566082 328.09039433 26.71655503 1.2022545081 
0.02989794829 0.00041088035178 3.1204582518e-06 1.3096353662e-08 3.0374660165e-11 3.8931530396e-14 5.2799996608e-16 4.1809542901e-13 1.8320572867e-10 
4.4364101967e-08 5.9368128054e-06 0.00043903994084 0.017942531819 0.40522155686 5.0574825277 34.894488446 134.78662838 400.83377209 
2076.1329453 8103.7633698 17688.064515 21342.274679 14230.945845 219.1087982 726.35675512 3392.6878316 9670.4635244 
15277.572022 13339.031482 6436.1205375 1716.141445 252.87797562 20.59197242 0.92664610555 0.023044053619 0.00031668891676 
2.4051151126e-06 1.0094106561e-08 2.3411482644e-11 3.0006750498e-14 1.9129367606e-15 1.5167305008e-12 6.6461792526e-10 1.609402589e-07 2.1537056936e-05 
0.0015927111923 0.06509036743 1.4700274198 18.346929422 126.54323339 482.68790742 1045.5628614 2126.9996928 7026.6214557 
15254.227109 18402.97017 12270.982067 654.96866725 1292.522019 4384.7722903 12313.804028 19445.73581 16978.123961 
8191.9906643 2184.3305308 321.86687422 26.209770861 1.1794490397 0.029330816531 0.00040308639567 3.0612665319e-06 1.284792999e-08 
2.9798485697e-11 3.8193041467e-14 4.3206090204e-15 3.425871506e-12 1.5011866718e-09 3.6351919268e-07 4.8646209489e-05 0.0035974907131 0.14702100004 
3.3203822217 41.440581643 285.82099465 1089.5526927 2306.5525269 3152.3986942 6834.9942647 14457.319295 17429.074851 
11621.374005 1266.6483196 2154.812555 5273.8117814 14368.016388 22670.191392 19792.952374 9550.1471897 2546.4723534 
375.2294283 30.555108723 1.3749907938 0.03419359493 0.00046991439604 3.5687962405e-06 1.4977998083e-08 3.4738799323e-11 4.4525094947e-14 
6.0762355757e-15 4.8179619757e-12 2.111188435e-09 5.1123389908e-07 6.8413420402e-05 0.0050593180256 0.20676245055 4.6696075001 58.279810399 
401.96295646 1532.2362262 3239.6777771 4276.0585566 8426.7907579 17647.469813 21268.911013 14181.59603 1531.0602261 
2439.7443396 4217.288416 10710.373096 16861.740237 14720.826615 7102.8232003 1893.9123976 279.07299464 22.725045131 
1.0226351386 0.025431131501 0.00034949395711 2.6542551808e-06 1.1139730691e-08 2.5836621613e-11 3.3115077517e-14 5.3205302973e-15 4.2187648135e-12 
1.8486255245e-09 4.4765309394e-07 5.9905024618e-05 0.0044301040511 0.18104795254 4.088860791 51.031704926 351.97191259 1341.6794799 
2837.0377604 3754.7034083 7461.1810618 15640.204771 18850.253866 12568.903074 1153.7793541 1789.2360084 2277.1070891 
4994.2039686 7817.0978683 6823.5079806 3292.3402932 877.8767597 129.35745912 10.533638699 0.47401749958 0.011787978831 
0.0001619993734 1.2303150523e-06 5.1635496268e-09 1.1975933852e-11 1.5349684055e-14 2.9007169094e-15 2.3000480602e-12 1.0078607696e-09 2.4405807764e-07 
3.2659899701e-05 0.0024152690847 0.098706377451 2.2292250823 27.822213996 191.89342492 731.50764745 1549.2020739 2140.176879 
4757.5706734 10086.120999 12160.142416 8108.1644006 541.6215834 830.99454301 855.94708153 1463.8318068 2257.0916792 
1969.3930429 950.22108886 253.36893956 37.334582134 3.0401725713 0.13680885036 0.0034021947152 4.6755548168e-05 3.550881308e-07 
1.4902810315e-09 3.4564414684e-12 4.4301584599e-15 9.8465875271e-16 7.8076107842e-13 3.421226169e-10 8.284655055e-08 1.1086541604e-05 0.0008198733443 
0.03350629887 0.75671992372 9.4443714007 65.139752386 248.41610389 533.94198764 982.02035265 3069.7240814 6649.1716779 
8021.1943269 5348.4721894 
B_gradient_mag 1 1838 double
859.6896263 11752.21427 2523.0499913 3.8177489001e-29 18.385711531 2124.6626309 7648.0655022 1350.1821305 37.309174334 
0.01317658774 4.6613076863e-28 6.4633052704e-10 7.164940102e-06 0.00016464660325 9174.4218241 18953.143637 1.0318296095 1.2604342013e-11 
2.3258217379e-05 0.000872184203 3.8077346514 22651.400381 5286.5021854 1425.6922846 21160.844954 4.0612481033e-12 8.4640745768e-23 
4.9348076819e-33 2.683481957e-07 1.149163215 21594.128227 19589.059041 1278.3682245 5757.406906 3216.852351 14524.766479 
13316.680959 1.4661008457 2.7314133034e-06 5.7358956543e-08 8.553669181e-23 2.7676283949e-18 3.5713517781 11057.279072 364.58974932 
0.11838969405 4.1352361391e-05 4.1889432829e-16 1.292929857e-29 2.471676958e-08 12316.686992 26627.071219 3.0534880878e-19 2.5688000121e-16 
4206.2000122 18118.134682 10605.852263 679.6909504 1737.5675133 37.678800807 3.1409407244e-08 4.6889250975e-29 1.3488609896e-32 
2.361749157e-32 0.000242019419 2282.4471553 15919.098465 3.2185849843e-07 4.9204011771e-07 1.6940276652e-34 7.3884420413e-23 8.0709683975e-20 
3.1280117854e-18 6741.9731618 2806.0461095 19183.638078 21166.888481 1666.5850916 3.661405766e-07 4.9729531089e-09 1.8371157069e-24 
4.8723366536e-29 0.13640151293 0.98996758359 66.970998764 26295.475006 9.7029943126 0.070393694495 0.09174993678 0.00084269216576 
4.1115250505e-09 1.492578108e-19 28.487499913 7908.7493652 17707.092915 23135.447818 17.880920223 0.0076159588482 1.2349514008e-16 
4.3786251378e-16 120.07136097 27861.031996 1631.3239185 7428.6784582 11.188023944 1.701133111e-29 0.16163060052 15459.733296 
5890.6690396 7005.6314695 14091.921669 16836.932972 0.2668034175 4.9320636251e-23 5.7915108215e-09 1.4599589078e-08 1.6663984638e-07 
1882.7294643 2183.1639946 0.3071008902 1.6309260111e-24 5.1948750791e-32 7.4805766323e-16 21220.836494 5725.2007914 13199.131625 
6.1410141107e-27 1.9612233491e-23 4532.0971411 21292.971154 15998.296747 30043.83263 32662.839552 1.3369242584e-19 3.5485235835e-30 
1.7051637673e-23 3.9455556143e-23 1.4362613991e-15 1.8245040572e-08 0.0071787177979 11415.76858 23989.605859 19845.215254 7713.5440233 
1.0322349438e-11 2.3489155077e-13 8.7969137387e-14 1.4628805874e-14 1.4012755596 28391.680873 5509.6706656 370.03978042 0.018681563972 
1.1281179719e-08 2.6437148388e-22 0.31296098878 27.762156263 5206.1867428 9435.5737241 23240.28561 0.00096556216555 3.0984486728e-20 
4.6387000309e-29 7.8583323878e-24 6413.2503136 641.82870932 0.0005510098415 4.3307986065e-16 3.0179563363e-31 9.5522390845e-12 0.00062571008031 
34.17791778 8824.7572356 8215.646889 4211.6569948 0.00029084732992 1.8870162559e-06 2.7483820949e-17 1.298078169e-28 4.1287838288e-06 
75.522340288 3456.7624865 3208.0135827 14199.030532 14988.12771 5.8340590963 1.2243729122e-10 0.012723559084 1.4064887448 
218.03771071 2216.3549859 11966.977497 2.5476069061e-09 6.1640180635e-27 2.1967673248e-12 6.9105405814e-05 0.7124291273 9.337062186 
330.4687034 1310.4977595 2713.2981807 24705.045895 8955.3276696 3060.0207855 114.34305588 0.030409104994 4.2807004855e-06 
9.5624716256e-15 3.7237707739e-22 1.084922538e-18 7.7906700991e-11 1220.3506362 4361.691264 16281.38497 8194.5607006 28.270530857 
2.1886479351e-25 4.1117876923e-07 1135.3873116 2827.8024802 7.6731382142e-22 1.501991887 30.332851425 2737.4788877 10036.641162 
1670.0799616 23140.471266 7008.3091087 2.7511388378 0.011408151408 4.5614808098e-05 3.4597465573e-12 1.4448764073e-15 7.9448345638e-21 
2.0102972305e-11 0.0048339667516 1.3017926633 111.78009992 927.2442827 2864.1055287 3692.5418801 5296.2250505 3507.29468 
1.1381822835 5.4677352351e-25 1.1689333168e-30 14997.159254 14780.890516 1242.2196186 0.00098921962096 0.001975249319 6.2004842968e-05 
2.5190549568e-10 2.8021832411e-12 2.8059977555e-17 3.141312145e-27 7.7632334154e-28 3.8026832653e-15 3.2940271669e-12 2.3233654065e-08 74.823823748 
1851.2395196 3.303849115e-13 1.35312159e-21 4.721414895e-22 1.8830297604e-26 3.6913512171e-24 7326.144014 10285.027842 2.4124813142 
4.1334752269e-17 8.5572757363e-12 5.9189367492e-06 5.9873585646e-06 0.00058517155954 0.0081269994381 11663.426849 2310.0548743 6.0935578837e-07 
1.6215599413e-11 1.8492997705e-14 2.620664511e-16 2.1725365877e-18 1.796934634e-16 964.20332624 9565.7358013 16540.847325 6.1775469169e-05 
3.5863355593e-19 1.748282609e-21 4.1428429929e-07 19446.008057 99.933919744 117.32851486 4.7214817021e-10 4.5290646381e-21 1.9638926348e-22 
8.5128848463e-35 1.7476562375e-31 1.126091002e-10 604.24790079 1072.1185723 4907.9457388 7050.6563457 5.2290296245 9110.878241 
2367.373927 5.6706991344e-13 4.426223431e-18 2.9820305224e-31 2.1230355094e-26 3.4945980519e-14 5.4374715519e-10 1.9016713145e-05 1.4732576772e-05 
3943.5599056 9013.2270022 5490.2177969 7.9625819901 0.079192319496 4.7313845784e-12 8.9656201912e-30 1.3779375727e-29 4.0382450673e-06 
28234.890737 49.577585513 1.7900829245 5.0436088777e-29 1.95157687 16.757248003 71.993430224 149.18875401 676.53799522 
5770.5144874 11535.027808 12969.336239 25045.293736 246.88852928 6.9840720164e-08 7.8882040953e-10 5.307564428e-22 5.238983753e-25 
1.9424033786e-33 2.3627416263e-17 0.00058233539011 0.0034515536854 0.046552034357 0.082827781346 80.110996323 463.37319086 819.65862429 
3198.0427022 2586.139786 1.2731400716e-18 3.3587745414e-24 5.9763710614e-26 2.0949292331e-16 0.00027026154473 31.978837905 6.5176242028e-05 
1.333246501e-16 8.2139059028e-13 1.7338463701e-06 0.0024011134627 0.36778883779 16.813943903 14.079129118 10269.677108 10295.729179 
18341.694003 16941.219894 0.0019215612661 2.6947634982e-17 1.4042356692e-28 1.3249439278e-19 1.6012145917e-07 2.7242955288e-06 2.8416578239e-06 
0.00015256039816 0.04076865925 18364.43719 1.4961029583e-20 2.204483206e-34 3.5623235339e-30 3459.85079 3149.0409151 25245.092477 
18960.791147 3.5209777562e-20 3.6775742237e-30 4.9142318778e-34 2.4534733743e-23 1.8415136569e-17 7.8360580644e-15 0.0004556884473 2817.2912133 
16580.072505 2045.4312825 1.3274643947e-19 4.7609941734e-20 6.404174458e-36 2.1068433944e-25 3.0662964552e-20 2.009856057e-18 2.0616810324e-16 
1.3394973022e-06 7.7075366055e-06 0.03600419673 2.4844757638 2776.9214324 22775.757159 219.73979849 0.049051610517 3.5943919811e-05 
1.1643295647e-29 5.0986382517e-38 3.2381071298e-20 1.2806221926e-15 20808.880879 9348.6961836 189.77128807 5.0424830397e-09 4.5778531879e-27 
1.8676601002e-29 1.0621840462e-32 1.1736604027e-24 9752.0737473 22154.977669 1.886810556e-05 5.7318641505e-33 1.818463926e-11 1.3709465897e-11 
1.1738471285e-07 5414.9986209 1536.8576384 23867.153841 0.0019492168583 1.3752345622e-36 8.9129931384e-31 2.0188542592e-28 1.0198294377e-23 
6.4282038395e-16 0.29784710198 1468.5518846 2300.5314484 0.04667572893 0.024824013519 5.772063747e-10 9.0438426505e-32 7.2955716621e-28 
18.996559534 121.14963773 206.58161942 4.2188600499e-14 1.0200013428e-38 2.3843274649e-24 86.822395651 3009.0276408 4327.2730279 
16052.322098 5199.1317974 503.33114893 1.2692420272e-10 1.0870554712e-38 5.9148524107e-21 18.448872515 1464.4027391 16.728177867 
5.2477190225e-12 4.9393355588e-21 1.0546074512e-37 7.9548197736e-15 4.7263353912e-12 2.3057545381e-07 0.015267137401 19062.722276 21656.138692 
9.223836189e-13 1.0165277102e-21 2.9660251551e-36 7.4152077974e-16 1.7739020629e-09 20.05037764 25.312561896 1.1095110567e-05 3.0350296642e-13 
2.8671373062e-15 4.460304192e-17 8.3656864461e-25 7.8605182756e-24 2541.003767 22675.143282 0.0020177433884 3.753787449e-25 2724.0086105 
11810.825036 25507.485214 3.8538372513e-10 2.3921660406e-13 8.2107274672e-10 17033.179587 10197.672584 25414.384728 4998.6305932 
2614.6024613 0.0059223959724 0.00010934169792 4.2398057881e-16 1.8424622145e-31 7.277421465e-31 6.252284562e-29 2.4506948852e-30 1.1512614946e-19 
0.00063662839668 103.63549028 27.019056637 20134.301653 0.0016308081369 8.2624860878e-22 3.3704760899e-27 2.270229291e-30 1.8729008021e-15 
6.671017595e-09 3.33261874e-08 1.8332985193 255.1086433 565.51169831 3249.1708672 18119.147119 9278.5718308 12.000533101 
1.1578034826e-23 2.6531778878e-12 9.5219631451e-06 3467.9658163 3.4849416201e-05 1.2433800381e-26 5.4415661145e-31 1.7593978628e-30 3.2813452096e-14 
5.7894371992e-10 0.00038376169864 0.3371117088 3335.215499 5569.7738114 7.3146639931e-22 3.3580685545e-32 6.3909057978e-20 0.27895795759 
1.004547587e-29 1.5934069209e-28 28.120472036 74.936109679 3.7566623571e-18 1.101174714e-19 1.3994294027e-23 1.003135286e-24 6.9355371604e-09 
0.035972862984 17.183760771 13008.662089 14332.782728 15935.371437 1379.3541682 8.5325560919e-16 5.8699250554e-31 6.1033559465e-29 
0.0036237398431 0.44354291308 1.111652227e-12 5.4899634647e-21 1.5320862082e-08 0.005571382033 18471.550211 5.6721468199e-20 9.4730300106e-08 
174.68087864 13641.412802 0.00026088862766 1.0788662999e-06 1.3069239996e-24 7.906457475e-15 3594.8111033 3587.6177403 4253.568818 
2855.2452962 931.97581049 14512.408772 7.0029143019e-06 2.8161196819e-09 1.3695741697e-07 0.0011116381006 9.207583703e-10 11690.363424 
1.1086687327e-22 2.377749318e-20 1.9838184172e-09 12516.462461 8061.6289522 0.009133447015 8454.4530601 21939.413673 0.00055184326738 
0.0096219613059 3774.6420152 1.2973054429e-12 11717.721786 1.2055420854e-30 8650.0370177 760.64858921 25797.888652 615.7194613 
7.1097251884e-20 3.52304348e-14 0.7323024225 3.0422182776e-39 4.5872028282e-11 7.124695273 5.0252406939e-10 13608.506266 108.23015298 
7.0997163162e-25 1.5990271709e-25 27825.720675 2.5636490152e-05 0.00052334451111 5532.0314616 24207.230674 78.585286631 3630.6784777 
16757.953973 7.0299824209e-22 3.1725334562e-22 6.1436935377e-28 2.024068948e-21 1.53805092e-20 3.4805484033e-11 3.2965722781 5.0437003407e-08 
591.76251183 782.29984178 320.66992716 22118.313007 1.600338828e-27 9.3824028567e-09 1.1946554218e-12 2.9531338742e-13 0.31148845677 
587.88307145 1347.363156 603.55690814 5043.2724745 12990.475199 9911.1893128 2307.4647598 164.05639034 3.5621238188 
0.023620163257 4.7831589032e-05 2.9580448425e-08 5.5866662645e-12 3.2222463002e-16 5.6757436193e-21 3.0531267614e-26 5.0156229597e-32 2.1338274372e-32 
1.3416178133e-26 2.5760606045e-21 1.5105717783e-16 2.7051084913e-12 1.4794014471e-08 2.4708445386e-05 0.012602677809 1.9630812325 93.383799649 
1356.6110639 6014.7100537 7944.5436998 1681.0487967 17254.1157 25656.956006 11413.870937 1417.7360867 3267.6219162 
1695.5625975 6647.1500155 17593.372207 13432.437328 3127.3191713 222.34660161 4.8277676616 0.03201254818 6.4826437978e-05 
4.0090558228e-08 7.5716421184e-12 4.3671296346e-16 7.6923691888e-21 4.1379209147e-26 6.7977037174e-32 3.1144104993e-32 1.9581472026e-26 3.7598679867e-21 
2.2047425673e-16 3.9482187645e-12 2.1592481678e-08 3.6063007465e-05 0.018394134345 2.865199004 136.29755155 1980.0292561 8778.5154329 
11583.976422 746.64175222 23358.07979 34878.811603 15518.001998 1326.0108555 3049.8321831 1364.9256597 6684.0070365 
17790.452263 13584.557749 3162.7457455 224.86538453 4.8824575065 0.032375192248 6.556080386e-05 4.0544711488e-08 7.6574150811e-12 
4.4166012871e-16 7.7795097701e-21 4.1847960483e-26 6.8747096325e-32 4.3123324046e-32 2.7113248172e-26 5.2060556879e-21 3.0527701035e-16 5.466853312e-12 
2.989776834e-08 4.9934206679e-05 0.025469215431 3.9672631322 188.72278985 2741.6428437 12158.296451 16204.656612 2518.9858303 
19695.645784 29894.703625 13306.080295 501.72433126 1114.010489 589.2081096 11402.43194 28898.88053 22039.227205 
5130.9851084 364.80324989 7.9209004451 0.052522868696 0.0001063604956 6.5776429726e-08 1.2422765053e-11 7.1651333435e-16 1.2620841508e-20 
6.7890714494e-26 1.1152968377e-31 7.9233312599e-32 4.9816940724e-26 9.5654259481e-21 5.6090537852e-16 1.0044606447e-11 5.4933121391e-08 9.1747377459e-05 
0.046796252058 7.2893115662 346.75278108 5037.4432763 22346.582059 30149.601408 10493.315076 8572.5825539 14639.192029 
6534.430521 340.28343102 748.28857728 999.05953965 11470.976551 28879.388234 22020.52618 5126.607637 364.49197544 
7.9141417792 0.052478052509 0.00010626974138 6.5720304673e-08 1.2412165081e-11 7.1590195503e-16 1.2610072523e-20 6.7832785386e-26 1.1143451719e-31 
7.7481422121e-32 4.8715463392e-26 9.3539296238e-21 5.4850348168e-16 9.8225152034e-12 5.371852276e-08 8.9718797321e-05 0.045761563655 7.1281412614 
339.0859022 4926.061554 21852.262758 29471.685228 10241.984043 12600.518639 19949.75528 8889.596233 1073.124672 
2459.2069259 913.85595222 7780.3306242 20287.414449 15483.21849 3604.7411955 256.29035243 5.5647815501 0.036899629381 
7.4722934332e-05 4.6210839947e-08 8.7275397884e-12 5.0338218647e-16 8.8666972253e-21 4.7696218151e-26 7.835450755e-32 3.6935805684e-32 2.3222932974e-26 
4.4590703973e-21 2.6147466747e-16 4.6824477553e-12 2.5607919266e-08 4.276945084e-05 0.021814792499 3.3980246587 161.64410747 2348.2632378 
10414.122118 13897.988553 3354.512511 19060.807921 28609.552363 12730.501189 1535.7494637 3523.179042 1310.1196635 
9458.1269662 24941.262847 19040.327991 4432.9260505 315.17280742 6.843284643 0.045377282978 9.1890455081e-05 5.6827735024e-08 
1.073268348e-11 6.1903374926e-16 1.0903812202e-20 5.8654377411e-26 9.6356380436e-32 2.4120663196e-32 1.5165588715e-26 2.9119675698e-21 1.70754369e-16 
3.0578427331e-12 1.6723088848e-08 2.793031792e-05 0.01424601153 2.2190583864 105.56063783 1533.5081051 6799.1570822 8988.0281218 
1381.1941106 17909.55424 26711.939756 11884.117615 871.96148038 1981.7526159 232.46923838 9550.7341735 24597.731477 
18766.830216 4369.1816317 310.64056708 6.7448769326 0.044724749166 9.0569053159e-05 5.6010541571e-08 1.0578345485e-11 6.1013192822e-16 
1.0747013344e-20 5.7810916499e-26 9.4970750094e-32 4.7910047393e-32 3.0122857523e-26 5.78393532e-21 3.3916319541e-16 6.0736818536e-12 3.3216463414e-08 
5.5476975085e-05 0.028296334796 4.4076350289 209.67130979 3045.9801789 13509.735629 18098.762335 5011.0100607 19403.440379 
29298.630829 13039.196817 430.14943696 959.08836704 700.52864506 10087.319615 25511.595974 19454.907144 4529.3191526 
322.02593618 6.9920851291 0.046363967289 9.3888522493e-05 5.8063398134e-08 1.0966055108e-11 6.3249402824e-16 1.1140904855e-20 5.992975906e-26 
9.8451535092e-32 8.8723961256e-32 5.5784086608e-26 1.0711186632e-20 6.2809144358e-16 1.124776407e-11 6.1513090864e-08 0.00010273701227 0.052401575444 
8.1624359427 388.28732811 5640.8315936 25022.620305 33727.246937 11534.044602 17571.738892 27321.466496 12168.816958 
1164.1078196 2670.7896233 1340.8989096 10282.867866 26382.354827 20126.631155 4685.7514634 333.148064 7.2335777309 
0.047965285772 9.7131243839e-05 6.0068791504e-08 1.1344800668e-11 6.54339104e-16 1.1525689374e-20 6.1999612795e-26 1.0185186024e-31 7.2519822106e-32 
4.5595940791e-26 8.7549453827e-21 5.1337974706e-16 9.1935248163e-12 5.0278626387e-08 8.3973602746e-05 0.042831195714 6.6716866467 317.37233119 
4610.6123266 20451.927399 27532.972669 9034.8480534 17779.292669 27329.584992 12168.70478 1882.1473278 4340.69173 
2376.0512773 9338.0723014 24470.201981 18678.320299 4348.6295573 309.17945568 6.7131521699 0.044514384766 9.0143058496e-05 
5.5747094058e-08 1.0528589873e-11 6.0726215167e-16 1.0696464396e-20 5.7539000861e-26 9.4524058776e-32 2.7954608839e-32 1.7576130088e-26 3.3748192557e-21 
1.9789544996e-16 3.5438809977e-12 1.9381191894e-08 3.2369788631e-05 0.016510387866 2.5717734867 122.3393108 1777.2623876 7880.8908517 
10469.350942 2520.1680735 18911.825649 28184.274365 12538.927848 1476.1009624 3386.6448737 1468.3130255 10912.283055 
28309.786266 21603.145529 5029.5416222 357.59096488 7.7643016227 0.05148447422 0.00010425771345 6.4476007968e-08 1.2177162882e-11 
7.0234762889e-16 1.23713233e-20 6.6548492628e-26 1.0932470079e-31 1.1711226337e-32 7.3633189063e-27 1.4138419724e-21 8.2906037952e-17 1.4846684578e-12 
8.1195289282e-09 1.3560953146e-05 0.0069168383747 1.0774151045 51.252625798 744.54687745 3298.7810698 4241.2120001 1912.2721906 
17477.518065 25772.422952 11462.719766 1258.5779194 2873.4145522 721.74632812 11003.807374 28547.709832 21784.540959 
5071.7722079 360.59347827 7.8294945986 0.051916763723 0.00010513311357 6.5017380913e-08 1.2279408457e-11 7.0824489232e-16 1.2475199144e-20 
6.7107267195e-26 1.1024264746e-31 8.3967343968e-33 5.2793749317e-27 1.0137007457e-21 5.9442224902e-17 1.0644821361e-12 5.8215647083e-09 9.7229737025e-06 
0.0049592559512 0.77248836759 36.747242205 533.81525203 2363.1201319 2935.9646562 2935.3579824 20155.267236 29581.622105 
13155.302258 1150.8367604 2623.5755363 525.98497444 10804.754021 27970.106477 21342.576673 4968.8688088 353.27722593 
7.6706382562 0.050863399792 0.00010300001779 6.3698212324e-08 1.2030265694e-11 6.9387497459e-16 1.222208389e-20 6.5745695909e-26 1.0800588131e-31 
9.469989539e-33 5.9541697751e-27 1.1432691217e-21 6.7039962771e-17 1.2005412464e-12 6.5656607228e-09 1.0965736833e-05 0.0055931340882 0.87122566026 
41.444178307 602.04987315 2665.8132668 3344.2383343 2794.7392457 20273.220861 29783.763258 13245.536137 1031.5893913 
2353.8681848 530.02428196 9202.7221454 23867.629512 18213.05405 4240.2748324 301.47557479 6.5458792972 0.04340521148 
8.7896946974e-05 5.4358033244e-08 1.0266247021e-11 5.9213088656e-16 1.0429938583e-20 5.6105290768e-26 9.216878744e-32 1.7607798701e-32 1.1070708985e-26 
2.1257035349e-21 1.2464876654e-16 2.2321907614e-12 1.2207666544e-08 2.0388817564e-05 0.010399427994 1.619887623 77.05805765 1119.4330887 
4961.5405369 6470.5064894 1254.7568528 18903.90483 28020.663039 12464.34752 1043.995944 2381.3823751 514.55964846 
9492.0459982 24600.625245 18772.054873 4370.416607 310.72840656 6.7467841938 0.044737396069 9.0594663543e-05 5.6026379779e-08 
1.0581336744e-11 6.1030445639e-16 1.0750052297e-20 5.7827263803e-26 9.4997601434e-32 4.5118331722e-32 2.8367608284e-26 5.4469072654e-21 3.1940026487e-16 
5.7197703615e-12 3.1280950753e-08 5.2244349553e-05 0.026647516451 4.1508035557 197.45383928 2868.4970486 12723.390462 17087.537728 
4707.0656866 10671.986027 16815.030733 7491.3121988 868.71758253 1978.0114673 330.46172556 8697.6064999 22465.394214 
17141.234814 3990.7280267 283.73324487 6.1606435984 0.040850743817 8.2724067934e-05 5.1158974113e-08 9.6620615987e-12 5.5728301576e-16 
9.8161196449e-21 5.2803402675e-26 8.6744483001e-32 5.8987899341e-32 3.7087920255e-26 7.1213075234e-21 4.1758513564e-16 7.4780497855e-12 4.0896835412e-08 
6.830446369e-05 0.034839065575 5.4267765631 258.15194215 3750.3019995 16637.608654 22493.610184 8548.3715616 2645.1996857 
5477.1890312 2454.5773703 854.69073866 1952.1207232 491.27479507 7198.1556431 18710.188071 14278.289433 3324.2070084 
236.34488281 5.1317095193 0.034027962758 6.8907717212e-05 4.2614540231e-08 8.0483301288e-12 4.6420710944e-16 8.1766578156e-21 4.3984320769e-26 
7.2256662385e-32 3.0632769021e-32 1.9259987449e-26 3.6981392479e-21 2.1685455576e-16 3.8833977214e-12 2.1237980758e-08 3.5470932431e-05 0.018092143238 
2.8181587851 134.05989775 1947.549689 8639.1025764 11634.699489 3861.098891 6975.3812307 10769.2759 4795.6516375 
570.34950275 1282.4312359 228.57355984 9354.5359297 23846.362906 18188.754643 4234.5678051 301.0697221 6.5370670444 
0.043346778114 8.7778617531e-05 5.4284854868e-08 1.0252426299e-11 5.9133374263e-16 1.0415897495e-20 5.6029760183e-26 9.2044712661e-32 6.1782395554e-33 
3.8845187252e-27 7.4587230107e-22 4.3737078477e-17 7.8323681188e-13 4.2834573054e-09 7.1540805305e-06 0.0036489779294 0.56839030674 27.038307851 
392.77815384 1739.0143259 2180.696881 3483.7835522 19524.911896 28550.839879 12695.669493 161.18288152 333.19834718 
867.44020807 9210.4376158 23131.605849 17636.700973 4106.0004607 291.92874839 6.3385908528 0.042030698068 8.5113513181e-05 
5.2636676679e-08 9.9411456397e-12 5.7337986987e-16 1.0099653579e-20 5.4328603776e-26 8.9250085264e-32 4.8308979418e-34 3.0376472796e-28 5.8326323711e-23 
3.4201873347e-18 6.124818386e-14 3.3496124878e-10 5.5944055854e-07 0.00028534571454 0.044447418217 2.1143178721 30.689836939 131.86603516 
198.16006106 4610.8246345 22250.367865 32404.507371 14407.726423 17.432300435 1.586563085 1127.4664208 9450.8005225 
23606.879032 17996.494622 4189.7481128 297.88301566 6.4678746563 0.042887968812 8.6849513963e-05 5.3710270149e-08 1.0143908232e-11 
5.8507469794e-16 1.0305649147e-20 5.5436706299e-26 9.1070457046e-32 1.4600747417e-35 9.2087612118e-30 1.7681881337e-24 1.0368448199e-19 1.8567656081e-15 
1.0154497446e-11 1.6959686148e-08 8.6503765051e-06 0.0013474182104 0.064051962184 0.90602433984 1.536582305 224.21696055 3579.9163361 
17076.549153 24861.951369 11054.057363 0.26783622989 42.333664987 1179.7484354 9653.1805321 24097.180004 18369.963909 
4276.6932733 304.06464542 6.6020951516 0.043777974373 8.8651803801e-05 5.4824858702e-08 1.0354413299e-11 5.9721609211e-16 1.051951064e-20 
5.6587121631e-26 9.2960339354e-32 1.2549205568e-37 1.0822428082e-31 2.078030744e-26 1.2185328989e-21 2.1821297978e-17 1.1933886895e-13 1.9931536339e-10 
1.0165726726e-07 1.5807669251e-05 0.0007032012534 0.016576856779 4.5537824949 235.18248291 3672.2757553 17506.876774 25488.075691 
11332.438509 0.4477542369 40.339671929 1080.4712259 8831.7588926 22046.068641 16806.331384 3912.6654443 278.18296856 
6.040131451 0.040051637215 8.1105851406e-05 5.0158221858e-08 9.4730560509e-12 5.4638165888e-16 9.6241004726e-21 5.1770482738e-26 8.5047648745e-32 
4.1883598435e-38 4.9306880573e-34 9.4674885281e-29 5.5516244043e-24 9.9417611533e-20 5.4370328609e-16 9.0785973275e-13 4.5893179178e-10 4.723375844e-08 
4.1278368621e-05 0.024454680262 4.1012786853 209.65068323 3272.7219995 15601.96832 22714.735418 10099.36349 0.50279733696 
44.072996424 1179.6199336 9642.016104 24068.641868 18348.194972 4271.625185 303.70431396 6.5942713462 0.043726095334 
8.8546747082e-05 5.4759888565e-08 1.0342142813e-11 5.9650836186e-16 1.0507044506e-20 5.6520063126e-26 9.285017681e-32 4.6580907762e-38 8.709294847e-37 
1.672284739e-31 9.8060557707e-27 1.7558765784e-22 9.5662932691e-19 1.3680565612e-15 3.7217148692e-12 2.6551104059e-08 4.7872617716e-05 0.026240907332 
4.3921426298 224.50740569 3504.6358709 16707.565087 24324.361662 10815.031105 0.45134458703 39.556519645 1058.7312905 
8653.8915714 21602.06062 16467.851497 3833.8642741 272.5803573 5.9184830673 0.039244996338 7.9472377729e-05 4.9148034139e-08 
9.2822684884e-12 5.3537751995e-16 9.4302708721e-21 5.0727824049e-26 8.3334787181e-32 4.1808326938e-38 1.1604824195e-37 2.2282589303e-32 1.3066032918e-27 
2.3383819111e-23 1.2487765805e-19 1.1186226468e-16 4.2234397489e-12 2.5360252224e-08 4.5538641538e-05 0.024958859642 4.1775444565 213.53805553 
3333.4006306 15891.239502 23135.882153 10286.612598 0.4915413125 43.079414319 1153.0216544 9424.6051523 23525.93514 
17934.474541 4175.3073392 296.85630084 6.4455817998 0.042740146631 8.65501693e-05 5.3525146687e-08 1.0108945172e-11 5.8305811799e-16 
1.0270128614e-20 5.524563232e-26 9.0756564044e-32 4.5438880004e-38 6.731626075e-35 1.292549678e-29 7.5793597714e-25 1.3572985626e-20 7.4226606399e-17 
1.2378618934e-13 5.962281953e-11 1.6808937166e-08 4.3837833497e-05 0.024243350537 4.0587472475 207.46695899 3238.6293182 15439.438605 
22478.11016 9994.1558154 0.52390803666 45.921459636 1229.0928868 10046.399443 25078.073658 19117.712894 4450.7758939 
316.44158392 6.8708331546 0.045559954962 9.2260371714e-05 5.7056502249e-08 1.0775889253e-11 6.215257478e-16 1.0947706875e-20 5.8890498016e-26 
9.6744286024e-32 2.9989441175e-38 1.5205758634e-32 2.9196806566e-27 1.7120665536e-22 3.0659421921e-18 1.6767381045e-14 2.8004099532e-11 1.4279917748e-08 
2.2024770198e-06 6.9369833979e-05 0.02412455497 4.2537301694 217.72741033 3398.9199837 16203.603748 23590.650444 10488.810438 
0.49813601349 44.559766422 1193.2842396 9753.8436212 24347.79763 18561.003356 4321.1688963 307.2267763 6.6707538702 
0.044233244943 8.9573741325e-05 5.5395011731e-08 1.0462094381e-11 6.0342686167e-16 1.0628908658e-20 5.7175601374e-26 9.3927083643e-32 2.0769519441e-36 
1.3315439305e-30 2.5567175902e-25 1.4992292611e-20 2.6847964876e-16 1.4682929776e-12 2.4522913896e-09 1.2508013368e-06 0.00019481411919 0.0092324359372 
0.11553725968 3.2773784793 192.68453989 3018.555751 14391.638248 20952.681193 9315.9243777 0.37142054175 32.370391642 
908.14636383 7432.1031786 18552.801868 14143.328884 3292.6945308 234.10423219 5.083058618 0.033705362435 6.8254441199e-05 
4.2210535308e-08 7.9720283555e-12 4.5980621819e-16 8.0991394383e-21 4.3567329714e-26 7.1571651579e-32 7.1862540313e-35 4.5202473842e-29 8.6793952003e-24 
5.0894957282e-19 9.1141899436e-15 4.9844750531e-11 8.3248958291e-08 4.2461583383e-05 0.0066140929091 0.31459610089 4.5502940846 16.952370295 
179.69143744 3158.855048 15104.847939 21992.748351 9778.3763786 18.018639318 24.218011678 455.01942343 3958.2503335 
9896.4971838 7544.6945364 1756.4748698 124.88198007 2.7115375897 0.017979992774 3.6410062698e-05 2.2517043728e-08 4.2526471121e-12 
2.4528181521e-16 4.3204540184e-21 2.3240820357e-26 3.8179615071e-32 9.461290508e-34 5.9487840712e-28 1.1422350046e-22 6.6979323354e-18 1.1994553251e-13 
6.5597219092e-10 1.0955818033e-06 0.00055880749319 0.087043750298 4.1406492358 60.139646639 264.5234054 254.98592667 2166.4579793 
10891.486207 15878.83641 7060.2646253 177.62339948 386.79213905 537.86298462 6395.0491859 16103.360663 12278.868858 
2858.6488146 203.24445148 4.4130063578 0.029262298532 5.9257094131e-05 3.6646313707e-08 6.9211501314e-12 3.9919424838e-16 7.0315053445e-21 
3.7824254547e-26 6.2137025319e-32 4.8270472167e-33 3.034963723e-27 5.8274796336e-22 3.4171658298e-17 6.1194075219e-13 3.346653331e-09 5.5894633075e-06 
0.0028509363533 0.44408178297 21.124973539 306.88661722 1360.3819535 1787.7192801 1717.3404025 9254.6451702 13539.259403 
6020.5670896 672.98922498 1528.4464115 516.0103328 8645.8704456 22100.112873 16858.033406 3924.7669577 279.04348497 
6.0588157431 0.040175531301 8.1356740907e-05 5.0313379237e-08 9.5023596126e-12 5.4807181341e-16 9.6538712688e-21 5.1930627419e-26 8.5310727176e-32 
9.5470016373e-33 6.00258199e-27 1.1525648241e-21 6.7585051877e-17 1.2103026175e-12 6.6190448535e-09 1.1054897141e-05 0.0056386107954 0.87830945483 
41.781198693 606.97007504 2691.6835645 3590.4745729 2925.2654923 14432.444722 21097.707472 9381.4334336 987.78008913 
2275.3180719 1129.1506263 4591.8399127 12217.207398 9328.9116748 2171.9497531 154.42161849 3.3529259828 0.022232988847 
4.5022516309e-05 2.7843236e-08 5.2585702901e-12 3.0330089287e-16 5.3424162743e-21 2.8738215098e-26 4.721063658e-32 7.3200055968e-33 4.6023749245e-27 
8.8370895296e-22 5.1819658366e-17 9.2797839784e-13 5.0750370606e-09 8.4761493435e-06 0.0043233063664 0.67342843605 32.035001805 465.38221838 
2063.5525554 2740.6498844 2341.3669406 11953.656268 17480.386157 7773.0039444 561.91245605 1301.1997352 813.76913757 
879.82686244 2617.6482362 2004.2586656 466.66352879 33.178978913 0.72040862669 0.0047769730277 9.6735237687e-06 5.982388976e-09 
1.1298547674e-12 6.5167134952e-17 1.1478698893e-21 6.1746839052e-27 1.0143662324e-32 2.1757799946e-33 1.3679971299e-27 2.6267119285e-22 1.5402731216e-17 
2.7582971959e-13 1.5084899095e-09 2.5194270708e-06 0.0012850475665 0.20016799131 9.5219855921 138.32381959 612.51239387 773.12610547 
1278.6065976 7009.7607805 10245.541898 4555.8187681 123.90751789 287.49932347 194.73951829 52.490326506 216.43199054 
166.92008318 38.872416425 2.7637763109 0.060009338102 0.00039791720965 8.0579512666e-07 4.9832718645e-10 9.4115803832e-14 5.428358995e-18 
9.5616445978e-23 5.1434516712e-28 8.4495717882e-34 2.5071351109e-34 1.5763319388e-28 3.0267387381e-23 1.7748441594e-18 3.1783633689e-14 1.7382206231e-10 
2.9031152708e-07 0.00014807498234 0.023065188637 1.0972002386 15.933243039 69.629433987 55.624605623 1028.6242674 5053.7980258 
7363.604789 3274.0545919 
